01-010011A,ae27fc882f05d43ab342255b8a6f6ca6
01-010050TP,af91f3692b5c2a074c3f4fbe008ebd6f
01-010035A,c060e5200bcd3c8535a94a0770947454
03-030029A,0650ced0adcfda3f218a6f850937e490
01-010050TM,8e8f4ea7d0efe7065f4aa179c66a5993
01-010059A,982abdfb128be3258e25ceb275c1f467
03-030005A,6dcfb0297c0f89cab5a3ed3a0f747851
05-050305TC,6c1a51b5e85289c72b553ad899db1a51
03-030002TM,0df757e599079ee6e7287db471566dab
05-050301A,1f682c4baf00039722b9d3b2a8f6431f
03-030002TP,0907e80791df2fb3511b4b290d3a6cc5
04-040010TC,8ad39b91ea361be147e998cfa0af63da
01-010061TC,8b1882bbbc790866be7a7bea221940bc
05-050207TP,748fdfa86f292b105e0f90f30045b1c7
915-150012A,a5c13d80c47c332fa1ee0c687c1511d8
05-050305TP,9f0009d40270a79205ceb4b19fbe61e3
05-0709-070921BTP,4c6f84b27dcccd77f694c10531a70268
01-010010A,1dfddbe8ec17d0c3a0d176447184906c
01-080101-010079A,d7d44ab9aed13b5a6a7af1cc3e8e12d0
03-030059TC,7ccfd08103366b1754e18e84178334ea
01-010058A,aaa
03-030028A,1372b4c3fa01cd70dba5e65b6abf1f92
05-050316TC,d6e0c50a94994e93363908ad3893b5fb
03-030059TP,6dbe4475ebe41b74ec835be0278c2930
03-030059TM,ce834d9c5c9c45553a3d3d0aebe8f6ce
03-030013TP,91391565d507442005cab71becb1f189
01-010050TC,f701fc6735e33393ae9dfc09dc1f862b
05-050302A,14bcaddadb80968b9f4d54b9a0bf5b4d
02-020005TC,e1abb237b7653418ea1339950d90d2be
05-0709-070921BTC,5fd184f870d2af27239c7755601859fa
03-030004A,9331c4bf41bae51046f4585b269baaa2
915-150011A,5a1e05adae804155f1755d426715533f
05-050316TP,9b5fa738b68a8c46f512c3e8ae609d3b
915-150018TP,1767a306e50a67b63060a319c55ca1b2
03-02010301-030102A,dabff29cb442bc02ebce69ac88a56de5
915-150018TM,fd8aa947887b5445eec47d15d563aca6
01-010057A,aaa
03-030026TC,7a7d8f92d856230fe25094df8fc0c572
03-030027A,444c2768363eeade78aed2f21321f4b6
902-0204-02040101ATP,nuevo
03-030026TP,b67adc25068ce8631e3809c558e9d539
05-0709-070908TC,8caab9f7f2aa6fb93c1fa77a6bdb6edc
05-050105A,775da89266fde57dfe7ca7c89abf5d91
902-0204-02040102BTC,bf98cae3e912504cdd2acd8b756f511b
03-030003A,55aee8d5a55feac135ddf23693395da4
915-150010A,a179276edafecaf77d3cd0b26d5f5cab
03-02010301-030101A,d31f0dfe51ea6ccc0b7fe69a62dfcf9c
915-150018TC,9702ab74fbe3ecfe7d35fad3d39d57c4
915-150007TP,7d576524d3c4fc8fef7b58eb5f8f284d
01-010063TP,94ab38381af946fd1f5d21a14b0febb7
01-010032A,a22539fe0ca5559896f04ed3b24b2006
915-150007TM,b367758740bae7360eac1bc8e5e38bc2
01-010063TM,fe8e85e918993caf3fb984133a6daf1d
01-010056A,19d3687039c1d0794bced9bee99cfc0a
902-0204-02040102BTP,e3cc41078d9f0db3f5b37484ef5b21fe
01-010074TC,09ecd661d724a2aad45dafbb1c481fb7
04-040012TM,e021118948136fc1197f1b99869af114
05-0709-070908TM,007885684afcd87e61b835b2eff5ec66
03-030026A,34670d20d558e70f2c387213b9c9d3b5
03-030002TC,84e53217a5c0facdef3608d3e94e7e2d
05-0709-070908TP,bf3f825dace7f973f5c47f63a384c3aa
03-030002A,f668385c0616d10da5aa27e0509ae155
03-02010301-030100A,e90e23e9acfcf58cd16262d12fc20ad9
915-150007TC,0159658a61ec1e54769b3e111cd5e338
04-040012TP,aa6023d3e7637d463a25b4fe3c97f827
01-010031A,92d02c0af677f3b60695bcaf59b33844
01-010052TP,70cd704c5e9a038218ced07462600740
905-9050607-905060702TM,b0bfef82cb938c7b37b82ac03dd92e02
01-010055A,aaa
01-010052TM,7d5b1d4c9d76911c7f0629c2bbc3b559
03-030049A,3e64bc6cd3ad95b52b13a1b4251093f6
05-050307TC,bb9657d37411aa436b9aa1f3424b0bdd
05-050103A,8a74666dc4ebb183229cedc771aa374f
905-9050607-905060702TP,9d1d568df4a0a88312f112aaa595d6c1
03-030025A,631cca9eeaea8c44739d63cabab63b5a
03-030057TC,312ccb7e32bf0562b1c0a6349a053f4b
03-030001A,12157f38a2a14ab4bf2cf253cea55772
05-050307TP,78b2464cbf26ce6205deed7a20a9a5e9
01-010063TC,5c7461dca3df71bee93b2ffb4c7aff6b
905-9050607-905060702TC,bc13665eac829680b6a0efac910209a9
01-010030A,d73b8c1d06f25b163d287f92760ebd71
01-010054A,ca9aff1d69b7f460385f6fdba5186a27
05-0709-070952TC,c0291099646107859a599df416e2f6ac
01-010041TM,aaa
05-0709-070952TP,4f28fd090ec70009da7912517f4d7939
03-030057TP,8d98d2906ad6441b6bca9669bc5f8ef6
05-0709-070952TM,6a2a4cb969fc018679d8d02ef91fa4fd
05-050104A,e5a9c26e094a5557ae9c4aa83e416d55
03-030068TC,ec99b9eec474ec81e6036048ab7b80e6
01-010052TC,1b294182deb035c333b2c1fdfcb81713
01-010030TP,3b4f4dd52c342f745f5103fbf9a362be
01-010053A,43145cb179e29513e0936e44ee9fd738
01-010076TP,44213aeeab26b84a909d27da8747f1dd
01-010077A,62fb3a25e5eb73fa548e78df049eeae4
01-010030TM,163a2c95fdc0133f3182e4a2f5981be1
01-080101-010078A,6ae229a71515ce19ab2433b0a627246b
01-010076TM,7e28e709da59e3fc566edfc13a487028
05-050101A,0c473cacc596f7b80f753639d0d0ca9c
04-040021TM,85819c9b0ee864700a6fb3abf7b62758
03-030047A,986cbc5ea93a511bc592e46313c92d0f
03-030035TC,8c01015c6d4a29110278d4f246d3710f
01-110304-11030401A,bb12a707452d65d95fc7eb8584fc29c5
04-040021TP,afc45b0ea45fcd2114d8102997488408
01-010041TC,aaa
01-010052A,ff1e0c26dd62c99a3c3f84425115f9c7
915-150009TM,c90124b7b564c8fd04454539d0804182
01-010065TM,9d9599fe4b082dacd3c78b3092d2d689
01-010076A,4eadddab98df18409f53e51a7d916afb
05-050102A,8c9098805d070995ea6995c660cc73a1
03-030035TP,e589f06a1e31217e0180fa75ee1beadd
915-150009TP,8c9538fa6d11f86766a4e3d63d121b0e
04-040021TC,956b266fd844e9f3fca2194ee278fadb
04-040010TM,ee3e4de10c46cc607ae85f2e6657a31e
01-010076TC,78fb34603fc974bb8815be6ff28d67f3
03-030046A,c178514aa30db127d45b21517258d0f8
915-150009TC,c44933a8687ca715bd1e53da6d63de28
04-040010TP,3209a352c438ba0e02c457eed5a5f4ce
01-010030TC,b16bc7b0749f43703e0dc648c43512c1
01-010054TM,8cef06adee08acc58c2564ba45a92776
05-050301TP,81667d4f5140992663fc6287a415e11f
04-040014TC,d15ca3c8fb72fbbd22db7c2394f28a69
05-050301TC,0ec49a05bf742bd1f6c1545030b5a9e0
01-010054TP,61d5e3a01d9ea407a2d234c1825059bf
902-0204-02040102SA,807b34011e0250259a38031e6943c5b6
05-050309A,41b0c88bf1aa67c32a952483d7bebe5c
04-040003TP,9e948857ded2a8589cde9e2d0d74f7f7
01-010019A,aaa
03-030055TC,d6f2a3364d836fb5b3d000c436cfe5f4
04-040003TM,cd96b58e7ba840c9698dfaad67319aad
01-110304-11030403A,155f186f8316f1896dcda8f921305416
01-010043TM,b0a11a3971ce3c114ec540c1c518bf4f
05-050312TP,e67cb7acf6fa4ff9ebae00920bc5988a
05-0709-070954TC,ea674c836daee8af2c01df7c393accf9
04-040003TC,11cbe408a34939d2f06c53505a4dfbb8
05-050312TC,4f5900008902af644f9584451a1c3901
03-030055TP,974842103fe6dcd3736360bbf8539c5d
01-010018A,5ce2e528cdac2fe999b5381cc2c71816
03-030066TC,e7a24db35d8049f320dd9f37163e4f21
01-010054TC,0ffb287847436932184298721cb34355
01-110304-11030402A,ec9204aa06c04bbc692c80264ad85ffc
01-010032TM,575e393b45ab9db58ab117dfedf0f70d
03-030068TP,a82f85d868da942fcbce92030bda4e62
01-080101-010079TC,0dde666fc88618c6ccd20c33addcc0a0
01-010032TP,66b24c6dfebbb396ccef31304a5d0dbe
03-030068TM,65a14d1f4f59ffbb8338a7043bf3a01b
01-080101-010079TP,c6a0f0ebd273fc3e966145040c4da6db
05-0709-070954TP,39692ec425121555be5a28fe9843bfed
01-080101-010079TM,9d46672adaa196e3c5332680817805ac
05-050307A,d7e42fbac9931f1e982e51588599e8cb
01-010017A,94e3bdce9575af42f713c012e310963c
03-030033TC,f6ae6f677bcb945b8020ab0e4040069d
01-010043TC,e7b56bcf0d89e5e16dceb6f97a42f1f9
05-050007TC,0164192226833e8b2508d9634b0ba903
01-110304-11030402TC,aaa
03-030033TP,f84f3cb1d367d1116ddf89117591a918
01-110304-11030402TP,30e68b9231f33b0e58aa95bb0c1fc1a9
03-02010301-030087TM,b90aa51971ecc188573d2c773c8353c8
05-050203TP,2300b18945809dfc46c117b49b348318
05-050007TP,adf3c1215f1ec05392a34e4fcab6d818
05-050105TC,1e5c3f3bf56fea72588394470e1cc359
05-050308A,537a5222143850acb0b8e7c2a56d1a6f
04-040016TC,e6bcb2e1d0134c14259cc37457c02026
04-040021A,0a80cf60deec27272e68c8141fbee685
01-010016A,325ffea105db74838c2fae4cfd427ceb
04-040016TP,2e2f7ca96cc502c48c011200d1dbad96
01-010032TC,5f5dd08ce7f5cd9cc611da22b85780f7
05-050105TP,bc95cae257a5ff8399d8aa38ac0096e0
05-050203TC,3f3b4e700fa10a31b1e86ddb99367c7c
01-110304-11030404A,dc5629321cca84a42cd4782f88c681e5
04-040016TM,9419ac7b14b927a35392df1206b662a5
01-010010TM,8875160051166fae04d0e9488275b867
01-010056TM,c4c5187e346d28891f3aa78ac4ae5d86
03-030042TP,f402028e6e7bd077287b2ff2d57444a3
05-050303TP,1aab84fff0421b283487ec2cd09a72ec
03-030042TM,aa72358ea9421a9c3d475cd345a1a970
01-010015A,507ad324966b8b00a68bef55c36624a3
01-080101-010111TC,7cd32be38295453f72ce9f0c6bca9f03
04-040012TC,e366907f2668a31a23988aea7a08232d
05-050303TC,8e3e66726412138b9c21d57bc4009d98
01-010010TP,4e65e162b47d64c910d83758f34b32a5
01-010056TP,921d07a878630dca8ac2751f56c28f22
05-050305A,b2ea477540860dd093eec216119c4402
04-040001TM,aaa
04-040020A,5d5609353eeae82b410a70830095b5b7
05-0709-070906AA,37917aa72ce6b7e6787d3122ec526360
01-010067TC,bbe42b101b0df60ce51714a09105540e
01-080101-010111TP,058ef1f09306e32acf608518bbc24dc3
01-080101-010111TM,aad9505a2dd0c8bc118c901a1a87b026
01-010045TM,a0e66fbb3a80f46243aa89c973e6aef5
05-050314TP,6aeb8c7ff9726e431785864e912f5be0
902-0204-02040102STC,c0b1a12ad61033eb94a39e2570359792
03-030008A,96b7225b0510150b80e8851a933770f2
01-010014A,4c3e0f8bf29b36495b9e39864bd6018a
05-0709-070910TC,dd01281f846043ce3209f5e368d34ad4
05-0709-070910TM,92be4f66dcb35b1aabb9e9ec15b59464
01-010045TP,bab1a6d4f92a9f4f67eed11b1a18e537
05-050314TC,d3bf3c1c93e8e11b73485fcb6846fff5
902-0204-02040101ATC,nuevo
05-050306A,b123bd7cd912a41db92fb5ee74f564a3
902-0204-02040102STP,3aaca972ed6b482233e0c25e5d20bf98
05-0709-070906BA,8eb157a8fa1bbe10c34f8a5bf203d4b3
01-010056TC,1a49785ca7a983cca90a64e4bf74ea5e
902-0204-02040101ATM,5e654279ad72ebc7194dbe6176127b5c
03-030064TC,eb5b231454917e91b294f86e1de3deb9
01-010010TC,3a1b077eb8cc5f3043f3896f7ca524ee
03-030066TM,2667127e39cb19f3375d8df04dc78c39
01-010013A,28ddf52f7363e483276851739081bf42
03-030007A,0594a1826c9dd8a0e3d91f3cd8e1c710
786ec56dea11e219899fc3f56cae75xx,e7d373c8d6954772ef5b1e1f2f669xxx
01-010037A,ff61d2a0a2b44902a9d61d1613ede383
03-030066TP,3b6904bd949caa87086903b5b8e837ce
05-050303A,f1a3da6a4991d211f4d0e18b9486ed7a
05-0709-070910TP,5dc85b75f4f052d7c9ad2f65403138c6
01-010045TC,161ae6edf106a7bc11dfb812c98f99d1
03-030077TC,86df63785cf20188f1796a5abd02a6b5
03-030031TC,bc913b77e26c919ce5e83c72446af737
03-030077TM,1f7c74fa4799a8047e3333a0686692b3
01-010023TM,aaa
03-030031TP,247432c01f15983b177c524b0e8197e4
01-010012A,ab1c9072542d8abe5e1e1f22e50d62e3
05-050009TC,8ba01cccfb66474d42056f6f56f8c832
01-010036A,2b3c585c8b4dc91d91587e9174eddda7
03-030006A,4e2ab5f4691f9c04852e4bdb18985fba
03-030077TP,46ca80ee38557fe7b8ae34646f1f9b04
01-010023TP,aaa
05-050205TP,09b630ebb9812277c86d232df5349467
05-050304A,da137e8bd5d8f137f86514581a664b40
05-050009TP,0f2f082e35e9a77b7430bf25d53f8202
04-040014TP,a7ccd9496d18261177551264266f67e7
03-030042TC,201548828b8b604b52728435b72a158d
05-050205TC,ff4d4a34187f39c569ebefb41b8d6aa3
04-040014TM,380c5e4c6ed05e85df43317f9a0cfa66
03-02010301-030089TM,2bbdd3cff57b2e97017a32b591c8ecd5
03-030063TP,a833233e2e03e593e2d30c2773f0fb79
01-010012TM,6f72271fbac9135f47f39e1c185853e0
01-080101-010091TP,57e7227348ca37d06fb92f906bf0bf2c
01-010058TP,aaa
01-080101-010091TM,19fc0070b6cb6aaf7ebcf6b8d1e992db
01-010058TM,aaa
04-040008A,3fd86bfe2420be3b8e76972fdbf8842b
01-010012TP,49b8257d7e012631306f79bbc7383138
03-030061A,33ee573ea2fb8cdd174636fb673e44d9
01-010023TC,aaa
03-02010301-030086A,018d92d5f7a09c38bb36930b228875b1
05-050003TC,98d307afdb21d3f40b972bb11077df14
03-030074TC,f46680f1970d28552ee62dfff63b8668
03-030074TP,899f769ba134d6af8e4fa97490fa4a4d
01-010001TM,e0da85fbf144d836eaa8b23a5e44aef2
01-080101-010080TP,5bcd020a274afe997554847df684e400
01-010047TP,70335c931a1323a7763cd4277ff4b8ae
01-080101-010080TM,543e2e2fca2c06c72c9b1fbc905e1d38
03-02010301-030084TC,574cb56d86c56e67a5a1da8d30c00f73
01-010001TP,a0d51c73e4da80eb21f7cb57fa141c18
01-010047TM,3c39cc40a5d3c996803a1bbb7835e95b
03-02010301-030084TP,2d585e374fc20c43a439be1280b4aab6
03-030060A,bf66c3f71b1523f63f93e161406c105e
01-010012TC,b0afa51a454c8d4d9ba93d277c16298f
01-010058TC,aaa
01-080101-010091TC,4eb30eab2e23b782208c6a5b2be44559
03-030041TP,1fcb884dfa833ae2e6509af7e5fcd840
01-080101-010112TC,cffd45499a810de0f25ac3d2685385f7
01-010036TP,2cd0a6be21b02d907af0383f65e13411
03-02010301-030095TC,72e13a8c1cfb8d465a2989fb43766070
01-010036TM,d276f3366d63f9fa05f5b21040d8e035
01-080101-010090A,129d298f5c264ef1ca9de00ead03ab1d
03-02010301-030095TP,021eddb14fbbbffaa2829d9987725622
03-02010301-030095TM,a0b94f3a026de1ddb97bfe60fc732e14
01-010001TC,957af3352e8a4dc7f15c807407c60927
01-010047TC,3e1fd2d2ccd1f1e2bed32ba5728c6491
01-080101-010112TP,6194526497ea8146c0bcf54290c99ade
03-02010301-030084A,000e4e15cb565271541d7ae27a3ddc3d
01-080101-010112TM,8c6e2b75376b8490b816902250befb49
01-010025TP,aaa
01-010025TM,aaa
05-050003TP,650806b026dded975bb0cf915c895d82
01-010036TC,aaa
05-050101TP,9283cf6e227051ed64790cd8214746ac
03-030063TC,8423c74b9eaa790c933873eaacb20804
03-030008TC,492e2c8558dd97a9d0b23fd3851b3587
05-050201TC,0d957c92e3ee8329abd131457daee2a1
03-030061TP,40c41c9b929b7d61a565902cad04a185
01-080101-010093TC,2591b93b7024a705fc9b214080dfa4e9
03-030061TM,9e394e4b39accb6709d3b58cb37dd7e0
915-150011TP,3c8beecd021c7ba6ce95b9dc42b77388
01-010014TP,88bc7f9b6c246d481f723d5f4a016e76
01-080101-010093TP,5ec6c28ec65a384ead30772c61f21673
03-030008TM,a4f826e84f823354af7137d20d82c107
01-010014TM,5b2f128b2373f2f5d6943e4d792d8a95
905-9050607-905060701A,b2a61c1c546004cbbd4486f2e85dab05
01-080101-010093TM,58f93650f452a3140fcbe8180689f0fc
03-030072TC,xxxx
05-050310TC,a7d0b31354aa502f18e0103883abbc31
04-040004A,718c2acf358f8ccb2dabe4eed4d3a28f
03-02010301-030082A,de1ed23d9ce744b72bef943b25425efd
915-150011TC,a9049afa33919eae41a4eefeb33ebac7
03-030008TP,94be80de020cde18c28d763027eccc29
01-010025TC,aaa
915-150011TM,ca06a29ddf84c1012ce23445464311d1
03-030072TP,ceb5db6d9ed2eeaff9635a6d64dfc3bb
01-080101-010082TC,3da52398a5b631681ba87107e077b8ba
05-050310TP,0dc0076b01f240e3532d7279cfdad576
03-030072TM,8f6a2dba9e6ba26cb2a0c7ce15c1909a
01-010049TC,79963f24d68992368b951a0353a5642a
01-010049TP,bd28a05aac77a0bd798d2871eedfbe58
01-010003TP,e7d373c8d6954772ef5b1e1f2f669532
01-080101-010082TP,afefd3a9e90a932e8cccb3ba8156117c
03-02010301-030086TC,7e4a71e0079918282e08cdcd3a813398
01-010003TM,3391c3b70abb1440f533bf3eca65527c
01-010049TM,8154777e2c8ce05773d7088ed02de109
01-080101-010082TM,e0c91f762db6d9274bd154b1b0717ac9
04-040003A,d743159f8dd21ff896b707521e0082c6
03-02010301-030081A,16c14275748b95e2e4566c0ec874f3d4
01-010014TC,cba6fa64597e12e7de6a2b637c7f89d5
03-02010301-030086TP,018d92d5f7a09c38bb36930b228875b1
902-0204-02040102AA,b51883c617f41dd3424c0017ff9d6f04
01-080101-010114TC,4cb7868a656083abb5386002b0c1c511
05-0709-070902TC,54f8813ce7ac5da51000fa6095d6c3c9
03-02010301-030097TC,821a2831269b491dcfd3964c50848bce
04-040002A,49a57c32f7e8e095fd082e738ebd2664
03-02010301-030097TM,5311dc722c4fc5a1ee66cca5a4ad5f46
03-030050TC,3989a9f37c190561e137f6321909234a
01-080101-010114TP,f608968299c89ef050610bc5570f286a
01-010003TC,f331fb21fb1b28564d41f6eca4fa236a
01-080101-010114TM,148b204a38dccf657497cd8043e751dc
01-080101-010080TC,fc05837719796bad0ef94ecf80c70f1d
01-010009A,dc06eb8455777656b48b3fc3a32a8e7f
03-02010301-030097TP,ad3e1f9c207b4cda9d8bbfa7d5a3ec28
03-030050TP,fe5c3db89b5a8f0aed71dcb838cc8fc9
05-050005TC,02d08555a89aca4227289c60c19d9b82
04-040018TP,d9986ed4380897b50d61c0803314de7c
01-010027TC,aaa
01-010027TP,aaa
01-010027TM,aaa
05-050005TP,fa67257d9e82773e7b9d6f5b58515c14
905-9050607-905060702A,e1021bea513ab0537bc4df13105d9737
03-030061TC,ec6fe1970282835c46eb18b19511d5f6
05-0709-070902TP,f4780a321a5d9da2b3be36ddb3bd1984
05-050201TP,391520f32aea89a505c0189d4b31d852
05-0709-070902TM,68c23e4884abfb1affe14b6b692fc252
915-150009A,27162f060b503dd3b03739e69f99cdf5
04-040018TC,052d5b4453144717d9154004c40aed09
04-040018TM,9c8e173b79f48d63f00af95644862e76
01-010008A,5c8b66197ad7c824a7c3a27283f9d9cd
05-050103TP,3d3502f758d76be92c0f4e2ea3201dd1
01-010075A,80068a23413d0abacf1beb0a4dc9fc8a
01-010016TC,65eba3214a98e68f52f543c4a7fa6f79
05-0709-070906ATC,6f79222b19a85065b67eb83f281cb4da
915-150013TP,7aeaf0fac8cd650e696e064d5ab70356
03-030006TC,205045de71ccf4d8ebb7043be63d7d1e
03-030006TM,f08056f7dc8bdee4de507972d9f93567
02-020001TC,12b38f88196fdcb87470b4d7f549e3d1
01-010016TP,435b9ae1561a5cdb1519ebe2b06050d9
03-030006TP,03f96168b2e3e4ebad6414a1b23f1845
01-010016TM,2427608aa23c3d036e7f6f095a271d19
01-010051A,8fa28f69f51be3fa113b0f3a780f92d6
05-0709-070906ATM,222dbf71ac6c66c8c714e52aace06047
03-030070TC,fa7d097d702a3fb4c02ab0e6ec24568c
05-0709-070906ATP,876287e2ba04c88efa3983ce3193e4c5
915-150013TC,8378c8ce3a4390b4106ae67049b24cbb
915-150013TM,a70c9b6abacf1267334eda2a60786805
03-030045A,182484dc5bb1fea910c0e129ea9403c8
05-0709-070910A,79f9bff9e35bccedf3ba3db7bed46ac2
01-010074A,90d20bb750274f8e67911942b979ee6c
902-0204-02040102BA,69bcadcf84a5332e01ecd7ca88607249
01-010005TC,f5710e63f81773925089f82f0f2d3703
03-030070TP,5aae822d0f2ec57225edd7b281024f8a
01-080101-010084TC,4132846840789c5ef7fdd6be0d6381e6
01-080101-010084TM,34233bdd4e3dbdda77eeaf7d62957e53
01-010005TP,a7b49c92bbd94aacc344faaa35d482a4
01-010005TM,e295c4e42b21e1998222b296f89dbcd8
01-010050A,172db03539e2184365cf33be7505021b
02-020001TM,e48707233d422bf58637c564a378b383
01-080101-010084TP,9f6fe157666bd866cfa8401217efb806
03-02010301-030080TM,1cbf49cdf87c5e50867291337099287d
03-030068A,ab20c5523618f3aa276d7f9344284bc3
03-030044A,736a75af42066ddea2f2d8a2c3e1e276
02-020001TP,bb5530e3cc2fd9b2c27f6435d21c8d7a
03-02010301-030091TC,c536b50903eaacacef64d9900215cf52
05-0709-070904TC,9f59696937c03a6289f1d691a736ace9
01-010073A,ccb51bd55ef71d785c4cbe725d27c184
03-02010301-030091TP,0387c158db6be9b90bb89e72c6f5c770
03-02010301-030091TM,60903702a23501795b529b475ca4b0da
03-030067A,f285e94b2fead175c6bc77cdd8d1a48e
03-030043A,c90736862d480cda4a371c34591f5b94
03-02010301-030101TC,0087c722f4793b46a570b2852afdddf4
01-010029TC,a6232cc167e916c3bae255a3aa1b496e
01-010029TM,e021a1af0e663045acb12bbf52548523
03-02010301-030101TP,bd335b50b5c944a6ac5a74a36d7c6607
05-0709-070904TM,ac97649e59ade6a70b20cce92ced7277
01-010029TP,59f8c2fbf6ff42536d04a79a12f58066
05-0709-070904TP,1bd1ccc68993fef1d9005008d00337a6
03-030066A,c009954c4047ddea25b63c3648121064
03-030042A,011781b8fd0bd29233115c54179fe1b0
05-0709-070955A,da5f629e01a0dbd5a65d4b287a3f244e
915-150015TP,c50fdb7733483884f930c95ca398ce1b
03-030004TC,e899843e8de1d189c9c71a6969ab9f97
01-010018TC,3297470dd89b679eb95ac60b51c97c8b
04-040009TP,953c20622682e2b00bd40f2850302d70
915-150015TM,03a230b2bb153353c297430e4a97c1c0
01-010018TM,cb6fcc3bf9cd212073d7c6f83ab9e400
03-030004TP,77ad9782706a0a7bd9d04bc9097ffe21
03-030004TM,a4f826e84f823354af7137d20d82c107
915-150015TC,efc28c664155744781a804fccc281880
04-040009TC,4e461a4e587a7df76456916175d9836a
01-010018TP,1261de39a17b94a63424189e8dea51a9
04-040009TM,1eeacbd7d37f53f89db299ee668fff75
03-030065A,6178b139e923eb8305809192c1107f3e
03-030041A,0f5ff3b439e234da17cf171a3893bcf9
05-050001TC,37880be478263c4ee5741708a79ffd3d
05-0709-070954A,e90a87636e7887f2de36a5ea0a85fe88
01-080101-010086TC,84cf8ac07f4242a3424cca55ece0a5df
915-150004TP,0495035ecca609cfeb06ce9e8b190008
01-010060TP,aaa
03-030015TC,5bc66926ec0893680b606c0d50c3c2cd
01-010007TC,fea326fa05c6f052ccdf67202e561db4
915-150004TM,2fe5f54c0a0d39a3106d13918c7f78a7
01-010060TM,aaa
05-0709-070905BTC,0841f66eec1f7caf51680bed6f5054c6
01-010007TM,7449db0698a58402e9c1c3a7ce0c720b
03-030015TP,9a547834bfb45447f35c0898ffcfce14
01-080101-010086TM,bff361906f11cce2dca13008ac636beb
03-02010301-030082TC,c66f8d5527b298e816767e1029b5837e
915-150004TC,c3d15ba386f49a4a89cff768392ffa95
03-030040A,bee856d78bf0f124e3d3f4cabe8ab9de
03-02010301-030082TP,cd8cc36a981597f6c0435713caa74b1a
01-080101-010091A,c17222211460d22382bd1a00cd69e7fd
05-0709-070905BTP,c3a6bebf959923ce3ad21b967d0b2062
01-010007TP,ea47a2a37ebf123fbc910bc8df0dc124
01-080101-010086TP,d6802969a26573e265fe8ef002ca458e
05-0709-070953A,100e4a78d4e450c1fc459d055e746e42
03-030064A,86718ab39800c6dba00c096586f308a5
03-030028TC,a84abb9fe6c92febd7145b2b4ed28abf
03-030028TP,7bec594b4bfed4c890afb43870b24c54
03-02010301-030093TC,263eee529d7b098f452fdf4efae0abb4
01-010060TC,aaa
03-02010301-030093TP,fcee4024f73ad2ea74c08caec269693c
03-02010301-030093TM,cfdaf60907b2020d28a9acf147c3beda
05-0709-070952A,9a2a0275ed3a403d850610246a634cd1
03-02010301-030088A,0f05e8030e770365a6b243ddf71e506e
03-030063A,132cb2ce7322a45f69527701ed8a4d23
05-050001TM,##issue118
03-030039TC,b70ab44ee144e4dafdc844e275547049
03-030039TM,dbcf4cfc25bf54d25b5d960bc6636004
04-040009A,a5541ce8e40879bfb2d70036058406bd
05-050001TP,c31f4f6d58b96caebcf7986a5ea14961
03-030039TP,50a3bdd92f460ef496d4703369271141
01-080101-010093A,86ae98596070399ef941409b5bb1f5ec
03-02010301-030103TM,28f1b9951424b67e3a1964ffd29ce7fa
03-030062A,04bed52fceb109c539c7fe1b4df70929
915-150017TP,e978f9e6327940d2114367ce417a223d
915-150017TM,598536e5b90f89c3d032d32078e9f437
01-010023A,aaa
01-010047A,56d9f7a6b32c300e93593ca4fa6afef5
03-030025TP,8f88170e0892443c1ef02773c8ee697b
01-010073TM,8a30ef55d3b87c1a4d5330d14c27855f
03-030025TM,ef5fae5ac18e80b9bec67d2f75f6afe3
01-010073TP,752988414c894035dd2770010236af04
05-0709-070909TC,4ed960c4197270dba49dda05276379d7
05-050204A,cf9979931b715af239a9faace3846909
05-050313A,060072cb4a449d58d07838c00b609f70
902-0204-02040102ATC,1d28cc195867136a76147209015d8141
902-0204-02040102ATP,da1255afdbfd25f432fa73d759ff306a
03-030036TC,831db0877a88dfbe1673facbb4657dee
915-150017TC,fd97ec2bfb2c11dc87f2ba81f8bca5a3
01-010009TC,3e2c4e8f6e7d009ef2de6aeba40a3d20
915-150006TP,27e9c68a364c235f598fbef503f77f21
01-010022A,1ac97b1320b69bab0cc3967b09f2dba0
01-010062TP,157f17ef3e53fb9a111b2f7e5ec8f7c0
01-010046A,c8315c08ba404b0646b2efc4ea198b6c
915-150006TM,7cca2f14b69369550c785fd101af3490
01-010062TM,846627bbd541c1508403cdd22739c10b
03-030016A,3f6233748c9d480d537076a8e25cd463
03-030036TP,ed39532d513ed96ec8ab72fdcf30ff3c
01-010009TM,b259aeef995fe1002b04716efe1936ed
03-030036TM,6e6ca8ab58ff5026d4dfb242982fbe46
01-010073TC,d42521fa4802f5f3088dfd72d207e8c7
05-050205A,581973765b0693626faae3ea0c806fc7
04-040011TM,9c97e798b02676a3ca40e0f0ef22b628
05-050314A,c2cefcf8311326ea2d84c3e9ddd5d4ad
05-0709-070909TM,0543cccb29e02658d8be5593f832b5c0
01-010009TP,96505af21eecfdc2a0a9a5abbe1cb585
03-030001TC,014e24331ee73c599bdf6346c172acd0
03-030047TC,12959fd2fc951618ed3e98036e12e1a1
05-0709-070909TP,56b333c299c223ddd48662003bb6079d
04-040011TP,239c8ffd02a595fa028d104f30b011f8
915-150006TC,98c3b60d2a18c880caa013fd2a9fb35b
905-9050607-905060701TM,e0e5a8781dbac31946c52f46dcd95db7
01-010051TP,cba72bb0ae37cf253a7b3a98ba8df3fb
905-9050607-905060701TP,1f4766a2be0c799e3c5310f4e0f5c983
01-010045A,2ee7dcf9ae9777d81463a543c1580c74
01-010051TM,ce84a2a5da4ea27b98021964a91beaa4
03-030039A,11d4c55343fdbbc276b68883197b1376
03-030049TC,b56a76ff43c06bc88d5fd17ecc524b68
03-90205-0205_006A,6674183fd86c87f2bae206408d65b0f4
03-030003TP,b43aa77ee0b5fe894e9404c6f46f3670
03-030049TP,f6bed57f1fd44c81fd13fdfc864a400e
04-040011TC,5ed290198258b61f220ff7b7a5501c71
05-050306TC,nuevo
05-050202A,00c949fb4db561bc292dd7e8ab0d926b
05-050311A,b960af1343abd623aaf02c982f837560
05-050208TP,df800795b07776270ef538ef1fc07b06
03-030015A,226ef832ff5c84d2f7ef1295940c9ce5
03-030014TC,2c7c22ed1ce7767e03ff2638310fc76b
05-0709-070904A,b8c6a6ec2cdafb370334752e2e75343d
05-050306TP,aa1791820592e49d2dde3aff5748084a
905-9050607-905060701TC,caf0902acd5e4ab007abd4dbb31c1a66
01-010062TC,28c1e62731b3ff5e91de50f954dcae07
01-010020A,aaa
01-080101-010087TC,1916d62e9ae1e546c327bbc005ada6e1
01-010040TM,aaa
01-010068A,121b6022ca6b23d18bfb7fb505803db0
03-030014TP,922820cb546d4143611e0ac0c6cb3e5c
05-050317TC,0163ad4ebad868ebcb1fb1d515410e6b
05-050312A,9cbfaa2b8ac3bd0cc427051495636797
05-050009A,e6c5ec629314798040dc34ba24d7fdc4
05-050203A,11816e229dbd3505d304289a4578169c
01-080101-010087TM,ff9f596b90f9cf2bd44b997da598bfc4
02-020004TC,d4779c9ec8359669d2be52c94872eaaa
01-080101-010087TP,63bec86928a3629f405713f2f6804997
03-030014A,4725d2dc189712fda585ce4142710523
03-030025TC,4f4590b17383e6521bb54344e29a1327
05-0709-070903A,a07105a1fa711bd4d05e06e5467f7e49
05-050317TP,b8463e643f40c14c051b7aa3e19cc647
01-010051TC,af76f2ed1d9e6a7b1e2f4cafa4d6403d
03-02010301-030090TC,f04de44b75e63e5dd0dc36fe8c59e30b
01-010067A,bbe42b101b0df60ce51714a09105540e
03-02010301-030090TM,d6819f9a251353634516b795c0cc4576
01-080101-010078TC,067adf03016ef74f30b85f010d344f54
04-040020TM,75bf6026f367a6a3e5c8ad3ab0df4e73
01-080101-010078TP,1e7c7d6bfe394e707e8366effd4bd58f
04-040020TP,18b03c2fe27dd5fc2534ad2f8670a77c
03-02010301-030090TP,ff6615e0b952bf8ed2af865712b44092
05-050006A,b4d216af1c0225064ccc574065e16246
01-080101-010078TM,e2cc3754be1887fc7a24b077cf8d569a
03-030034TC,997114bb6840e4a1e7a38eabd7ea768b
05-0709-070902A,072683212b81c0658374ca875bfc979c
03-030013A,74647f72a3eb673cbf036ed249f3a9f6
01-010040TC,aaa
01-010064TP,e90fbe04034d8a9f8f7706bccf43976e
01-010066A,65b47e5b292086f5a95ad691ff64b214
915-150008TM,32137b737f73b05333e215fb77c16587
01-010064TM,831fd2645c53039a57f9722ba31e2e01
01-080101-010087A,f59df28d50e3048d755c1e830ad6c7ae
xxxxx,xxxxx
03-02010301-030100TP,65e996aabf76811f81338014b25e234b
05-050201A,61c4f18193adac7d146bc75c0f680430
04-040020TC,eeae9bdd031c807456d6814fc03e4b4e
03-030034TP,49a73bcf83667881bcf6ea9dac691887
05-050310A,2d0b9d96e03943dac45104943f75ff94
915-150008TP,4c36003fcffd031a25a22fbbe3a1ca63
01-010075TC,b87b0ff9b1bd0957496b465abc3e1606
05-050007A,8317bc5e1079993b6d686cc7d773b4ef
03-030036A,32350bbc290ebf0891d8c5f71067c298
05-0709-070901A,b090b0ce8bd23ffc8f5d35d7f812ad27
03-030012A,391d814176dc4f5df88f9e713496af7e
03-030045TC,684028c443971bd1026666d0be0138e1
915-150008TC,6e672982fa194296a2efa95bac027c65
03-02010301-030100TC,e10066b3b15be233f053524d7a50ac67
01-010053TP,39d8c5c3b48e33bf57ce187312d58de3
01-010053TM,c7bc39acd047929c20f71caa2141a1f2
03-030001TM,b52bbef24892753b20d5bb0e23e4cee0
05-050308TC,58aeeda8ebd6873d630280821cb636b9
02-020002TC,a15c07a269d686c40ec57d8ca16704e2
03-030047TP,82d3124283ccc5d7aef669e082405ec8
05-050004A,26d728b2387296374b27bcac23a3eeaa
03-030001TP,8200d185a168f65afd35873facdc969f
03-030047TM,db5a80ac625c91b56942f68e62c38966
03-030012TC,0e540c3ca72bac2a30b6f2007ef86776
03-030058TC,b48112bab121e3b8e2f81f3c2ba48255
03-030059A,56b3d9b4714e5d0438c539e41249d4a5
05-050308TP,5ed55f8b2ae0bd9cea467720286f267b
03-030035A,2664ef3e14a24685a7039d406f46fe72
01-010064TC,f3ec5be5d08573163925e4f336c4139c
01-010064A,13d93fb487c697baef92569706486f45
01-010042TM,ed9f4b5680ebb02261d1eb6cc016f9a4
03-030012TM,b0b4e744951ab59f68965d719c30e3ec
01-080101-010089A,d1f5ff75b71a75ae713adc1965ebad66
03-030058TP,3918ad7331bb285f6d809a0cbf591c08
01-080101-010089TC,35e2770c5080521c4ddf09a7de257af4
03-030012TP,0311ad095aa00adb2660907f628b57db
03-030058TM,8ad6c30efd57865e479245b653ef747a
01-080101-010089TP,da46b0e22157ff0b604bc877bc5561c3
05-050005A,e375d004872e7eac94fce210d9414135
01-080101-010089TM,c557d1831e9be763f4fc83df83adf496
03-030058A,6a468b83a2c625b748f012ba9efda623
03-030034A,2e9a54509ecd4fb62bb27426f45773f0
02-020002TM,70e68d04fe9958f7df543c82e254fe1b
01-010053TC,c22701c86202094093123c72a9ea3d4e
02-020002TP,11b1e1f3ccbc96b637fdc16152c312a6
01-010031TP,ac83f14ab05525570427bbc6fb7f9892
01-010077TP,98a7a4c7e45a4c7f13b04e8c8f695464
01-010031TM,9b9367d22346d83cef61f20fb8cf1f46
01-080101-010113A,16856e1579b0e5308b5bf5bba13f21af
03-030067TP,xxxx
01-010077TM,ed159e1d6c2aca808fd7aad327e35968
04-040012A,99456edc1f2d0d5344077b6c90d34a4d
915-150008A,372abfffb38b2dc96240a099ef34c8d4
05-0709-070955TP,be3ba1b919df7e6ec6a093b13c0ac6f6
03-02010301-030090A,c8256a58f2568b5149be5b66fca317b2
03-030078TC,1aea55cc5703b249fea06d459a96cf71
01-010007A,7254eb557daff950796b70309b043120
01-010042TC,922fbfeb06bc04374c9b8582e84c655d
03-030032TC,e0e469d479b1530f5d7069767dc6585e
03-030032TM,0bab210f526a9fc6401ce27133db8695
03-030078TM,ddfc15fa35a7ccbb61c1e0a1b8fbc20f
01-010020TM,aaa
01-110304-11030401TC,aaa
01-010020TP,aaa
01-080101-010112A,d4dbf8a7d23fa9d00603cbbe71605c39
03-02010301-030088TC,b19559baa1a771777931b11454f7f7fe
01-110304-11030401TM,2a5f850a541d22350c4d79d0dfd44618
03-030032TP,9ada408ebe5091b7564818860a75c664
03-030078TP,66b5b0a08edb99e212cc7a3f8ad0be3c
01-110304-11030401TP,dc19219b2df19a606c7ff8003e05ab85
05-050204TP,205570524adee08761635f152af1eadb
915-150007A,8bf4d4b70def7c3e1618c64e37847534
01-010077TC,cdeec3a4e361cc7e3e633c7a2be1280d
04-040015TC,bd09cfb4e9f5a5a1edc58ee2f6cbef23
04-040011A,edddcced880b4caa6b25fd1aca1a7823
01-010006A,649aa3e820ed2a41d11d9c7f33eccf1f
01-010115A,0881fa53f454181668a3a466c4556f0c
04-040015TP,5df9e1ffb7ca51b90d6720532ccfee6f
01-010031TC,36d8c039004dde6f436d8959026cf563
03-02010301-030088TP,e34ea84298d11a4c92631873ed355ae9
03-030043TC,7760aa17f459699293e03ca6e6100a4c
05-050204TC,b75d6c03eda2947c2f583a157129c161
04-040015TM,ae8a27b09551a4de674da30e82a0e23c
05-050302TP,b4bf40be839e72ff90e5a588136c4567
01-010055TM,aaaa
03-030045TM,f0550fe118114da43125c11662134609
05-050302TM,nuevo
03-030045TP,8a72ae21c7eadab9e59e199728acf7ae
01-010055TP,aaa
05-050302TC,nuevo
01-110304-11030403TP,3a094bd43489d01b0acdfee44bb6dd07
915-150006A,f1d064a01b38eb45ade5c295db72d491
04-040004TC,49f29cb2c255f475d20f5befd062ed0f
04-040010A,81b680eba0ca95d1e9346dd351ae4ab9
902-0204-02040101SA,b6abc0376ebe45a7087398facacf34de
01-010005A,a741ddef54723dfc940adddedb06d40f
04-040004TP,77b8b211f1ef67f39a57c4d31abc624f
01-010029A,1854073ba044e4aa4ac5de2583675fb2
01-010066TC,58f99b83bd0f100926cc628a6bb5b9c9
03-030056TC,93f2612fadb2e2198b462015b9394b10
04-040004TM,4416f5cabc8cdba0568e08a383cf051f
01-010020TC,aaa
01-010044TM,aaa
05-050313TP,ea19ac78d9def67994c85b8b5c27e9a8
01-010004A,adae063322620ae77926c6af26e8f405
01-080101-010114A,a20820bb338512b31aef430d57318b5c
05-0709-070953TC,a42ef118f910930a54b6168ae0f276af
05-0709-070953TP,a7ad7fe493a9c90c26cf15b449ec2280
03-030056TP,808495e3c907d9f5cade55b5043999bb
05-050313TC,e5f700c8b43c086d0c838f66e1305e35
01-010028A,348e5a62d82ff7289591d564bef345af
03-030067TC,xxxx
01-010055TC,aaa
915-150005A,fd971e7edfb84f09fb3320f8fdea1ee8
03-030065TM,1f6b419ba8e8f471d315e47d57617571
01-010003A,331c8fed282430ff4f8aa87cf258ea20
902-0204-02040101BTP,1c87b5234ea3fd96677bb6438631ff85
03-030065TP,b4defdc243403b80f97f0989aff0a478
03-02010301-030079TC,c586f97d1eb1caeb9ac790ac25c0af8d
05-050208A,175f136f85344948abcbd23174214770
05-050317A,d0198b482e7ad0701fea272aba6657a8
01-010027A,aaa
01-010044TC,aaa
03-02010301-030079TP,7cc76f68f2cdd77a1ba91efe4f12879c
03-030030TC,0eccdbff08ca862302c70c7101c90e81
03-030076TC,b5936b7925d346bbf984abbe6b038bd6
03-030076TM,d1f35729ea61a3929627d33ccc99a64e
01-010022TM,56b927de6b5e0e6bc531c9bce8e9591e
03-030030TP,5b9a766a8d0994cbe974c99e1c015ffc
01-010002A,35629bd494fb012622aba1a361a71f50
01-010026A,aaa
03-030030TM,6b9c73fef6e7baf9e492b09c60843532
01-010022TP,52731572edd3d16f5a97e4848c3a9cca
01-010068TP,79222eb8a64864ef0957ba4fb2640dfd
05-050206TP,902b8c6b60528c7b830052fb906e50a8
01-010068TM,e1fa09aa78f53496969d261f9f5e7b69
03-030076TP,bf5c594629453746b826df1093e94ab5
05-0709-070909A,6bb33bf273e51b34fa06e8adec039dc5
05-050206TM,nuevo
05-050206TC,225498260d678337a4782766a1156652
04-040013TM,d90a7dff71d15179e07e07d8d49cfe8e
03-030041TC,4cf19843f3388ef8abe9ac8fae8d168d
04-040013TP,901335dcb975050b3a06ba2bb478fb2d
01-010011TM,cef09c6e7d73f6f5333b7656f0afb79b
03-030043TM,c608f72def174fce747a1d015a93fdf3
902-0204-02040101STC,6eee629210eff9339b695cb3e03be5ab
01-010001A,fa12f14ca08f1cf28abc55771218227a
01-010025A,aaa
01-080101-010110TC,5d236860756c07bbc4bdc9323fa5f070
902-0204-02040101STM,5736563d678370e51708bfc13e689b36
01-080101-010111A,9dbdb9300c4d5fbc009b3d4758afd1f3
04-040013TC,5d36b099269766af24b39475fff3e8e3
01-010011TP,b9226b26724dd5e8fc1afc2f677403c7
01-010057TP,aaa
05-050304TC,54f8f0d13d2be919db718fbd6002f7de
03-030043TP,062d384868145c0c80fff23b53ed0675
01-010057TM,aaa
05-050206A,09d87cbc478370a8a2f110e3b1786283
05-050315A,0c15d29fc30a8a3b76d70a057ca66b27
902-0204-02040101STP,f7c2b8bd7b44c10912a7cdc52a7be2d4
05-0709-070908A,3f3ea9f55fc3c56f8ef6a46339978478
01-010022TC,80e249793b7bcf8866688f4689a77af8
01-010049A,cc393fd4da76289572f103c2edfb820d
05-0709-070905AA,eaa63d292a339a16be917d4bf8677b30
01-080101-010110TP,58f011e930b21a455d20fe0f6b8d2aa8
04-040002TM,281a188b9798064d3d2ecbf0eb22bcaa
915-150002A,f5c07954d5e36d9a67fc8c20c5548bcb
03-030054TC,488054090474bbd110a519a7eafd1b9e
01-080101-010110TM,e3ba7bce6babdd07f85cb3d2a4bd345b
05-050304TP,6fec891a7daf86028b2467a7fac67a3f
04-040002TP,cc5e0db52b985217139b69431f87e5eb
05-0709-070955TC,ac4a3ba5e527431895fcad2c10f75ddb
03-030054TM,664518411e0a2a47f0c8d2f16d9f8570
05-0709-070921ATP,dd89cbff9a3eee2943246d621611071d
01-010024A,aaa
03-030018A,8eafec713689e3842b5681015da10117
01-010048A,aaa
04-040002TC,492160a9d51083c0119b16cbd2c8da6f
01-080101-010110A,73251159e52004f0df00347f9ae3f355
01-010046TP,e603f7ad18cd63fbf07aeab7c2514025
05-050315TC,42fc7d0f9052b77c4a9d5644749e27b7
01-010046TM,ea5085503eeecda17862f1fcddac8e01
03-030054TP,12df5c5d35dbba7604a4ff05e04de571
05-050316A,b4db0bd5cfe9f51ea71702c7935a8b82
902-0204-02040101BTC,d078cfad9f1d6d9a454da2510e65e410
02-020006TC,a561d1bf4aefcf39e61e1863b8147b44
05-0709-070921ATC,970c2903f5519b1348b6a6b3d4a0ca36
05-050207A,832cee381c99726c179d211f9f74b179
02-020006TM,e7575a59218d9df396bd834efe46a3bc
902-0204-02040101BTM,9dd1f734ef41518f6ff490409c336207
01-010011TC,06281452a79025fe511b53916cee32b3
01-010057TC,aaa
05-0709-070905BA,6fcb607af1cb60af2252a39f7d1745de
02-020006TP,cd0d080fa37cfeb12c5c6d8435a1198d
915-150001A,d4374f0fa39c6f7edfbd28cca214f2b8
03-030065TC,76e4dd992577fde5d159bb466ccb85c2
05-050315TP,3945cc1ced32bc3ccd9b183feb1b5bcd
03-030040TP,eec51704653e94363fdbbeeb09d83c61
01-080101-010113TC,db4b5fb9fefa4d53f27cabecc38dcc84
05-0709-070901TC,21398d2382de9781a498dc0685d7608d
03-02010301-030096TC,043c91cfbfc6838133965fba8b1aeb95
05-0709-070901TM,fa84e21f05f535c6ed6384d2df3fed9b
01-010035TP,ed11b552ab9eadc6e90e2dff1ffac914
01-010035TM,b66e0f1588a1a9f9fb6a11b18b4e9d96
03-030073A,65c87efec7c2db438c3e1c4820c9f7ed
03-02010301-030096TM,ea1c72dd9928a839e65323ec6adb0e8c
01-010046TC,55122c292562b9a9e9b912dbd618d9af
01-080101-010113TP,4a8a563ee41f94cbb349b14600386b5a
01-080101-010113TM,2c5af3df4b8c8ea1966a14b5a2b9bbc3
03-02010301-030096TP,500221447622ca3bba9d605bb982d5b5
05-050004TC,f0eff0ceb9a47a301a34844e3837a4a3
04-040019TP,7f5feba9a45735fef77978b4a7635326
01-010024TM,aaa
01-010024TP,aaa
04-040019A,9209ba79ce1d304c7323ecb2b6096f0b
05-050004TP,8943035717e9dd7224e03d1d65866774
03-030072A,c9cf90bca9b52c9fceeea36cf5d8debc
04-040019TC,ee7ce75e4ca5bd240128003eac3ae32c
05-0709-070901TP,bbe7ae1ac73de11278739e61e22a38c5
01-010035TC,b35c15896b2ec9c25e757ebc4578d914
03-02010301-030097A,c650b56befe0f08e235264a9b73678ab
04-040019TM,9cbc1dfaf8e938328934e72bd6a22359
05-050102TP,856d009b685edcaa25e7aebd1e4cb92c
03-030062TC,1afaa925c23446e2c413dab2252252fa
03-030064TP,6ca2e88cece9161a5ccb8cbc716a58c2
04-040008TP,f361b71d5eb8783204b7efecf7f42024
01-010059TC,febbf4b45684b453483d13f9fa5d9f24
01-010059TP,2694079058826efc6bca1d08be5ca8f9
01-080101-010090TM,f611f52eb6d86c706779b3e59b7e9822
01-010013TM,72a605200e3d5700e2fdee9eb511c143
01-010059TM,e867a7ef5a2c4abfe453536e28f5ee67
01-010013TP,717cc63177090c5d68d38bb88f073b78
01-080101-010090TP,eaa2cff5d5d279173dcacaa4fbb75d47
04-040018A,babf3fd530aff2ea45435a4292853ff1
04-040008TC,f723c079859e0d52baf1a74b5d218829
03-030071A,3530be274c9da14179c1054bb965cea0
915-150010TP,6a5417a16a1c79439e8b40d17982a616
03-02010301-030096A,d5da2771438b09e8a2adfe02a3ad850f
01-010024TC,aaa
03-030075TC,36609a79c07265c4ab1161460dbbdf6c
05-050002TC,20a6ca4e79ebeafd2fa55b0026034986
03-030075TP,59a0a54429edf6718f93e675c73afa21
03-030075TM,2b30d16c72d69ecb9ee8b039293f95f7
01-010048TC,aaa
01-010048TP,aaa
01-010048TM,aaa
04-040017A,d6f9f1b39eec5e74edb329cad6b191dd
01-010002TM,b1b88d90fa7d6865d68888cf1e30c1b8
01-010002TP,1b26a4858ebe756a23b4d8e5281c487e
03-030070A,09b2547196d057257fa8d355bc56555a
03-02010301-030083TM,892304fbb294b14e59436cfda3b5f155
01-080101-010090TC,5f4a8e8017683bc346038e9b16300616
03-02010301-030095A,570551fc086a438d557745669db745b7
01-010013TC,225714dd37334f9a9742014b3322fba4
03-030040TC,17d6d47d615077a05d06d4986d1c8af5
05-0709-070903TC,5d060283a32c91bc0dfd90639c11ccc3
01-010037TC,11e6135d92906710ca6283d07f1d1add
03-90205-0205_006TP,373e8f89f7da14e2e54ce270a8c18fa7
01-010037TP,d66753c3435f819ebbd21ce87e7345fb
01-010037TM,e2cc83948b8ed85d791a7f28418fc515
04-040016A,9b174f5ac0336b3d5cc49873592889cb
03-90205-0205_006TC,fdf0299ab98df9c356ef7a0fc5eafff6
03-90205-0205_006TM,9d3dbb6df77d0451af7f70f9c258cd2c
01-010002TC,2367230e0e9179c07dffed373205d81b
03-02010301-030094A,e139a712e76ca652662231e8a7ef7ba2
05-050006TC,5f1e48ea2ee37ac4a0cd6534daf28e1d
01-010026TC,aaa
01-010026TP,aaa
01-010026TM,aaa
05-050006TP,deeeabb02d47e448e34e5d3bbaeb8dad
05-050104TC,831b12f239db1883cfb6a62cd480eabe
03-030060TC,71c53bb37bd2878b99cbaeb591c06f44
04-040015A,4c2ed9e49577e877cba8646fab52dc00
05-050202TP,34118f945a133ca7e014c23ed75edc68
05-0709-070903TM,8edfce077b6ef372fd829ff5f37a55be
03-02010301-030093A,224231a73955240166d1da6ed928cd22
04-040017TC,d5b471cb70b49bc80a9c2c37ae03f627
05-0709-070903TP,689585849bf42fb7b5253bb978022c08
04-040017TM,acf46416e7e91b24f3fa645c04779926
05-050104TM,e0b748b7abab51601ff88878e1646e1d
04-040017TP,eb48c0b4625d071aa24017f4d0518503
05-050104TP,e72e4ad52475855fd285dd2b5bbecbd4
03-030062TP,2b87855392f64aba8fa7f47c1c014aea
03-030062TM,1e100934088aa191d7842f44a16ab78e
05-050311TC,f1a61ae09a06993f94701cb2daa2fa3d
04-040014A,3ebef27ff7385eb5bb0c6c1d9dc07834
03-02010301-030092A,c2356f648cfd8d7c6bafa8fa529e2fc9
03-030073TC,97546494e2d70ee5730385b0d4498632
03-030073TP,d596c70973e5efa719528778182dc8ca
05-050311TP,493485141f8ff34952434469c68d6932
01-080101-010081TC,7e7f645de3d2c82025576e203feae438
01-010004TC,7c040a8cc558fee25b4605fecb48a4d7
03-030073TM,16b17d2a1636f9840152649bcb8de589
915-150001TP,838e687b650fda7a6da60c9e4c56a4be
01-010004TP,a49594d871b45f5f26918af1d940adba
01-080101-010081TP,7dfe8faf860e7dfdbfca028128b0b8f3
01-080101-010081TM,b4fbda77264020987a28a76c62dd9c0d
01-010004TM,35e9d93f2630b0d7b3ef379fa6d199b6
04-040013A,97220f71e67f3b425088a394f3a84b22
03-02010301-030085TM,c2fb702b34adbb7c8be98977d2118bef
915-150001TC,da70563953f6e5c1d4a1aab0bbe1d7e0
03-02010301-030091A,01ccf429da2bdda751771d9d09c2a4ae
915-150001TM,661c7a2286dd8390bd5f9d2ff11d671b
03-02010301-030092TC,ceab2b4f126fb2adeb3bf3207086439b
01-010063A,295419e181064dbd29a76f9d8800925e
902-0204-02040101AA,nuevo
01-010039TC,7a5683a1bed4ff3e2674c0c7d869e083
03-030029TC,32590924412c7a731d54a6121b539dbf
05-050309TC,36b9c870f13364b4b979e67b80e9bd2b
05-050002A,bf7ab094b4c95ef6d20396c4daf40bbd
01-010039TM,ef898df150aa366cade8df3324848dbf
01-080101-010084A,ef2979a51a615acc564e5133603cbb6c
03-02010301-030092TP,475f01c972cd3ac401b1ff51403a56dc
03-030029TP,ae166df055255309bfdd01ab6fe2c4b9
03-02010301-030092TM,add30550673154aff338fb9e6e1d132b
03-030057A,4057c7fe558239812d6ddb3b8d1c51d8
05-050309TP,27ca3467c0df769fe74125c62a70f180
05-050309TM,nuevo
03-030033A,5651ddd7888be309a021eb04eadb21e4
03-02010301-030102TC,1d76caca5b0f3aabce531a5b39065c97
01-010028TP,c283a0de28b1ca054391af6e45bd2309
01-010028TM,7e2deb1ebccb35113cb7a7e1a27d6f79
03-02010301-030102TM,c26d3385b90699c5f27cd328de35fe62
05-050003A,0fa58d77443080fe9884b2d255891018
01-080101-010083A,be2162915fed1e55725a666058e8e6bb
01-010062A,ae30176eae61d3e1ea066aae281208f2
03-02010301-030102TP,52ce806a3fc9d50ce78802d959b7245c
03-030056A,205474d98d9f4d1aa7575f89d6724508
03-030032A,d878f735a89572d2273c1e98708e28dd
03-030060TP,72a2822b6cfea6ee353aebbf67cedcb8
915-150014TP,d14cac23d2626f98c9d87e619d7d7b48
05-0709-070906BTC,ff0372bf9239fb61a080e87ed3195bd4
01-010017TC,8a5d6fc3c3d0f82fe052e59056c74bbb
03-030007TC,3cefe276c6e67cd2a474b1a3eb58bfe1
03-030060TM,66c3c2086f06d6b00212c3f176a85e2f
915-150014TM,57e6a5c84dd98419a196f687ba7da1cf
01-010017TM,a1aa7a988e42918aaf289a17fad10382
01-080101-010086A,9e89120c15a730a3ed3f5642b5a0f6e5
03-030007TM,a4f826e84f823354af7137d20d82c107
01-010017TP,f553c5516bb2c6251c1763207cd4aa8a
01-010061A,b3e0b0598bdaa1b9cc569531f558c328
05-0709-070906BTM,dab242bab5bc7656d6a1f3e354d7d51e
03-030071TC,d0b7821b6e6a30385eb91b05fb4adc9f
915-150014TC,ec565bb99879f865a731ab258df28300
01-010115TC,2466887cd7691698e9f27cf8f11429a7
05-0709-070906BTP,602b4fb729c08f06791474bf1a154eb1
03-030007TP,78a769b68dd92d7d277e4d47d6599f81
03-030055A,65a055a6964a9080aa97108233dcd55f
03-030031A,ce20bbab14c7ff15c31c597cb88458cb
902-0204-02040101BA,df8c5ed10f66ce36b3c438c65869b0c8
03-030071TP,dc5ab44aaf01eeca4909629fce968836
915-150003TP,4e31018713f454334601900c22ae6f95
01-080101-010083TC,2b14626af85f54e1cee10a0af8815a81
05-0709-070905ATC,d359bf539781c3f3337266f8b38ab38e
01-010006TC,d24f2bd5b8f9db3b983bbf42c5266877
03-030018TC,07aeb143ca41e09a4b5005ff1f807dfb
915-150003TM,b98caff4d64e24b295aa661bef3da148
01-080101-010083TM,5f8f52d6185f4fd0ab9de3eef5498d27
05-050001A,9f4b2b72827258dde43dd35f9a7136ec
01-010006TM,91de2c3963f0cf740882b655b86085cb
03-030018TM,0df1d5d3423ff6b7b9148dfce5f8e443
01-010006TP,d9b844359f964b87542699dfe8f0e253
01-080101-010083TP,606d1e3aaf49fc3e44bb270074859e53
01-010060A,aaa
01-080101-010085A,57825143f38efd34a0b401eeece9d3dc
915-150003TC,cba30d7950a13a0c0967661dd8f1ded3
05-0709-070905ATP,6f4532b8455f950f2eab8425f40e66f5
03-030018TP,e9d732f25f17764057fe5130e1569f0b
03-030078A,1a08015e8770bd1d5e9d50d26eac86b0
03-02010301-030079A,a356faaa91a6f80c55c183138483b4aa
03-030054A,c561cc9f9085ece2e69980763a614ca2
03-030030A,5ef08e178f94d84e0bf4c47af8e00440
03-030027TC,9f3f89702d6954f2f1844fcc00ce5a91
03-030027TP,be85b7904296ccbe0ee314c6e872e2ba
03-02010301-030094TC,7c8e089f3ee7593596bc5417229a495e
05-0709-070921AA,8d192c6c6c05b2945fee903f4aeb2db2
03-02010301-030094TP,a81c95ac35b3ed862661b02f838ea03f
01-080101-010080A,3d46c6849766cc49cb6353d320ebddfe
03-02010301-030094TM,5d277c98d807f951754f80bb69f75730
03-030077A,34e6d2e0525c35113cab9db343c6672e
02-020006A,f7fe49654f65841627e09df53630b07d
03-030053A,d77e2fe7e3bbe6666dd417ea81efbaac
05-050002TP,14d518e206a68cad904790671a1cdd61
03-02010301-030104TM,ae6856524cc178f35ce671c0d8f836c6
05-0709-070921BA,74ae33be2fdccb45346e846d82e80256
03-030076A,a828c15aadaa57294a4204dfb0b14bce
03-030052A,49e6a091e08e2fc592046231facaf4a0
02-020005A,a76b1e3b2ec334a8ac17efd521886c70
02-020004A,4307d5d100145dfdb30c124d60cb01b5
01-010019TC,aaa
915-150016TP,252258ccc0477f771cfa7f7fff6e2847
03-030005TC,7bc9e2f9a2e884246334334a01f323a4
915-150016TM,cddf31685c87ea1f10494c5af2604c98
03-030005TP,f6e3a6425e9082d2faf41ff12a3357a9
01-010019TM,aaa
01-080101-010082A,bc824a3bb576ee3b7312803a7f225e4e
03-030005TM,7ca42801f8621a2759d0e14b8200c271
03-030051A,4db2adcf16e09269a08a9b6ab20ef970
01-010019TP,aaa
03-030075A,59a0a54429edf6718f93e675c73afa21
915-150016TC,164564ca6182282ff0c3c6b63f6c25c6
01-080101-010085TC,64e656056b4a6bbb78d5526b3cbadb9a
03-02010301-030081TC,34f505c218ac559490a731f133a8bc66
915-150005TP,d209ab2f0a99706aa51b63c7d2176ac5
01-010061TP,4ebbeb7c2e45fb8ef3b4faee15523708
03-030016TC,3f574683856d8cc29639b08f7ab41e07
915-150005TM,56434335b1d337bea2b9eba3b059519e
01-010061TM,4f5e17e055f48fc2357151abfc4241f0
01-080101-010085TM,9d50756d27d550ceb104136e9fadb9ef
03-030016TP,ec8951b0c90004edf34c721157014b9d
03-030050A,2111c0f12829eeaf4cb870e8a37dab17
01-080101-010081A,2045b556ca5e11ebcb31d85624d2865e
03-02010301-030081TP,9be0b5d90b4e015d3ee78d016f9e020d
01-080101-010085TP,ce10a16a2cccc05f0e49772bab7907d2
03-02010301-030081TM,3f6b8690643c5b94aaefe422ef4f3cbc
03-030074A,b2d6d2af469c4413a16aa29e961b8a9a
915-150005TC,f494afd6796008fb55083a3642c47aab
