"CodigoEstadisticaNormal","CodigoEstadistica","Descripcion"
"04/040009A","04-040009A","Usos del suelo (nomenclatura a 1 dígito)"
"04/040009TP","04-040009TP","Usos del suelo (nomenclatura a 1 dígito)"
"04/040009TC","04-040009TC","Usos del suelo (nomenclatura a 1 dígito)"
"04/040009TM","04-040009TM","Usos del suelo (nomenclatura a 1 dígito)"
"04/040010A","04-040010A","Usos del suelo (nomenclatura a 2 dígitos)"
"04/040010TP","04-040010TP","Usos del suelo (nomenclatura a 2 dígitos)"
"04/040010TC","04-040010TC","Usos del suelo (nomenclatura a 2 dígitos)"
"04/040010TM","04-040010TM","Usos del suelo (nomenclatura a 2 dígitos)"
"04/040011A","04-040011A","Usos del suelo (nomenclatura a 3 dígitos)"
"04/040011TP","04-040011TP","Usos del suelo (nomenclatura a 3 dígitos)"
"04/040011TC","04-040011TC","Usos del suelo (nomenclatura a 3 dígitos)"
"04/040011TM","04-040011TM","Usos del suelo (nomenclatura a 3 dígitos)"
"04/040012A","04-040012A","Usos del suelo (nomenclatura a 5 dígitos)"
"04/040012TP","04-040012TP","Usos del suelo (nomenclatura a 5 dígitos)"
"04/040012TC","04-040012TC","Usos del suelo (nomenclatura a 5 dígitos)"
"04/040012TM","04-040012TM","Usos del suelo (nomenclatura a 5 dígitos)"
"01/010019TP","01-010019TP","Superficies catastrales"
"01/010019TC","01-010019TC","Superficies catastrales"
"01/010019A","01-010019A","Superficies catastrales"
"01/010019TM","01-010019TM","Superficies catastrales"
"01/010020TM","01-010020TM","Suelo urbano"
"01/010020A","01-010020A","Suelo urbano"
"01/010020TP","01-010020TP","Suelo urbano"
"01/010020TC","01-010020TC","Suelo urbano"
"01/010022A","01-010022A","Antigüedad de los edificios"
"01/010022TP","01-010022TP","Antigüedad de los edificios"
"01/010022TC","01-010022TC","Antigüedad de los edificios"
"01/010022TM","01-010022TM","Antigüedad de los edificios"
"01/010023A","01-010023A","Bienes inmuebles según uso"
"01/010023TP","01-010023TP","Bienes inmuebles según uso"
"01/010023TC","01-010023TC","Bienes inmuebles según uso"
"01/010023TM","01-010023TM","Bienes inmuebles según uso"
"01/010024A","01-010024A","Valor de los bienes inmuebles según uso"
"01/010024TP","01-010024TP","Valor de los bienes inmuebles según uso"
"01/010024TC","01-010024TC","Valor de los bienes inmuebles según uso"
"01/010024TM","01-010024TM","Valor de los bienes inmuebles según uso"
"01/010025A","01-010025A","Suelo rústico"
"01/010025TP","01-010025TP","Suelo rústico"
"01/010025TC","01-010025TC","Suelo rústico"
"01/010025TM","01-010025TM","Suelo rústico"
"03/030012A","03-030012A","Población según tipo de nacionalidad, área y sexo"
"03/030012TP","03-030012TP","Población según tipo de nacionalidad, área y sexo"
"03/030012TC","03-030012TC","Población según tipo de nacionalidad, área y sexo"
"03/030012TM","03-030012TM","Población según tipo de nacionalidad, área y sexo"
"03/030013A","03-030013A","Población extranjera según nacionalidad por sexo y grandes grupos de edad"
"03/030013TP","03-030013TP","Población extranjera según nacionalidad por sexo y grandes grupos de edad"
"03/030070A","03-030070A","Población extranjera según nacionalidad por sexo"
"03/030070TP","03-030070TP","Población extranjera según nacionalidad por sexo"
"03/030070TC","03-030070TC","Población extranjera según nacionalidad por sexo"
"03/030071A","03-030071A","Población extranjera según nacionalidad por grandes grupos de edad"
"03/030071TP","03-030071TP","Población extranjera según nacionalidad por grandes grupos de edad"
"03/030071TC","03-030071TC","Población extranjera según nacionalidad por grandes grupos de edad"
"03/030016A","03-030016A","Indicadores de estructura demográfica, población extranjera"
"03/030016TP","03-030016TP","Indicadores de estructura demográfica, población extranjera"
"03/030016TC","03-030016TC","Indicadores de estructura demográfica, población extranjera"
"03/030014A","03-030014A","Pirámide de población extranjera. Grupos quinquenales"
"03/030014TP","03-030014TP","Pirámide de población extranjera. Grupos quinquenales"
"03/030014TC","03-030014TC","Pirámide de población extranjera. Grupos quinquenales"
"03/030015A","03-030015A","Población extranjera según lugar de nacimiento y sexo"
"03/030015TP","03-030015TP","Población extranjera según lugar de nacimiento y sexo"
"03/030015TC","03-030015TC","Población extranjera según lugar de nacimiento y sexo"
"03/030007A","03-030007A","Población según relación con el lugar de nacimiento."
"03/030007TP","03-030007TP","Población según relación con el lugar de nacimiento."
"03/030007TC","03-030007TC","Población según relación con el lugar de nacimiento."
"03/030007TM","03-030007TM","Población según relación con el lugar de nacimiento."
"03/030008A","03-030008A","Población según lugar de nacimiento. CCAA."
"03/030008TP","03-030008TP","Población según lugar de nacimiento. CCAA."
"03/030008TC","03-030008TC","Población según lugar de nacimiento. CCAA."
"03/030008TM","03-030008TM","Población según lugar de nacimiento. CCAA."
"03/030072A","03-030072A","Población según lugar de nacimiento. Provincia"
"03/030072TP","03-030072TP","Población según lugar de nacimiento. Provincia"
"03/030072TC","03-030072TC","Población según lugar de nacimiento. Provincia"
"03/030072TM","03-030072TM","Población según lugar de nacimiento. Provincia"
"03/030003A","03-030003A","Pirámide de población. Año a año."
"03/030003TP","03-030003TP","Pirámide de población. Año a año."
"03/030004TC","03-030004TC","Pirámide de población. Grupos quinquenales"
"03/030004TM","03-030004TM","Pirámide de población. Grupos quinquenales"
"03/030004A","03-030004A","Pirámide de población. Grupos quinquenales"
"03/030004TP","03-030004TP","Pirámide de población. Grupos quinquenales"
"03/030005A","03-030005A","Pirámide de población. Grandes grupos."
"03/030005TP","03-030005TP","Pirámide de población. Grandes grupos."
"03/030005TC","03-030005TC","Pirámide de población. Grandes grupos."
"03/030005TM","03-030005TM","Pirámide de población. Grandes grupos."
"03/030006A","03-030006A","Indicadores de estructura demográfica"
"03/030006TC","03-030006TC","Indicadores de estructura demográfica"
"03/030006TP","03-030006TP","Indicadores de estructura demográfica"
"03/030006TM","03-030006TM","Indicadores de estructura demográfica"
"03/030075A","03-030075A","Explotación del Padrón de españoles residentes en el extranjero  Por lugar de inscripción, sexo y grandes grupos de edad"
"03/030075TP","03-030075TP","Explotación del Padrón de españoles residentes en el extranjero  Por lugar de inscripción, sexo y grandes grupos de edad"
"03/030075TC","03-030075TC","Explotación del Padrón de españoles residentes en el extranjero  Por lugar de inscripción, sexo y grandes grupos de edad"
"03/030075TM","03-030075TM","Explotación del Padrón de españoles residentes en el extranjero  Por lugar de inscripción, sexo y grandes grupos de edad"
"03/030076A","03-030076A","Explotación del Padrón de españoles residentes en el extranjero  Por sexo y área geográfica de residencia"
"03/030076TC","03-030076TC","Explotación del Padrón de españoles residentes en el extranjero  Por sexo y área geográfica de residencia"
"03/030076TP","03-030076TP","Explotación del Padrón de españoles residentes en el extranjero  Por sexo y área geográfica de residencia"
"03/030076TM","03-030076TM","Explotación del Padrón de españoles residentes en el extranjero  Por sexo y área geográfica de residencia"
"03/030077TM","03-030077TM","Explotación del Padrón de españoles residentes en el extranjero  Por sexo y país de residencia"
"03/030077A","03-030077A","Explotación del Padrón de españoles residentes en el extranjero  Por sexo y país de residencia"
"03/030077TP","03-030077TP","Explotación del Padrón de españoles residentes en el extranjero  Por sexo y país de residencia"
"03/030077TC","03-030077TC","Explotación del Padrón de españoles residentes en el extranjero  Por sexo y país de residencia"
"03/030078A","03-030078A","Explotación del Padrón de españoles residentes en el extranjero  Por sexo, grandes grupos de edad y titulación"
"03/030078TP","03-030078TP","Explotación del Padrón de españoles residentes en el extranjero  Por sexo, grandes grupos de edad y titulación"
"03/030078TC","03-030078TC","Explotación del Padrón de españoles residentes en el extranjero  Por sexo, grandes grupos de edad y titulación"
"03/030078TM","03-030078TM","Explotación del Padrón de españoles residentes en el extranjero  Por sexo, grandes grupos de edad y titulación"
"02/020004TC","02-020004TC","Nomenclator de unidades poblacionales"
"02/020004A","02-020004A","Nomenclator de unidades poblacionales"
"02/020005TC","02-020005TC","Unidades poblacionales con especificación de su población"
"02/020005A","02-020005A","Unidades poblacionales con especificación de su población"
"03/02010301/030080TM","03-02010301-030080TM","Datos demográficos Por grandes grupos de edad (hasta 65 y más), sexo y nacionalidad"
"03/02010301/030079A","03-02010301-030079A","Datos demográficos Por grandes grupos de edad (hasta 85 y más), sexo y nacionalidad"
"03/02010301/030079TP","03-02010301-030079TP","Datos demográficos Por grandes grupos de edad (hasta 85 y más), sexo y nacionalidad"
"03/02010301/030079TC","03-02010301-030079TC","Datos demográficos Por grandes grupos de edad (hasta 85 y más), sexo y nacionalidad"
"03/02010301/030081A","03-02010301-030081A","Datos demográficos Según relación entre el lugar de nacimiento y el de residencia por sexo"
"03/02010301/030081TM","03-02010301-030081TM","Datos demográficos Según relación entre el lugar de nacimiento y el de residencia por sexo"
"03/02010301/030081TP","03-02010301-030081TP","Datos demográficos Según relación entre el lugar de nacimiento y el de residencia por sexo"
"03/02010301/030081TC","03-02010301-030081TC","Datos demográficos Según relación entre el lugar de nacimiento y el de residencia por sexo"
"03/02010301/030082A","03-02010301-030082A","Datos demográficos Por estado civil y sexo"
"03/02010301/030082TP","03-02010301-030082TP","Datos demográficos Por estado civil y sexo"
"03/02010301/030082TC","03-02010301-030082TC","Datos demográficos Por estado civil y sexo"
"03/02010301/030083TM","03-02010301-030083TM","Datos demográficos Por estado civil (agrupado) y sexo"
"03/02010301/030084A","03-02010301-030084A","Formación Por grupos de edad, grado de formación y sexo"
"03/02010301/030084TP","03-02010301-030084TP","Formación Por grupos de edad, grado de formación y sexo"
"03/02010301/030084TC","03-02010301-030084TC","Formación Por grupos de edad, grado de formación y sexo"
"03/02010301/030085TM","03-02010301-030085TM","Formación Por grado de formación y sexo"
"03/02010301/030086A","03-02010301-030086A","Formación Por máximo nivel de estudios alcanzado y sexo"
"03/02010301/030086TP","03-02010301-030086TP","Formación Por máximo nivel de estudios alcanzado y sexo"
"03/02010301/030086TC","03-02010301-030086TC","Formación Por máximo nivel de estudios alcanzado y sexo"
"03/02010301/030087TM","03-02010301-030087TM","Formación Por máximo nivel de estudios alcanzado"
"03/02010301/030100A","03-02010301-030100A","Formación Por tipo de estudios finalizados y sexo"
"03/02010301/030100TP","03-02010301-030100TP","Formación Por tipo de estudios finalizados y sexo"
"03/02010301/030100TC","03-02010301-030100TC","Formación Por tipo de estudios finalizados y sexo"
"03/02010301/030089TM","03-02010301-030089TM","Formación Por tipo de estudios finalizados"
"03/02010301/030100A","03-02010301-030100A","Estructura de los hogares"
"03/02010301/030100TP","03-02010301-030100TP","Estructura de los hogares"
"03/02010301/030100TC","03-02010301-030100TC","Estructura de los hogares"
"03/02010301/030103TM","03-02010301-030103TM","Estructura de los hogares (agrupado)"
"03/02010301/030101A","03-02010301-030101A","Hogares y familias Según número de miembros"
"03/02010301/030101TP","03-02010301-030101TP","Hogares y familias Según número de miembros"
"03/02010301/030101TC","03-02010301-030101TC","Hogares y familias Según número de miembros"
"03/02010301/030104TM","03-02010301-030104TM","Hogares y familias Según número de miembros (agrupado)"
"03/02010301/030102TC","03-02010301-030102TC","Dimensión media de los hogares"
"03/02010301/030102TM","03-02010301-030102TM","Dimensión media de los hogares"
"03/02010301/030102A","03-02010301-030102A","Dimensión media de los hogares"
"03/02010301/030102TP","03-02010301-030102TP","Dimensión media de los hogares"
"03/02010301/030090A","03-02010301-030090A","Edificios según tipo"
"03/02010301/030090TP","03-02010301-030090TP","Edificios según tipo"
"03/02010301/030090TC","03-02010301-030090TC","Edificios según tipo"
"03/02010301/030090TM","03-02010301-030090TM","Edificios según tipo"
"03/02010301/030091A","03-02010301-030091A","Estado de los edificios"
"03/02010301/030091TP","03-02010301-030091TP","Estado de los edificios"
"03/02010301/030091TC","03-02010301-030091TC","Estado de los edificios"
"03/02010301/030091TM","03-02010301-030091TM","Estado de los edificios"
"03/02010301/030092A","03-02010301-030092A","Edificios según antigüedad"
"03/02010301/030092TP","03-02010301-030092TP","Edificios según antigüedad"
"03/02010301/030092TC","03-02010301-030092TC","Edificios según antigüedad"
"03/02010301/030092TM","03-02010301-030092TM","Edificios según antigüedad"
"03/02010301/030093A","03-02010301-030093A","Tipo de vivienda"
"03/02010301/030093TP","03-02010301-030093TP","Tipo de vivienda"
"03/02010301/030093TC","03-02010301-030093TC","Tipo de vivienda"
"03/02010301/030093TM","03-02010301-030093TM","Tipo de vivienda"
"03/02010301/030094A","03-02010301-030094A","Tamaño de la vivienda"
"03/02010301/030094TP","03-02010301-030094TP","Tamaño de la vivienda"
"03/02010301/030094TC","03-02010301-030094TC","Tamaño de la vivienda"
"03/02010301/030094TM","03-02010301-030094TM","Tamaño de la vivienda"
"03/02010301/030095TP","03-02010301-030095TP","Régimen de tenencia de la vivienda"
"03/02010301/030095TC","03-02010301-030095TC","Régimen de tenencia de la vivienda"
"03/02010301/030095TM","03-02010301-030095TM","Régimen de tenencia de la vivienda"
"03/02010301/030095A","03-02010301-030095A","Régimen de tenencia de la vivienda"
"03/02010301/030096A","03-02010301-030096A","Superficie útil de las viviendas"
"03/02010301/030096TP","03-02010301-030096TP","Superficie útil de las viviendas"
"03/02010301/030096TC","03-02010301-030096TC","Superficie útil de las viviendas"
"03/02010301/030096TM","03-02010301-030096TM","Superficie útil de las viviendas"
"03/02010301/030097A","03-02010301-030097A","Equipamientos de las viviendas"
"03/02010301/030097TP","03-02010301-030097TP","Equipamientos de las viviendas"
"03/02010301/030097TC","03-02010301-030097TC","Equipamientos de las viviendas"
"03/02010301/030097TM","03-02010301-030097TM","Equipamientos de las viviendas"
"03/030018TP","03-030018TP","Pirámide de población. Grupos quinquenales"
"03/030018TC","03-030018TC","Pirámide de población. Grupos quinquenales"
"03/030018TM","03-030018TM","Pirámide de población. Grupos quinquenales"
"03/030018A","03-030018A","Pirámide de población. Grupos quinquenales"
"03/030025A","03-030025A","Población según tipo de nacionalidad y área"
"03/030025TP","03-030025TP","Población según tipo de nacionalidad y área"
"03/030025TC","03-030025TC","Población según tipo de nacionalidad y área"
"03/030025TM","03-030025TM","Población según tipo de nacionalidad y área"
"03/030026A","03-030026A","Población según nacionalidad"
"03/030026TP","03-030026TP","Población según nacionalidad"
"03/030026TC","03-030026TC","Población según nacionalidad"
"03/030027A","03-030027A","Población extranjera según edad y sexo"
"03/030027TP","03-030027TP","Población extranjera según edad y sexo"
"03/030027TC","03-030027TC","Población extranjera según edad y sexo"
"03/030028A","03-030028A","Población extranjera según lugar de nacimiento"
"03/030028TP","03-030028TP","Población extranjera según lugar de nacimiento"
"03/030028TC","03-030028TC","Población extranjera según lugar de nacimiento"
"03/030029TP","03-030029TP","Población extranjera por áreas de nacionalidad según grado de formación"
"03/030029A","03-030029A","Población extranjera por áreas de nacionalidad según grado de formación"
"03/030029TC","03-030029TC","Población extranjera por áreas de nacionalidad según grado de formación"
"03/030030A","03-030030A","Población de 16 años y más según estado civil"
"03/030030TP","03-030030TP","Población de 16 años y más según estado civil"
"03/030030TC","03-030030TC","Población de 16 años y más según estado civil"
"03/030030TM","03-030030TM","Población de 16 años y más según estado civil"
"03/030031A","03-030031A","Población según estado civil, por edad (grupos quinquenales y sexo)"
"03/030031TP","03-030031TP","Población según estado civil, por edad (grupos quinquenales y sexo)"
"03/030031TC","03-030031TC","Población según estado civil, por edad (grupos quinquenales y sexo)"
"03/030032TM","03-030032TM","Población de 16 años y más según nivel de instrucción"
"03/030032A","03-030032A","Población de 16 años y más según nivel de instrucción"
"03/030032TP","03-030032TP","Población de 16 años y más según nivel de instrucción"
"03/030032TC","03-030032TC","Población de 16 años y más según nivel de instrucción"
"03/030033A","03-030033A","Población según nivel de instrucción (grados), edad y sexo"
"03/030033TP","03-030033TP","Población según nivel de instrucción (grados), edad y sexo"
"03/030033TC","03-030033TC","Población según nivel de instrucción (grados), edad y sexo"
"03/030034TC","03-030034TC","Población de 25 años y más según tipo de estudios realizados"
"03/030034A","03-030034A","Población de 25 años y más según tipo de estudios realizados"
"03/030034TP","03-030034TP","Población de 25 años y más según tipo de estudios realizados"
"03/030035TP","03-030035TP","Población de 25 años y más según tipo de estudios realizados, edad y sexo"
"03/030035A","03-030035A","Población de 25 años y más según tipo de estudios realizados, edad y sexo"
"03/030035TC","03-030035TC","Población de 25 años y más según tipo de estudios realizados, edad y sexo"
"03/030036A","03-030036A","Población según estudios en curso"
"03/030036TP","03-030036TP","Población según estudios en curso"
"03/030036TC","03-030036TC","Población según estudios en curso"
"03/030036TM","03-030036TM","Población según estudios en curso"
"03/030039A","03-030039A","Población según relación con la actividad"
"03/030039TP","03-030039TP","Población según relación con la actividad"
"03/030039TC","03-030039TC","Población según relación con la actividad"
"03/030039TM","03-030039TM","Población según relación con la actividad"
"03/030040A","03-030040A","Población según relación con la actividad, por sexo y edad"
"03/030040TC","03-030040TC","Población según relación con la actividad, por sexo y edad"
"03/030040TP","03-030040TP","Población según relación con la actividad, por sexo y edad"
"03/030041A","03-030041A","Población activa según situación laboral y nivel de estudios"
"03/030041TP","03-030041TP","Población activa según situación laboral y nivel de estudios"
"03/030041TC","03-030041TC","Población activa según situación laboral y nivel de estudios"
"03/030042TM","03-030042TM","Población ocupada según sector de actividad y sexo"
"03/030042A","03-030042A","Población ocupada según sector de actividad y sexo"
"03/030042TP","03-030042TP","Población ocupada según sector de actividad y sexo"
"03/030042TC","03-030042TC","Población ocupada según sector de actividad y sexo"
"03/030043A","03-030043A","Población ocupada según rama de actividad"
"03/030043TP","03-030043TP","Población ocupada según rama de actividad"
"03/030043TC","03-030043TC","Población ocupada según rama de actividad"
"03/030043TM","03-030043TM","Población ocupada según rama de actividad"
"03/030044A","03-030044A","Población ocupada según rama de actividad, sexo y edad"
"03/030045A","03-030045A","Población ocupada según situación profesional y sexo"
"03/030045TP","03-030045TP","Población ocupada según situación profesional y sexo"
"03/030045TC","03-030045TC","Población ocupada según situación profesional y sexo"
"03/030045TM","03-030045TM","Población ocupada según situación profesional y sexo"
"03/030046A","03-030046A","Población ocupada según situación profesional, sexo y edad"
"03/030047A","03-030047A","Población ocupada según condición socioeconómica"
"03/030047TP","03-030047TP","Población ocupada según condición socioeconómica"
"03/030047TC","03-030047TC","Población ocupada según condición socioeconómica"
"03/030047TM","03-030047TM","Población ocupada según condición socioeconómica"
"03/030050A","03-030050A","Población ocupada según horas trabajadas"
"03/030050TP","03-030050TP","Población ocupada según horas trabajadas"
"03/030050TC","03-030050TC","Población ocupada según horas trabajadas"
"03/030049A","03-030049A","Población ocupada según horas trabajadas y sexo"
"03/030049TP","03-030049TP","Población ocupada según horas trabajadas y sexo"
"03/030049TC","03-030049TC","Población ocupada según horas trabajadas y sexo"
"03/030051A","03-030051A","Población ocupada según horas trabajadas y sectores de actividad"
"03/030053A","03-030053A","Población ocupada según horas trabajadas y tipo de ocupación"
"03/030052A","03-030052A","Población ocupada según horas trabajadas y situación profesional"
"03/030073A","03-030073A","Población ocupada según tipo de ocupación (CNO-94) y sexo"
"03/030073TP","03-030073TP","Población ocupada según tipo de ocupación (CNO-94) y sexo"
"03/030073TC","03-030073TC","Población ocupada según tipo de ocupación (CNO-94) y sexo"
"03/030073TM","03-030073TM","Población ocupada según tipo de ocupación (CNO-94) y sexo"
"03/030054TP","03-030054TP","Lugar de trabajo o estudio"
"03/030054TC","03-030054TC","Lugar de trabajo o estudio"
"03/030054TM","03-030054TM","Lugar de trabajo o estudio"
"03/030054A","03-030054A","Lugar de trabajo o estudio"
"03/030055A","03-030055A","Número de viajes diarios por razones de trabajo o estudio"
"03/030055TP","03-030055TP","Número de viajes diarios por razones de trabajo o estudio"
"03/030055TC","03-030055TC","Número de viajes diarios por razones de trabajo o estudio"
"03/030056A","03-030056A","Tiempos de desplazamiento al lugar de trabajo o estudio"
"03/030056TP","03-030056TP","Tiempos de desplazamiento al lugar de trabajo o estudio"
"03/030056TC","03-030056TC","Tiempos de desplazamiento al lugar de trabajo o estudio"
"03/030057A","03-030057A","Principales destinos de los trabajadores"
"03/030057TP","03-030057TP","Principales destinos de los trabajadores"
"03/030057TC","03-030057TC","Principales destinos de los trabajadores"
"03/030074A","03-030074A","Principales destinos de los estudiantes"
"03/030074TP","03-030074TP","Principales destinos de los estudiantes"
"03/030074TC","03-030074TC","Principales destinos de los estudiantes"
"03/030058A","03-030058A","Estructura de los hogares"
"03/030058TP","03-030058TP","Estructura de los hogares"
"03/030058TC","03-030058TC","Estructura de los hogares"
"03/030058TM","03-030058TM","Estructura de los hogares"
"03/030059A","03-030059A","Hogares según tipo"
"03/030059TP","03-030059TP","Hogares según tipo"
"03/030059TC","03-030059TC","Hogares según tipo"
"03/030059TM","03-030059TM","Hogares según tipo"
"03/030060A","03-030060A","Hogares número de miembros"
"03/030060TP","03-030060TP","Hogares número de miembros"
"03/030060TC","03-030060TC","Hogares número de miembros"
"03/030060TM","03-030060TM","Hogares número de miembros"
"03/030061A","03-030061A","Dimensión media de los hogares"
"03/030061TP","03-030061TP","Dimensión media de los hogares"
"03/030061TC","03-030061TC","Dimensión media de los hogares"
"03/030061TM","03-030061TM","Dimensión media de los hogares"
"03/030062A","03-030062A","Hogares según número de núcleos familiares"
"03/030062TP","03-030062TP","Hogares según número de núcleos familiares"
"03/030062TC","03-030062TC","Hogares según número de núcleos familiares"
"03/030062TM","03-030062TM","Hogares según número de núcleos familiares"
"03/030063TP","03-030063TP","Hogares unipersonales por edad y sexo"
"03/030063TC","03-030063TC","Hogares unipersonales por edad y sexo"
"03/030063A","03-030063A","Hogares unipersonales por edad y sexo"
"03/030064A","03-030064A","Hogares unipersonales por edad (grandes grupos) y estado civil"
"03/030064TC","03-030064TC","Hogares unipersonales por edad (grandes grupos) y estado civil"
"03/030064TP","03-030064TP","Hogares unipersonales por edad (grandes grupos) y estado civil"
"03/030065A","03-030065A","Disponibilidad de segunda residencia"
"03/030065TP","03-030065TP","Disponibilidad de segunda residencia"
"03/030065TC","03-030065TC","Disponibilidad de segunda residencia"
"03/030065TM","03-030065TM","Disponibilidad de segunda residencia"
"03/030066TP","03-030066TP","Ubicación de la segunda residencia por CA"
"03/030066A","03-030066A","Ubicación de la segunda residencia por CA"
"03/030066TC","03-030066TC","Ubicación de la segunda residencia por CA"
"03/030066TM","03-030066TM","Ubicación de la segunda residencia por CA"
"03/030068TM","03-030068TM","Disponibilidad de vehículo"
"03/030068TP","03-030068TP","Disponibilidad de vehículo"
"03/030068A","03-030068A","Disponibilidad de vehículo"
"03/030068TC","03-030068TC","Disponibilidad de vehículo"
"03/030067A","03-030067A","Ubicación de la segunda residencia por municipios"
"03/030067TP","03-030067TP","Ubicación de la segunda residencia por municipios"
"03/030067TC","03-030067TC","Ubicación de la segunda residencia por municipios"
"01/010001TM","01-010001TM","Viviendas según tipología"
"01/010001A","01-010001A","Viviendas según tipología"
"01/010001TP","01-010001TP","Viviendas según tipología"
"01/010001TC","01-010001TC","Viviendas según tipología"
"04/040008A","04-040008A","Características de las viviendas familiares principales Según combustible usado y antigüedad de la vivienda"
"04/040008TP","04-040008TP","Características de las viviendas familiares principales Según combustible usado y antigüedad de la vivienda"
"04/040008TC","04-040008TC","Características de las viviendas familiares principales Según combustible usado y antigüedad de la vivienda"
"01/010002A","01-010002A","Características de las viviendas familiares principales Según el régimen de tenencia"
"01/010002TP","01-010002TP","Características de las viviendas familiares principales Según el régimen de tenencia"
"01/010002TC","01-010002TC","Características de las viviendas familiares principales Según el régimen de tenencia"
"01/010002TM","01-010002TM","Características de las viviendas familiares principales Según el régimen de tenencia"
"01/010003A","01-010003A","Características de las viviendas familiares principales Según superficie útil"
"01/010003TP","01-010003TP","Características de las viviendas familiares principales Según superficie útil"
"01/010003TC","01-010003TC","Características de las viviendas familiares principales Según superficie útil"
"01/010003TM","01-010003TM","Características de las viviendas familiares principales Según superficie útil"
"01/010004A","01-010004A","Características de las viviendas familiares principales Según número de habitaciones"
"01/010004TP","01-010004TP","Características de las viviendas familiares principales Según número de habitaciones"
"01/010004TC","01-010004TC","Características de las viviendas familiares principales Según número de habitaciones"
"01/010004TM","01-010004TM","Características de las viviendas familiares principales Según número de habitaciones"
"01/010005A","01-010005A","Características de las viviendas familiares principales Según año de construcción del edificio"
"01/010005TP","01-010005TP","Características de las viviendas familiares principales Según año de construcción del edificio"
"01/010005TC","01-010005TC","Características de las viviendas familiares principales Según año de construcción del edificio"
"01/010005TM","01-010005TM","Características de las viviendas familiares principales Según año de construcción del edificio"
"01/010006A","01-010006A","Características de las viviendas familiares principales Según calefacción y tipos de combustible"
"01/010006TP","01-010006TP","Características de las viviendas familiares principales Según calefacción y tipos de combustible"
"01/010006TC","01-010006TC","Características de las viviendas familiares principales Según calefacción y tipos de combustible"
"01/010006TM","01-010006TM","Características de las viviendas familiares principales Según calefacción y tipos de combustible"
"01/010007A","01-010007A","Características de las viviendas familiares principales Según refrigeración"
"01/010007TP","01-010007TP","Características de las viviendas familiares principales Según refrigeración"
"01/010007TC","01-010007TC","Características de las viviendas familiares principales Según refrigeración"
"01/010007TM","01-010007TM","Características de las viviendas familiares principales Según refrigeración"
"01/010008A","01-010008A","Características de las viviendas familiares principales Según problemas de la zona"
"01/010009A","01-010009A","Edificios según destino"
"01/010009TP","01-010009TP","Edificios según destino"
"01/010009TC","01-010009TC","Edificios según destino"
"01/010009TM","01-010009TM","Edificios según destino"
"01/010010A","01-010010A","Edificios según número de viviendas"
"01/010010TP","01-010010TP","Edificios según número de viviendas"
"01/010010TC","01-010010TC","Edificios según número de viviendas"
"01/010010TM","01-010010TM","Edificios según número de viviendas"
"01/010011A","01-010011A","Edificios acabados destinados principalmente a viviendas Según el número plantas en el edificio"
"01/010011TP","01-010011TP","Edificios acabados destinados principalmente a viviendas Según el número plantas en el edificio"
"01/010011TC","01-010011TC","Edificios acabados destinados principalmente a viviendas Según el número plantas en el edificio"
"01/010011TM","01-010011TM","Edificios acabados destinados principalmente a viviendas Según el número plantas en el edificio"
"01/010012A","01-010012A","Edificios acabados destinados principalmente a viviendas Según año de construcción"
"01/010012TP","01-010012TP","Edificios acabados destinados principalmente a viviendas Según año de construcción"
"01/010012TC","01-010012TC","Edificios acabados destinados principalmente a viviendas Según año de construcción"
"01/010012TM","01-010012TM","Edificios acabados destinados principalmente a viviendas Según año de construcción"
"01/010013A","01-010013A","Edificios acabados destinados principalmente a viviendas Según clase de propietario"
"01/010013TP","01-010013TP","Edificios acabados destinados principalmente a viviendas Según clase de propietario"
"01/010013TC","01-010013TC","Edificios acabados destinados principalmente a viviendas Según clase de propietario"
"01/010013TM","01-010013TM","Edificios acabados destinados principalmente a viviendas Según clase de propietario"
"01/010014A","01-010014A","Edificios acabados destinados principalmente a viviendas Según estado de conservación"
"01/010014TP","01-010014TP","Edificios acabados destinados principalmente a viviendas Según estado de conservación"
"01/010014TC","01-010014TC","Edificios acabados destinados principalmente a viviendas Según estado de conservación"
"01/010014TM","01-010014TM","Edificios acabados destinados principalmente a viviendas Según estado de conservación"
"01/010015A","01-010015A","Edificios acabados destinados principalmente a viviendas Según instalaciones y servicios"
"01/010016A","01-010016A","Edificios acabados destinados principalmente a viviendas Según número de plazas de garaje"
"01/010016TP","01-010016TP","Edificios acabados destinados principalmente a viviendas Según número de plazas de garaje"
"01/010016TC","01-010016TC","Edificios acabados destinados principalmente a viviendas Según número de plazas de garaje"
"01/010016TM","01-010016TM","Edificios acabados destinados principalmente a viviendas Según número de plazas de garaje"
"01/010017A","01-010017A","Edificios acabados destinados principalmente a viviendas Según número de viviendas"
"01/010017TP","01-010017TP","Edificios acabados destinados principalmente a viviendas Según número de viviendas"
"01/010017TC","01-010017TC","Edificios acabados destinados principalmente a viviendas Según número de viviendas"
"01/010017TM","01-010017TM","Edificios acabados destinados principalmente a viviendas Según número de viviendas"
"01/010018A","01-010018A","Locales según actividad y tipología"
"01/010018TP","01-010018TP","Locales según actividad y tipología"
"01/010018TC","01-010018TC","Locales según actividad y tipología"
"01/010018TM","01-010018TM","Locales según actividad y tipología"
"03/030001TM","03-030001TM","Cifras oficiales de población anuales desde 1996"
"03/030001A","03-030001A","Cifras oficiales de población anuales desde 1996"
"03/030001TP","03-030001TP","Cifras oficiales de población anuales desde 1996"
"03/030001TC","03-030001TC","Cifras oficiales de población anuales desde 1996"
"03/030002TM","03-030002TM","Evolución histórica de la población, serie 1900-2011"
"03/030002A","03-030002A","Evolución histórica de la población, serie 1900-2011"
"03/030002TP","03-030002TP","Evolución histórica de la población, serie 1900-2011"
"03/030002TC","03-030002TC","Evolución histórica de la población, serie 1900-2011"
"02/020001TP","02-020001TP","Superficie, densidad de población, serie desde 1996"
"02/020001TM","02-020001TM","Superficie, densidad de población, serie desde 1996"
"02/020001TC","02-020001TC","Superficie, densidad de población, serie desde 1996"
"02/020002TP","02-020002TP","Superficie, densidad de población, serie 1900-2011"
"02/020002TC","02-020002TC","Superficie, densidad de población, serie 1900-2011"
"02/020002TM","02-020002TM","Superficie, densidad de población, serie 1900-2011"
"05/050201TM","05-050201TM","Paro registrado Sexo"
"05/050201TC","05-050201TC","Paro registrado Sexo"
"05/050201TP","05-050201TP","Paro registrado Sexo"
"05/050201A","05-050201A","Paro registrado Sexo"
"05/050202TM","05-050202TM","Paro registrado Grupos de edad y sexo"
"05/050202TC","05-050202TC","Paro registrado Grupos de edad y sexo"
"05/050202TP","05-050202TP","Paro registrado Grupos de edad y sexo"
"05/050202A","05-050202A","Paro registrado Grupos de edad y sexo"
"05/050203TM","05-050203TM","Paro registrado Sector de actividad y sexo"
"05/050203TC","05-050203TC","Paro registrado Sector de actividad y sexo"
"05/050203TP","05-050203TP","Paro registrado Sector de actividad y sexo"
"05/050203A","05-050203A","Paro registrado Sector de actividad y sexo"
"05/050204TC","05-050204TC","Paro registrado Duración de la demanda y sexo"
"05/050204TP","05-050204TP","Paro registrado Duración de la demanda y sexo"
"05/050204A","05-050204A","Paro registrado Duración de la demanda y sexo"
"05/050204TM","05-050204TM","Paro registrado Duración de la demanda y sexo"
"05/050205TM","05-050205TM","Paro registrado Nivel formativo y sexo"
"05/050205TC","05-050205TC","Paro registrado Nivel formativo y sexo"
"05/050205TP","05-050205TP","Paro registrado Nivel formativo y sexo"
"05/050205A","05-050205A","Paro registrado Nivel formativo y sexo"
"05/050206TM","05-050206TM","Paro registrado Nacionalidad y sexo"
"05/050206TC","05-050206TC","Paro registrado Nacionalidad y sexo"
"05/050206TP","05-050206TP","Paro registrado Nacionalidad y sexo"
"05/050206A","05-050206A","Paro registrado Nacionalidad y sexo"
"05/050207TC","05-050207TC","Paro registrado Nacionalidad, sector de actividad y sexo"
"05/050207TP","05-050207TP","Paro registrado Nacionalidad, sector de actividad y sexo"
"05/050207A","05-050207A","Paro registrado Nacionalidad, sector de actividad y sexo"
"05/050001A","05-050001A","Afiliaciones en alta a la Seguridad Social. Todos los regímenes Según régimen de cotización y sexo"
"05/050001TP","05-050001TP","Afiliaciones en alta a la Seguridad Social. Todos los regímenes Según régimen de cotización y sexo"
"05/050001TC","05-050001TC","Afiliaciones en alta a la Seguridad Social. Todos los regímenes Según régimen de cotización y sexo"
"05/050001TM","05-050001TM","Afiliaciones en alta a la Seguridad Social. Todos los regímenes Según régimen de cotización y sexo"
"05/050002TP","05-050002TP","Afiliaciones en alta a la Seguridad Social. Todos los regímenes Según grupos de edad y sexo"
"05/050002TC","05-050002TC","Afiliaciones en alta a la Seguridad Social. Todos los regímenes Según grupos de edad y sexo"
"05/050002A","05-050002A","Afiliaciones en alta a la Seguridad Social. Todos los regímenes Según grupos de edad y sexo"
"05/050002TM","05-050002TM","Afiliaciones en alta a la Seguridad Social. Todos los regímenes Según grupos de edad y sexo"
"05/050003TP","05-050003TP","Afiliaciones en alta a la Seguridad Social. Todos los regímenes Según nacionalidad y sexo"
"05/050003TC","05-050003TC","Afiliaciones en alta a la Seguridad Social. Todos los regímenes Según nacionalidad y sexo"
"05/050003A","05-050003A","Afiliaciones en alta a la Seguridad Social. Todos los regímenes Según nacionalidad y sexo"
"05/050003TM","05-050003TM","Afiliaciones en alta a la Seguridad Social. Todos los regímenes Según nacionalidad y sexo"
"05/050004TC","05-050004TC","Afiliaciones en alta a la Seguridad Social. Todos los regímenes Según sector de actividad y sexo"
"05/050004A","05-050004A","Afiliaciones en alta a la Seguridad Social. Todos los regímenes Según sector de actividad y sexo"
"05/050004TP","05-050004TP","Afiliaciones en alta a la Seguridad Social. Todos los regímenes Según sector de actividad y sexo"
"05/050004TM","05-050004TM","Afiliaciones en alta a la Seguridad Social. Todos los regímenes Según sector de actividad y sexo"
"05/050005A","05-050005A","Afiliaciones en alta a la Seguridad Social. Todos los regímenes Según división de actividad"
"05/050005TP","05-050005TP","Afiliaciones en alta a la Seguridad Social. Todos los regímenes Según división de actividad"
"05/050005TC","05-050005TC","Afiliaciones en alta a la Seguridad Social. Todos los regímenes Según división de actividad"
"05/050005TM","05-050005TM","Afiliaciones en alta a la Seguridad Social. Todos los regímenes Según división de actividad"
"05/050104A","05-050104A","Total cuentas de cotización"
"05/050104TP","05-050104TP","Total cuentas de cotización"
"05/050104TC","05-050104TC","Total cuentas de cotización"
"05/050104TM","05-050104TM","Total cuentas de cotización"
"05/050105A","05-050105A","Cuentas de cotización por sector de actividad"
"05/050105TP","05-050105TP","Cuentas de cotización por sector de actividad"
"05/050105TC","05-050105TC","Cuentas de cotización por sector de actividad"
"05/050101A","05-050101A","Total empresas con empleados"
"05/050101TP","05-050101TP","Total empresas con empleados"
"05/050102A","05-050102A","Empresas con empleados por sector de actividad"
"05/050102TP","05-050102TP","Empresas con empleados por sector de actividad"
"05/050103A","05-050103A","Empresas con empleados por tamaño"
"05/050103TP","05-050103TP","Empresas con empleados por tamaño"
"05/050006TM","05-050006TM","Afiliaciones en alta. Trabajadores por cuenta propia Según grupos de edad y sexo"
"05/050006TP","05-050006TP","Afiliaciones en alta. Trabajadores por cuenta propia Según grupos de edad y sexo"
"05/050006A","05-050006A","Afiliaciones en alta. Trabajadores por cuenta propia Según grupos de edad y sexo"
"05/050006TC","05-050006TC","Afiliaciones en alta. Trabajadores por cuenta propia Según grupos de edad y sexo"
"05/050007TP","05-050007TP","Afiliaciones en alta. Trabajadores por cuenta propia Según sector de actividad y sexo"
"05/050007A","05-050007A","Afiliaciones en alta. Trabajadores por cuenta propia Según sector de actividad y sexo"
"05/050007TC","05-050007TC","Afiliaciones en alta. Trabajadores por cuenta propia Según sector de actividad y sexo"
"05/050007TM","05-050007TM","Afiliaciones en alta. Trabajadores por cuenta propia Según sector de actividad y sexo"
"05/050009TM","05-050009TM","Afiliaciones en alta. Trabajadores por cuenta ajena Según temporalidad y sexo"
"05/050009A","05-050009A","Afiliaciones en alta. Trabajadores por cuenta ajena Según temporalidad y sexo"
"05/050009TC","05-050009TC","Afiliaciones en alta. Trabajadores por cuenta ajena Según temporalidad y sexo"
"05/050009TP","05-050009TP","Afiliaciones en alta. Trabajadores por cuenta ajena Según temporalidad y sexo"
"05/050301A","05-050301A","Contratos registrados  Sexo"
"05/050301TP","05-050301TP","Contratos registrados  Sexo"
"05/050301TC","05-050301TC","Contratos registrados  Sexo"
"05/050301TM","05-050301TM","Contratos registrados  Sexo"
"05/050302TM","05-050302TM","Contratos registrados  Grupos de edad y sexo"
"05/050302A","05-050302A","Contratos registrados  Grupos de edad y sexo"
"05/050302TP","05-050302TP","Contratos registrados  Grupos de edad y sexo"
"05/050302TC","05-050302TC","Contratos registrados  Grupos de edad y sexo"
"05/050303TP","05-050303TP","Contratos registrados  Nivel formativo y sexo"
"05/050303TC","05-050303TC","Contratos registrados  Nivel formativo y sexo"
"05/050303A","05-050303A","Contratos registrados  Nivel formativo y sexo"
"05/050304A","05-050304A","Contratos registrados  Nacionalidad y sexo"
"05/050304TP","05-050304TP","Contratos registrados  Nacionalidad y sexo"
"05/050304TC","05-050304TC","Contratos registrados  Nacionalidad y sexo"
"05/050304TM","05-050304TM","Contratos registrados  Nacionalidad y sexo"
"05/050305A","05-050305A","Características profesionales Sector de actividad y sexo"
"05/050305TP","05-050305TP","Características profesionales Sector de actividad y sexo"
"05/050305TC","05-050305TC","Características profesionales Sector de actividad y sexo"
"05/050305TM","05-050305TM","Características profesionales Sector de actividad y sexo"
"05/050306A","05-050306A","Características profesionales Sección de actividad y sexo"
"05/050306TP","05-050306TP","Características profesionales Sección de actividad y sexo"
"05/050306TC","05-050306TC","Características profesionales Sección de actividad y sexo"
"05/050307A","05-050307A","Características profesionales Grandes grupos de ocupación y sexo"
"05/050307TP","05-050307TP","Características profesionales Grandes grupos de ocupación y sexo"
"05/050307TC","05-050307TC","Características profesionales Grandes grupos de ocupación y sexo"
"05/050308TP","05-050308TP","Características profesionales Tamaño de la cuenta de cotización y sexo"
"05/050308TC","05-050308TC","Características profesionales Tamaño de la cuenta de cotización y sexo"
"05/050308A","05-050308A","Características profesionales Tamaño de la cuenta de cotización y sexo"
"05/050309A","05-050309A","Contratos registrados  Temporalidad y sexo"
"05/050309TP","05-050309TP","Contratos registrados  Temporalidad y sexo"
"05/050309TC","05-050309TC","Contratos registrados  Temporalidad y sexo"
"05/050309TM","05-050309TM","Contratos registrados  Temporalidad y sexo"
"05/050310A","05-050310A","Contratos registrados  Modalidad y sexo"
"05/050310TP","05-050310TP","Contratos registrados  Modalidad y sexo"
"05/050310TC","05-050310TC","Contratos registrados  Modalidad y sexo"
"05/050311A","05-050311A","Contratos registrados  Tipo de jornada y sexo"
"05/050311TP","05-050311TP","Contratos registrados  Tipo de jornada y sexo"
"05/050311TC","05-050311TC","Contratos registrados  Tipo de jornada y sexo"
"05/050312TC","05-050312TC","Contratos registrados  Temporalidad, bonificación y sexo"
"05/050312A","05-050312A","Contratos registrados  Temporalidad, bonificación y sexo"
"05/050312TP","05-050312TP","Contratos registrados  Temporalidad, bonificación y sexo"
"05/050313A","05-050313A","Contratos registrados  Bonificados, según sector de actividad y sexo"
"05/050313TP","05-050313TP","Contratos registrados  Bonificados, según sector de actividad y sexo"
"05/050313TC","05-050313TC","Contratos registrados  Bonificados, según sector de actividad y sexo"
"05/050314A","05-050314A","Duración media de los contratos temporales registrados Sexo"
"05/050314TP","05-050314TP","Duración media de los contratos temporales registrados Sexo"
"05/050314TC","05-050314TC","Duración media de los contratos temporales registrados Sexo"
"05/050315A","05-050315A","Duración media de los contratos temporales registrados Modalidad y sexo"
"05/050315TP","05-050315TP","Duración media de los contratos temporales registrados Modalidad y sexo"
"05/050315TC","05-050315TC","Duración media de los contratos temporales registrados Modalidad y sexo"
"05/050316A","05-050316A","Duración media de los contratos temporales registrados Sector de actividad y sexo"
"05/050316TP","05-050316TP","Duración media de los contratos temporales registrados Sector de actividad y sexo"
"05/050316TC","05-050316TC","Duración media de los contratos temporales registrados Sector de actividad y sexo"
"05/050317A","05-050317A","Duración media de los contratos temporales registrados Forma de tramitación y sexo"
"05/050317TP","05-050317TP","Duración media de los contratos temporales registrados Forma de tramitación y sexo"
"05/050317TC","05-050317TC","Duración media de los contratos temporales registrados Forma de tramitación y sexo"
"05/0709/070901A","05-0709-070901A","Accidentes y Enfermedades profesionales Total accidentes por grado de lesión y sexo"
"05/0709/070901TP","05-0709-070901TP","Accidentes y Enfermedades profesionales Total accidentes por grado de lesión y sexo"
"05/0709/070901TC","05-0709-070901TC","Accidentes y Enfermedades profesionales Total accidentes por grado de lesión y sexo"
"05/0709/070901TM","05-0709-070901TM","Accidentes y Enfermedades profesionales Total accidentes por grado de lesión y sexo"
"05/0709/070902A","05-0709-070902A","Accidentes en jornada Accidentes según grado de lesión y sexo"
"05/0709/070902TP","05-0709-070902TP","Accidentes en jornada Accidentes según grado de lesión y sexo"
"05/0709/070902TC","05-0709-070902TC","Accidentes en jornada Accidentes según grado de lesión y sexo"
"05/0709/070902TM","05-0709-070902TM","Accidentes en jornada Accidentes según grado de lesión y sexo"
"05/0709/070910A","05-0709-070910A","Accidentes en jornada Accidentes según grado de lesión y régimen de Seguridad Social"
"05/0709/070910TP","05-0709-070910TP","Accidentes en jornada Accidentes según grado de lesión y régimen de Seguridad Social"
"05/0709/070910TC","05-0709-070910TC","Accidentes en jornada Accidentes según grado de lesión y régimen de Seguridad Social"
"05/0709/070910TM","05-0709-070910TM","Accidentes en jornada Accidentes según grado de lesión y régimen de Seguridad Social"
"05/0709/070903A","05-0709-070903A","Accidentes en jornada Accidentes según grupo de edad y sexo"
"05/0709/070903TP","05-0709-070903TP","Accidentes en jornada Accidentes según grupo de edad y sexo"
"05/0709/070903TC","05-0709-070903TC","Accidentes en jornada Accidentes según grupo de edad y sexo"
"05/0709/070903TM","05-0709-070903TM","Accidentes en jornada Accidentes según grupo de edad y sexo"
"05/0709/070904A","05-0709-070904A","Accidentes en jornada Accidentes según sector de actividad y tipo de contrato"
"05/0709/070904TP","05-0709-070904TP","Accidentes en jornada Accidentes según sector de actividad y tipo de contrato"
"05/0709/070904TC","05-0709-070904TC","Accidentes en jornada Accidentes según sector de actividad y tipo de contrato"
"05/0709/070904TM","05-0709-070904TM","Accidentes en jornada Accidentes según sector de actividad y tipo de contrato"
"05/0709/070905BA","05-0709-070905BA","Accidentes en jornada Ranking de actividades más accidentadas entre los hombres. Hasta 2008"
"05/0709/070905BTP","05-0709-070905BTP","Accidentes en jornada Ranking de actividades más accidentadas entre los hombres. Hasta 2008"
"05/0709/070905BTC","05-0709-070905BTC","Accidentes en jornada Ranking de actividades más accidentadas entre los hombres. Hasta 2008"
"05/0709/070921BA","05-0709-070921BA","Accidentes en jornada Ranking de actividades más accidentadas entre las mujeres. Hasta 2008"
"05/0709/070921BTP","05-0709-070921BTP","Accidentes en jornada Ranking de actividades más accidentadas entre las mujeres. Hasta 2008"
"05/0709/070921BTC","05-0709-070921BTC","Accidentes en jornada Ranking de actividades más accidentadas entre las mujeres. Hasta 2008"
"05/0709/070906BA","05-0709-070906BA","Accidentes en jornada Accidentes según grupo de ocupación y sexo. Hasta 2010"
"05/0709/070906BTP","05-0709-070906BTP","Accidentes en jornada Accidentes según grupo de ocupación y sexo. Hasta 2010"
"05/0709/070906BTC","05-0709-070906BTC","Accidentes en jornada Accidentes según grupo de ocupación y sexo. Hasta 2010"
"05/0709/070906BTM","05-0709-070906BTM","Accidentes en jornada Accidentes según grupo de ocupación y sexo. Hasta 2010"
"05/0709/070905AA","05-0709-070905AA","Accidentes en jornada Ranking de actividades más accidentadas entre los hombres. Desde 2009"
"05/0709/070905ATP","05-0709-070905ATP","Accidentes en jornada Ranking de actividades más accidentadas entre los hombres. Desde 2009"
"05/0709/070905ATC","05-0709-070905ATC","Accidentes en jornada Ranking de actividades más accidentadas entre los hombres. Desde 2009"
"05/0709/070921AA","05-0709-070921AA","Accidentes en jornada Ranking de actividades más accidentadas entre las mujeres. Desde 2009"
"05/0709/070921ATP","05-0709-070921ATP","Accidentes en jornada Ranking de actividades más accidentadas entre las mujeres. Desde 2009"
"05/0709/070921ATC","05-0709-070921ATC","Accidentes en jornada Ranking de actividades más accidentadas entre las mujeres. Desde 2009"
"05/0709/070908TP","05-0709-070908TP","Accidentes en jornada Accidentes según antigüedad del trabajador y tipo de contrato"
"05/0709/070908TC","05-0709-070908TC","Accidentes en jornada Accidentes según antigüedad del trabajador y tipo de contrato"
"05/0709/070908TM","05-0709-070908TM","Accidentes en jornada Accidentes según antigüedad del trabajador y tipo de contrato"
"05/0709/070908A","05-0709-070908A","Accidentes en jornada Accidentes según antigüedad del trabajador y tipo de contrato"
"05/0709/070909A","05-0709-070909A","Accidentes en jornada Accidentes según tamaño de la emrpesa y grado de lesión"
"05/0709/070909TP","05-0709-070909TP","Accidentes en jornada Accidentes según tamaño de la emrpesa y grado de lesión"
"05/0709/070909TC","05-0709-070909TC","Accidentes en jornada Accidentes según tamaño de la emrpesa y grado de lesión"
"05/0709/070909TM","05-0709-070909TM","Accidentes en jornada Accidentes según tamaño de la emrpesa y grado de lesión"
"05/0709/070906AA","05-0709-070906AA","Accidentes en jornada Accidentes según grupo de ocupación y sexo. Desde 2011"
"05/0709/070906ATP","05-0709-070906ATP","Accidentes en jornada Accidentes según grupo de ocupación y sexo. Desde 2011"
"05/0709/070906ATC","05-0709-070906ATC","Accidentes en jornada Accidentes según grupo de ocupación y sexo. Desde 2011"
"05/0709/070906ATM","05-0709-070906ATM","Accidentes en jornada Accidentes según grupo de ocupación y sexo. Desde 2011"
"05/0709/070952A","05-0709-070952A","Accidentes in itínere Accidentes según grado de lesión y sexo"
"05/0709/070952TP","05-0709-070952TP","Accidentes in itínere Accidentes según grado de lesión y sexo"
"05/0709/070952TC","05-0709-070952TC","Accidentes in itínere Accidentes según grado de lesión y sexo"
"05/0709/070952TM","05-0709-070952TM","Accidentes in itínere Accidentes según grado de lesión y sexo"
"05/0709/070953A","05-0709-070953A","Accidentes in itínere Accidentes según grado de lesión y régimen de Seguridad Social"
"05/0709/070953TP","05-0709-070953TP","Accidentes in itínere Accidentes según grado de lesión y régimen de Seguridad Social"
"05/0709/070953TC","05-0709-070953TC","Accidentes in itínere Accidentes según grado de lesión y régimen de Seguridad Social"
"05/0709/070954A","05-0709-070954A","Accidentes in itínere Accidentes según sector de actividad y tipo de contrato"
"05/0709/070954TP","05-0709-070954TP","Accidentes in itínere Accidentes según sector de actividad y tipo de contrato"
"05/0709/070954TC","05-0709-070954TC","Accidentes in itínere Accidentes según sector de actividad y tipo de contrato"
"05/0709/070955A","05-0709-070955A","Accidentes in itínere Accidentes según grupo de ocupación y sexo"
"05/0709/070955TP","05-0709-070955TP","Accidentes in itínere Accidentes según grupo de ocupación y sexo"
"05/0709/070955TC","05-0709-070955TC","Accidentes in itínere Accidentes según grupo de ocupación y sexo"
"01/010045A","01-010045A","Explotaciones agrarias Según la tipología del titular y su formación"
"01/010045TP","01-010045TP","Explotaciones agrarias Según la tipología del titular y su formación"
"01/010045TC","01-010045TC","Explotaciones agrarias Según la tipología del titular y su formación"
"01/010045TM","01-010045TM","Explotaciones agrarias Según la tipología del titular y su formación"
"01/010057A","01-010057A","Explotaciones con y sin tierras según uso del suelo"
"01/010057TP","01-010057TP","Explotaciones con y sin tierras según uso del suelo"
"01/010057TC","01-010057TC","Explotaciones con y sin tierras según uso del suelo"
"01/010057TM","01-010057TM","Explotaciones con y sin tierras según uso del suelo"
"01/010058A","01-010058A","Explotaciones agrarias Según tamaño"
"01/010058TP","01-010058TP","Explotaciones agrarias Según tamaño"
"01/010058TC","01-010058TC","Explotaciones agrarias Según tamaño"
"01/010058TM","01-010058TM","Explotaciones agrarias Según tamaño"
"01/010059A","01-010059A","Explotaciones agrarias Según porcentaje en propiedad"
"01/010059TP","01-010059TP","Explotaciones agrarias Según porcentaje en propiedad"
"01/010059TC","01-010059TC","Explotaciones agrarias Según porcentaje en propiedad"
"01/010059TM","01-010059TM","Explotaciones agrarias Según porcentaje en propiedad"
"01/010060A","01-010060A","Explotaciones cuyo titular es persona física, según la gestión"
"01/010060TP","01-010060TP","Explotaciones cuyo titular es persona física, según la gestión"
"01/010060TC","01-010060TC","Explotaciones cuyo titular es persona física, según la gestión"
"01/010060TM","01-010060TM","Explotaciones cuyo titular es persona física, según la gestión"
"01/010061TP","01-010061TP","Explotaciones agrarias Según tamaño de la SAU (Superficie Agrícola Utilizada)"
"01/010061A","01-010061A","Explotaciones agrarias Según tamaño de la SAU (Superficie Agrícola Utilizada)"
"01/010061TC","01-010061TC","Explotaciones agrarias Según tamaño de la SAU (Superficie Agrícola Utilizada)"
"01/010061TM","01-010061TM","Explotaciones agrarias Según tamaño de la SAU (Superficie Agrícola Utilizada)"
"01/010062A","01-010062A","Explotaciones agrarias Según porcentaje de la SAU en propiedad del titular"
"01/010062TP","01-010062TP","Explotaciones agrarias Según porcentaje de la SAU en propiedad del titular"
"01/010062TC","01-010062TC","Explotaciones agrarias Según porcentaje de la SAU en propiedad del titular"
"01/010062TM","01-010062TM","Explotaciones agrarias Según porcentaje de la SAU en propiedad del titular"
"01/010049A","01-010049A","Superficie de las explotaciones agrarias Según uso del suelo y régimen de tenencia"
"01/010049TP","01-010049TP","Superficie de las explotaciones agrarias Según uso del suelo y régimen de tenencia"
"01/010049TM","01-010049TM","Superficie de las explotaciones agrarias Según uso del suelo y régimen de tenencia"
"01/010049TC","01-010049TC","Superficie de las explotaciones agrarias Según uso del suelo y régimen de tenencia"
"01/010050A","01-010050A","Superficie Agrícola Utilizada (SAU)"
"01/010050TP","01-010050TP","Superficie Agrícola Utilizada (SAU)"
"01/010050TC","01-010050TC","Superficie Agrícola Utilizada (SAU)"
"01/010050TM","01-010050TM","Superficie Agrícola Utilizada (SAU)"
"01/010051A","01-010051A","Tierras labradas y parcelas"
"01/010051TP","01-010051TP","Tierras labradas y parcelas"
"01/010051TC","01-010051TC","Tierras labradas y parcelas"
"01/010051TM","01-010051TM","Tierras labradas y parcelas"
"01/010046A","01-010046A","La ganadería en el Censo Agrario"
"01/010046TP","01-010046TP","La ganadería en el Censo Agrario"
"01/010046TC","01-010046TC","La ganadería en el Censo Agrario"
"01/010046TM","01-010046TM","La ganadería en el Censo Agrario"
"01/010047A","01-010047A","La maquinaria en el Censo Agrario"
"01/010047TP","01-010047TP","La maquinaria en el Censo Agrario"
"01/010047TC","01-010047TC","La maquinaria en el Censo Agrario"
"01/010047TM","01-010047TM","La maquinaria en el Censo Agrario"
"01/010052A","01-010052A","Unidades de Trabajo-Año (UTA)"
"01/010052TP","01-010052TP","Unidades de Trabajo-Año (UTA)"
"01/010052TC","01-010052TC","Unidades de Trabajo-Año (UTA)"
"01/010052TM","01-010052TM","Unidades de Trabajo-Año (UTA)"
"01/010053A","01-010053A","Mano de obra familiar por rangos de edad y sexo"
"01/010053TP","01-010053TP","Mano de obra familiar por rangos de edad y sexo"
"01/010053TC","01-010053TC","Mano de obra familiar por rangos de edad y sexo"
"01/010053TM","01-010053TM","Mano de obra familiar por rangos de edad y sexo"
"01/010054A","01-010054A","Mano de obra familiar: titulares, cónyuges y otros familiares por rangos de edad"
"01/010054TP","01-010054TP","Mano de obra familiar: titulares, cónyuges y otros familiares por rangos de edad"
"01/010054TC","01-010054TC","Mano de obra familiar: titulares, cónyuges y otros familiares por rangos de edad"
"01/010054TM","01-010054TM","Mano de obra familiar: titulares, cónyuges y otros familiares por rangos de edad"
"01/010055A","01-010055A","Mano de obra familiar: titulares, cónyuges y otros familiares por dedicación"
"01/010055TP","01-010055TP","Mano de obra familiar: titulares, cónyuges y otros familiares por dedicación"
"01/010055TC","01-010055TC","Mano de obra familiar: titulares, cónyuges y otros familiares por dedicación"
"01/010055TM","01-010055TM","Mano de obra familiar: titulares, cónyuges y otros familiares por dedicación"
"01/010056TP","01-010056TP","Mano de obra familiar remunerada, jefes de explotación, jornadas y asalariados"
"01/010056TC","01-010056TC","Mano de obra familiar remunerada, jefes de explotación, jornadas y asalariados"
"01/010056A","01-010056A","Mano de obra familiar remunerada, jefes de explotación, jornadas y asalariados"
"01/010056TM","01-010056TM","Mano de obra familiar remunerada, jefes de explotación, jornadas y asalariados"
"01/010048A","01-010048A","La superficie regada en el Censo Agrario"
"01/010048TP","01-010048TP","La superficie regada en el Censo Agrario"
"01/010048TC","01-010048TC","La superficie regada en el Censo Agrario"
"01/010048TM","01-010048TM","La superficie regada en el Censo Agrario"
"01/080101/010078A","01-080101-010078A","Nº explotaciones agrarias, superficie total, SAU y tierras labradas. Censo 2009"
"01/080101/010078TP","01-080101-010078TP","Nº explotaciones agrarias, superficie total, SAU y tierras labradas. Censo 2009"
"01/080101/010078TM","01-080101-010078TM","Nº explotaciones agrarias, superficie total, SAU y tierras labradas. Censo 2009"
"01/080101/010078TC","01-080101-010078TC","Nº explotaciones agrarias, superficie total, SAU y tierras labradas. Censo 2009"
"01/080101/010079A","01-080101-010079A","Nº explotaciones agrarias según grandes usos del suelo. Censo 2009"
"01/080101/010079TP","01-080101-010079TP","Nº explotaciones agrarias según grandes usos del suelo. Censo 2009"
"01/080101/010079TC","01-080101-010079TC","Nº explotaciones agrarias según grandes usos del suelo. Censo 2009"
"01/080101/010079TM","01-080101-010079TM","Nº explotaciones agrarias según grandes usos del suelo. Censo 2009"
"01/080101/010080A","01-080101-010080A","Nº explotaciones agrarias según tamaño. Censo 2009"
"01/080101/010080TP","01-080101-010080TP","Nº explotaciones agrarias según tamaño. Censo 2009"
"01/080101/010080TC","01-080101-010080TC","Nº explotaciones agrarias según tamaño. Censo 2009"
"01/080101/010080TM","01-080101-010080TM","Nº explotaciones agrarias según tamaño. Censo 2009"
"01/080101/010081A","01-080101-010081A","Nº explotaciones agrarias según tamaño de la SAU. Censo 2009"
"01/080101/010081TP","01-080101-010081TP","Nº explotaciones agrarias según tamaño de la SAU. Censo 2009"
"01/080101/010081TC","01-080101-010081TC","Nº explotaciones agrarias según tamaño de la SAU. Censo 2009"
"01/080101/010081TM","01-080101-010081TM","Nº explotaciones agrarias según tamaño de la SAU. Censo 2009"
"01/080101/010082A","01-080101-010082A","Nº explotaciones según porcentaje de la SAU en propiedad del titular. Censo 2009"
"01/080101/010082TP","01-080101-010082TP","Nº explotaciones según porcentaje de la SAU en propiedad del titular. Censo 2009"
"01/080101/010082TC","01-080101-010082TC","Nº explotaciones según porcentaje de la SAU en propiedad del titular. Censo 2009"
"01/080101/010082TM","01-080101-010082TM","Nº explotaciones según porcentaje de la SAU en propiedad del titular. Censo 2009"
"01/080101/010083A","01-080101-010083A","Nº explotaciones según régimen de tenencia de la SAU. Censo agrario"
"01/080101/010083TP","01-080101-010083TP","Nº explotaciones según régimen de tenencia de la SAU. Censo agrario"
"01/080101/010083TC","01-080101-010083TC","Nº explotaciones según régimen de tenencia de la SAU. Censo agrario"
"01/080101/010083TM","01-080101-010083TM","Nº explotaciones según régimen de tenencia de la SAU. Censo agrario"
"01/080101/010084TM","01-080101-010084TM","Nº explotaciones agrarias según personalidad jurídica del titular. Censo 2009"
"01/080101/010084A","01-080101-010084A","Nº explotaciones agrarias según personalidad jurídica del titular. Censo 2009"
"01/080101/010084TP","01-080101-010084TP","Nº explotaciones agrarias según personalidad jurídica del titular. Censo 2009"
"01/080101/010084TC","01-080101-010084TC","Nº explotaciones agrarias según personalidad jurídica del titular. Censo 2009"
"01/080101/010085A","01-080101-010085A","Nº explotaciones agrarias según el tipo de gestión"
"01/080101/010085TP","01-080101-010085TP","Nº explotaciones agrarias según el tipo de gestión"
"01/080101/010085TC","01-080101-010085TC","Nº explotaciones agrarias según el tipo de gestión"
"01/080101/010085TM","01-080101-010085TM","Nº explotaciones agrarias según el tipo de gestión"
"01/080101/010086A","01-080101-010086A","Nº explotaciones según la formación agraria del jefe de la explotación. Censo 2009"
"01/080101/010086TP","01-080101-010086TP","Nº explotaciones según la formación agraria del jefe de la explotación. Censo 2009"
"01/080101/010086TC","01-080101-010086TC","Nº explotaciones según la formación agraria del jefe de la explotación. Censo 2009"
"01/080101/010086TM","01-080101-010086TM","Nº explotaciones según la formación agraria del jefe de la explotación. Censo 2009"
"01/080101/010087A","01-080101-010087A","Nº explotaciones agrarias según cursos realizados por el jefe de la explotación. Censo 2009"
"01/080101/010087TP","01-080101-010087TP","Nº explotaciones agrarias según cursos realizados por el jefe de la explotación. Censo 2009"
"01/080101/010087TC","01-080101-010087TC","Nº explotaciones agrarias según cursos realizados por el jefe de la explotación. Censo 2009"
"01/080101/010087TM","01-080101-010087TM","Nº explotaciones agrarias según cursos realizados por el jefe de la explotación. Censo 2009"
"01/080101/010111A","01-080101-010111A","Superficie de tierras labradas, cultivos y pastizales permanentes"
"01/080101/010111TP","01-080101-010111TP","Superficie de tierras labradas, cultivos y pastizales permanentes"
"01/080101/010111TC","01-080101-010111TC","Superficie de tierras labradas, cultivos y pastizales permanentes"
"01/080101/010111TM","01-080101-010111TM","Superficie de tierras labradas, cultivos y pastizales permanentes"
"01/080101/010112TP","01-080101-010112TP","Superficie de las explotaciones agrarias Porcentaje de SAU sobre la superficie total del municipio. Censo 2009"
"01/080101/010112TC","01-080101-010112TC","Superficie de las explotaciones agrarias Porcentaje de SAU sobre la superficie total del municipio. Censo 2009"
"01/080101/010112TM","01-080101-010112TM","Superficie de las explotaciones agrarias Porcentaje de SAU sobre la superficie total del municipio. Censo 2009"
"01/080101/010112A","01-080101-010112A","Superficie de las explotaciones agrarias Porcentaje de SAU sobre la superficie total del municipio. Censo 2009"
"01/080101/010093A","01-080101-010093A","Ganadería. Censo 2009"
"01/080101/010093TP","01-080101-010093TP","Ganadería. Censo 2009"
"01/080101/010093TC","01-080101-010093TC","Ganadería. Censo 2009"
"01/080101/010093TM","01-080101-010093TM","Ganadería. Censo 2009"
"01/080101/010114A","01-080101-010114A","Nº explotaciones que tienen ganado, por tipo de ganado. Censo 2009"
"01/080101/010114TP","01-080101-010114TP","Nº explotaciones que tienen ganado, por tipo de ganado. Censo 2009"
"01/080101/010114TC","01-080101-010114TC","Nº explotaciones que tienen ganado, por tipo de ganado. Censo 2009"
"01/080101/010114TM","01-080101-010114TM","Nº explotaciones que tienen ganado, por tipo de ganado. Censo 2009"
"01/080101/010090A","01-080101-010090A","Nº explotaciones agrarias y Unidades Ganaderas totales en las explotaciones. Censo 2009"
"01/080101/010090TP","01-080101-010090TP","Nº explotaciones agrarias y Unidades Ganaderas totales en las explotaciones. Censo 2009"
"01/080101/010090TC","01-080101-010090TC","Nº explotaciones agrarias y Unidades Ganaderas totales en las explotaciones. Censo 2009"
"01/080101/010090TM","01-080101-010090TM","Nº explotaciones agrarias y Unidades Ganaderas totales en las explotaciones. Censo 2009"
"01/080101/010113A","01-080101-010113A","Jefes de explotación según sexo y edad. Censo 2009"
"01/080101/010113TP","01-080101-010113TP","Jefes de explotación según sexo y edad. Censo 2009"
"01/080101/010113TC","01-080101-010113TC","Jefes de explotación según sexo y edad. Censo 2009"
"01/080101/010113TM","01-080101-010113TM","Jefes de explotación según sexo y edad. Censo 2009"
"01/080101/010110A","01-080101-010110A","Jefes de explotación por sexo. Censo 2009"
"01/080101/010110TP","01-080101-010110TP","Jefes de explotación por sexo. Censo 2009"
"01/080101/010110TC","01-080101-010110TC","Jefes de explotación por sexo. Censo 2009"
"01/080101/010110TM","01-080101-010110TM","Jefes de explotación por sexo. Censo 2009"
"01/080101/010089A","01-080101-010089A","Unidades de trabajo Año (UTA) en la explotación. Censo 2009"
"01/080101/010089TP","01-080101-010089TP","Unidades de trabajo Año (UTA) en la explotación. Censo 2009"
"01/080101/010089TC","01-080101-010089TC","Unidades de trabajo Año (UTA) en la explotación. Censo 2009"
"01/080101/010089TM","01-080101-010089TM","Unidades de trabajo Año (UTA) en la explotación. Censo 2009"
"01/080101/010091A","01-080101-010091A","Nº explotaciones agrarias y Producción Estándar Total de las explotaciones. Censo 2009"
"01/080101/010091TP","01-080101-010091TP","Nº explotaciones agrarias y Producción Estándar Total de las explotaciones. Censo 2009"
"01/080101/010091TC","01-080101-010091TC","Nº explotaciones agrarias y Producción Estándar Total de las explotaciones. Censo 2009"
"01/080101/010091TM","01-080101-010091TM","Nº explotaciones agrarias y Producción Estándar Total de las explotaciones. Censo 2009"
"04/040018A","04-040018A","Agricultura ecológica"
"04/040018TP","04-040018TP","Agricultura ecológica"
"04/040018TC","04-040018TC","Agricultura ecológica"
"04/040018TM","04-040018TM","Agricultura ecológica"
"04/040001TM","04-040001TM","Clasificación zonas de montaña y/o desfavorecidas"
"01/010028A","01-010028A","Número de visados y número de viviendas"
"01/010028TP","01-010028TP","Número de visados y número de viviendas"
"01/010028TM","01-010028TM","Número de visados y número de viviendas"
"01/010026A","01-010026A","Licencias municipales de obra según tipo"
"01/010026TP","01-010026TP","Licencias municipales de obra según tipo"
"01/010026TC","01-010026TC","Licencias municipales de obra según tipo"
"01/010026TM","01-010026TM","Licencias municipales de obra según tipo"
"01/010027A","01-010027A","Edificios, superficie y viviendas según tipo de obra"
"01/010027TP","01-010027TP","Edificios, superficie y viviendas según tipo de obra"
"01/010027TC","01-010027TC","Edificios, superficie y viviendas según tipo de obra"
"01/010027TM","01-010027TM","Edificios, superficie y viviendas según tipo de obra"
"01/010037A","01-010037A","Parque de vehículos"
"01/010037TP","01-010037TP","Parque de vehículos"
"01/010037TC","01-010037TC","Parque de vehículos"
"01/010037TM","01-010037TM","Parque de vehículos"
"01/010073A","01-010073A","Licencias de transporte"
"01/010073TP","01-010073TP","Licencias de transporte"
"01/010073TC","01-010073TC","Licencias de transporte"
"01/010073TM","01-010073TM","Licencias de transporte"
"01/010035A","01-010035A","Oferta de alojamientos turísticos"
"01/010035TP","01-010035TP","Oferta de alojamientos turísticos"
"01/010035TC","01-010035TC","Oferta de alojamientos turísticos"
"01/010035TM","01-010035TM","Oferta de alojamientos turísticos"
"01/010066TC","01-010066TC","VAB y Empleo por sectores de actividad. Años 2000 a 2007"
"01/010066A","01-010066A","VAB y Empleo por sectores de actividad. Años 2000 a 2007"
"01/010067A","01-010067A","VAB por ramas de actividad. Años 2000-2007"
"01/010067TC","01-010067TC","VAB por ramas de actividad. Años 2000-2007"
"01/010074TC","01-010074TC","VAB y Empleo por sectores de actividad. Serie desde año 2008"
"01/010074A","01-010074A","VAB y Empleo por sectores de actividad. Serie desde año 2008"
"01/010075TC","01-010075TC","VAB por ramas de actividad. Serie desde año 2008"
"01/010075A","01-010075A","VAB por ramas de actividad. Serie desde año 2008"
"01/010063A","01-010063A","Renta disponible bruta"
"01/010063TC","01-010063TC","Renta disponible bruta"
"01/010063TM","01-010063TM","Renta disponible bruta"
"01/010064A","01-010064A","Renta disponible bruta per cápita"
"01/010064TC","01-010064TC","Renta disponible bruta per cápita"
"01/010064TM","01-010064TM","Renta disponible bruta per cápita"
"01/010065TM","01-010065TM","Tramos de Renta disponible bruta per cápita"
"01/010076A","01-010076A","Actividades según sector y agrupación de actividad (CNAE 09)"
"01/010076TP","01-010076TP","Actividades según sector y agrupación de actividad (CNAE 09)"
"01/010076TC","01-010076TC","Actividades según sector y agrupación de actividad (CNAE 09)"
"01/010076TM","01-010076TM","Actividades según sector y agrupación de actividad (CNAE 09)"
"01/010077A","01-010077A","Actividades según división de actividad (CNAE 09)"
"01/010077TP","01-010077TP","Actividades según división de actividad (CNAE 09)"
"01/010077TC","01-010077TC","Actividades según división de actividad (CNAE 09)"
"01/010077TM","01-010077TM","Actividades según división de actividad (CNAE 09)"
"01/110304/11030401TC","01-110304-11030401TC","Cuentas de las sociedades mercantiles no financieras"
"01/110304/11030401TM","01-110304-11030401TM","Cuentas de las sociedades mercantiles no financieras"
"01/110304/11030401TP","01-110304-11030401TP","Cuentas de las sociedades mercantiles no financieras"
"01/110304/11030401A","01-110304-11030401A","Cuentas de las sociedades mercantiles no financieras"
"01/110304/11030403A","01-110304-11030403A","Cuentas según tamaño de empresa"
"01/110304/11030403TP","01-110304-11030403TP","Cuentas según tamaño de empresa"
"01/110304/11030402A","01-110304-11030402A","Cuentas según sectores de actividad"
"01/110304/11030402TP","01-110304-11030402TP","Cuentas según sectores de actividad"
"01/110304/11030402TC","01-110304-11030402TC","Cuentas según sectores de actividad"
"01/110304/11030404A","01-110304-11030404A","Cuentas según ramas de actividad"
"01/010036A","01-010036A","Entidades de depósito. Oficinas"
"01/010036TP","01-010036TP","Entidades de depósito. Oficinas"
"01/010036TC","01-010036TC","Entidades de depósito. Oficinas"
"01/010036TM","01-010036TM","Entidades de depósito. Oficinas"
"01/010029A","01-010029A","Impuesto sobre bienes inmuebles de naturaleza urbana. Años 2001 y 2002"
"01/010029TP","01-010029TP","Impuesto sobre bienes inmuebles de naturaleza urbana. Años 2001 y 2002"
"01/010029TC","01-010029TC","Impuesto sobre bienes inmuebles de naturaleza urbana. Años 2001 y 2002"
"01/010029TM","01-010029TM","Impuesto sobre bienes inmuebles de naturaleza urbana. Años 2001 y 2002"
"01/010031A","01-010031A","Impuesto sobre bienes inmuebles de naturaleza urbana. A partir del año 2003"
"01/010031TP","01-010031TP","Impuesto sobre bienes inmuebles de naturaleza urbana. A partir del año 2003"
"01/010031TC","01-010031TC","Impuesto sobre bienes inmuebles de naturaleza urbana. A partir del año 2003"
"01/010031TM","01-010031TM","Impuesto sobre bienes inmuebles de naturaleza urbana. A partir del año 2003"
"01/010030A","01-010030A","Impuesto sobre bienes inmuebles de naturaleza rústica. Años 2001 y 2002"
"01/010030TC","01-010030TC","Impuesto sobre bienes inmuebles de naturaleza rústica. Años 2001 y 2002"
"01/010030TP","01-010030TP","Impuesto sobre bienes inmuebles de naturaleza rústica. Años 2001 y 2002"
"01/010030TM","01-010030TM","Impuesto sobre bienes inmuebles de naturaleza rústica. Años 2001 y 2002"
"01/010032TP","01-010032TP","Impuesto sobre bienes inmuebles de naturaleza rústica. A partir del año 2003"
"01/010032TC","01-010032TC","Impuesto sobre bienes inmuebles de naturaleza rústica. A partir del año 2003"
"01/010032A","01-010032A","Impuesto sobre bienes inmuebles de naturaleza rústica. A partir del año 2003"
"01/010032TM","01-010032TM","Impuesto sobre bienes inmuebles de naturaleza rústica. A partir del año 2003"
"01/010068A","01-010068A","Salarios, pensiones y desempleo"
"01/010068TP","01-010068TP","Salarios, pensiones y desempleo"
"01/010068TM","01-010068TM","Salarios, pensiones y desempleo"
"04/040002A","04-040002A","Edificios con abastecimiento público de agua corriente"
"04/040002TP","04-040002TP","Edificios con abastecimiento público de agua corriente"
"04/040002TC","04-040002TC","Edificios con abastecimiento público de agua corriente"
"04/040002TM","04-040002TM","Edificios con abastecimiento público de agua corriente"
"04/040019A","04-040019A","Estaciones depuradoras de agua"
"04/040019TP","04-040019TP","Estaciones depuradoras de agua"
"04/040019TC","04-040019TC","Estaciones depuradoras de agua"
"04/040019TM","04-040019TM","Estaciones depuradoras de agua"
"04/040003A","04-040003A","Superficie regada en relación a la SAU"
"04/040003TP","04-040003TP","Superficie regada en relación a la SAU"
"04/040003TC","04-040003TC","Superficie regada en relación a la SAU"
"04/040003TM","04-040003TM","Superficie regada en relación a la SAU"
"04/040020A","04-040020A","Fuentes mineromedicinales"
"04/040020TP","04-040020TP","Fuentes mineromedicinales"
"04/040020TC","04-040020TC","Fuentes mineromedicinales"
"04/040020TM","04-040020TM","Fuentes mineromedicinales"
"04/040004TC","04-040004TC","Contaminación y ruido"
"04/040004TM","04-040004TM","Contaminación y ruido"
"04/040004A","04-040004A","Contaminación y ruido"
"04/040004TP","04-040004TP","Contaminación y ruido"
"04/040013A","04-040013A","Zonas protegidas"
"04/040013TP","04-040013TP","Zonas protegidas"
"04/040013TC","04-040013TC","Zonas protegidas"
"04/040013TM","04-040013TM","Zonas protegidas"
"04/040014A","04-040014A","Reciclaje de residuos: vidrio"
"04/040014TP","04-040014TP","Reciclaje de residuos: vidrio"
"04/040014TC","04-040014TC","Reciclaje de residuos: vidrio"
"04/040014TM","04-040014TM","Reciclaje de residuos: vidrio"
"04/040015A","04-040015A","Reciclaje de residuos: papel"
"04/040015TP","04-040015TP","Reciclaje de residuos: papel"
"04/040015TC","04-040015TC","Reciclaje de residuos: papel"
"04/040015TM","04-040015TM","Reciclaje de residuos: papel"
"04/040016A","04-040016A","Reciclaje de residuos: pilas"
"04/040016TP","04-040016TP","Reciclaje de residuos: pilas"
"04/040016TC","04-040016TC","Reciclaje de residuos: pilas"
"04/040016TM","04-040016TM","Reciclaje de residuos: pilas"
"04/040017A","04-040017A","Riesgos naturales. Incendios"
"04/040017TP","04-040017TP","Riesgos naturales. Incendios"
"04/040017TC","04-040017TC","Riesgos naturales. Incendios"
"04/040017TM","04-040017TM","Riesgos naturales. Incendios"
"04/040009A","04-040009A","Usos del suelo (nomenclatura a 1 dígito)"
"04/040009TP","04-040009TP","Usos del suelo (nomenclatura a 1 dígito)"
"04/040009TC","04-040009TC","Usos del suelo (nomenclatura a 1 dígito)"
"04/040009TM","04-040009TM","Usos del suelo (nomenclatura a 1 dígito)"
"04/040010A","04-040010A","Usos del suelo (nomenclatura a 2 dígitos)"
"04/040010TP","04-040010TP","Usos del suelo (nomenclatura a 2 dígitos)"
"04/040010TC","04-040010TC","Usos del suelo (nomenclatura a 2 dígitos)"
"04/040010TM","04-040010TM","Usos del suelo (nomenclatura a 2 dígitos)"
"04/040011A","04-040011A","Usos del suelo (nomenclatura a 3 dígitos)"
"04/040011TM","04-040011TM","Usos del suelo (nomenclatura a 3 dígitos)"
"04/040011TP","04-040011TP","Usos del suelo (nomenclatura a 3 dígitos)"
"04/040011TC","04-040011TC","Usos del suelo (nomenclatura a 3 dígitos)"
"04/040012A","04-040012A","Usos del suelo (nomenclatura a 5 dígitos)"
"04/040012TP","04-040012TP","Usos del suelo (nomenclatura a 5 dígitos)"
"04/040012TC","04-040012TC","Usos del suelo (nomenclatura a 5 dígitos)"
"04/040012TM","04-040012TM","Usos del suelo (nomenclatura a 5 dígitos)"
"01/010039TC","01-010039TC","Presupuestos. Ingresos"
"01/010039TM","01-010039TM","Presupuestos. Ingresos"
"01/010042TC","01-010042TC","Liquidaciones de presupuestos. Ingresos"
"01/010042TM","01-010042TM","Liquidaciones de presupuestos. Ingresos"
"01/010040TC","01-010040TC","Presupuestos. Gastos. Clasificación por capítulos"
"01/010040TM","01-010040TM","Presupuestos. Gastos. Clasificación por capítulos"
"01/010043TC","01-010043TC","Liquidaciones de presupuestos. Gastos. Clasificación por capítulos"
"01/010043TM","01-010043TM","Liquidaciones de presupuestos. Gastos. Clasificación por capítulos"
"01/010041A","01-010041A","Presupuestos. Gastos. Áreas de gasto"
"01/010041TP","01-010041TP","Presupuestos. Gastos. Áreas de gasto"
"01/010041TC","01-010041TC","Presupuestos. Gastos. Áreas de gasto"
"01/010041TM","01-010041TM","Presupuestos. Gastos. Áreas de gasto"
"01/010044A","01-010044A","Liquidaciones de presupuestos. Gastos. Áreas de gasto"
"01/010044TP","01-010044TP","Liquidaciones de presupuestos. Gastos. Áreas de gasto"
"01/010044TC","01-010044TC","Liquidaciones de presupuestos. Gastos. Áreas de gasto"
"01/010044TM","01-010044TM","Liquidaciones de presupuestos. Gastos. Áreas de gasto"
"915/150001A","915-150001A","Congreso. Participación"
"915/150001TP","915-150001TP","Congreso. Participación"
"915/150001TC","915-150001TC","Congreso. Participación"
"915/150001TM","915-150001TM","Congreso. Participación"
"915/150003TP","915-150003TP","Congreso 2008. Resultados"
"915/150003TC","915-150003TC","Congreso 2008. Resultados"
"915/150003TM","915-150003TM","Congreso 2008. Resultados"
"915/150004TP","915-150004TP","Congreso 2011. Resultados"
"915/150004TC","915-150004TC","Congreso 2011. Resultados"
"915/150004TM","915-150004TM","Congreso 2011. Resultados"
"915/150002A","915-150002A","Congreso. Resultados"
"915/150015TM","915-150015TM","Congreso 2015. Resultados"
"915/150015TC","915-150015TC","Congreso 2015. Resultados"
"915/150015TP","915-150015TP","Congreso 2015. Resultados"
"915/150011A","915-150011A","Senado. Participación"
"915/150011TP","915-150011TP","Senado. Participación"
"915/150011TC","915-150011TC","Senado. Participación"
"915/150011TM","915-150011TM","Senado. Participación"
"915/150013TP","915-150013TP","Senado 2008. Resultados"
"915/150013TC","915-150013TC","Senado 2008. Resultados"
"915/150013TM","915-150013TM","Senado 2008. Resultados"
"915/150014TP","915-150014TP","Senado 2011. Resultados"
"915/150014TC","915-150014TC","Senado 2011. Resultados"
"915/150014TM","915-150014TM","Senado 2011. Resultados"
"915/150012A","915-150012A","Senado. Resultados"
"915/150016TM","915-150016TM","Senado 2015. Resultados"
"915/150016TC","915-150016TC","Senado 2015. Resultados"
"915/150016TP","915-150016TP","Senado 2015. Resultados"
"915/150005TM","915-150005TM","Cortes de Aragón. Participación"
"915/150005A","915-150005A","Cortes de Aragón. Participación"
"915/150005TP","915-150005TP","Cortes de Aragón. Participación"
"915/150005TC","915-150005TC","Cortes de Aragón. Participación"
"915/150006A","915-150006A","Cortes de Aragón. Resultados"
"915/150006TP","915-150006TP","Cortes de Aragón. Resultados"
"915/150006TC","915-150006TC","Cortes de Aragón. Resultados"
"915/150006TM","915-150006TM","Cortes de Aragón. Resultados"
"915/150010A","915-150010A","Cortes de Aragón. Diputados"
"915/150010TP","915-150010TP","Cortes de Aragón. Diputados"
"915/150007A","915-150007A","Municipales. Participación"
"915/150007TP","915-150007TP","Municipales. Participación"
"915/150007TC","915-150007TC","Municipales. Participación"
"915/150007TM","915-150007TM","Municipales. Participación"
"915/150008A","915-150008A","Municipales. Resultados"
"915/150008TP","915-150008TP","Municipales. Resultados"
"915/150008TC","915-150008TC","Municipales. Resultados"
"915/150008TM","915-150008TM","Municipales. Resultados"
"915/150009A","915-150009A","Municipales. Concejales"
"915/150009TP","915-150009TP","Municipales. Concejales"
"915/150009TC","915-150009TC","Municipales. Concejales"
"915/150009TM","915-150009TM","Municipales. Concejales"
