Año	Comarca código	Comarca nombre	Saldo Vegetativo	Tasa bruta de saldo vegetativo	Tasa bruta de natalidad	Tasa bruta de mortalidad	Tasa global de fecundidad	Tasa bruta de nupcialidad
2016	01	La Jacetania	-43					
2016	02	Alto Gállego	-37					
2016	03	Sobrarbe	-30					
2016	04	La Ribagorza	-71					
2016	05	Cinco Villas	-185					
2016	06	Hoya de Huesca / Plana de Uesca	-188					
2016	07	Somontano de Barbastro	-130					
2016	08	Cinca Medio	-76					
2016	09	La Litera / La Llitera	-107					
2016	10	Los Monegros	-165					
2016	11	Bajo Cinca / Baix Cinca	-13					
2016	12	Tarazona y el Moncayo	-96					
2016	13	Campo de Borja	-87					
2016	14	Aranda	-45					
2016	15	Ribera Alta del Ebro	-84					
2016	16	Valdejalón	-41					
2016	17	D.C. Zaragoza	-41					
2016	18	Ribera Baja del Ebro	-43					
2016	19	Bajo Aragón-Caspe / Baix Aragó-Casp	-24					
2016	20	Comunidad de Calatayud	-307					
2016	21	Campo de Cariñena	-77					
2016	22	Campo de Belchite	-64					
2016	23	Bajo Martín	-42					
2016	24	Campo de Daroca	-23					
2016	25	Jiloca	-119					
2016	26	Cuencas Mineras	-47					
2016	27	Andorra-Sierra de Arcos	-28					
2016	28	Bajo Aragón	-86					
2016	29	Comunidad de Teruel	-81					
2016	30	Maestrazgo	-34					
2016	31	Sierra de Albarracín	-39					
2016	32	Gúdar-Javalambre	-42					
2016	33	Matarraña / Matarranya	-57					
2015	01	La Jacetania	-58	-3,22733216481652	8,84734162423838	12,0746737890549	41,7158598976781	2,89347021673205
2015	02	Alto Gállego	-33	-2,41713971800037	7,2514191540011	9,66855887200147	33,4346504559271	3,36934627357627
2015	03	Sobrarbe	-23	-3,07342820872586	9,22028462617759	12,2937128349035	45,3499835688465	2,80617358188014
2015	04	La Ribagorza	-95	-7,75795190069822	6,61467477849006	14,3726266791883	32,7603640040445	1,14327712220816
2015	05	Cinco Villas	-215	-6,95916748935895	5,72917509589085	12,6883425852498	28,3426741393115	2,26577546165175
2015	06	Hoya de Huesca / Plana de Uesca	-168	-2,47964989705025	9,32820675556999	11,8078566526202	43,0452281874616	3,17336147539169
2015	07	Somontano de Barbastro	-109	-4,57406630297944	8,22492656315569	12,7989928661351	39,7848371054501	2,30801510700797
2015	08	Cinca Medio	-41	-1,7114353098324	9,26679606787302	10,9782313777054	43,7869822485207	3,46461294429487
2015	09	La Litera / La Llitera	-139	-7,53714347684633	6,4526624010411	13,9898058778874	34,4927536231884	2,00628999023967
2015	10	Los Monegros	-185	-9,55159150166507	5,93747579833234	15,4890672999974	32,5226244343891	2,01357874899966
2015	11	Bajo Cinca / Baix Cinca	-56	-2,28217458635586	9,16945146303692	11,4516260493928	42,1387770390486	2,52669329203684
2015	12	Tarazona y el Moncayo	-88	-6,2050486532224	6,06402482019461	12,269073473417	29,7526379519114	3,52559582569454
2015	13	Campo de Borja	-65	-4,56813549792677	7,66041183498489	12,2285473329117	38,3938006340261	2,67060229109565
2015	14	Aranda	-65	-9,24806146403927	4,12605819164829	13,3741196556876	20,5746718694573	1,84961229280785
2015	15	Ribera Alta del Ebro	-133	-4,92018570926512	8,61957346059227	13,5397591698574	39,4781430023721	3,36644285370771
2015	16	Valdejalón	-27	-0,943198490882415	9,99091734786558	10,934115838748	44,3892596616483	2,75972891776707
2015	17	D.C. Zaragoza	42	0,056663185928103	9,46814854389104	9,41148535796293	41,7019531633044	3,74111939472924
2015	18	Ribera Baja del Ebro	-70	-7,89889415481833	5,41638456330399	13,3152787181223	28,285209192693	2,3696682464455
2015	19	Bajo Aragón-Caspe / Baix Aragó-Casp	-39	-2,65044683815284	9,9901457745761	12,6405926127289	50,1107891597068	2,58248666281559
2015	20	Comunidad de Calatayud	-380	-9,92296644470557	5,69264917091004	15,6156156156156	28,8302585465847	2,29795012403708
2015	21	Campo de Cariñena	-84	-8,18873074673426	6,43400272957692	14,6227334763112	33,5365853658537	1,85221290699942
2015	22	Campo de Belchite	-67	-13,871635610766	3,51966873706004	17,3913043478261	22,972972972973	1,24223602484472
2015	23	Bajo Martín	-59	-8,9781632808339	5,32602906490147	14,3041923457354	30,1204819277108	0,30434451799437
2015	24	Campo de Daroca	-95	-16,2726961288112	2,5693730729702	18,8420692017814	15,9066808059385	1,88420692017814
2015	25	Jiloca	-151	-11,7578353124392	5,91785088573097	17,6756861981701	31,7792180639766	1,40159626240997
2015	26	Cuencas Mineras	-69	-8,12194691307163	6,70943440645047	14,8313813195221	35,8040201005025	2,23647813548349
2015	27	Andorra-Sierra de Arcos	-66	-6,22612140936748	5,37710485354464	11,6032262629121	25,6237356709373	2,35837932173011
2015	28	Bajo Aragón	-77	-2,634640388695	8,07500171080545	10,7096420995004	37,2945638432364	3,31896256757682
2015	29	Comunidad de Teruel	-162	-3,50005401317922	8,29642432753592	11,7964783407151	37,8511582060128	3,30560656800259
2015	30	Maestrazgo	-41	-12,4336618650493	4,2456406368461	16,6793025018954	24,93321460374	1,81956027293404
2015	31	Sierra de Albarracín	-62	-13,4607034303083	3,25662179765523	16,7173252279635	19,4805194805195	1,73686495874946
2015	32	Gúdar-Javalambre	-56	-7,27367190544227	6,75412391219639	14,0277958176387	33,931484502447	3,11728795947526
2015	33	Matarraña / Matarranya	-51	-6,12171407994238	7,2020165646381	13,3237306445805	40,4312668463612	3,24090745408714
2014	01	La Jacetania	-48	-2,64353572903759	6,66391298361559	9,30744871265317	30,9186150504663	3,41456698334022
2014	02	Alto Gállego	-56	-4,01361763124888	6,30711342053395	10,3207310517828	28,659827389676	2,65185450636087
2014	03	Sobrarbe	-23	-3,028507472513	8,55882546579762	11,5873329383106	41,3617562838053	3,028507472513
2014	04	La Ribagorza	-89	-7,12	4,72	11,84	23,1781575329012	1,44
2014	05	Cinco Villas	-186	-5,94724220623501	6,74660271782574	12,6938449240608	33,0125948525385	2,3021582733813
2014	06	Hoya de Huesca / Plana de Uesca	-126	-1,85168856361873	8,77347676571731	10,625165329336	40,0805639476334	3,73276900919966
2014	07	Somontano de Barbastro	-134	-5,5820541125992	7,20668180208702	12,7887359146862	34,0897829749282	2,0411988919206
2014	08	Cinca Medio	-41	-1,70840451685487	10,1254218925789	11,8338264094337	47,331515387612	3,75015625651069
2014	09	La Litera / La Llitera	-82	-4,40718047941524	6,87950123616038	11,2866817155756	36,3946545351152	2,74105127378265
2014	10	Los Monegros	-161	-8,17424857839155	5,12794476035743	13,302193338749	27,8198595234816	2,18318440292445
2014	11	Bajo Cinca / Baix Cinca	-60	-2,42738085605632	8,29355125819241	10,7209321142487	37,6492194674013	2,67011894166195
2014	12	Tarazona y el Moncayo	-69	-4,81456930537627	7,6754003419042	12,4899696472805	37,0121130551817	2,51194920280501
2014	13	Campo de Borja	-91	-6,28756995785255	7,80764181579493	14,0952117736475	38,5468190346239	2,21101361155255
2014	14	Aranda	-50	-7,01754385964912	4,07017543859649	11,0877192982456	19,9518403852769	1,54385964912281
2014	15	Ribera Alta del Ebro	-81	-2,97138664710198	8,07043286867205	11,041819515774	36,6575022910939	3,19148936170213
2014	16	Valdejalón	-19	-0,655828242035139	9,66483725104415	10,3206654930793	42,4950675368038	2,17458838148493
2014	17	D.C. Zaragoza	338	0,454972832872191	9,68365254343947	9,22867971056728	41,9199207077995	3,51728997720425
2014	18	Ribera Baja del Ebro	-53	-5,86737517989594	7,74936344514558	13,6167386250415	39,9087799315849	1,99269345732315
2014	19	Bajo Aragón-Caspe / Baix Aragó-Casp	-9	-0,601966423650592	10,2334292020601	10,8353956257107	50,737854418836	2,94294696006956
2014	20	Comunidad de Calatayud	-288	-7,38944694608013	5,90129443610566	13,2907413821858	29,4475385698739	2,07828195358504
2014	21	Campo de Cariñena	-81	-7,70877944325482	6,6619081608375	14,3706876040923	34,4234079173838	1,90340233166786
2014	22	Campo de Belchite	-85	-17,2553796183516	2,2330491270808	19,4884287454324	14,8048452220727	1,82704019488429
2014	23	Bajo Martín	-68	-10,219416892095	4,65885181845507	14,87826871055	26,1824324324324	2,40456868049294
2014	24	Campo de Daroca	-84	-14,0856879349375	3,35373522260418	17,4394231575417	20,8768267223382	1,67686761130209
2014	25	Jiloca	-127	-9,70021004391827	6,56864617147222	16,2688562153905	35,2748154224774	2,21500859270575
2014	26	Cuencas Mineras	-35	-4,04811473513764	8,09622947027527	12,1443442054129	42,004200420042	2,89151052509831
2014	27	Andorra-Sierra de Arcos	-40	-3,69532080003695	7,11349254007114	10,8088133401081	33,2326283987915	2,58672456002587
2014	28	Bajo Aragón	-66	-2,23539373412362	9,28027095681626	11,5156646909399	42,0793979881748	2,94665537679932
2014	29	Comunidad de Teruel	-79	-1,69618894256575	8,86741814278046	10,5636070853462	40,0310167684404	4,29414922168545
2014	30	Maestrazgo	-28	-8,31477357089829	6,53303637713437	14,8478099480327	37,8983634797588	1,78173719376392
2014	31	Sierra de Albarracín	-46	-9,84799828730465	3,85356454720617	13,7015628345108	22,7703984819734	1,28452151573539
2014	32	Gúdar-Javalambre	-20	-2,54614894971356	7,25652450668364	9,8026734563972	35,6584297779168	2,2915340547422
2014	33	Matarraña / Matarranya	-53	-6,28110926759896	7,4662242237497	13,7473334913487	41,3385826771654	2,01469542545627
2013	01	La Jacetania	-72	-3,92841553906591	7,31121780881711	11,239633347883	33,3873178024168	3,81929288520297
2013	02	Alto Gállego	-19	-1,32932204575666	7,41621772895823	8,7455397747149	33,2653381453005	2,16889386412929
2013	03	Sobrarbe	-19	-2,47492510095089	7,5550345186922	10,0299596196431	35,7914224004937	2,99596196430897
2013	04	La Ribagorza	-56	-4,38081827427052	6,8841430024251	11,2649612766956	33,3144046943025	1,72103575060627
2013	05	Cinco Villas	-192	-6,04572076327225	5,60488695761698	11,6506077208892	27,1072869869794	1,98375212544871
2013	06	Hoya de Huesca / Plana de Uesca	-24	-0,351478406045429	9,60707643190838	9,95855483795381	43,3060470029047	3,16330565440886
2013	07	Somontano de Barbastro	-98	-4,06664315206341	7,55233728240347	11,6189804344669	35,5052672649239	3,11222690208934
2013	08	Cinca Medio	-37	-1,53415569607132	9,16347050896652	10,6976262050378	42,3452768729642	3,4829480667565
2013	09	La Litera / La Llitera	-62	-3,30578512396694	8,58437749933351	11,8901626233005	44,5243362831858	2,45267928552386
2013	10	Los Monegros	-157	-7,85039251962598	5,6002800140007	13,4506725336267	29,9906279287723	1,50007500375019
2013	11	Bajo Cinca / Baix Cinca	-31	-1,24957171937038	9,79502992925812	11,0446016486285	43,9540562539568	2,57976096902271
2013	12	Tarazona y el Moncayo	-65	-4,50200858844715	8,44992381216235	12,9519324006095	39,8888343959457	2,42415847070231
2013	13	Campo de Borja	-116	-7,8455243312705	5,47834026580095	13,3238645970715	26,7503302509908	2,6377193872375
2013	14	Aranda	-65	-9,00526461623718	3,60210584649487	12,6073704627321	17,4789915966387	2,07813798836243
2013	15	Ribera Alta del Ebro	-88	-3,1916436965037	8,66821413027709	11,8598578267808	38,5049138069921	3,5543304801973
2013	16	Valdejalón	-24	-0,817605777747496	9,09586427744089	9,91347005518839	39,6083667111705	3,16822238877155
2013	17	D.C. Zaragoza	566	0,753899197283832	9,51165047315167	8,75775127586783	40,4545184127551	3,69224129835827
2013	18	Ribera Baja del Ebro	-54	-5,89358799454297	6,00272851296044	11,8963165075034	30,6577480490524	0,982264665757162
2013	19	Bajo Aragón-Caspe / Baix Aragó-Casp	-38	-2,53316445570295	8,79941337244184	11,3325778281448	43,3996383363472	2,39984001066596
2013	20	Comunidad de Calatayud	-274	-6,85685685685686	5,45545545545546	12,3123123123123	26,8340718857706	2,62762762762763
2013	21	Campo de Cariñena	-79	-7,36081993943629	6,61542045189844	13,9762403913347	33,4905660377358	2,14302352667133
2013	22	Campo de Belchite	-70	-13,9165009940358	3,37972166998012	17,2962226640159	22,353714661407	1,39165009940358
2013	23	Bajo Martín	-59	-8,7686705803671	6,98521215724158	15,7538827376087	38,6831275720165	2,82380916994873
2013	24	Campo de Daroca	-59	-9,71033574720211	4,93745885450955	14,6477946017117	30,2724520686176	1,64581961816985
2013	25	Jiloca	-117	-8,78378378378378	5,63063063063063	14,4144144144144	30,241935483871	1,65165165165165
2013	26	Cuencas Mineras	-44	-5,01824817518248	6,50091240875912	11,5191605839416	32,9004329004329	2,50912408759124
2013	27	Andorra-Sierra de Arcos	-34	-3,08824197284164	7,62977428584404	10,7180162586857	34,8547717842324	2,54325809528135
2013	28	Bajo Aragón	-50	-1,68024867680417	9,03973788120642	10,7199865580106	40,5486885740127	3,19247248592792
2013	29	Comunidad de Teruel	-79	-1,68247984751195	8,9022351425316	10,5847149900436	39,6603254423834	3,38625690828355
2013	30	Maestrazgo	-33	-9,61258374599476	5,53451791436062	15,1471016603554	31,4830157415079	2,33032333236237
2013	31	Sierra de Albarracín	-33	-6,96716985115592	5,06703261902249	12,0342024701784	29,7951582867784	2,11126359125937
2013	32	Gúdar-Javalambre	-36	-4,49662752935299	7,99400449662753	12,4906320259805	38,5542168674699	3,12265800649513
2013	33	Matarraña / Matarranya	-73	-8,52753927924771	7,82664563985749	16,3541849191052	42,566709021601	2,56994334443082
2012	01	La Jacetania	-62	-3,35515991125061	7,57616754153363	10,9313274527842	33,9764591675768	3,13869798149251
2012	02	Alto Gállego	-39	-2,68151815181518	7,28822882288229	9,96974697469747	32,1309487723553	3,16281628162816
2012	03	Sobrarbe	-27	-3,47646945213417	5,27908324212966	8,75555269426383	24,5435498353786	2,31764630142278
2012	04	La Ribagorza	-82	-6,27775225845965	7,65579543714592	13,9335476956056	35,9477124183007	2,44985453988669
2012	05	Cinco Villas	-224	-6,92052212867846	6,39530393141268	13,3158260600911	30,2740833272099	2,81146211477562
2012	06	Hoya de Huesca / Plana de Uesca	-93	-1,36297685870473	9,5115266806384	10,8745035393431	42,2383730404459	4,79240250318761
2012	07	Somontano de Barbastro	-118	-4,86206967593069	8,034776159377	12,8968458353077	37,1145793681005	2,22501493644286
2012	08	Cinca Medio	-24	-0,992535307375778	9,38772978226257	10,3802650896383	42,8584914566223	3,97014122950311
2012	09	La Litera / La Llitera	-92	-4,87094639311714	7,83587028457975	12,7068166776969	40,1900882552614	3,01786896095301
2012	10	Los Monegros	-157	-7,69513540007352	6,07768655801985	13,7728219580934	31,7948717948718	2,40166646244333
2012	11	Bajo Cinca / Baix Cinca	-12	-0,483597968888531	8,94656242443782	9,43016039332635	39,8492191707054	2,41798984444265
2012	12	Tarazona y el Moncayo	-86	-5,90314720115317	7,75646085732917	13,6596080584823	36,3168889603085	3,43206232625185
2012	13	Campo de Borja	-113	-7,4484213301694	6,06420143695208	13,5126227671215	29,4117647058824	2,90027025245534
2012	14	Aranda	-44	-5,99455040871935	4,63215258855586	10,6267029972752	22,1426245522631	2,04359673024523
2012	15	Ribera Alta del Ebro	-51	-1,83196235496965	9,33941592729624	11,1713782822659	40,7779171894605	3,62800387944969
2012	16	Valdejalón	5	0,16875073828448	9,92254341112742	9,75379267284294	42,7394063160966	2,76751210786547
2012	17	D.C. Zaragoza	694	0,91722506376961	9,70091061681403	8,78368555304442	40,6623918597627	3,86186114745648
2012	18	Ribera Baja del Ebro	-45	-4,84600473831574	7,75360758130519	12,5996123196209	38,8559093362115	2,04609088951109
2012	19	Bajo Aragón-Caspe / Baix Aragó-Casp	-11	-0,732186241554897	8,85279728425467	9,58498352580956	43,4356629653821	2,66249542383599
2012	20	Comunidad de Calatayud	-356	-8,7650187118377	5,78589718337601	14,5509158952137	28,1774580335731	2,24049635611582
2012	21	Campo de Cariñena	-82	-7,50194410136773	6,58707286949362	14,0890169708614	32,8317373461012	2,19569095649787
2012	22	Campo de Belchite	-59	-11,4774827351425	4,08520571928801	15,5626884544305	26,299311208516	1,94533605680381
2012	23	Bajo Martín	-77	-11,2326768781911	6,41867250182349	17,6513493800146	34,9761526232115	2,77169948942378
2012	24	Campo de Daroca	-89	-14,4187930336168	3,07816929931146	17,4969623329283	18,5728250244379	1,13406237343054
2012	25	Jiloca	-110	-8,10850656051895	6,63423264042459	14,7427392009435	35,3356890459364	2,35883827215097
2012	26	Cuencas Mineras	-42	-4,73799988719048	6,31733318292064	11,0553330701111	31,3286713286713	2,03057138022449
2012	27	Andorra-Sierra de Arcos	-27	-2,40942352311262	8,12064965197216	10,5300731750848	36,6197183098592	2,76637515616634
2012	28	Bajo Aragón	-64	-2,13493453423401	9,27362188307898	11,408556417313	41,270783847981	2,50187640730548
2012	29	Comunidad de Teruel	-104	-2,2032031183798	8,28319633929328	10,4863994576731	36,4298724954463	3,81323616642657
2012	30	Maestrazgo	-28	-7,92527596943108	7,07613925842061	15,0014152278517	39,7772474144789	2,54741013303142
2012	31	Sierra de Albarracín	-36	-7,41274580459178	5,97137856481005	13,3841243694018	34,7097546379414	2,67682487388037
2012	32	Gúdar-Javalambre	-21	-2,55738902758327	7,79394751263472	10,351336540218	37,5476679378117	2,92273031723802
2012	33	Matarraña / Matarranya	-68	-7,83274779703968	7,83274779703968	15,6654955940794	41,871921182266	2,53412428727754
2011	01	La Jacetania	-40	-2,14788165172099	7,41019169843742	9,55807335015841	32,7635327635328	3,32921656016753
2011	02	Alto Gállego	-27	-1,83293167238044	8,82522657072062	10,658158243101	38,246543100912	3,05488612063406
2011	03	Sobrarbe	-17	-2,17920779387258	7,56313293167543	9,74234072554801	34,839090640685	4,23022689398795
2011	04	La Ribagorza	-43	-3,23588064868119	6,62226737404523	9,85814802272642	30,9423347398031	1,27930165180419
2011	05	Cinco Villas	-199	-6,04762121833736	6,6250322894349	12,6726535077723	30,992323002559	2,70471501724636
2011	06	Hoya de Huesca / Plana de Uesca	-93	-1,36094241603863	9,64366722762859	11,0046096436672	42,4805002256172	3,81941903856004
2011	07	Somontano de Barbastro	-84	-3,44742674218173	7,71566937535911	11,1630961175408	34,8837209302326	1,10810145284413
2011	08	Cinca Medio	-41	-1,69867213556232	9,48770534253102	11,1863774780933	43,0451127819549	3,43877529882129
2011	09	La Litera / La Llitera	-68	-3,56992860142797	7,71734565308694	11,2872742545149	39,3521616918753	1,88996220075598
2011	10	Los Monegros	-170	-8,1983024691358	5,49768518518519	13,695987654321	28,0684476178752	1,54320987654321
2011	11	Bajo Cinca / Baix Cinca	-21	-0,849566114448692	9,42613831745454	10,2757044319032	41,9102437269539	2,18459858001092
2011	12	Tarazona y el Moncayo	-41	-2,78617783969284	8,08671129081581	10,8728891305086	37,7597969221006	2,9220889538242
2011	13	Campo de Borja	-57	-3,69925690365707	8,11240549047604	11,8116623941331	39,0869293308318	2,46617126910472
2011	14	Aranda	-45	-6,03500301750151	5,76678066116811	11,8017836786696	27,0525322428437	0,536444712666801
2011	15	Ribera Alta del Ebro	-70	-2,51400660824594	9,40956759086338	11,9235741991093	40,6927079288654	3,05272231001293
2011	16	Valdejalón	12	0,401687085760193	10,8120773917119	10,4103903059517	46,494889880524	3,07960099082815
2011	17	D.C. Zaragoza	1204	1,60187328703334	10,3004177642958	8,69854447726245	42,7774384936152	3,63215454618025
2011	18	Ribera Baja del Ebro	-38	-4,05095677202708	6,18303928362028	10,2339960556474	30,2240750390829	1,70566600927456
2011	19	Bajo Aragón-Caspe / Baix Aragó-Casp	-84	-5,57843007039448	8,76610439633418	14,3445344667287	42,4847119407789	2,58998538982601
2011	20	Comunidad de Calatayud	-273	-6,66569000878992	7,00752026565094	13,6732102744409	33,8044758539458	2,44164469186444
2011	21	Campo de Cariñena	-62	-5,53349100807711	7,58623767236378	13,1197286804409	37,0774263904035	1,78499709937971
2011	22	Campo de Belchite	-82	-15,6608097784568	3,43773873185638	19,0985485103132	21,9512195121951	0,954927425515661
2011	23	Bajo Martín	-69	-9,85784698907065	6,14329594971069	16,0011429387813	32,8620557890715	2,85734695335381
2011	24	Campo de Daroca	-85	-13,5555378358983	2,5516306514632	16,1071684873615	15,3846153846154	1,11633841001515
2011	25	Jiloca	-72	-5,21097199102555	6,94796265470073	12,1589346457263	36,7745642597204	1,37511760874285
2011	26	Cuencas Mineras	-44	-4,90606009923622	7,47059151474606	12,3766516139823	36,4725095264017	1,67252048837598
2011	27	Andorra-Sierra de Arcos	-58	-5,09912523627412	6,06620071211921	11,1653259483933	26,9373414015225	2,54956261813706
2011	28	Bajo Aragón	-61	-2,01916552192119	9,79791794243723	11,8170834643584	43,1109816487038	3,31010741298555
2011	29	Comunidad de Teruel	-50	-1,06302686268882	9,56724176419938	10,6302686268882	41,8565714817226	3,52924918412688
2011	30	Maestrazgo	-30	-8,25082508250825	5,5005500550055	13,7513751375138	30,5343511450382	1,92519251925193
2011	31	Sierra de Albarracín	-43	-8,67722732317627	4,641307637978	13,3185349611543	26,3610315186246	0,807183937039653
2011	32	Gúdar-Javalambre	-11	-1,30929000773671	7,97476641075998	9,2840564184967	38,3624391640424	2,49955365113373
2011	33	Matarraña / Matarranya	-81	-9,23708518645227	7,52651385562778	16,7635990420801	40,0242571255306	1,82460941954613
2010	01	La Jacetania	-50	-2,67572846707516	7,54555427715196	10,2212827442271	32,9246935201401	4,06710726995425
2010	02	Alto Gállego	-48	-3,22786725395918	6,92646514912074	10,1543324030799	29,5382850587898	2,82438384721428
2010	03	Sobrarbe	-14	-1,80551973175135	7,60897601238071	9,41449574413206	35,4035403540354	3,8689708537529
2010	04	La Ribagorza	-74	-5,50841149322614	5,35953550692273	10,8679470001489	24,7720626182694	2,08426380824773
2010	05	Cinco Villas	-148	-4,45239993381568	7,40061070080173	11,8530106346174	34,1595500937305	2,49695401693717
2010	06	Hoya de Huesca / Plana de Uesca	-32	-0,467453546803786	10,2109384129952	10,678391959799	44,4600146501481	3,68119668107982
2010	07	Somontano de Barbastro	-57	-2,34018967853184	9,40181467339984	11,7420043519317	42,5255338904364	1,27273473744714
2010	08	Cinca Medio	-31	-1,28686772245169	9,75528757342411	11,0421552958758	44,1729323308271	3,23792523713651
2010	09	La Litera / La Llitera	-62	-3,23793607687487	9,34823480259035	12,5861708794652	47,0866763119821	3,13348652600794
2010	10	Los Monegros	-142	-6,79734807687705	5,50489456930184	12,3022426461789	27,710843373494	1,43605945286135
2010	11	Bajo Cinca / Baix Cinca	-46	-1,866921000832	7,99529211225877	9,86221311309077	35,4475933423302	2,67862578380243
2010	12	Tarazona y el Moncayo	-40	-2,71232412273267	8,88286150194948	11,5951856246822	41,0658307210031	3,39040515341583
2010	13	Campo de Borja	-62	-4,00477989858864	8,46171236637277	12,4664922649614	40,3387220939184	2,45454251848981
2010	14	Aranda	-46	-6,08546103982008	5,15941262071703	11,2448736605371	23,9190432382705	2,38126736340786
2010	15	Ribera Alta del Ebro	-46	-1,65461674040502	10,7909787417719	12,4455954821769	45,9382895643519	4,10057192187331
2010	16	Valdejalón	31	1,02393024062361	11,3623226701458	10,3383924295222	48,4472924441941	3,20391075291903
2010	17	D.C. Zaragoza	1597	2,13634195918744	10,61081053242	8,47446857323259	43,5760518689199	3,73759513711316
2010	18	Ribera Baja del Ebro	-50	-5,30110262934691	5,61916878710772	10,9202714164546	27,0477162541465	1,90839694656489
2010	19	Bajo Aragón-Caspe / Baix Aragó-Casp	-49	-3,25657129565015	8,10819791978201	11,3647692154322	39,2030848329049	2,4590436314093
2010	20	Comunidad de Calatayud	-226	-5,44407775877436	7,05803001469419	12,5021077734686	33,6510853336396	2,26435092621588
2010	21	Campo de Cariñena	-39	-3,46312658171647	7,90303245571194	11,3661590374284	37,9611857538921	1,50956799715846
2010	22	Campo de Belchite	-54	-10,2427921092564	3,60394537177542	13,8467374810319	22,6595110316041	1,51745068285281
2010	23	Bajo Martín	-68	-9,58286358511838	5,49605411499436	15,0789177001127	28,8248337028825	2,39571589627959
2010	24	Campo de Daroca	-68	-10,8678280326035	4,79463001438389	15,6624580469874	28,6396181384248	2,39731500719195
2010	25	Jiloca	-89	-6,33925709605043	6,69539513515439	13,0346522312048	35,3982300884956	1,70946258769899
2010	26	Cuencas Mineras	-29	-3,1978827810553	7,05739648232894	10,2552792633842	34,2520738560343	2,42598004080057
2010	27	Andorra-Sierra de Arcos	-36	-3,13411395986593	6,96469768859095	10,0988116484569	30,3605313092979	2,78587907543638
2010	28	Bajo Aragón	-29	-0,956275143441272	10,387126558069	11,3434017015103	45,3009275904221	2,83585042537756
2010	29	Comunidad de Teruel	-61	-1,30057033207185	8,82682159799584	10,1273919300677	38,1207310319365	3,75246522040403
2010	30	Maestrazgo	-22	-5,98476605005441	6,52883569096844	12,5136017410229	36,0902255639098	2,17627856365615
2010	31	Sierra de Albarracín	-24	-4,84310362223792	6,0538795277974	10,8969831500353	33,9366515837104	1,41257188981939
2010	32	Gúdar-Javalambre	-40	-4,68247000292654	7,25782850453614	11,9402985074627	34,9492671927847	2,34123500146327
2010	33	Matarraña / Matarranya	-100	-11,3007119448525	6,78042716691152	18,081139111764	36,036036036036	2,82517798621313
2009	01	La Jacetania	-14	-0,749324270077876	9,09893756523135	9,84826183530923	39,3018148190961	4,01423716113148
2009	02	Alto Gállego	1	0,067030867714583	9,04916714146865	8,98213627375406	38,0014074595355	3,15045078258538
2009	03	Sobrarbe	-4	-0,516729104766826	8,91357705722775	9,43030616199457	41,3049985034421	2,45446324764242
2009	04	La Ribagorza	-76	-5,67058384629733	6,34210035441149	12,0126842007088	28,9805659734061	2,5368401417646
2009	05	Cinco Villas	-180	-5,38028126914857	6,9345847469026	12,3148660160512	31,5024781044199	2,45101702261213
2009	06	Hoya de Huesca / Plana de Uesca	-8	-0,117284855593022	10,5409763964228	10,6582612520158	45,493372140846	4,13429115965401
2009	07	Somontano de Barbastro	-76	-3,11532864667664	8,32120677993892	11,4365354266156	36,925326752582	1,35270849132012
2009	08	Cinca Medio	3	0,124849140621749	10,6537933330559	10,5289441924341	47,9490541299869	3,12122851554372
2009	09	La Litera / La Llitera	-99	-5,14927702070113	7,5418703838552	12,6911474045563	37,6476697390627	2,44460626235306
2009	10	Los Monegros	-118	-5,59613013373803	6,49720193493313	12,0933320686712	32,311320754717	1,89699326567391
2009	11	Bajo Cinca / Baix Cinca	-35	-1,41892850627369	8,79735673889688	10,2162852451706	38,722341184868	2,75677538361746
2009	12	Tarazona y el Moncayo	-80	-5,41363559465404	8,2557942818474	13,6694298765014	37,5776397515528	3,45119269159195
2009	13	Campo de Borja	-53	-3,40420065514805	8,41415633630933	11,8183569914574	39,6369137670197	2,95458924786435
2009	14	Aranda	-39	-5,09371122575589	5,35492718605107	10,448638411807	24,6987951807229	1,30607980147587
2009	15	Ribera Alta del Ebro	-60	-2,15683807538149	10,2809281593184	12,4377662346999	43,0269294418535	3,91825583694304
2009	16	Valdejalón	12	0,394004563886198	9,98144895178369	9,58744438789749	42,2662495655196	3,77587707057607
2009	17	D.C. Zaragoza	1646	2,20939745597145	10,6496715769608	8,44027412098934	43,2487553236159	4,01879464348634
2009	18	Ribera Baja del Ebro	-32	-3,40697364918818	8,19803034335906	11,6050039925472	39,0070921985816	2,23582645727974
2009	19	Bajo Aragón-Caspe / Baix Aragó-Casp	-50	-3,35671847202175	7,72045248565003	11,0771709576718	37,48370273794	2,81964351649827
2009	20	Comunidad de Calatayud	-279	-6,61670540245696	7,20960015178106	13,826305554238	34,103657168499	2,13442109756676
2009	21	Campo de Cariñena	-56	-5,00290347076428	8,04038057801403	13,0432840487783	38,0791199492278	3,12681466922768
2009	22	Campo de Belchite	-63	-11,9453924914676	3,60257868790292	15,5479711793705	22,1833041447753	1,51687523701176
2009	23	Bajo Martín	-60	-8,35654596100279	6,4066852367688	14,7632311977716	33,0104054538931	2,22841225626741
2009	24	Campo de Daroca	-76	-12,1463960364392	4,15534601246604	16,3017420489052	24,609559867487	1,91785200575356
2009	25	Jiloca	-88	-6,1572907920515	8,04645955779457	14,2037503498461	42,5138632162662	2,02910719283515
2009	26	Cuencas Mineras	-33	-3,59418395686979	7,07945324837989	10,6736372052497	34,4006350886478	2,2872079725535
2009	27	Andorra-Sierra de Arcos	-11	-0,951392492648331	7,61113994118665	8,56253243383498	32,8603435399552	2,42172634492302
2009	28	Bajo Aragón	-49	-1,61500304873025	9,75593678416638	11,3709398328966	42,4890547620756	2,96633213032086
2009	29	Comunidad de Teruel	-51	-1,08144786785131	9,60580164973812	10,6872495175894	41,2099158517171	3,98651370894209
2009	30	Maestrazgo	-26	-6,96864111498258	6,96864111498258	13,9372822299652	38,7192851824274	2,41222192441705
2009	31	Sierra de Albarracín	-49	-9,9009900990099	4,04122044857547	13,9422105475854	22,8050171037628	1,01030511214387
2009	32	Gúdar-Javalambre	-38	-4,36731410182738	8,15998161130904	12,5272957131364	39,5984383714445	2,7583036432594
2009	33	Matarraña / Matarranya	-65	-7,28862973760933	7,28862973760933	14,5772594752187	38,9221556886228	2,57905359946176
2008	01	La Jacetania	19	1,02112108346321	10,3724404793895	9,35131939592626	44,4086516336862	2,79464717579406
2008	02	Alto Gállego	11	0,746116801193787	9,49603201519365	8,74991521399987	39,5033860045147	2,78098080444957
2008	03	Sobrarbe	-30	-3,87196695921528	7,35673722250903	11,2287041817243	34,0909090909091	4,25916365513681
2008	04	La Ribagorza	-59	-4,43475646422129	8,19302465423933	12,6277811184606	36,9993211133741	2,1046301864101
2008	05	Cinco Villas	-99	-2,9480078613543	8,60580072657972	11,553808587934	38,7088132869006	2,9182300041689
2008	06	Hoya de Huesca / Plana de Uesca	33	0,489668731683793	11,4552806321178	10,965611900434	49,0672768296946	4,34766479949549
2008	07	Somontano de Barbastro	-29	-1,19659177652617	9,03633100204246	10,2329227785686	40,0219298245614	1,19659177652617
2008	08	Cinca Medio	-30	-1,25715004085738	9,80577031868754	11,0629203595449	43,8217039684032	3,89716512665787
2008	09	La Litera / La Llitera	-106	-5,51265049275815	7,54088982499935	13,0535403177575	37,4580211831568	3,53641729724107
2008	10	Los Monegros	-164	-7,72346237166808	5,55712536498069	13,2805877366488	27,2895467160037	2,16633700668739
2008	11	Bajo Cinca / Baix Cinca	-53	-2,17413598605271	7,99917957132602	10,1733155573787	35,1256417184545	3,03558609373398
2008	12	Tarazona y el Moncayo	-93	-6,28973353171919	8,65683754903287	14,9465710807521	39,4777743239043	4,32841877451643
2008	13	Campo de Borja	-37	-2,38340633857253	10,048956454522	12,4323627930946	47,0021090689967	3,73615047668127
2008	14	Aranda	-36	-4,69759248385203	6,26345664513603	10,9610491289881	28,7339120023945	2,08781888171201
2008	15	Ribera Alta del Ebro	-99	-3,61564588583324	9,9338957671378	13,549541652971	41,2965915129431	4,52868777619517
2008	16	Valdejalón	33	1,10351284923674	10,3997726094735	9,29625976023675	44,1228630205008	3,91245464729389
2008	17	D.C. Zaragoza	1925	2,61088637897185	11,4010965722792	8,79021019330732	45,819714362823	4,26829061538931
2008	18	Ribera Baja del Ebro	-34	-3,66122866526679	6,24562537016099	9,90685403542777	29,5165394402036	2,15366392074517
2008	19	Bajo Aragón-Caspe / Baix Aragó-Casp	-16	-1,11440013930002	8,98485112310639	10,0992512624064	43,0502252628066	2,50740031342504
2008	20	Comunidad de Calatayud	-278	-6,56449975206026	7,22567238895842	13,7901721410187	34,1689464574842	3,44754303525467
2008	21	Campo de Cariñena	-40	-3,60344128642854	8,91851718391063	12,5219584703392	42,3076923076923	2,79266699698212
2008	22	Campo de Belchite	-64	-12,1097445600757	3,02743614001892	15,1371807000946	18,7353629976581	1,51371807000946
2008	23	Bajo Martín	-43	-5,91634562465603	7,29223995597138	13,2085855806274	37,2321742184756	2,75178866263071
2008	24	Campo de Daroca	-66	-10,3004291845494	5,15021459227468	15,450643776824	30,3308823529412	1,56067108856808
2008	25	Jiloca	-117	-8,06034928180221	6,95807929454721	15,0184285763494	36,9624885635865	2,75567496813751
2008	26	Cuencas Mineras	-33	-3,537925489145	7,5046904315197	11,0426159206647	36,5726227795193	3,1090860359153
2008	27	Andorra-Sierra de Arcos	-28	-2,41973814976451	7,86414898673465	10,2838871364992	33,948890132438	3,62960722464676
2008	28	Bajo Aragón	30	0,99147332936744	10,2782735144425	9,28680018507502	44,8029964705035	2,90832176614449
2008	29	Comunidad de Teruel	-85	-1,80233667649117	9,01168338245584	10,814020058947	38,3849357233388	3,66828523568203
2008	30	Maestrazgo	-11	-2,90659268067116	7,92707094728498	10,8336636279561	43,827611395179	2,37812128418549
2008	31	Sierra de Albarracín	-31	-6,2111801242236	6,61190142256061	12,8230815467842	37,3725934314836	2,20396714085354
2008	32	Gúdar-Javalambre	-22	-2,51658659345688	7,43536948066804	9,95195607412491	36,8898978433598	1,60146419583619
2008	33	Matarraña / Matarranya	-71	-7,96097998542356	7,06396815608006	15,0249481415036	38,0549682875264	3,13954140270225
2007	01	La Jacetania	-68	-3,71027145000682	7,80248260810258	11,5127540581094	33,2326283987915	4,31046241986086
2007	02	Alto Gállego	16	1,12182296231376	8,62401402278703	7,50219106047327	35,84438292292	4,41717791411043
2007	03	Sobrarbe	-13	-1,70883996056523	8,01840289188301	9,72724285244824	37,4923171481254	2,76043378245153
2007	04	La Ribagorza	-75	-5,71886080292806	6,63387853139655	12,3527393343246	29,8917711733379	3,27881352701209
2007	05	Cinco Villas	-110	-3,29439952081462	7,99640610961366	11,2908056304283	35,8774522977694	3,11470500149745
2007	06	Hoya de Huesca / Plana de Uesca	-34	-0,514921360906867	9,58662416041315	10,10154552132	40,8413446028776	4,48284478907155
2007	07	Somontano de Barbastro	-87	-3,64756933526193	7,546695176404	11,1942645116659	33,2225913621262	2,85097373330818
2007	08	Cinca Medio	14	0,598239466712247	10,8537731817793	10,2555337150671	48,874350586877	3,3330484573968
2007	09	La Litera / La Llitera	-74	-3,89135750532432	9,04477690426735	12,9361344095917	44,6173800259403	3,15515473404675
2007	10	Los Monegros	-146	-6,92189166765438	5,49958516060211	12,4214768282565	26,8891979601298	2,03863932677492
2007	11	Bajo Cinca / Baix Cinca	-19	-0,796028238054339	9,46854641054109	10,2645746485954	41,7513393681877	2,59756582944048
2007	12	Tarazona y el Moncayo	-55	-3,73679383089309	9,51183884227333	13,2486326731664	43,859649122807	3,80473553690933
2007	13	Campo de Borja	-97	-6,39398833261923	6,92132757654659	13,3153159091658	32,4625135260473	3,42770508552783
2007	14	Aranda	-33	-4,32559968541093	6,16070258225193	10,4863022676629	28,0429594272076	4,06344212871936
2007	15	Ribera Alta del Ebro	-52	-1,97354688122664	11,1201776192193	13,0937245004459	46,4821131117633	5,3513482740953
2007	16	Valdejalón	1	0,035179061422641	10,096390628298	10,0612115668754	43,4683831881863	3,76415957222261
2007	17	D.C. Zaragoza	1375	1,90190460184837	10,8871935426535	8,98528894080512	43,4200907573689	4,61851597496125
2007	18	Ribera Baja del Ebro	-28	-3,04430551780375	8,37184017396032	11,4161456917641	39,2957387088543	3,15303071486817
2007	19	Bajo Aragón-Caspe / Baix Aragó-Casp	-55	-3,99781937125204	6,68726149373069	10,6850808649827	31,8780318780319	3,19825549700164
2007	20	Comunidad de Calatayud	-243	-5,80402460142115	7,78646921836747	13,5904938197886	37,1425316167255	2,69899086403535
2007	21	Campo de Cariñena	-73	-6,76145047005974	6,76145047005974	13,5229009401195	32,7354260089686	1,85245218357801
2007	22	Campo de Belchite	-42	-7,996953541508	4,56968773800457	12,5666412795126	28,6054827175209	1,14242193450114
2007	23	Bajo Martín	-68	-9,22784638349844	5,56384855475641	14,7916949382549	28,4920083391244	2,03555434930113
2007	24	Campo de Daroca	-66	-10,1289134438306	4,45058317986495	14,5794966236955	26,593305823017	1,38121546961326
2007	25	Jiloca	-120	-8,32119825254837	6,72630192080993	15,0475001733583	35,9658880237301	2,35767283822204
2007	26	Cuencas Mineras	-47	-4,97828619849592	6,14341701090986	11,1217032094058	30,0284752782811	2,33026162482788
2007	27	Andorra-Sierra de Arcos	-31	-2,71287302004026	6,91345059945743	9,62632361949768	29,7832233741753	2,80038505294478
2007	28	Bajo Aragón	18	0,605001344447432	10,957246571659	10,3522452272116	47,7445811364968	3,42834095186878
2007	29	Comunidad de Teruel	-7	-0,150676970101384	9,77247777514691	9,92315474524829	41,5731880408406	4,60641022881374
2007	30	Maestrazgo	-28	-7,44284954811271	8,7719298245614	16,2147793726741	48,2809070958303	2,6581605528974
2007	31	Sierra de Albarracín	-47	-9,34858279462954	5,96718050721034	15,3157633018399	33,5195530726257	1,39234211834908
2007	32	Gúdar-Javalambre	-68	-7,83139467925832	5,18254059656801	13,0139352758263	26,369762672136	2,87918922031556
2007	33	Matarraña / Matarranya	-60	-6,78311005596066	7,80057656435476	14,5836866203154	42,0091324200913	2,37408851958623
2006	01	La Jacetania	-42	-2,3134122831176	8,9231616634536	11,2365739465712	37,9880408019698	4,35141834205453
2006	02	Alto Gállego	-28	-2,04290091930541	8,24456442433971	10,2874653436451	34,2579960588146	4,66948781555523
2006	03	Sobrarbe	-25	-3,3838657282079	5,68489442338928	9,06876015159718	26,4984227129338	3,24851109907959
2006	04	La Ribagorza	-75	-5,82207731718677	5,82207731718677	11,6441546343735	26,5533722782793	2,87222480981214
2006	05	Cinco Villas	-107	-3,22532027128862	7,9879427279578	11,2132629992464	35,8398701649987	2,7128862094951
2006	06	Hoya de Huesca / Plana de Uesca	-46	-0,708799124787168	10,354630692543	11,0634298173301	43,8742532562922	4,36065548510366
2006	07	Somontano de Barbastro	-120	-5,09803088557045	7,73201350978185	12,8300443953523	34,0664482919981	3,73855598275166
2006	08	Cinca Medio	-5	-0,216656556027385	10,6161712453419	10,8328278013693	47,9264475743349	3,68316145246555
2006	09	La Litera / La Llitera	-83	-4,40154849657952	8,00763642148804	12,4091849180676	39,3075621502018	2,59850453412526
2006	10	Los Monegros	-129	-6,16590588628922	5,68792868580169	11,8538345720909	27,7486300571295	1,9597065219989
2006	11	Bajo Cinca / Baix Cinca	-19	-0,808321456680351	8,25338750505201	9,06170896173236	36,6175915439789	4,04160728340176
2006	12	Tarazona y el Moncayo	-65	-4,44216641038784	7,44917136511191	11,8913377754997	34,4011361843143	3,55373312831027
2006	13	Campo de Borja	-55	-3,73666689313133	8,62830355323052	12,3649704463618	40,7901075959531	3,12521231061893
2006	14	Aranda	-18	-2,35171152338646	7,57773713091194	9,92944865429841	34,2081981716308	2,35171152338646
2006	15	Ribera Alta del Ebro	-34	-1,34334255235085	10,3516396681154	11,6949822204662	43,5722601031099	5,33386013433426
2006	16	Valdejalón	-35	-1,2996658002228	10,3230597846268	11,6227255848496	45,2953156822811	3,2305978462681
2006	17	D.C. Zaragoza	1295	1,83114314943896	10,630528337824	8,79938518838504	42,1300514430692	5,0084239654925
2006	18	Ribera Baja del Ebro	-50	-5,44899738448126	5,88491717523976	11,333914559721	27,5510204081633	1,3077593722755
2006	19	Bajo Aragón-Caspe / Baix Aragó-Casp	-84	-6,18078805047644	7,35808101247195	13,5388690629484	35,6824264049955	2,72248997461462
2006	20	Comunidad de Calatayud	-254	-6,21916433039923	7,24753008581957	13,4666944162188	35,0897990634817	3,74618953760268
2006	21	Campo de Cariñena	-90	-8,49617672047579	5,66411781365052	14,1602945341263	28,109627547435	2,73765694326442
2006	22	Campo de Belchite	-45	-8,63889422153964	5,56728738721444	14,2061816087541	34,4213649851632	0,959877135726627
2006	23	Bajo Martín	-77	-10,4911778731521	5,4499625315076	15,9411404046597	28,1590989088349	1,90748688602766
2006	24	Campo de Daroca	-70	-10,6601690398233	3,50262697022767	14,162796010051	21,2177121771218	2,89347445366634
2006	25	Jiloca	-86	-6,09388839681134	6,87333923826395	12,9672276350753	37,1861222925053	2,05491585473871
2006	26	Cuencas Mineras	-50	-5,27092557453089	6,11427366645583	11,3851992409867	30,0751879699248	1,89753320683112
2006	27	Andorra-Sierra de Arcos	-20	-1,78292845999554	7,04256741698239	8,82549587697794	30,2161025052591	2,85268553599287
2006	28	Bajo Aragón	-49	-1,67561467701672	10,1562767157952	11,831891392812	44,2886966895318	4,68488185206716
2006	29	Comunidad de Teruel	-75	-1,64354743277891	9,02855389739881	10,6721013301777	38,281068524971	4,29513729099555
2006	30	Maestrazgo	-40	-10,7066381156317	4,81798715203426	15,524625267666	26,9058295964126	3,4796573875803
2006	31	Sierra de Albarracín	-47	-9,44438862654476	3,61699989952778	13,0613885260725	20,7015526164462	2,61227770521451
2006	32	Gúdar-Javalambre	-12	-1,39146567717996	7,53710575139147	8,92857142857143	38,6100386100386	2,08719851576994
2006	33	Matarraña / Matarranya	-79	-9,0440755580996	5,95306239267315	14,9971379507728	32,0789636027144	2,40412135088724
2005	01	La Jacetania	-50	-2,77039007092199	8,3665780141844	11,1369680851064	35,3423054417788	3,93395390070922
2005	02	Alto Gállego	-22	-1,65550455263752	7,97652193543532	9,63202648807284	33,1872260488416	3,01000827752276
2005	03	Sobrarbe	-33	-4,56937136527278	7,20022154527832	11,7695929105511	33,5592126492417	2,63085018000554
2005	04	La Ribagorza	-88	-6,8976328578147	6,66248628311648	13,5601191409312	30,6195965417867	1,9595547891519
2005	05	Cinco Villas	-152	-4,57039765466436	7,78771705630309	12,3581147109675	34,9976352949125	3,57814026911223
2005	06	Hoya de Huesca / Plana de Uesca	-120	-1,87551283554097	9,20564216778025	11,0811550033212	38,8125597179665	5,07951392959012
2005	07	Somontano de Barbastro	-133	-5,67466666666667	8,576	14,2506666666667	37,9998109462142	3,328
2005	08	Cinca Medio	-52	-2,26047643888019	9,38967136150235	11,6501478003825	42,4028268551237	2,82559554860024
2005	09	La Litera / La Llitera	-97	-5,15340682693585	7,38477885509364	12,5381856820295	36,1226611226611	3,40018594766901
2005	10	Los Monegros	-159	-7,62133013780707	5,8478130617136	13,4691431995207	28,4117373078714	2,73217495506291
2005	11	Bajo Cinca / Baix Cinca	-74	-3,16158250021362	8,11757668973768	11,2791591899513	36,2491653152723	3,24703067589507
2005	12	Tarazona y el Moncayo	-84	-5,78472556986433	7,98843054886027	13,7731561187246	36,9367935042191	3,64988637146202
2005	13	Campo de Borja	-108	-7,45238752415126	6,21032293679271	13,662710460944	29,585798816568	2,27711841015733
2005	14	Aranda	-20	-2,5783163594173	5,93012762665979	8,50844398607709	26,3082642264798	1,93373726956298
2005	15	Ribera Alta del Ebro	-118	-4,79392228158199	9,0597005829897	13,8536228645717	38,4250883087792	4,95642812163562
2005	16	Valdejalón	-64	-2,43712038993926	9,36768149882904	11,8048018887683	41,5113520840393	3,54144056663049
2005	17	D.C. Zaragoza	543	0,775606808770785	10,20858538174	9,43297857296918	40,2316487092933	5,20213627540184
2005	18	Ribera Baja del Ebro	-28	-3,04017372421281	7,60043431053203	10,6406080347448	35,3803386403841	2,71444082519001
2005	19	Bajo Aragón-Caspe / Baix Aragó-Casp	-67	-4,99124669423027	7,59861437032071	12,589861064551	36,6576819407008	2,90535255335792
2005	20	Comunidad de Calatayud	-298	-7,32600732600733	6,44098630675812	13,7669936327654	31,3678539359473	3,39258057378863
2005	21	Campo de Cariñena	-78	-7,27578004757241	5,59675388274801	12,8725339303204	28,2021151586369	3,17149386689054
2005	22	Campo de Belchite	-74	-14,2075453585485	3,45588941153883	17,6634347700874	21,0035005834306	0,767975424786407
2005	23	Bajo Martín	-57	-7,84691629955947	6,33259911894273	14,1795154185022	32,9985652797704	3,16629955947137
2005	24	Campo de Daroca	-55	-8,39374284624189	3,51011064479206	11,903853491034	21,2373037857802	3,20488363220145
2005	25	Jiloca	-116	-8,31183720263686	6,23387790197764	14,5457151046145	34,0842311459354	2,50788191458871
2005	26	Cuencas Mineras	-68	-7,18588185564831	4,86103772587974	12,0469195815281	23,8527352864921	3,38159146148156
2005	27	Andorra-Sierra de Arcos	-47	-4,21884116511826	5,83456756878058	10,0534087338988	25,0433442496629	2,42358960549347
2005	28	Bajo Aragón	-29	-1,00259291270527	10,2679343128781	11,2705272255834	44,765995930364	4,28694900605013
2005	29	Comunidad de Teruel	-121	-2,68533827494757	9,23223737502635	11,9175756499739	39,0848874900174	4,8824332271774
2005	30	Maestrazgo	-22	-5,88550026752274	5,08293204922418	10,9684323167469	28,8534548215642	3,47779561262707
2005	31	Sierra de Albarracín	-33	-6,74570727718724	5,11038430089943	11,8560915780867	29,9760191846523	3,06623058053966
2005	32	Gúdar-Javalambre	-59	-6,95262785764789	6,36342210699976	13,3160499646477	32,8068043742406	2,71034645298138
2005	33	Matarraña / Matarranya	-72	-8,27443544216514	6,78044015399644	15,0548755961616	36,5325077399381	2,41337700396483
2004	01	La Jacetania	-42	-2,36273627362736	8,32583258325833	10,6885688568857	34,9551251771375	4,95049504950495
2004	02	Alto Gállego	-32	-2,47390800154619	8,11751063007344	10,5914186316196	33,408287825249	5,10243525318902
2004	03	Sobrarbe	-10	-1,41803743618832	8,65002836074872	10,068065796937	40,748162992652	3,11968235961429
2004	04	La Ribagorza	-84	-6,65241149916845	7,76114674902986	14,4135582481983	35,6752821259556	3,64298724954463
2004	05	Cinco Villas	-143	-4,30787769242356	6,98900436812773	11,2968820605513	31,4576271186441	4,12712757945474
2004	06	Hoya de Huesca / Plana de Uesca	-93	-1,47793819675648	9,48740971466258	10,9653479114191	39,8917510273629	4,78343437874947
2004	07	Somontano de Barbastro	-65	-2,78814395401707	8,36443186205122	11,1525758160683	36,9318181818182	3,56024535666795
2004	08	Cinca Medio	-53	-2,32736853661214	10,0559885827204	12,3833571193325	45,3689945517583	4,52299923152926
2004	09	La Litera / La Llitera	-95	-5,06288637817097	7,88744404178214	12,9503304199531	38,0188801241433	2,50479641867406
2004	10	Los Monegros	-135	-6,47482014388489	5,2757793764988	11,7505995203837	25,539818899466	2,35011990407674
2004	11	Bajo Cinca / Baix Cinca	-36	-1,54782122664832	8,81398198508072	10,361803211729	39,3625192012289	3,65457789625298
2004	12	Tarazona y el Moncayo	-91	-6,30871087386045	7,34860827065063	13,6573191445111	34,1000482547853	4,09026309404139
2004	13	Campo de Borja	-111	-7,71101076762765	7,36366794025703	15,0746787078847	35,2452202826268	3,47342827370615
2004	14	Aranda	-41	-5,18167456556082	6,06635071090047	11,2480252764613	26,5927977839335	3,03317535545024
2004	15	Ribera Alta del Ebro	-115	-4,80086833096769	8,55806963346414	13,3589379644318	36,7977023873631	4,96785505552309
2004	16	Valdejalón	-69	-2,69210510914731	9,05171572930688	11,7438208384542	40,7983821331223	4,01864965568366
2004	17	D.C. Zaragoza	604	0,873207773573176	10,1127290995768	9,23952132600359	39,6484635157616	5,37369750723758
2004	18	Ribera Baja del Ebro	-53	-5,74432341624668	6,28624071966618	12,0305641359129	28,971028971029	3,03473689914919
2004	19	Bajo Aragón-Caspe / Baix Aragó-Casp	-64	-4,89745944291399	8,80012243648607	13,6975818794001	41,6364952932657	4,05570860116315
2004	20	Comunidad de Calatayud	-242	-5,93202681668321	6,5448395043571	12,4768663210403	31,9856244384546	3,52980108100158
2004	21	Campo de Cariñena	-70	-6,48748841519926	5,83873957367933	12,3262279888786	29,2479108635097	2,87303058387396
2004	22	Campo de Belchite	-56	-10,6646353075605	4,95143782136736	15,6160731289278	30,267753201397	0,761759664825748
2004	23	Bajo Martín	-73	-10,0343642611684	4,81099656357388	14,8453608247423	25,0178699070765	2,61168384879725
2004	24	Campo de Daroca	-64	-9,88416988416988	4,78764478764479	14,6718146718147	29,2039566650966	2,16216216216216
2004	25	Jiloca	-91	-6,57015992202448	5,05396917078806	11,6241290928125	27,6352151598895	2,81578282372478
2004	26	Cuencas Mineras	-20	-2,12134068731438	7,31862537123462	9,439966058549	35,6220960247806	2,12134068731438
2004	27	Andorra-Sierra de Arcos	-26	-2,33215230748531	7,35524958514598	9,6874018926313	31,5566673080623	2,06305781046778
2004	28	Bajo Aragón	-92	-3,23607520357375	8,72333315745968	11,9594083610334	38,2686521101767	5,02998645772877
2004	29	Comunidad de Teruel	-104	-2,33847122443702	9,33139959751313	11,6698708219502	39,5596015442543	4,90179545122376
2004	30	Maestrazgo	-20	-5,34188034188034	5,87606837606838	11,2179487179487	33,2577475434618	0,801282051282051
2004	31	Sierra de Albarracín	-38	-7,76064535892985	4,90146022669254	12,6621055856224	29,0205562273277	1,63382007556418
2004	32	Gúdar-Javalambre	-37	-4,47346149195986	7,37516624350139	11,8486277354613	38,3527192706696	3,02260911618909
2004	33	Matarraña / Matarranya	-56	-6,44011270197229	5,98010465183141	12,4202173538037	32,1881770349737	1,72503018802829
2003	01	La Jacetania	-49	-2,80633429741416	8,30445863520518	11,1107929326193	34,9692511756903	3,89450473926863
2003	02	Alto Gállego	-33	-2,60437218846184	6,78715176387026	9,3915239523321	28,1183586725519	4,26169994475574
2003	03	Sobrarbe	-66	-9,52655889145497	5,05196304849885	14,5785219399538	24,2382271468144	2,02078521939954
2003	04	La Ribagorza	-79	-6,3678865065291	6,44849266483959	12,8163791713687	29,9793891699457	3,38545864904079
2003	05	Cinco Villas	-133	-4,05314804656549	7,03967818614006	11,0928262327056	31,7919075144509	3,53507649174133
2003	06	Hoya de Huesca / Plana de Uesca	-166	-2,67577936103678	9,09120216641413	11,7669815274509	38,0785200688654	4,48112447209775
2003	07	Somontano de Barbastro	-158	-6,81680904305807	6,55794287686599	13,3747519199241	28,8178974310361	3,36526016049702
2003	08	Cinca Medio	-48	-2,11957961670935	8,78742382760752	10,9070034443169	39,6730462519936	3,66510642055992
2003	09	La Litera / La Llitera	-123	-6,56875834445928	6,56875834445928	13,1375166889186	31,6846986089645	3,09746328437917
2003	10	Los Monegros	-164	-7,8388260879956	4,82756972492412	12,6663958129197	23,3742189308031	2,24649284229142
2003	11	Bajo Cinca / Baix Cinca	-57	-2,47653806047967	9,16753562738964	11,6440736878693	40,6150275601973	3,04136253041363
2003	12	Tarazona y el Moncayo	-91	-6,33528265107212	7,10108604845447	13,4363686995266	32,9883570504528	4,59482038429407
2003	13	Campo de Borja	-105	-7,32370788867964	7,88170468019809	15,2054125688777	37,8369328645572	3,90597754062914
2003	14	Aranda	-28	-3,48996634675309	7,97706593543562	11,4670322821887	34,944034944035	3,48996634675309
2003	15	Ribera Alta del Ebro	-171	-7,32836204679866	7,75692123082198	15,0852832776206	33,8064998132238	5,31413388188909
2003	16	Valdejalón	-109	-4,38138113996302	8,40099686469974	12,7823780046628	38,4155868026836	4,18040035372618
2003	17	D.C. Zaragoza	321	0,473412225538894	10,1127340514648	9,63932182592588	39,4708818060936	5,2724258763288
2003	18	Ribera Baja del Ebro	-49	-5,29100529100529	5,39898499082173	10,689990281827	24,7096614776378	3,1314112946766
2003	19	Bajo Aragón-Caspe / Baix Aragó-Casp	-75	-5,87015223261457	7,51379485774664	13,3839470903612	35,4178195904815	4,46131569678707
2003	20	Comunidad de Calatayud	-297	-7,32899022801303	6,9094857368473	14,2384759648603	34,0239382708549	3,60280327707038
2003	21	Campo de Cariñena	-93	-8,67780162358869	6,43836894653354	15,1161705701222	32,1154293693274	2,51936176168704
2003	22	Campo de Belchite	-65	-12,2445135160592	5,27455966845625	17,5190731845154	32,729398012858	0,565131393048884
2003	23	Bajo Martín	-58	-7,96484482285087	6,31694589398517	14,281790716836	32,8336902212705	2,60917330403735
2003	24	Campo de Daroca	-86	-13,3447125455815	4,03444797889673	17,3791605244782	24,9400479616307	2,32756614167119
2003	25	Jiloca	-97	-7,03893182395414	5,5150393672218	12,5539711911759	30,2668259657507	3,33805014331846
2003	26	Cuencas Mineras	-52	-5,50759942805698	6,35492241698883	11,8625218450458	30,9837335398916	2,75379971402849
2003	27	Andorra-Sierra de Arcos	-34	-3,05247564752884	6,01517259954213	9,06764824707097	25,4973923121499	4,04004129819994
2003	28	Bajo Aragón	-125	-4,47691701586619	8,73894201497081	13,215859030837	38,6504039284017	5,87371512481645
2003	29	Comunidad de Teruel	-168	-3,81839877265754	8,04591169952838	11,8643104721859	34,2840540409665	4,93209841468265
2003	30	Maestrazgo	-38	-10,2150537634409	5,91397849462366	16,1290322580645	33,4346504559271	2,68817204301075
2003	31	Sierra de Albarracín	-43	-8,72210953346856	4,25963488843813	12,9817444219067	25,2403846153846	2,23123732251521
2003	32	Gúdar-Javalambre	-61	-7,53225906031981	7,40877940359326	14,9410384639131	38,9105058365759	3,08699141816386
2003	33	Matarraña / Matarranya	-96	-11,0344827586207	5,28735632183908	16,3218390804598	28,8040075140889	2,41379310344828