Comarca codigo	Comarca nombre	Superficie agrícola utilizada código	Superficie agrícola utilizada	Explotaciones
01	La Jacetania	01	a) Sin SAU	13
01	La Jacetania	02	b) <2 Ha de SAU	5
01	La Jacetania	03	b) <2 Ha de SAU	2
01	La Jacetania	04	b) <2 Ha de SAU	3
01	La Jacetania	05	b) <2 Ha de SAU	30
01	La Jacetania	06	c) >=2 a <5 Ha de SAU	15
01	La Jacetania	07	c) >=2 a <5 Ha de SAU	17
01	La Jacetania	08	c) >=2 a <5 Ha de SAU	18
01	La Jacetania	09	d) >=5 a < 10 Ha de SAU	81
01	La Jacetania	10	e) >=10 a <20 Ha de SAU	102
01	La Jacetania	11	f) >=20 a < 30 Ha de SAU	81
01	La Jacetania	12	g) >=30 a < 50 Ha de SAU	87
01	La Jacetania	13	h) >=50 a < 100 Ha de SAU	57
01	La Jacetania	14	h) >=50 a < 100 Ha de SAU	59
01	La Jacetania	15	i) >=100 Ha de SAU	49
01	La Jacetania	16	i) >=100 Ha de SAU	30
01	La Jacetania	17	i) >=100 Ha de SAU	23
01	La Jacetania	18	i) >=100 Ha de SAU	13
01	La Jacetania	19	i) >=100 Ha de SAU	6
01	La Jacetania	20	i) >=100 Ha de SAU	4
01	La Jacetania	21	i) >=100 Ha de SAU	4
02	Alto Gállego	01	a) Sin SAU	14
02	Alto Gállego	02	b) <2 Ha de SAU	2
02	Alto Gállego	04	b) <2 Ha de SAU	2
02	Alto Gállego	05	b) <2 Ha de SAU	16
02	Alto Gállego	06	c) >=2 a <5 Ha de SAU	13
02	Alto Gállego	07	c) >=2 a <5 Ha de SAU	19
02	Alto Gállego	08	c) >=2 a <5 Ha de SAU	12
02	Alto Gállego	09	d) >=5 a < 10 Ha de SAU	53
02	Alto Gállego	10	e) >=10 a <20 Ha de SAU	59
02	Alto Gállego	11	f) >=20 a < 30 Ha de SAU	33
02	Alto Gállego	12	g) >=30 a < 50 Ha de SAU	78
02	Alto Gállego	13	h) >=50 a < 100 Ha de SAU	23
02	Alto Gállego	14	h) >=50 a < 100 Ha de SAU	33
02	Alto Gállego	15	i) >=100 Ha de SAU	22
02	Alto Gállego	16	i) >=100 Ha de SAU	14
02	Alto Gállego	17	i) >=100 Ha de SAU	18
02	Alto Gállego	18	i) >=100 Ha de SAU	12
02	Alto Gállego	19	i) >=100 Ha de SAU	8
02	Alto Gállego	20	i) >=100 Ha de SAU	2
02	Alto Gállego	21	i) >=100 Ha de SAU	2
03	Sobrarbe	01	a) Sin SAU	34
03	Sobrarbe	02	b) <2 Ha de SAU	15
03	Sobrarbe	03	b) <2 Ha de SAU	1
03	Sobrarbe	04	b) <2 Ha de SAU	2
03	Sobrarbe	05	b) <2 Ha de SAU	25
03	Sobrarbe	06	c) >=2 a <5 Ha de SAU	29
03	Sobrarbe	07	c) >=2 a <5 Ha de SAU	21
03	Sobrarbe	08	c) >=2 a <5 Ha de SAU	22
03	Sobrarbe	09	d) >=5 a < 10 Ha de SAU	97
03	Sobrarbe	10	e) >=10 a <20 Ha de SAU	125
03	Sobrarbe	11	f) >=20 a < 30 Ha de SAU	79
03	Sobrarbe	12	g) >=30 a < 50 Ha de SAU	138
03	Sobrarbe	13	h) >=50 a < 100 Ha de SAU	63
03	Sobrarbe	14	h) >=50 a < 100 Ha de SAU	46
03	Sobrarbe	15	i) >=100 Ha de SAU	41
03	Sobrarbe	16	i) >=100 Ha de SAU	23
03	Sobrarbe	17	i) >=100 Ha de SAU	21
03	Sobrarbe	18	i) >=100 Ha de SAU	15
03	Sobrarbe	19	i) >=100 Ha de SAU	7
03	Sobrarbe	20	i) >=100 Ha de SAU	3
03	Sobrarbe	21	i) >=100 Ha de SAU	5
04	La Ribagorza	01	a) Sin SAU	46
04	La Ribagorza	02	b) <2 Ha de SAU	6
04	La Ribagorza	03	b) <2 Ha de SAU	1
04	La Ribagorza	05	b) <2 Ha de SAU	77
04	La Ribagorza	06	c) >=2 a <5 Ha de SAU	50
04	La Ribagorza	07	c) >=2 a <5 Ha de SAU	57
04	La Ribagorza	08	c) >=2 a <5 Ha de SAU	38
04	La Ribagorza	09	d) >=5 a < 10 Ha de SAU	164
04	La Ribagorza	10	e) >=10 a <20 Ha de SAU	237
04	La Ribagorza	11	f) >=20 a < 30 Ha de SAU	177
04	La Ribagorza	12	g) >=30 a < 50 Ha de SAU	297
04	La Ribagorza	13	h) >=50 a < 100 Ha de SAU	124
04	La Ribagorza	14	h) >=50 a < 100 Ha de SAU	92
04	La Ribagorza	15	i) >=100 Ha de SAU	96
04	La Ribagorza	16	i) >=100 Ha de SAU	52
04	La Ribagorza	17	i) >=100 Ha de SAU	37
04	La Ribagorza	18	i) >=100 Ha de SAU	21
04	La Ribagorza	19	i) >=100 Ha de SAU	12
04	La Ribagorza	20	i) >=100 Ha de SAU	2
05	Cinco Villas	01	a) Sin SAU	118
05	Cinco Villas	02	b) <2 Ha de SAU	10
05	Cinco Villas	03	b) <2 Ha de SAU	9
05	Cinco Villas	04	b) <2 Ha de SAU	5
05	Cinco Villas	05	b) <2 Ha de SAU	158
05	Cinco Villas	06	c) >=2 a <5 Ha de SAU	116
05	Cinco Villas	07	c) >=2 a <5 Ha de SAU	120
05	Cinco Villas	08	c) >=2 a <5 Ha de SAU	105
05	Cinco Villas	09	d) >=5 a < 10 Ha de SAU	352
05	Cinco Villas	10	e) >=10 a <20 Ha de SAU	692
05	Cinco Villas	11	f) >=20 a < 30 Ha de SAU	426
05	Cinco Villas	12	g) >=30 a < 50 Ha de SAU	476
05	Cinco Villas	13	h) >=50 a < 100 Ha de SAU	263
05	Cinco Villas	14	h) >=50 a < 100 Ha de SAU	228
05	Cinco Villas	15	i) >=100 Ha de SAU	177
05	Cinco Villas	16	i) >=100 Ha de SAU	99
05	Cinco Villas	17	i) >=100 Ha de SAU	71
05	Cinco Villas	18	i) >=100 Ha de SAU	53
05	Cinco Villas	19	i) >=100 Ha de SAU	11
05	Cinco Villas	20	i) >=100 Ha de SAU	1
05	Cinco Villas	21	i) >=100 Ha de SAU	1
06	Hoya de Huesca / Plana de Uesca	01	a) Sin SAU	63
06	Hoya de Huesca / Plana de Uesca	02	b) <2 Ha de SAU	8
06	Hoya de Huesca / Plana de Uesca	03	b) <2 Ha de SAU	16
06	Hoya de Huesca / Plana de Uesca	04	b) <2 Ha de SAU	23
06	Hoya de Huesca / Plana de Uesca	05	b) <2 Ha de SAU	224
06	Hoya de Huesca / Plana de Uesca	06	c) >=2 a <5 Ha de SAU	119
06	Hoya de Huesca / Plana de Uesca	07	c) >=2 a <5 Ha de SAU	110
06	Hoya de Huesca / Plana de Uesca	08	c) >=2 a <5 Ha de SAU	75
06	Hoya de Huesca / Plana de Uesca	09	d) >=5 a < 10 Ha de SAU	269
06	Hoya de Huesca / Plana de Uesca	10	e) >=10 a <20 Ha de SAU	321
06	Hoya de Huesca / Plana de Uesca	11	f) >=20 a < 30 Ha de SAU	214
06	Hoya de Huesca / Plana de Uesca	12	g) >=30 a < 50 Ha de SAU	303
06	Hoya de Huesca / Plana de Uesca	13	h) >=50 a < 100 Ha de SAU	188
06	Hoya de Huesca / Plana de Uesca	14	h) >=50 a < 100 Ha de SAU	188
06	Hoya de Huesca / Plana de Uesca	15	i) >=100 Ha de SAU	217
06	Hoya de Huesca / Plana de Uesca	16	i) >=100 Ha de SAU	85
06	Hoya de Huesca / Plana de Uesca	17	i) >=100 Ha de SAU	61
06	Hoya de Huesca / Plana de Uesca	18	i) >=100 Ha de SAU	38
06	Hoya de Huesca / Plana de Uesca	19	i) >=100 Ha de SAU	20
06	Hoya de Huesca / Plana de Uesca	20	i) >=100 Ha de SAU	5
07	Somontano de Barbastro	01	a) Sin SAU	42
07	Somontano de Barbastro	02	b) <2 Ha de SAU	7
07	Somontano de Barbastro	03	b) <2 Ha de SAU	14
07	Somontano de Barbastro	04	b) <2 Ha de SAU	7
07	Somontano de Barbastro	05	b) <2 Ha de SAU	212
07	Somontano de Barbastro	06	c) >=2 a <5 Ha de SAU	164
07	Somontano de Barbastro	07	c) >=2 a <5 Ha de SAU	145
07	Somontano de Barbastro	08	c) >=2 a <5 Ha de SAU	91
07	Somontano de Barbastro	09	d) >=5 a < 10 Ha de SAU	340
07	Somontano de Barbastro	10	e) >=10 a <20 Ha de SAU	304
07	Somontano de Barbastro	11	f) >=20 a < 30 Ha de SAU	184
07	Somontano de Barbastro	12	g) >=30 a < 50 Ha de SAU	241
07	Somontano de Barbastro	13	h) >=50 a < 100 Ha de SAU	112
07	Somontano de Barbastro	14	h) >=50 a < 100 Ha de SAU	80
07	Somontano de Barbastro	15	i) >=100 Ha de SAU	78
07	Somontano de Barbastro	16	i) >=100 Ha de SAU	28
07	Somontano de Barbastro	17	i) >=100 Ha de SAU	22
07	Somontano de Barbastro	18	i) >=100 Ha de SAU	10
07	Somontano de Barbastro	19	i) >=100 Ha de SAU	3
07	Somontano de Barbastro	20	i) >=100 Ha de SAU	3
08	Cinca Medio	01	a) Sin SAU	58
08	Cinca Medio	02	b) <2 Ha de SAU	8
08	Cinca Medio	03	b) <2 Ha de SAU	13
08	Cinca Medio	04	b) <2 Ha de SAU	21
08	Cinca Medio	05	b) <2 Ha de SAU	141
08	Cinca Medio	06	c) >=2 a <5 Ha de SAU	103
08	Cinca Medio	07	c) >=2 a <5 Ha de SAU	73
08	Cinca Medio	08	c) >=2 a <5 Ha de SAU	63
08	Cinca Medio	09	d) >=5 a < 10 Ha de SAU	235
08	Cinca Medio	10	e) >=10 a <20 Ha de SAU	254
08	Cinca Medio	11	f) >=20 a < 30 Ha de SAU	178
08	Cinca Medio	12	g) >=30 a < 50 Ha de SAU	174
08	Cinca Medio	13	h) >=50 a < 100 Ha de SAU	106
08	Cinca Medio	14	h) >=50 a < 100 Ha de SAU	75
08	Cinca Medio	15	i) >=100 Ha de SAU	39
08	Cinca Medio	16	i) >=100 Ha de SAU	18
08	Cinca Medio	17	i) >=100 Ha de SAU	17
08	Cinca Medio	18	i) >=100 Ha de SAU	6
08	Cinca Medio	19	i) >=100 Ha de SAU	2
09	La Litera / La Llitera	01	a) Sin SAU	86
09	La Litera / La Llitera	02	b) <2 Ha de SAU	12
09	La Litera / La Llitera	03	b) <2 Ha de SAU	21
09	La Litera / La Llitera	04	b) <2 Ha de SAU	23
09	La Litera / La Llitera	05	b) <2 Ha de SAU	243
09	La Litera / La Llitera	06	c) >=2 a <5 Ha de SAU	164
09	La Litera / La Llitera	07	c) >=2 a <5 Ha de SAU	120
09	La Litera / La Llitera	08	c) >=2 a <5 Ha de SAU	97
09	La Litera / La Llitera	09	d) >=5 a < 10 Ha de SAU	404
09	La Litera / La Llitera	10	e) >=10 a <20 Ha de SAU	366
09	La Litera / La Llitera	11	f) >=20 a < 30 Ha de SAU	178
09	La Litera / La Llitera	12	g) >=30 a < 50 Ha de SAU	200
09	La Litera / La Llitera	13	h) >=50 a < 100 Ha de SAU	68
09	La Litera / La Llitera	14	h) >=50 a < 100 Ha de SAU	62
09	La Litera / La Llitera	15	i) >=100 Ha de SAU	32
09	La Litera / La Llitera	16	i) >=100 Ha de SAU	17
09	La Litera / La Llitera	17	i) >=100 Ha de SAU	5
09	La Litera / La Llitera	18	i) >=100 Ha de SAU	6
09	La Litera / La Llitera	19	i) >=100 Ha de SAU	7
09	La Litera / La Llitera	20	i) >=100 Ha de SAU	1
10	Los Monegros	01	a) Sin SAU	138
10	Los Monegros	02	b) <2 Ha de SAU	8
10	Los Monegros	03	b) <2 Ha de SAU	13
10	Los Monegros	04	b) <2 Ha de SAU	4
10	Los Monegros	05	b) <2 Ha de SAU	110
10	Los Monegros	06	c) >=2 a <5 Ha de SAU	70
10	Los Monegros	07	c) >=2 a <5 Ha de SAU	50
10	Los Monegros	08	c) >=2 a <5 Ha de SAU	50
10	Los Monegros	09	d) >=5 a < 10 Ha de SAU	233
10	Los Monegros	10	e) >=10 a <20 Ha de SAU	532
10	Los Monegros	11	f) >=20 a < 30 Ha de SAU	402
10	Los Monegros	12	g) >=30 a < 50 Ha de SAU	542
10	Los Monegros	13	h) >=50 a < 100 Ha de SAU	348
10	Los Monegros	14	h) >=50 a < 100 Ha de SAU	315
10	Los Monegros	15	i) >=100 Ha de SAU	222
10	Los Monegros	16	i) >=100 Ha de SAU	116
10	Los Monegros	17	i) >=100 Ha de SAU	76
10	Los Monegros	18	i) >=100 Ha de SAU	47
10	Los Monegros	19	i) >=100 Ha de SAU	13
10	Los Monegros	20	i) >=100 Ha de SAU	9
10	Los Monegros	21	i) >=100 Ha de SAU	1
11	Bajo Cinca / Baix Cinca	01	a) Sin SAU	63
11	Bajo Cinca / Baix Cinca	02	b) <2 Ha de SAU	17
11	Bajo Cinca / Baix Cinca	03	b) <2 Ha de SAU	61
11	Bajo Cinca / Baix Cinca	04	b) <2 Ha de SAU	77
11	Bajo Cinca / Baix Cinca	05	b) <2 Ha de SAU	259
11	Bajo Cinca / Baix Cinca	06	c) >=2 a <5 Ha de SAU	139
11	Bajo Cinca / Baix Cinca	07	c) >=2 a <5 Ha de SAU	140
11	Bajo Cinca / Baix Cinca	08	c) >=2 a <5 Ha de SAU	107
11	Bajo Cinca / Baix Cinca	09	d) >=5 a < 10 Ha de SAU	393
11	Bajo Cinca / Baix Cinca	10	e) >=10 a <20 Ha de SAU	357
11	Bajo Cinca / Baix Cinca	11	f) >=20 a < 30 Ha de SAU	184
11	Bajo Cinca / Baix Cinca	12	g) >=30 a < 50 Ha de SAU	229
11	Bajo Cinca / Baix Cinca	13	h) >=50 a < 100 Ha de SAU	113
11	Bajo Cinca / Baix Cinca	14	h) >=50 a < 100 Ha de SAU	111
11	Bajo Cinca / Baix Cinca	15	i) >=100 Ha de SAU	78
11	Bajo Cinca / Baix Cinca	16	i) >=100 Ha de SAU	25
11	Bajo Cinca / Baix Cinca	17	i) >=100 Ha de SAU	27
11	Bajo Cinca / Baix Cinca	18	i) >=100 Ha de SAU	14
11	Bajo Cinca / Baix Cinca	19	i) >=100 Ha de SAU	9
11	Bajo Cinca / Baix Cinca	20	i) >=100 Ha de SAU	1
11	Bajo Cinca / Baix Cinca	21	i) >=100 Ha de SAU	1
12	Tarazona y el Moncayo	01	a) Sin SAU	25
12	Tarazona y el Moncayo	02	b) <2 Ha de SAU	1
12	Tarazona y el Moncayo	03	b) <2 Ha de SAU	20
12	Tarazona y el Moncayo	04	b) <2 Ha de SAU	45
12	Tarazona y el Moncayo	05	b) <2 Ha de SAU	155
12	Tarazona y el Moncayo	06	c) >=2 a <5 Ha de SAU	84
12	Tarazona y el Moncayo	07	c) >=2 a <5 Ha de SAU	75
12	Tarazona y el Moncayo	08	c) >=2 a <5 Ha de SAU	56
12	Tarazona y el Moncayo	09	d) >=5 a < 10 Ha de SAU	122
12	Tarazona y el Moncayo	10	e) >=10 a <20 Ha de SAU	85
12	Tarazona y el Moncayo	11	f) >=20 a < 30 Ha de SAU	39
12	Tarazona y el Moncayo	12	g) >=30 a < 50 Ha de SAU	37
12	Tarazona y el Moncayo	13	h) >=50 a < 100 Ha de SAU	19
12	Tarazona y el Moncayo	14	h) >=50 a < 100 Ha de SAU	21
12	Tarazona y el Moncayo	15	i) >=100 Ha de SAU	19
12	Tarazona y el Moncayo	16	i) >=100 Ha de SAU	9
12	Tarazona y el Moncayo	17	i) >=100 Ha de SAU	5
12	Tarazona y el Moncayo	18	i) >=100 Ha de SAU	2
12	Tarazona y el Moncayo	19	i) >=100 Ha de SAU	3
13	Campo de Borja	01	a) Sin SAU	37
13	Campo de Borja	02	b) <2 Ha de SAU	1
13	Campo de Borja	03	b) <2 Ha de SAU	14
13	Campo de Borja	04	b) <2 Ha de SAU	25
13	Campo de Borja	05	b) <2 Ha de SAU	253
13	Campo de Borja	06	c) >=2 a <5 Ha de SAU	166
13	Campo de Borja	07	c) >=2 a <5 Ha de SAU	127
13	Campo de Borja	08	c) >=2 a <5 Ha de SAU	115
13	Campo de Borja	09	d) >=5 a < 10 Ha de SAU	286
13	Campo de Borja	10	e) >=10 a <20 Ha de SAU	272
13	Campo de Borja	11	f) >=20 a < 30 Ha de SAU	142
13	Campo de Borja	12	g) >=30 a < 50 Ha de SAU	152
13	Campo de Borja	13	h) >=50 a < 100 Ha de SAU	60
13	Campo de Borja	14	h) >=50 a < 100 Ha de SAU	44
13	Campo de Borja	15	i) >=100 Ha de SAU	45
13	Campo de Borja	16	i) >=100 Ha de SAU	12
13	Campo de Borja	17	i) >=100 Ha de SAU	12
13	Campo de Borja	18	i) >=100 Ha de SAU	4
13	Campo de Borja	19	i) >=100 Ha de SAU	6
13	Campo de Borja	21	i) >=100 Ha de SAU	1
14	Aranda	01	a) Sin SAU	15
14	Aranda	02	b) <2 Ha de SAU	1
14	Aranda	03	b) <2 Ha de SAU	8
14	Aranda	04	b) <2 Ha de SAU	3
14	Aranda	05	b) <2 Ha de SAU	158
14	Aranda	06	c) >=2 a <5 Ha de SAU	109
14	Aranda	07	c) >=2 a <5 Ha de SAU	59
14	Aranda	08	c) >=2 a <5 Ha de SAU	49
14	Aranda	09	d) >=5 a < 10 Ha de SAU	116
14	Aranda	10	e) >=10 a <20 Ha de SAU	56
14	Aranda	11	f) >=20 a < 30 Ha de SAU	28
14	Aranda	12	g) >=30 a < 50 Ha de SAU	23
14	Aranda	13	h) >=50 a < 100 Ha de SAU	14
14	Aranda	14	h) >=50 a < 100 Ha de SAU	7
14	Aranda	15	i) >=100 Ha de SAU	14
14	Aranda	16	i) >=100 Ha de SAU	3
14	Aranda	17	i) >=100 Ha de SAU	5
14	Aranda	18	i) >=100 Ha de SAU	6
14	Aranda	19	i) >=100 Ha de SAU	8
14	Aranda	20	i) >=100 Ha de SAU	2
14	Aranda	21	i) >=100 Ha de SAU	1
15	Ribera Alta del Ebro	01	a) Sin SAU	37
15	Ribera Alta del Ebro	02	b) <2 Ha de SAU	4
15	Ribera Alta del Ebro	03	b) <2 Ha de SAU	23
15	Ribera Alta del Ebro	04	b) <2 Ha de SAU	14
15	Ribera Alta del Ebro	05	b) <2 Ha de SAU	171
15	Ribera Alta del Ebro	06	c) >=2 a <5 Ha de SAU	105
15	Ribera Alta del Ebro	07	c) >=2 a <5 Ha de SAU	78
15	Ribera Alta del Ebro	08	c) >=2 a <5 Ha de SAU	64
15	Ribera Alta del Ebro	09	d) >=5 a < 10 Ha de SAU	195
15	Ribera Alta del Ebro	10	e) >=10 a <20 Ha de SAU	133
15	Ribera Alta del Ebro	11	f) >=20 a < 30 Ha de SAU	70
15	Ribera Alta del Ebro	12	g) >=30 a < 50 Ha de SAU	83
15	Ribera Alta del Ebro	13	h) >=50 a < 100 Ha de SAU	51
15	Ribera Alta del Ebro	14	h) >=50 a < 100 Ha de SAU	31
15	Ribera Alta del Ebro	15	i) >=100 Ha de SAU	20
15	Ribera Alta del Ebro	16	i) >=100 Ha de SAU	9
15	Ribera Alta del Ebro	17	i) >=100 Ha de SAU	4
15	Ribera Alta del Ebro	18	i) >=100 Ha de SAU	8
15	Ribera Alta del Ebro	19	i) >=100 Ha de SAU	6
15	Ribera Alta del Ebro	20	i) >=100 Ha de SAU	1
16	Valdejalón	01	a) Sin SAU	35
16	Valdejalón	02	b) <2 Ha de SAU	4
16	Valdejalón	03	b) <2 Ha de SAU	45
16	Valdejalón	04	b) <2 Ha de SAU	71
16	Valdejalón	05	b) <2 Ha de SAU	507
16	Valdejalón	06	c) >=2 a <5 Ha de SAU	320
16	Valdejalón	07	c) >=2 a <5 Ha de SAU	179
16	Valdejalón	08	c) >=2 a <5 Ha de SAU	137
16	Valdejalón	09	d) >=5 a < 10 Ha de SAU	375
16	Valdejalón	10	e) >=10 a <20 Ha de SAU	296
16	Valdejalón	11	f) >=20 a < 30 Ha de SAU	132
16	Valdejalón	12	g) >=30 a < 50 Ha de SAU	134
16	Valdejalón	13	h) >=50 a < 100 Ha de SAU	82
16	Valdejalón	14	h) >=50 a < 100 Ha de SAU	63
16	Valdejalón	15	i) >=100 Ha de SAU	60
16	Valdejalón	16	i) >=100 Ha de SAU	27
16	Valdejalón	17	i) >=100 Ha de SAU	26
16	Valdejalón	18	i) >=100 Ha de SAU	11
16	Valdejalón	19	i) >=100 Ha de SAU	10
16	Valdejalón	20	i) >=100 Ha de SAU	1
17	D.C. Zaragoza	01	a) Sin SAU	58
17	D.C. Zaragoza	02	b) <2 Ha de SAU	6
17	D.C. Zaragoza	03	b) <2 Ha de SAU	25
17	D.C. Zaragoza	04	b) <2 Ha de SAU	37
17	D.C. Zaragoza	05	b) <2 Ha de SAU	265
17	D.C. Zaragoza	06	c) >=2 a <5 Ha de SAU	173
17	D.C. Zaragoza	07	c) >=2 a <5 Ha de SAU	140
17	D.C. Zaragoza	08	c) >=2 a <5 Ha de SAU	106
17	D.C. Zaragoza	09	d) >=5 a < 10 Ha de SAU	360
17	D.C. Zaragoza	10	e) >=10 a <20 Ha de SAU	383
17	D.C. Zaragoza	11	f) >=20 a < 30 Ha de SAU	216
17	D.C. Zaragoza	12	g) >=30 a < 50 Ha de SAU	267
17	D.C. Zaragoza	13	h) >=50 a < 100 Ha de SAU	155
17	D.C. Zaragoza	14	h) >=50 a < 100 Ha de SAU	156
17	D.C. Zaragoza	15	i) >=100 Ha de SAU	130
17	D.C. Zaragoza	16	i) >=100 Ha de SAU	46
17	D.C. Zaragoza	17	i) >=100 Ha de SAU	46
17	D.C. Zaragoza	18	i) >=100 Ha de SAU	21
17	D.C. Zaragoza	19	i) >=100 Ha de SAU	14
17	D.C. Zaragoza	20	i) >=100 Ha de SAU	4
17	D.C. Zaragoza	21	i) >=100 Ha de SAU	1
18	Ribera Baja del Ebro	01	a) Sin SAU	31
18	Ribera Baja del Ebro	02	b) <2 Ha de SAU	1
18	Ribera Baja del Ebro	03	b) <2 Ha de SAU	4
18	Ribera Baja del Ebro	04	b) <2 Ha de SAU	4
18	Ribera Baja del Ebro	05	b) <2 Ha de SAU	84
18	Ribera Baja del Ebro	06	c) >=2 a <5 Ha de SAU	63
18	Ribera Baja del Ebro	07	c) >=2 a <5 Ha de SAU	40
18	Ribera Baja del Ebro	08	c) >=2 a <5 Ha de SAU	29
18	Ribera Baja del Ebro	09	d) >=5 a < 10 Ha de SAU	122
18	Ribera Baja del Ebro	10	e) >=10 a <20 Ha de SAU	137
18	Ribera Baja del Ebro	11	f) >=20 a < 30 Ha de SAU	108
18	Ribera Baja del Ebro	12	g) >=30 a < 50 Ha de SAU	132
18	Ribera Baja del Ebro	13	h) >=50 a < 100 Ha de SAU	87
18	Ribera Baja del Ebro	14	h) >=50 a < 100 Ha de SAU	74
18	Ribera Baja del Ebro	15	i) >=100 Ha de SAU	76
18	Ribera Baja del Ebro	16	i) >=100 Ha de SAU	32
18	Ribera Baja del Ebro	17	i) >=100 Ha de SAU	34
18	Ribera Baja del Ebro	18	i) >=100 Ha de SAU	12
18	Ribera Baja del Ebro	19	i) >=100 Ha de SAU	8
18	Ribera Baja del Ebro	20	i) >=100 Ha de SAU	1
19	Bajo Aragón-Caspe / Baix Aragó-Casp	01	a) Sin SAU	56
19	Bajo Aragón-Caspe / Baix Aragó-Casp	02	b) <2 Ha de SAU	7
19	Bajo Aragón-Caspe / Baix Aragó-Casp	03	b) <2 Ha de SAU	27
19	Bajo Aragón-Caspe / Baix Aragó-Casp	04	b) <2 Ha de SAU	17
19	Bajo Aragón-Caspe / Baix Aragó-Casp	05	b) <2 Ha de SAU	186
19	Bajo Aragón-Caspe / Baix Aragó-Casp	06	c) >=2 a <5 Ha de SAU	134
19	Bajo Aragón-Caspe / Baix Aragó-Casp	07	c) >=2 a <5 Ha de SAU	123
19	Bajo Aragón-Caspe / Baix Aragó-Casp	08	c) >=2 a <5 Ha de SAU	79
19	Bajo Aragón-Caspe / Baix Aragó-Casp	09	d) >=5 a < 10 Ha de SAU	265
19	Bajo Aragón-Caspe / Baix Aragó-Casp	10	e) >=10 a <20 Ha de SAU	287
19	Bajo Aragón-Caspe / Baix Aragó-Casp	11	f) >=20 a < 30 Ha de SAU	127
19	Bajo Aragón-Caspe / Baix Aragó-Casp	12	g) >=30 a < 50 Ha de SAU	122
19	Bajo Aragón-Caspe / Baix Aragó-Casp	13	h) >=50 a < 100 Ha de SAU	50
19	Bajo Aragón-Caspe / Baix Aragó-Casp	14	h) >=50 a < 100 Ha de SAU	35
19	Bajo Aragón-Caspe / Baix Aragó-Casp	15	i) >=100 Ha de SAU	43
19	Bajo Aragón-Caspe / Baix Aragó-Casp	16	i) >=100 Ha de SAU	19
19	Bajo Aragón-Caspe / Baix Aragó-Casp	17	i) >=100 Ha de SAU	22
19	Bajo Aragón-Caspe / Baix Aragó-Casp	18	i) >=100 Ha de SAU	12
19	Bajo Aragón-Caspe / Baix Aragó-Casp	19	i) >=100 Ha de SAU	4
19	Bajo Aragón-Caspe / Baix Aragó-Casp	20	i) >=100 Ha de SAU	2
20	Comunidad de Calatayud	01	a) Sin SAU	55
20	Comunidad de Calatayud	02	b) <2 Ha de SAU	2
20	Comunidad de Calatayud	03	b) <2 Ha de SAU	44
20	Comunidad de Calatayud	04	b) <2 Ha de SAU	80
20	Comunidad de Calatayud	05	b) <2 Ha de SAU	442
20	Comunidad de Calatayud	06	c) >=2 a <5 Ha de SAU	366
20	Comunidad de Calatayud	07	c) >=2 a <5 Ha de SAU	275
20	Comunidad de Calatayud	08	c) >=2 a <5 Ha de SAU	214
20	Comunidad de Calatayud	09	d) >=5 a < 10 Ha de SAU	631
20	Comunidad de Calatayud	10	e) >=10 a <20 Ha de SAU	426
20	Comunidad de Calatayud	11	f) >=20 a < 30 Ha de SAU	202
20	Comunidad de Calatayud	12	g) >=30 a < 50 Ha de SAU	175
20	Comunidad de Calatayud	13	h) >=50 a < 100 Ha de SAU	98
20	Comunidad de Calatayud	14	h) >=50 a < 100 Ha de SAU	89
20	Comunidad de Calatayud	15	i) >=100 Ha de SAU	90
20	Comunidad de Calatayud	16	i) >=100 Ha de SAU	57
20	Comunidad de Calatayud	17	i) >=100 Ha de SAU	51
20	Comunidad de Calatayud	18	i) >=100 Ha de SAU	36
20	Comunidad de Calatayud	19	i) >=100 Ha de SAU	16
20	Comunidad de Calatayud	20	i) >=100 Ha de SAU	5
20	Comunidad de Calatayud	21	i) >=100 Ha de SAU	1
21	Campo de Cariñena	01	a) Sin SAU	11
21	Campo de Cariñena	03	b) <2 Ha de SAU	2
21	Campo de Cariñena	04	b) <2 Ha de SAU	2
21	Campo de Cariñena	05	b) <2 Ha de SAU	301
21	Campo de Cariñena	06	c) >=2 a <5 Ha de SAU	206
21	Campo de Cariñena	07	c) >=2 a <5 Ha de SAU	183
21	Campo de Cariñena	08	c) >=2 a <5 Ha de SAU	138
21	Campo de Cariñena	09	d) >=5 a < 10 Ha de SAU	357
21	Campo de Cariñena	10	e) >=10 a <20 Ha de SAU	306
21	Campo de Cariñena	11	f) >=20 a < 30 Ha de SAU	133
21	Campo de Cariñena	12	g) >=30 a < 50 Ha de SAU	114
21	Campo de Cariñena	13	h) >=50 a < 100 Ha de SAU	67
21	Campo de Cariñena	14	h) >=50 a < 100 Ha de SAU	57
21	Campo de Cariñena	15	i) >=100 Ha de SAU	51
21	Campo de Cariñena	16	i) >=100 Ha de SAU	24
21	Campo de Cariñena	17	i) >=100 Ha de SAU	14
21	Campo de Cariñena	18	i) >=100 Ha de SAU	7
21	Campo de Cariñena	19	i) >=100 Ha de SAU	2
21	Campo de Cariñena	20	i) >=100 Ha de SAU	1
22	Campo de Belchite	01	a) Sin SAU	24
22	Campo de Belchite	02	b) <2 Ha de SAU	1
22	Campo de Belchite	03	b) <2 Ha de SAU	5
22	Campo de Belchite	04	b) <2 Ha de SAU	12
22	Campo de Belchite	05	b) <2 Ha de SAU	101
22	Campo de Belchite	06	c) >=2 a <5 Ha de SAU	67
22	Campo de Belchite	07	c) >=2 a <5 Ha de SAU	40
22	Campo de Belchite	08	c) >=2 a <5 Ha de SAU	32
22	Campo de Belchite	09	d) >=5 a < 10 Ha de SAU	76
22	Campo de Belchite	10	e) >=10 a <20 Ha de SAU	94
22	Campo de Belchite	11	f) >=20 a < 30 Ha de SAU	80
22	Campo de Belchite	12	g) >=30 a < 50 Ha de SAU	157
22	Campo de Belchite	13	h) >=50 a < 100 Ha de SAU	105
22	Campo de Belchite	14	h) >=50 a < 100 Ha de SAU	91
22	Campo de Belchite	15	i) >=100 Ha de SAU	109
22	Campo de Belchite	16	i) >=100 Ha de SAU	58
22	Campo de Belchite	17	i) >=100 Ha de SAU	47
22	Campo de Belchite	18	i) >=100 Ha de SAU	21
22	Campo de Belchite	19	i) >=100 Ha de SAU	8
22	Campo de Belchite	20	i) >=100 Ha de SAU	2
23	Bajo Martín	01	a) Sin SAU	50
23	Bajo Martín	02	b) <2 Ha de SAU	1
23	Bajo Martín	03	b) <2 Ha de SAU	7
23	Bajo Martín	04	b) <2 Ha de SAU	5
23	Bajo Martín	05	b) <2 Ha de SAU	190
23	Bajo Martín	06	c) >=2 a <5 Ha de SAU	76
23	Bajo Martín	07	c) >=2 a <5 Ha de SAU	47
23	Bajo Martín	08	c) >=2 a <5 Ha de SAU	26
23	Bajo Martín	09	d) >=5 a < 10 Ha de SAU	63
23	Bajo Martín	10	e) >=10 a <20 Ha de SAU	42
23	Bajo Martín	11	f) >=20 a < 30 Ha de SAU	37
23	Bajo Martín	12	g) >=30 a < 50 Ha de SAU	63
23	Bajo Martín	13	h) >=50 a < 100 Ha de SAU	43
23	Bajo Martín	14	h) >=50 a < 100 Ha de SAU	50
23	Bajo Martín	15	i) >=100 Ha de SAU	39
23	Bajo Martín	16	i) >=100 Ha de SAU	31
23	Bajo Martín	17	i) >=100 Ha de SAU	38
23	Bajo Martín	18	i) >=100 Ha de SAU	34
23	Bajo Martín	19	i) >=100 Ha de SAU	13
23	Bajo Martín	20	i) >=100 Ha de SAU	1
24	Campo de Daroca	01	a) Sin SAU	12
24	Campo de Daroca	03	b) <2 Ha de SAU	4
24	Campo de Daroca	04	b) <2 Ha de SAU	4
24	Campo de Daroca	05	b) <2 Ha de SAU	70
24	Campo de Daroca	06	c) >=2 a <5 Ha de SAU	69
24	Campo de Daroca	07	c) >=2 a <5 Ha de SAU	43
24	Campo de Daroca	08	c) >=2 a <5 Ha de SAU	46
24	Campo de Daroca	09	d) >=5 a < 10 Ha de SAU	127
24	Campo de Daroca	10	e) >=10 a <20 Ha de SAU	192
24	Campo de Daroca	11	f) >=20 a < 30 Ha de SAU	118
24	Campo de Daroca	12	g) >=30 a < 50 Ha de SAU	157
24	Campo de Daroca	13	h) >=50 a < 100 Ha de SAU	105
24	Campo de Daroca	14	h) >=50 a < 100 Ha de SAU	82
24	Campo de Daroca	15	i) >=100 Ha de SAU	106
24	Campo de Daroca	16	i) >=100 Ha de SAU	41
24	Campo de Daroca	17	i) >=100 Ha de SAU	34
24	Campo de Daroca	18	i) >=100 Ha de SAU	13
24	Campo de Daroca	19	i) >=100 Ha de SAU	4
25	Jiloca	01	a) Sin SAU	64
25	Jiloca	02	b) <2 Ha de SAU	2
25	Jiloca	03	b) <2 Ha de SAU	6
25	Jiloca	04	b) <2 Ha de SAU	6
25	Jiloca	05	b) <2 Ha de SAU	125
25	Jiloca	06	c) >=2 a <5 Ha de SAU	80
25	Jiloca	07	c) >=2 a <5 Ha de SAU	68
25	Jiloca	08	c) >=2 a <5 Ha de SAU	37
25	Jiloca	09	d) >=5 a < 10 Ha de SAU	169
25	Jiloca	10	e) >=10 a <20 Ha de SAU	259
25	Jiloca	11	f) >=20 a < 30 Ha de SAU	177
25	Jiloca	12	g) >=30 a < 50 Ha de SAU	266
25	Jiloca	13	h) >=50 a < 100 Ha de SAU	161
25	Jiloca	14	h) >=50 a < 100 Ha de SAU	162
25	Jiloca	15	i) >=100 Ha de SAU	130
25	Jiloca	16	i) >=100 Ha de SAU	77
25	Jiloca	17	i) >=100 Ha de SAU	66
25	Jiloca	18	i) >=100 Ha de SAU	22
25	Jiloca	19	i) >=100 Ha de SAU	13
25	Jiloca	20	i) >=100 Ha de SAU	3
25	Jiloca	21	i) >=100 Ha de SAU	1
26	Cuencas Mineras	01	a) Sin SAU	21
26	Cuencas Mineras	03	b) <2 Ha de SAU	3
26	Cuencas Mineras	04	b) <2 Ha de SAU	1
26	Cuencas Mineras	05	b) <2 Ha de SAU	30
26	Cuencas Mineras	06	c) >=2 a <5 Ha de SAU	32
26	Cuencas Mineras	07	c) >=2 a <5 Ha de SAU	18
26	Cuencas Mineras	08	c) >=2 a <5 Ha de SAU	14
26	Cuencas Mineras	09	d) >=5 a < 10 Ha de SAU	57
26	Cuencas Mineras	10	e) >=10 a <20 Ha de SAU	81
26	Cuencas Mineras	11	f) >=20 a < 30 Ha de SAU	63
26	Cuencas Mineras	12	g) >=30 a < 50 Ha de SAU	82
26	Cuencas Mineras	13	h) >=50 a < 100 Ha de SAU	50
26	Cuencas Mineras	14	h) >=50 a < 100 Ha de SAU	36
26	Cuencas Mineras	15	i) >=100 Ha de SAU	46
26	Cuencas Mineras	16	i) >=100 Ha de SAU	29
26	Cuencas Mineras	17	i) >=100 Ha de SAU	33
26	Cuencas Mineras	18	i) >=100 Ha de SAU	24
26	Cuencas Mineras	19	i) >=100 Ha de SAU	8
26	Cuencas Mineras	20	i) >=100 Ha de SAU	5
26	Cuencas Mineras	21	i) >=100 Ha de SAU	2
27	Andorra-Sierra de Arcos	01	a) Sin SAU	6
27	Andorra-Sierra de Arcos	02	b) <2 Ha de SAU	3
27	Andorra-Sierra de Arcos	03	b) <2 Ha de SAU	8
27	Andorra-Sierra de Arcos	04	b) <2 Ha de SAU	5
27	Andorra-Sierra de Arcos	05	b) <2 Ha de SAU	200
27	Andorra-Sierra de Arcos	06	c) >=2 a <5 Ha de SAU	116
27	Andorra-Sierra de Arcos	07	c) >=2 a <5 Ha de SAU	54
27	Andorra-Sierra de Arcos	08	c) >=2 a <5 Ha de SAU	42
27	Andorra-Sierra de Arcos	09	d) >=5 a < 10 Ha de SAU	74
27	Andorra-Sierra de Arcos	10	e) >=10 a <20 Ha de SAU	58
27	Andorra-Sierra de Arcos	11	f) >=20 a < 30 Ha de SAU	37
27	Andorra-Sierra de Arcos	12	g) >=30 a < 50 Ha de SAU	47
27	Andorra-Sierra de Arcos	13	h) >=50 a < 100 Ha de SAU	13
27	Andorra-Sierra de Arcos	14	h) >=50 a < 100 Ha de SAU	27
27	Andorra-Sierra de Arcos	15	i) >=100 Ha de SAU	23
27	Andorra-Sierra de Arcos	16	i) >=100 Ha de SAU	13
27	Andorra-Sierra de Arcos	17	i) >=100 Ha de SAU	13
27	Andorra-Sierra de Arcos	18	i) >=100 Ha de SAU	14
27	Andorra-Sierra de Arcos	19	i) >=100 Ha de SAU	4
28	Bajo Aragón	01	a) Sin SAU	82
28	Bajo Aragón	02	b) <2 Ha de SAU	11
28	Bajo Aragón	03	b) <2 Ha de SAU	58
28	Bajo Aragón	04	b) <2 Ha de SAU	33
28	Bajo Aragón	05	b) <2 Ha de SAU	399
28	Bajo Aragón	06	c) >=2 a <5 Ha de SAU	175
28	Bajo Aragón	07	c) >=2 a <5 Ha de SAU	138
28	Bajo Aragón	08	c) >=2 a <5 Ha de SAU	103
28	Bajo Aragón	09	d) >=5 a < 10 Ha de SAU	319
28	Bajo Aragón	10	e) >=10 a <20 Ha de SAU	287
28	Bajo Aragón	11	f) >=20 a < 30 Ha de SAU	119
28	Bajo Aragón	12	g) >=30 a < 50 Ha de SAU	148
28	Bajo Aragón	13	h) >=50 a < 100 Ha de SAU	64
28	Bajo Aragón	14	h) >=50 a < 100 Ha de SAU	74
28	Bajo Aragón	15	i) >=100 Ha de SAU	61
28	Bajo Aragón	16	i) >=100 Ha de SAU	26
28	Bajo Aragón	17	i) >=100 Ha de SAU	27
28	Bajo Aragón	18	i) >=100 Ha de SAU	8
28	Bajo Aragón	19	i) >=100 Ha de SAU	10
28	Bajo Aragón	20	i) >=100 Ha de SAU	2
28	Bajo Aragón	21	i) >=100 Ha de SAU	1
29	Comunidad de Teruel	01	a) Sin SAU	45
29	Comunidad de Teruel	02	b) <2 Ha de SAU	2
29	Comunidad de Teruel	03	b) <2 Ha de SAU	14
29	Comunidad de Teruel	04	b) <2 Ha de SAU	7
29	Comunidad de Teruel	05	b) <2 Ha de SAU	121
29	Comunidad de Teruel	06	c) >=2 a <5 Ha de SAU	82
29	Comunidad de Teruel	07	c) >=2 a <5 Ha de SAU	63
29	Comunidad de Teruel	08	c) >=2 a <5 Ha de SAU	44
29	Comunidad de Teruel	09	d) >=5 a < 10 Ha de SAU	205
29	Comunidad de Teruel	10	e) >=10 a <20 Ha de SAU	293
29	Comunidad de Teruel	11	f) >=20 a < 30 Ha de SAU	224
29	Comunidad de Teruel	12	g) >=30 a < 50 Ha de SAU	301
29	Comunidad de Teruel	13	h) >=50 a < 100 Ha de SAU	162
29	Comunidad de Teruel	14	h) >=50 a < 100 Ha de SAU	176
29	Comunidad de Teruel	15	i) >=100 Ha de SAU	177
29	Comunidad de Teruel	16	i) >=100 Ha de SAU	77
29	Comunidad de Teruel	17	i) >=100 Ha de SAU	74
29	Comunidad de Teruel	18	i) >=100 Ha de SAU	42
29	Comunidad de Teruel	19	i) >=100 Ha de SAU	24
29	Comunidad de Teruel	20	i) >=100 Ha de SAU	12
29	Comunidad de Teruel	21	i) >=100 Ha de SAU	2
30	Maestrazgo	01	a) Sin SAU	30
30	Maestrazgo	02	b) <2 Ha de SAU	7
30	Maestrazgo	03	b) <2 Ha de SAU	4
30	Maestrazgo	04	b) <2 Ha de SAU	3
30	Maestrazgo	05	b) <2 Ha de SAU	72
30	Maestrazgo	06	c) >=2 a <5 Ha de SAU	39
30	Maestrazgo	07	c) >=2 a <5 Ha de SAU	17
30	Maestrazgo	08	c) >=2 a <5 Ha de SAU	23
30	Maestrazgo	09	d) >=5 a < 10 Ha de SAU	82
30	Maestrazgo	10	e) >=10 a <20 Ha de SAU	49
30	Maestrazgo	11	f) >=20 a < 30 Ha de SAU	20
30	Maestrazgo	12	g) >=30 a < 50 Ha de SAU	41
30	Maestrazgo	13	h) >=50 a < 100 Ha de SAU	32
30	Maestrazgo	14	h) >=50 a < 100 Ha de SAU	40
30	Maestrazgo	15	i) >=100 Ha de SAU	39
30	Maestrazgo	16	i) >=100 Ha de SAU	21
30	Maestrazgo	17	i) >=100 Ha de SAU	34
30	Maestrazgo	18	i) >=100 Ha de SAU	28
30	Maestrazgo	19	i) >=100 Ha de SAU	10
30	Maestrazgo	20	i) >=100 Ha de SAU	4
30	Maestrazgo	21	i) >=100 Ha de SAU	1
31	Sierra de Albarracín	01	a) Sin SAU	18
31	Sierra de Albarracín	02	b) <2 Ha de SAU	3
31	Sierra de Albarracín	03	b) <2 Ha de SAU	1
31	Sierra de Albarracín	04	b) <2 Ha de SAU	3
31	Sierra de Albarracín	05	b) <2 Ha de SAU	19
31	Sierra de Albarracín	06	c) >=2 a <5 Ha de SAU	10
31	Sierra de Albarracín	07	c) >=2 a <5 Ha de SAU	10
31	Sierra de Albarracín	08	c) >=2 a <5 Ha de SAU	11
31	Sierra de Albarracín	09	d) >=5 a < 10 Ha de SAU	30
31	Sierra de Albarracín	10	e) >=10 a <20 Ha de SAU	53
31	Sierra de Albarracín	11	f) >=20 a < 30 Ha de SAU	23
31	Sierra de Albarracín	12	g) >=30 a < 50 Ha de SAU	41
31	Sierra de Albarracín	13	h) >=50 a < 100 Ha de SAU	18
31	Sierra de Albarracín	14	h) >=50 a < 100 Ha de SAU	24
31	Sierra de Albarracín	15	i) >=100 Ha de SAU	30
31	Sierra de Albarracín	16	i) >=100 Ha de SAU	16
31	Sierra de Albarracín	17	i) >=100 Ha de SAU	27
31	Sierra de Albarracín	18	i) >=100 Ha de SAU	8
31	Sierra de Albarracín	19	i) >=100 Ha de SAU	7
31	Sierra de Albarracín	20	i) >=100 Ha de SAU	11
32	Gúdar-Javalambre	01	a) Sin SAU	22
32	Gúdar-Javalambre	02	b) <2 Ha de SAU	6
32	Gúdar-Javalambre	03	b) <2 Ha de SAU	12
32	Gúdar-Javalambre	04	b) <2 Ha de SAU	7
32	Gúdar-Javalambre	05	b) <2 Ha de SAU	78
32	Gúdar-Javalambre	06	c) >=2 a <5 Ha de SAU	58
32	Gúdar-Javalambre	07	c) >=2 a <5 Ha de SAU	34
32	Gúdar-Javalambre	08	c) >=2 a <5 Ha de SAU	34
32	Gúdar-Javalambre	09	d) >=5 a < 10 Ha de SAU	93
32	Gúdar-Javalambre	10	e) >=10 a <20 Ha de SAU	100
32	Gúdar-Javalambre	11	f) >=20 a < 30 Ha de SAU	61
32	Gúdar-Javalambre	12	g) >=30 a < 50 Ha de SAU	55
32	Gúdar-Javalambre	13	h) >=50 a < 100 Ha de SAU	42
32	Gúdar-Javalambre	14	h) >=50 a < 100 Ha de SAU	50
32	Gúdar-Javalambre	15	i) >=100 Ha de SAU	61
32	Gúdar-Javalambre	16	i) >=100 Ha de SAU	18
32	Gúdar-Javalambre	17	i) >=100 Ha de SAU	21
32	Gúdar-Javalambre	18	i) >=100 Ha de SAU	24
32	Gúdar-Javalambre	19	i) >=100 Ha de SAU	13
32	Gúdar-Javalambre	20	i) >=100 Ha de SAU	4
32	Gúdar-Javalambre	21	i) >=100 Ha de SAU	5
33	Matarraña / Matarranya	01	a) Sin SAU	68
33	Matarraña / Matarranya	02	b) <2 Ha de SAU	14
33	Matarraña / Matarranya	03	b) <2 Ha de SAU	7
33	Matarraña / Matarranya	04	b) <2 Ha de SAU	8
33	Matarraña / Matarranya	05	b) <2 Ha de SAU	133
33	Matarraña / Matarranya	06	c) >=2 a <5 Ha de SAU	105
33	Matarraña / Matarranya	07	c) >=2 a <5 Ha de SAU	107
33	Matarraña / Matarranya	08	c) >=2 a <5 Ha de SAU	94
33	Matarraña / Matarranya	09	d) >=5 a < 10 Ha de SAU	360
33	Matarraña / Matarranya	10	e) >=10 a <20 Ha de SAU	326
33	Matarraña / Matarranya	11	f) >=20 a < 30 Ha de SAU	162
33	Matarraña / Matarranya	12	g) >=30 a < 50 Ha de SAU	145
33	Matarraña / Matarranya	13	h) >=50 a < 100 Ha de SAU	43
33	Matarraña / Matarranya	14	h) >=50 a < 100 Ha de SAU	37
33	Matarraña / Matarranya	15	i) >=100 Ha de SAU	12
33	Matarraña / Matarranya	16	i) >=100 Ha de SAU	5
33	Matarraña / Matarranya	17	i) >=100 Ha de SAU	2
33	Matarraña / Matarranya	18	i) >=100 Ha de SAU	1
33	Matarraña / Matarranya	19	i) >=100 Ha de SAU	1