Municipio código	Municipio nombre	Refrigeración	Número hogares
22001	Abiego	Con refrigeración	6
22001	Abiego	Sin refrigeración	98
22002	Abizanda	Sin refrigeración	46
22003	Adahuesca	Con refrigeración	3
22003	Adahuesca	Sin refrigeración	64
22004	Agüero	Sin refrigeración	72
22006	Aísa	Sin refrigeración	149
22007	Albalate de Cinca	Con refrigeración	49
22007	Albalate de Cinca	Sin refrigeración	349
22008	Albalatillo	Con refrigeración	3
22008	Albalatillo	Sin refrigeración	98
22009	Albelda	Con refrigeración	16
22009	Albelda	Sin refrigeración	311
22011	Albero Alto	Sin refrigeración	37
22012	Albero Bajo	Sin refrigeración	40
22013	Alberuela de Tubo	Sin refrigeración	113
22014	Alcalá de Gurrea	Con refrigeración	2
22014	Alcalá de Gurrea	Sin refrigeración	130
22015	Alcalá del Obispo	Con refrigeración	1
22015	Alcalá del Obispo	Sin refrigeración	144
22016	Alcampell	Con refrigeración	19
22016	Alcampell	Sin refrigeración	311
22017	Alcolea de Cinca	Con refrigeración	53
22017	Alcolea de Cinca	Sin refrigeración	360
22018	Alcubierre	Con refrigeración	5
22018	Alcubierre	Sin refrigeración	169
22019	Alerre	Con refrigeración	2
22019	Alerre	Sin refrigeración	64
22020	Alfántega	Con refrigeración	4
22020	Alfántega	Sin refrigeración	37
22021	Almudévar	Con refrigeración	30
22021	Almudévar	Sin refrigeración	790
22022	Almunia de San Juan	Con refrigeración	10
22022	Almunia de San Juan	Sin refrigeración	227
22023	Almuniente	Con refrigeración	10
22023	Almuniente	Sin refrigeración	194
22024	Alquézar	Con refrigeración	1
22024	Alquézar	Sin refrigeración	117
22025	Altorricón	Con refrigeración	55
22025	Altorricón	Sin refrigeración	443
22027	Angüés	Con refrigeración	1
22027	Angüés	Sin refrigeración	171
22028	Ansó	Con refrigeración	3
22028	Ansó	Sin refrigeración	201
22029	Antillón	Sin refrigeración	48
22032	Aragüés del Puerto	Sin refrigeración	62
22035	Arén	Sin refrigeración	143
22036	Argavieso	Sin refrigeración	40
22037	Arguis	Sin refrigeración	29
22039	Ayerbe	Con refrigeración	14
22039	Ayerbe	Sin refrigeración	433
22040	Azanuy-Alins	Con refrigeración	2
22040	Azanuy-Alins	Sin refrigeración	74
22041	Azara	Con refrigeración	1
22041	Azara	Sin refrigeración	70
22042	Azlor	Con refrigeración	1
22042	Azlor	Sin refrigeración	58
22043	Baells	Sin refrigeración	61
22044	Bailo	Con refrigeración	3
22044	Bailo	Sin refrigeración	109
22045	Baldellou	Con refrigeración	4
22045	Baldellou	Sin refrigeración	51
22046	Ballobar	Con refrigeración	48
22046	Ballobar	Sin refrigeración	281
22047	Banastás	Con refrigeración	5
22047	Banastás	Sin refrigeración	55
22048	Barbastro	Con refrigeración	650
22048	Barbastro	Sin refrigeración	4661
22049	Barbués	Con refrigeración	3
22049	Barbués	Sin refrigeración	35
22050	Barbuñales	Sin refrigeración	51
22051	Bárcabo	Con refrigeración	1
22051	Bárcabo	Sin refrigeración	46
22052	Belver de Cinca	Con refrigeración	41
22052	Belver de Cinca	Sin refrigeración	406
22053	Benabarre	Con refrigeración	10
22053	Benabarre	Sin refrigeración	405
22054	Benasque	Con refrigeración	16
22054	Benasque	Sin refrigeración	614
22055	Berbegal	Con refrigeración	4
22055	Berbegal	Sin refrigeración	171
22057	Bielsa	Con refrigeración	5
22057	Bielsa	Sin refrigeración	167
22058	Bierge	Con refrigeración	2
22058	Bierge	Sin refrigeración	94
22059	Biescas	Con refrigeración	7
22059	Biescas	Sin refrigeración	480
22060	Binaced	Con refrigeración	48
22060	Binaced	Sin refrigeración	464
22061	Binéfar	Con refrigeración	471
22061	Binéfar	Sin refrigeración	2477
22062	Bisaurri	Con refrigeración	1
22062	Bisaurri	Sin refrigeración	90
22063	Biscarrués	Con refrigeración	3
22063	Biscarrués	Sin refrigeración	80
22064	Blecua y Torres	Sin refrigeración	70
22066	Boltaña	Con refrigeración	4
22066	Boltaña	Sin refrigeración	316
22067	Bonansa	Sin refrigeración	30
22068	Borau	Con refrigeración	1
22068	Borau	Sin refrigeración	32
22069	Broto	Con refrigeración	1
22069	Broto	Sin refrigeración	187
22072	Caldearenas	Sin refrigeración	102
22074	Campo	Con refrigeración	3
22074	Campo	Sin refrigeración	126
22075	Camporrells	Con refrigeración	1
22075	Camporrells	Sin refrigeración	110
22076	Canal de Berdún	Con refrigeración	1
22076	Canal de Berdún	Sin refrigeración	175
22077	Candasnos	Con refrigeración	27
22077	Candasnos	Sin refrigeración	169
22078	Canfranc	Con refrigeración	16
22078	Canfranc	Sin refrigeración	219
22079	Capdesaso	Sin refrigeración	65
22080	Capella	Con refrigeración	2
22080	Capella	Sin refrigeración	137
22081	Casbas de Huesca	Sin refrigeración	115
22082	Castejón del Puente	Con refrigeración	8
22082	Castejón del Puente	Sin refrigeración	132
22083	Castejón de Monegros	Sin refrigeración	246
22084	Castejón de Sos	Con refrigeración	10
22084	Castejón de Sos	Sin refrigeración	213
22085	Castelflorite	Sin refrigeración	48
22086	Castiello de Jaca	Con refrigeración	6
22086	Castiello de Jaca	Sin refrigeración	74
22087	Castigaleu	Sin refrigeración	26
22088	Castillazuelo	Con refrigeración	5
22088	Castillazuelo	Sin refrigeración	91
22089	Castillonroy	Con refrigeración	12
22089	Castillonroy	Sin refrigeración	134
22090	Colungo	Con refrigeración	1
22090	Colungo	Sin refrigeración	61
22094	Chalamera	Con refrigeración	6
22094	Chalamera	Sin refrigeración	58
22095	Chía	Sin refrigeración	43
22096	Chimillas	Con refrigeración	7
22096	Chimillas	Sin refrigeración	70
22099	Esplús	Con refrigeración	11
22099	Esplús	Sin refrigeración	236
22102	Estada	Con refrigeración	6
22102	Estada	Sin refrigeración	72
22103	Estadilla	Con refrigeración	23
22103	Estadilla	Sin refrigeración	304
22105	Estopiñán del Castillo	Con refrigeración	5
22105	Estopiñán del Castillo	Sin refrigeración	90
22106	Fago	Sin refrigeración	21
22107	Fanlo	Con refrigeración	4
22107	Fanlo	Sin refrigeración	68
22109	Fiscal	Sin refrigeración	101
22110	Fonz	Con refrigeración	37
22110	Fonz	Sin refrigeración	401
22111	Foradada del Toscar	Con refrigeración	2
22111	Foradada del Toscar	Sin refrigeración	74
22112	Fraga	Con refrigeración	958
22112	Fraga	Sin refrigeración	2964
22113	Fueva (La)	Con refrigeración	6
22113	Fueva (La)	Sin refrigeración	170
22114	Gistaín	Sin refrigeración	67
22115	Grado (El)	Con refrigeración	12
22115	Grado (El)	Sin refrigeración	213
22116	Grañén	Con refrigeración	71
22116	Grañén	Sin refrigeración	616
22117	Graus	Con refrigeración	36
22117	Graus	Sin refrigeración	1130
22119	Gurrea de Gállego	Con refrigeración	35
22119	Gurrea de Gállego	Sin refrigeración	619
22122	Hoz de Jaca	Con refrigeración	1
22122	Hoz de Jaca	Sin refrigeración	25
22124	Huerto	Con refrigeración	1
22124	Huerto	Sin refrigeración	100
22125	Huesca	Con refrigeración	1948
22125	Huesca	Sin refrigeración	14522
22126	Ibieca	Sin refrigeración	41
22127	Igriés	Sin refrigeración	83
22128	Ilche	Con refrigeración	7
22128	Ilche	Sin refrigeración	78
22129	Isábena	Con refrigeración	6
22129	Isábena	Sin refrigeración	88
22130	Jaca	Con refrigeración	80
22130	Jaca	Sin refrigeración	4047
22131	Jasa	Con refrigeración	1
22131	Jasa	Sin refrigeración	47
22133	Labuerda	Con refrigeración	4
22133	Labuerda	Sin refrigeración	62
22135	Laluenga	Sin refrigeración	100
22136	Lalueza	Con refrigeración	36
22136	Lalueza	Sin refrigeración	393
22137	Lanaja	Con refrigeración	36
22137	Lanaja	Sin refrigeración	551
22139	Laperdiguera	Sin refrigeración	35
22141	Lascellas-Ponzano	Sin refrigeración	70
22142	Lascuarre	Sin refrigeración	57
22143	Laspaúles	Con refrigeración	1
22143	Laspaúles	Sin refrigeración	101
22144	Laspuña	Con refrigeración	1
22144	Laspuña	Sin refrigeración	81
22149	Loarre	Con refrigeración	4
22149	Loarre	Sin refrigeración	153
22150	Loporzano	Con refrigeración	6
22150	Loporzano	Sin refrigeración	165
22151	Loscorrales	Con refrigeración	1
22151	Loscorrales	Sin refrigeración	44
22155	Monesma y Cajigar	Sin refrigeración	28
22156	Monflorite-Lascasas	Con refrigeración	1
22156	Monflorite-Lascasas	Sin refrigeración	73
22157	Montanuy	Con refrigeración	4
22157	Montanuy	Sin refrigeración	103
22158	Monzón	Con refrigeración	649
22158	Monzón	Sin refrigeración	4669
22160	Naval	Con refrigeración	1
22160	Naval	Sin refrigeración	120
22162	Novales	Con refrigeración	2
22162	Novales	Sin refrigeración	62
22163	Nueno	Con refrigeración	1
22163	Nueno	Sin refrigeración	130
22164	Olvena	Sin refrigeración	24
22165	Ontiñena	Con refrigeración	16
22165	Ontiñena	Sin refrigeración	215
22167	Osso de Cinca	Con refrigeración	19
22167	Osso de Cinca	Sin refrigeración	213
22168	Palo	Sin refrigeración	16
22170	Panticosa	Con refrigeración	5
22170	Panticosa	Sin refrigeración	268
22172	Peñalba	Con refrigeración	33
22172	Peñalba	Sin refrigeración	203
22173	Peñas de Riglos (Las)	Con refrigeración	2
22173	Peñas de Riglos (Las)	Sin refrigeración	127
22174	Peralta de Alcofea	Con refrigeración	5
22174	Peralta de Alcofea	Sin refrigeración	237
22175	Peralta de Calasanz	Sin refrigeración	126
22176	Peraltilla	Con refrigeración	3
22176	Peraltilla	Sin refrigeración	55
22177	Perarrúa	Con refrigeración	1
22177	Perarrúa	Sin refrigeración	53
22178	Pertusa	Con refrigeración	1
22178	Pertusa	Sin refrigeración	51
22181	Piracés	Sin refrigeración	35
22182	Plan	Sin refrigeración	113
22184	Poleñino	Con refrigeración	11
22184	Poleñino	Sin refrigeración	71
22186	Pozán de Vero	Con refrigeración	3
22186	Pozán de Vero	Sin refrigeración	88
22187	Puebla de Castro (La)	Con refrigeración	4
22187	Puebla de Castro (La)	Sin refrigeración	132
22188	Puente de Montañana	Con refrigeración	2
22188	Puente de Montañana	Sin refrigeración	49
22189	Puértolas	Con refrigeración	2
22189	Puértolas	Sin refrigeración	72
22190	Pueyo de Araguás (El)	Sin refrigeración	48
22193	Pueyo de Santa Cruz	Con refrigeración	8
22193	Pueyo de Santa Cruz	Sin refrigeración	100
22195	Quicena	Con refrigeración	2
22195	Quicena	Sin refrigeración	39
22197	Robres	Con refrigeración	4
22197	Robres	Sin refrigeración	225
22199	Sabiñánigo	Con refrigeración	50
22199	Sabiñánigo	Sin refrigeración	2988
22200	Sahún	Con refrigeración	3
22200	Sahún	Sin refrigeración	91
22201	Salas Altas	Con refrigeración	1
22201	Salas Altas	Sin refrigeración	134
22202	Salas Bajas	Con refrigeración	2
22202	Salas Bajas	Sin refrigeración	59
22203	Salillas	Con refrigeración	1
22203	Salillas	Sin refrigeración	48
22204	Sallent de Gállego	Con refrigeración	13
22204	Sallent de Gállego	Sin refrigeración	374
22205	San Esteban de Litera	Con refrigeración	8
22205	San Esteban de Litera	Sin refrigeración	222
22206	Sangarrén	Con refrigeración	1
22206	Sangarrén	Sin refrigeración	94
22207	San Juan de Plan	Sin refrigeración	51
22208	Santa Cilia	Con refrigeración	1
22208	Santa Cilia	Sin refrigeración	73
22209	Santa Cruz de la Serós	Con refrigeración	1
22209	Santa Cruz de la Serós	Sin refrigeración	52
22212	Santaliestra y San Quílez	Con refrigeración	2
22212	Santaliestra y San Quílez	Sin refrigeración	53
22213	Sariñena	Con refrigeración	98
22213	Sariñena	Sin refrigeración	1273
22214	Secastilla	Con refrigeración	4
22214	Secastilla	Sin refrigeración	40
22215	Seira	Sin refrigeración	73
22217	Sena	Con refrigeración	22
22217	Sena	Sin refrigeración	187
22218	Senés de Alcubierre	Sin refrigeración	16
22220	Sesa	Con refrigeración	3
22220	Sesa	Sin refrigeración	90
22221	Sesué	Con refrigeración	1
22221	Sesué	Sin refrigeración	51
22222	Siétamo	Con refrigeración	7
22222	Siétamo	Sin refrigeración	165
22223	Sopeira	Con refrigeración	1
22223	Sopeira	Sin refrigeración	45
22225	Tamarite de Litera	Con refrigeración	144
22225	Tamarite de Litera	Sin refrigeración	1144
22226	Tardienta	Con refrigeración	24
22226	Tardienta	Sin refrigeración	385
22227	Tella-Sin	Con refrigeración	2
22227	Tella-Sin	Sin refrigeración	112
22228	Tierz	Con refrigeración	2
22228	Tierz	Sin refrigeración	60
22229	Tolva	Con refrigeración	2
22229	Tolva	Sin refrigeración	74
22230	Torla	Con refrigeración	2
22230	Torla	Sin refrigeración	122
22232	Torralba de Aragón	Con refrigeración	2
22232	Torralba de Aragón	Sin refrigeración	47
22233	Torre la Ribera	Sin refrigeración	39
22234	Torrente de Cinca	Con refrigeración	92
22234	Torrente de Cinca	Sin refrigeración	283
22235	Torres de Alcanadre	Con refrigeración	1
22235	Torres de Alcanadre	Sin refrigeración	48
22236	Torres de Barbués	Con refrigeración	2
22236	Torres de Barbués	Sin refrigeración	120
22239	Tramaced	Con refrigeración	1
22239	Tramaced	Sin refrigeración	32
22242	Valfarta	Sin refrigeración	34
22243	Valle de Bardají	Sin refrigeración	13
22244	Valle de Lierp	Sin refrigeración	18
22245	Velilla de Cinca	Con refrigeración	5
22245	Velilla de Cinca	Sin refrigeración	157
22246	Veracruz	Sin refrigeración	49
22247	Viacamp y Litera	Sin refrigeración	13
22248	Vicién	Con refrigeración	2
22248	Vicién	Sin refrigeración	41
22249	Villanova	Sin refrigeración	51
22250	Villanúa	Sin refrigeración	145
22251	Villanueva de Sigena	Con refrigeración	18
22251	Villanueva de Sigena	Sin refrigeración	136
22252	Yebra de Basa	Sin refrigeración	54
22253	Yésero	Sin refrigeración	33
22254	Zaidín	Con refrigeración	83
22254	Zaidín	Sin refrigeración	482
22901	Valle de Hecho	Con refrigeración	6
22901	Valle de Hecho	Sin refrigeración	344
22902	Puente la Reina de Jaca	Con refrigeración	1
22902	Puente la Reina de Jaca	Sin refrigeración	93
22903	San Miguel del Cinca	Con refrigeración	21
22903	San Miguel del Cinca	Sin refrigeración	275
22904	Sotonera (La)	Con refrigeración	6
22904	Sotonera (La)	Sin refrigeración	423
22905	Lupiñén-Ortilla	Con refrigeración	5
22905	Lupiñén-Ortilla	Sin refrigeración	118
22906	Santa María de Dulcis	Con refrigeración	2
22906	Santa María de Dulcis	Sin refrigeración	84
22907	Aínsa-Sobrarbe	Con refrigeración	26
22907	Aínsa-Sobrarbe	Sin refrigeración	552
22908	Hoz y Costeán	Con refrigeración	3
22908	Hoz y Costeán	Sin refrigeración	82
22909	Vencillón	Con refrigeración	24
22909	Vencillón	Sin refrigeración	134
44001	Ababuj	Con refrigeración	11
44001	Ababuj	Sin refrigeración	23
44002	Abejuela	Sin refrigeración	32
44003	Aguatón	Con refrigeración	2
44003	Aguatón	Sin refrigeración	8
44004	Aguaviva	Con refrigeración	8
44004	Aguaviva	Sin refrigeración	252
44005	Aguilar del Alfambra	Con refrigeración	2
44005	Aguilar del Alfambra	Sin refrigeración	30
44006	Alacón	Con refrigeración	2
44006	Alacón	Sin refrigeración	164
44007	Alba	Sin refrigeración	109
44008	Albalate del Arzobispo	Con refrigeración	70
44008	Albalate del Arzobispo	Sin refrigeración	769
44009	Albarracín	Con refrigeración	2
44009	Albarracín	Sin refrigeración	364
44010	Albentosa	Con refrigeración	6
44010	Albentosa	Sin refrigeración	91
44011	Alcaine	Sin refrigeración	44
44012	Alcalá de la Selva	Con refrigeración	6
44012	Alcalá de la Selva	Sin refrigeración	200
44013	Alcañiz	Con refrigeración	933
44013	Alcañiz	Sin refrigeración	3779
44014	Alcorisa	Con refrigeración	82
44014	Alcorisa	Sin refrigeración	1088
44016	Alfambra	Sin refrigeración	252
44017	Aliaga	Sin refrigeración	171
44018	Almohaja	Sin refrigeración	11
44019	Alobras	Sin refrigeración	42
44020	Alpeñés	Sin refrigeración	12
44021	Allepuz	Sin refrigeración	56
44022	Alloza	Con refrigeración	8
44022	Alloza	Sin refrigeración	307
44023	Allueva	Sin refrigeración	9
44024	Anadón	Sin refrigeración	6
44025	Andorra	Con refrigeración	227
44025	Andorra	Sin refrigeración	2394
44026	Arcos de las Salinas	Sin refrigeración	65
44027	Arens de Lledó	Sin refrigeración	69
44028	Argente	Sin refrigeración	104
44029	Ariño	Con refrigeración	15
44029	Ariño	Sin refrigeración	310
44031	Azaila	Con refrigeración	2
44031	Azaila	Sin refrigeración	77
44032	Bádenas	Sin refrigeración	13
44033	Báguena	Sin refrigeración	197
44034	Bañón	Sin refrigeración	69
44035	Barrachina	Sin refrigeración	69
44036	Bea	Sin refrigeración	18
44037	Beceite	Con refrigeración	3
44037	Beceite	Sin refrigeración	234
44038	Belmonte de San José	Sin refrigeración	62
44039	Bello	Sin refrigeración	159
44040	Berge	Con refrigeración	1
44040	Berge	Sin refrigeración	97
44041	Bezas	Sin refrigeración	34
44042	Blancas	Con refrigeración	1
44042	Blancas	Sin refrigeración	73
44043	Blesa	Con refrigeración	1
44043	Blesa	Sin refrigeración	66
44044	Bordón	Sin refrigeración	57
44045	Bronchales	Sin refrigeración	193
44046	Bueña	Sin refrigeración	42
44047	Burbáguena	Sin refrigeración	121
44048	Cabra de Mora	Con refrigeración	1
44048	Cabra de Mora	Sin refrigeración	41
44049	Calaceite	Con refrigeración	13
44049	Calaceite	Sin refrigeración	441
44050	Calamocha	Con refrigeración	7
44050	Calamocha	Sin refrigeración	1590
44051	Calanda	Con refrigeración	191
44051	Calanda	Sin refrigeración	1033
44052	Calomarde	Sin refrigeración	33
44053	Camañas	Sin refrigeración	57
44054	Camarena de la Sierra	Con refrigeración	4
44054	Camarena de la Sierra	Sin refrigeración	62
44055	Camarillas	Con refrigeración	2
44055	Camarillas	Sin refrigeración	41
44056	Caminreal	Con refrigeración	1
44056	Caminreal	Sin refrigeración	307
44059	Cantavieja	Con refrigeración	19
44059	Cantavieja	Sin refrigeración	246
44060	Cañada de Benatanduz	Sin refrigeración	25
44061	Cañada de Verich (La)	Con refrigeración	2
44061	Cañada de Verich (La)	Sin refrigeración	43
44062	Cañada Vellida	Sin refrigeración	21
44063	Cañizar del Olivar	Sin refrigeración	44
44064	Cascante del Río	Sin refrigeración	52
44065	Castejón de Tornos	Sin refrigeración	43
44066	Castel de Cabra	Sin refrigeración	62
44067	Castelnou	Con refrigeración	1
44067	Castelnou	Sin refrigeración	41
44068	Castelserás	Con refrigeración	14
44068	Castelserás	Sin refrigeración	295
44070	Castellar (El)	Sin refrigeración	38
44071	Castellote	Con refrigeración	18
44071	Castellote	Sin refrigeración	317
44074	Cedrillas	Sin refrigeración	191
44075	Celadas	Sin refrigeración	200
44076	Cella	Con refrigeración	1
44076	Cella	Sin refrigeración	1085
44077	Cerollera (La)	Sin refrigeración	41
44080	Codoñera (La)	Con refrigeración	9
44080	Codoñera (La)	Sin refrigeración	120
44082	Corbalán	Sin refrigeración	38
44084	Cortes de Aragón	Sin refrigeración	50
44085	Cosa	Con refrigeración	1
44085	Cosa	Sin refrigeración	37
44086	Cretas	Con refrigeración	1
44086	Cretas	Sin refrigeración	217
44087	Crivillén	Sin refrigeración	48
44088	Cuba (La)	Sin refrigeración	27
44089	Cubla	Sin refrigeración	23
44090	Cucalón	Sin refrigeración	32
44092	Cuervo (El)	Sin refrigeración	56
44093	Cuevas de Almudén	Sin refrigeración	37
44094	Cuevas Labradas	Sin refrigeración	63
44096	Ejulve	Con refrigeración	2
44096	Ejulve	Sin refrigeración	86
44097	Escorihuela	Sin refrigeración	90
44099	Escucha	Con refrigeración	6
44099	Escucha	Sin refrigeración	365
44100	Estercuel	Con refrigeración	5
44100	Estercuel	Sin refrigeración	120
44101	Ferreruela de Huerva	Sin refrigeración	39
44102	Fonfría	Sin refrigeración	12
44103	Formiche Alto	Sin refrigeración	82
44105	Fórnoles	Sin refrigeración	48
44106	Fortanete	Sin refrigeración	83
44107	Foz-Calanda	Con refrigeración	3
44107	Foz-Calanda	Sin refrigeración	96
44108	Fresneda (La)	Con refrigeración	6
44108	Fresneda (La)	Sin refrigeración	176
44109	Frías de Albarracín	Sin refrigeración	65
44110	Fuenferrada	Sin refrigeración	19
44111	Fuentes Calientes	Sin refrigeración	49
44112	Fuentes Claras	Sin refrigeración	258
44113	Fuentes de Rubielos	Sin refrigeración	42
44114	Fuentespalda	Con refrigeración	3
44114	Fuentespalda	Sin refrigeración	129
44115	Galve	Sin refrigeración	53
44116	Gargallo	Sin refrigeración	47
44117	Gea de Albarracín	Sin refrigeración	178
44118	Ginebrosa (La)	Sin refrigeración	101
44119	Griegos	Con refrigeración	5
44119	Griegos	Sin refrigeración	52
44120	Guadalaviar	Sin refrigeración	104
44121	Gúdar	Con refrigeración	1
44121	Gúdar	Sin refrigeración	28
44122	Híjar	Con refrigeración	103
44122	Híjar	Sin refrigeración	649
44123	Hinojosa de Jarque	Con refrigeración	1
44123	Hinojosa de Jarque	Sin refrigeración	55
44124	Hoz de la Vieja (La)	Sin refrigeración	61
44125	Huesa del Común	Sin refrigeración	66
44126	Iglesuela del Cid (La)	Con refrigeración	1
44126	Iglesuela del Cid (La)	Sin refrigeración	190
44127	Jabaloyas	Sin refrigeración	35
44128	Jarque de la Val	Sin refrigeración	39
44129	Jatiel	Sin refrigeración	25
44130	Jorcas	Con refrigeración	3
44130	Jorcas	Sin refrigeración	17
44131	Josa	Sin refrigeración	20
44132	Lagueruela	Sin refrigeración	32
44133	Lanzuela	Sin refrigeración	14
44135	Libros	Sin refrigeración	75
44136	Lidón	Sin refrigeración	39
44137	Linares de Mora	Con refrigeración	2
44137	Linares de Mora	Sin refrigeración	120
44138	Loscos	Sin refrigeración	85
44141	Lledó	Sin refrigeración	68
44142	Maicas	Sin refrigeración	31
44143	Manzanera	Con refrigeración	2
44143	Manzanera	Sin refrigeración	201
44144	Martín del Río	Con refrigeración	5
44144	Martín del Río	Sin refrigeración	180
44145	Mas de las Matas	Con refrigeración	24
44145	Mas de las Matas	Sin refrigeración	491
44146	Mata de los Olmos (La)	Con refrigeración	2
44146	Mata de los Olmos (La)	Sin refrigeración	94
44147	Mazaleón	Con refrigeración	14
44147	Mazaleón	Sin refrigeración	210
44148	Mezquita de Jarque	Sin refrigeración	52
44149	Mirambel	Con refrigeración	1
44149	Mirambel	Sin refrigeración	52
44150	Miravete de la Sierra	Sin refrigeración	22
44151	Molinos	Sin refrigeración	126
44152	Monforte de Moyuela	Sin refrigeración	35
44153	Monreal del Campo	Con refrigeración	10
44153	Monreal del Campo	Sin refrigeración	860
44154	Monroyo	Sin refrigeración	140
44155	Montalbán	Con refrigeración	19
44155	Montalbán	Sin refrigeración	533
44156	Monteagudo del Castillo	Con refrigeración	6
44156	Monteagudo del Castillo	Sin refrigeración	20
44157	Monterde de Albarracín	Sin refrigeración	39
44158	Mora de Rubielos	Con refrigeración	2
44158	Mora de Rubielos	Sin refrigeración	534
44159	Moscardón	Sin refrigeración	27
44160	Mosqueruela	Con refrigeración	2
44160	Mosqueruela	Sin refrigeración	263
44161	Muniesa	Con refrigeración	6
44161	Muniesa	Sin refrigeración	293
44163	Noguera de Albarracín	Sin refrigeración	77
44164	Nogueras	Sin refrigeración	8
44165	Nogueruelas	Sin refrigeración	89
44167	Obón	Sin refrigeración	39
44168	Odón	Con refrigeración	1
44168	Odón	Sin refrigeración	96
44169	Ojos Negros	Con refrigeración	2
44169	Ojos Negros	Sin refrigeración	229
44171	Olba	Sin refrigeración	96
44172	Oliete	Con refrigeración	2
44172	Oliete	Sin refrigeración	216
44173	Olmos (Los)	Sin refrigeración	55
44174	Orihuela del Tremedal	Sin refrigeración	256
44175	Orrios	Sin refrigeración	62
44176	Palomar de Arroyos	Con refrigeración	1
44176	Palomar de Arroyos	Sin refrigeración	77
44177	Pancrudo	Sin refrigeración	64
44178	Parras de Castellote (Las)	Sin refrigeración	36
44179	Peñarroya de Tastavins	Con refrigeración	2
44179	Peñarroya de Tastavins	Sin refrigeración	196
44180	Peracense	Con refrigeración	1
44180	Peracense	Sin refrigeración	52
44181	Peralejos	Sin refrigeración	36
44182	Perales del Alfambra	Sin refrigeración	107
44183	Pitarque	Sin refrigeración	46
44184	Plou	Sin refrigeración	26
44185	Pobo (El)	Con refrigeración	11
44185	Pobo (El)	Sin refrigeración	49
44187	Portellada (La)	Con refrigeración	4
44187	Portellada (La)	Sin refrigeración	110
44189	Pozondón	Sin refrigeración	41
44190	Pozuel del Campo	Sin refrigeración	55
44191	Puebla de Híjar (La)	Con refrigeración	27
44191	Puebla de Híjar (La)	Sin refrigeración	384
44192	Puebla de Valverde (La)	Con refrigeración	3
44192	Puebla de Valverde (La)	Sin refrigeración	212
44193	Puertomingalvo	Sin refrigeración	67
44194	Ráfales	Sin refrigeración	86
44195	Rillo	Sin refrigeración	54
44196	Riodeva	Sin refrigeración	90
44197	Ródenas	Sin refrigeración	37
44198	Royuela	Sin refrigeración	90
44199	Rubiales	Sin refrigeración	23
44200	Rubielos de la Cérida	Sin refrigeración	25
44201	Rubielos de Mora	Con refrigeración	1
44201	Rubielos de Mora	Sin refrigeración	265
44203	Salcedillo	Sin refrigeración	6
44204	Saldón	Sin refrigeración	21
44205	Samper de Calanda	Con refrigeración	40
44205	Samper de Calanda	Sin refrigeración	368
44206	San Agustín	Sin refrigeración	64
44207	San Martín del Río	Sin refrigeración	127
44208	Santa Cruz de Nogueras	Sin refrigeración	17
44209	Santa Eulalia	Sin refrigeración	491
44210	Sarrión	Con refrigeración	11
44210	Sarrión	Sin refrigeración	396
44211	Segura de los Baños	Sin refrigeración	20
44212	Seno	Con refrigeración	1
44212	Seno	Sin refrigeración	22
44213	Singra	Con refrigeración	2
44213	Singra	Sin refrigeración	39
44215	Terriente	Con refrigeración	1
44215	Terriente	Sin refrigeración	70
44216	Teruel	Con refrigeración	618
44216	Teruel	Sin refrigeración	10103
44217	Toril y Masegoso	Sin refrigeración	14
44218	Tormón	Sin refrigeración	20
44219	Tornos	Con refrigeración	1
44219	Tornos	Sin refrigeración	111
44220	Torralba de los Sisones	Sin refrigeración	87
44221	Torrecilla de Alcañiz	Con refrigeración	12
44221	Torrecilla de Alcañiz	Sin refrigeración	149
44222	Torrecilla del Rebollar	Sin refrigeración	75
44223	Torre de Arcas	Sin refrigeración	39
44224	Torre de las Arcas	Con refrigeración	1
44224	Torre de las Arcas	Sin refrigeración	18
44225	Torre del Compte	Con refrigeración	4
44225	Torre del Compte	Sin refrigeración	74
44226	Torrelacárcel	Sin refrigeración	123
44227	Torre los Negros	Sin refrigeración	34
44228	Torremocha de Jiloca	Sin refrigeración	70
44229	Torres de Albarracín	Sin refrigeración	66
44230	Torrevelilla	Sin refrigeración	90
44231	Torrijas	Sin refrigeración	36
44232	Torrijo del Campo	Con refrigeración	2
44232	Torrijo del Campo	Sin refrigeración	230
44234	Tramacastiel	Sin refrigeración	49
44235	Tramacastilla	Sin refrigeración	58
44236	Tronchón	Sin refrigeración	46
44237	Urrea de Gaén	Con refrigeración	27
44237	Urrea de Gaén	Sin refrigeración	201
44238	Utrillas	Con refrigeración	39
44238	Utrillas	Sin refrigeración	1059
44239	Valacloche	Sin refrigeración	12
44240	Valbona	Con refrigeración	1
44240	Valbona	Sin refrigeración	86
44241	Valdealgorfa	Con refrigeración	11
44241	Valdealgorfa	Sin refrigeración	276
44243	Valdecuenca	Sin refrigeración	17
44244	Valdelinares	Con refrigeración	2
44244	Valdelinares	Sin refrigeración	53
44245	Valdeltormo	Con refrigeración	14
44245	Valdeltormo	Sin refrigeración	128
44246	Valderrobres	Con refrigeración	75
44246	Valderrobres	Sin refrigeración	662
44247	Valjunquera	Con refrigeración	3
44247	Valjunquera	Sin refrigeración	166
44249	Vallecillo (El)	Con refrigeración	1
44249	Vallecillo (El)	Sin refrigeración	26
44250	Veguillas de la Sierra	Sin refrigeración	14
44251	Villafranca del Campo	Con refrigeración	1
44251	Villafranca del Campo	Sin refrigeración	154
44252	Villahermosa del Campo	Con refrigeración	1
44252	Villahermosa del Campo	Sin refrigeración	30
44256	Villanueva del Rebollar de la Sierra	Sin refrigeración	19
44257	Villar del Cobo	Sin refrigeración	89
44258	Villar del Salz	Sin refrigeración	41
44260	Villarluengo	Con refrigeración	1
44260	Villarluengo	Sin refrigeración	89
44261	Villarquemado	Con refrigeración	3
44261	Villarquemado	Sin refrigeración	358
44262	Villarroya de los Pinares	Con refrigeración	1
44262	Villarroya de los Pinares	Sin refrigeración	80
44263	Villastar	Sin refrigeración	141
44264	Villel	Sin refrigeración	151
44265	Vinaceite	Con refrigeración	1
44265	Vinaceite	Sin refrigeración	119
44266	Visiedo	Sin refrigeración	83
44267	Vivel del Río Martín	Sin refrigeración	40
44268	Zoma (La)	Sin refrigeración	8
50001	Abanto	Con refrigeración	1
50001	Abanto	Sin refrigeración	79
50002	Acered	Con refrigeración	2
50002	Acered	Sin refrigeración	107
50003	Agón	Con refrigeración	1
50003	Agón	Sin refrigeración	59
50004	Aguarón	Con refrigeración	18
50004	Aguarón	Sin refrigeración	277
50005	Aguilón	Con refrigeración	2
50005	Aguilón	Sin refrigeración	132
50006	Ainzón	Con refrigeración	14
50006	Ainzón	Sin refrigeración	496
50007	Aladrén	Sin refrigeración	38
50008	Alagón	Con refrigeración	371
50008	Alagón	Sin refrigeración	1594
50009	Alarba	Sin refrigeración	59
50010	Alberite de San Juan	Con refrigeración	1
50010	Alberite de San Juan	Sin refrigeración	36
50011	Albeta	Con refrigeración	1
50011	Albeta	Sin refrigeración	51
50012	Alborge	Con refrigeración	5
50012	Alborge	Sin refrigeración	44
50013	Alcalá de Ebro	Con refrigeración	9
50013	Alcalá de Ebro	Sin refrigeración	100
50014	Alcalá de Moncayo	Sin refrigeración	50
50015	Alconchel de Ariza	Sin refrigeración	53
50016	Aldehuela de Liestos	Sin refrigeración	18
50017	Alfajarín	Con refrigeración	129
50017	Alfajarín	Sin refrigeración	430
50018	Alfamén	Con refrigeración	23
50018	Alfamén	Sin refrigeración	414
50019	Alforque	Con refrigeración	5
50019	Alforque	Sin refrigeración	30
50020	Alhama de Aragón	Con refrigeración	30
50020	Alhama de Aragón	Sin refrigeración	429
50021	Almochuel	Sin refrigeración	25
50022	Almolda (La)	Con refrigeración	8
50022	Almolda (La)	Sin refrigeración	223
50023	Almonacid de la Cuba	Con refrigeración	5
50023	Almonacid de la Cuba	Sin refrigeración	119
50024	Almonacid de la Sierra	Con refrigeración	11
50024	Almonacid de la Sierra	Sin refrigeración	306
50025	Almunia de Doña Godina (La)	Con refrigeración	206
50025	Almunia de Doña Godina (La)	Sin refrigeración	1791
50026	Alpartir	Con refrigeración	10
50026	Alpartir	Sin refrigeración	215
50027	Ambel	Con refrigeración	3
50027	Ambel	Sin refrigeración	144
50028	Anento	Sin refrigeración	41
50029	Aniñón	Con refrigeración	5
50029	Aniñón	Sin refrigeración	316
50030	Añón de Moncayo	Sin refrigeración	115
50031	Aranda de Moncayo	Con refrigeración	2
50031	Aranda de Moncayo	Sin refrigeración	97
50032	Arándiga	Con refrigeración	3
50032	Arándiga	Sin refrigeración	199
50033	Ardisa	Con refrigeración	1
50033	Ardisa	Sin refrigeración	32
50034	Ariza	Con refrigeración	2
50034	Ariza	Sin refrigeración	489
50035	Artieda	Sin refrigeración	39
50036	Asín	Sin refrigeración	40
50037	Atea	Con refrigeración	1
50037	Atea	Sin refrigeración	106
50038	Ateca	Con refrigeración	33
50038	Ateca	Sin refrigeración	720
50039	Azuara	Con refrigeración	2
50039	Azuara	Sin refrigeración	281
50040	Badules	Sin refrigeración	48
50041	Bagüés	Sin refrigeración	17
50042	Balconchán	Sin refrigeración	12
50043	Bárboles	Con refrigeración	5
50043	Bárboles	Sin refrigeración	127
50044	Bardallur	Con refrigeración	4
50044	Bardallur	Sin refrigeración	113
50045	Belchite	Con refrigeración	44
50045	Belchite	Sin refrigeración	608
50046	Belmonte de Gracián	Con refrigeración	3
50046	Belmonte de Gracián	Sin refrigeración	108
50047	Berdejo	Sin refrigeración	26
50048	Berrueco	Sin refrigeración	16
50050	Bijuesca	Sin refrigeración	54
50051	Biota	Con refrigeración	18
50051	Biota	Sin refrigeración	438
50052	Bisimbre	Sin refrigeración	51
50053	Boquiñeni	Con refrigeración	20
50053	Boquiñeni	Sin refrigeración	344
50054	Bordalba	Con refrigeración	1
50054	Bordalba	Sin refrigeración	31
50055	Borja	Con refrigeración	58
50055	Borja	Sin refrigeración	1499
50056	Botorrita	Con refrigeración	19
50056	Botorrita	Sin refrigeración	172
50057	Brea de Aragón	Con refrigeración	61
50057	Brea de Aragón	Sin refrigeración	626
50058	Bubierca	Sin refrigeración	44
50059	Bujaraloz	Con refrigeración	33
50059	Bujaraloz	Sin refrigeración	317
50060	Bulbuente	Con refrigeración	3
50060	Bulbuente	Sin refrigeración	116
50061	Bureta	Con refrigeración	4
50061	Bureta	Sin refrigeración	116
50062	Burgo de Ebro (El)	Con refrigeración	75
50062	Burgo de Ebro (El)	Sin refrigeración	532
50063	Buste (El)	Sin refrigeración	39
50064	Cabañas de Ebro	Con refrigeración	14
50064	Cabañas de Ebro	Sin refrigeración	182
50065	Cabolafuente	Con refrigeración	2
50065	Cabolafuente	Sin refrigeración	17
50066	Cadrete	Con refrigeración	157
50066	Cadrete	Sin refrigeración	527
50067	Calatayud	Con refrigeración	564
50067	Calatayud	Sin refrigeración	5907
50068	Calatorao	Con refrigeración	93
50068	Calatorao	Sin refrigeración	945
50069	Calcena	Sin refrigeración	54
50070	Calmarza	Sin refrigeración	40
50071	Campillo de Aragón	Sin refrigeración	76
50072	Carenas	Sin refrigeración	97
50073	Cariñena	Con refrigeración	52
50073	Cariñena	Sin refrigeración	1043
50074	Caspe	Con refrigeración	832
50074	Caspe	Sin refrigeración	2046
50075	Castejón de Alarba	Con refrigeración	1
50075	Castejón de Alarba	Sin refrigeración	43
50076	Castejón de las Armas	Con refrigeración	1
50076	Castejón de las Armas	Sin refrigeración	56
50077	Castejón de Valdejasa	Con refrigeración	1
50077	Castejón de Valdejasa	Sin refrigeración	131
50078	Castiliscar	Con refrigeración	3
50078	Castiliscar	Sin refrigeración	146
50079	Cervera de la Cañada	Con refrigeración	4
50079	Cervera de la Cañada	Sin refrigeración	130
50080	Cerveruela	Sin refrigeración	21
50081	Cetina	Con refrigeración	3
50081	Cetina	Sin refrigeración	309
50082	Cimballa	Sin refrigeración	62
50083	Cinco Olivas	Con refrigeración	8
50083	Cinco Olivas	Sin refrigeración	47
50084	Clarés de Ribota	Sin refrigeración	53
50085	Codo	Sin refrigeración	114
50086	Codos	Con refrigeración	1
50086	Codos	Sin refrigeración	132
50087	Contamina	Sin refrigeración	26
50088	Cosuenda	Con refrigeración	4
50088	Cosuenda	Sin refrigeración	164
50089	Cuarte de Huerva	Con refrigeración	190
50089	Cuarte de Huerva	Sin refrigeración	430
50090	Cubel	Sin refrigeración	79
50091	Cuerlas (Las)	Con refrigeración	1
50091	Cuerlas (Las)	Sin refrigeración	40
50092	Chiprana	Con refrigeración	31
50092	Chiprana	Sin refrigeración	128
50093	Chodes	Con refrigeración	3
50093	Chodes	Sin refrigeración	48
50094	Daroca	Con refrigeración	12
50094	Daroca	Sin refrigeración	838
50095	Ejea de los Caballeros	Con refrigeración	436
50095	Ejea de los Caballeros	Sin refrigeración	5043
50096	Embid de Ariza	Sin refrigeración	30
50098	Encinacorba	Sin refrigeración	136
50099	Épila	Con refrigeración	175
50099	Épila	Sin refrigeración	1250
50100	Erla	Con refrigeración	6
50100	Erla	Sin refrigeración	159
50101	Escatrón	Con refrigeración	182
50101	Escatrón	Sin refrigeración	433
50102	Fabara	Con refrigeración	34
50102	Fabara	Sin refrigeración	403
50104	Farlete	Con refrigeración	15
50104	Farlete	Sin refrigeración	130
50105	Fayón	Con refrigeración	27
50105	Fayón	Sin refrigeración	148
50106	Fayos (Los)	Sin refrigeración	78
50107	Figueruelas	Con refrigeración	48
50107	Figueruelas	Sin refrigeración	323
50108	Fombuena	Sin refrigeración	9
50109	Frago (El)	Con refrigeración	1
50109	Frago (El)	Sin refrigeración	58
50110	Frasno (El)	Con refrigeración	7
50110	Frasno (El)	Sin refrigeración	235
50111	Fréscano	Con refrigeración	6
50111	Fréscano	Sin refrigeración	91
50113	Fuendejalón	Con refrigeración	1
50113	Fuendejalón	Sin refrigeración	317
50114	Fuendetodos	Con refrigeración	2
50114	Fuendetodos	Sin refrigeración	62
50115	Fuentes de Ebro	Con refrigeración	167
50115	Fuentes de Ebro	Sin refrigeración	1238
50116	Fuentes de Jiloca	Con refrigeración	1
50116	Fuentes de Jiloca	Sin refrigeración	143
50117	Gallocanta	Sin refrigeración	64
50118	Gallur	Con refrigeración	78
50118	Gallur	Sin refrigeración	974
50119	Gelsa	Con refrigeración	92
50119	Gelsa	Sin refrigeración	373
50120	Godojos	Sin refrigeración	35
50121	Gotor	Con refrigeración	5
50121	Gotor	Sin refrigeración	144
50122	Grisel	Sin refrigeración	37
50123	Grisén	Con refrigeración	8
50123	Grisén	Sin refrigeración	179
50124	Herrera de los Navarros	Con refrigeración	1
50124	Herrera de los Navarros	Sin refrigeración	252
50125	Ibdes	Con refrigeración	7
50125	Ibdes	Sin refrigeración	206
50126	Illueca	Con refrigeración	186
50126	Illueca	Sin refrigeración	902
50128	Isuerre	Sin refrigeración	24
50129	Jaraba	Con refrigeración	9
50129	Jaraba	Sin refrigeración	118
50130	Jarque	Con refrigeración	6
50130	Jarque	Sin refrigeración	206
50131	Jaulín	Con refrigeración	4
50131	Jaulín	Sin refrigeración	108
50132	Joyosa (La)	Con refrigeración	16
50132	Joyosa (La)	Sin refrigeración	123
50133	Lagata	Sin refrigeración	80
50134	Langa del Castillo	Con refrigeración	1
50134	Langa del Castillo	Sin refrigeración	79
50135	Layana	Sin refrigeración	51
50136	Lécera	Con refrigeración	12
50136	Lécera	Sin refrigeración	341
50137	Leciñena	Con refrigeración	60
50137	Leciñena	Sin refrigeración	429
50138	Lechón	Sin refrigeración	22
50139	Letux	Con refrigeración	5
50139	Letux	Sin refrigeración	185
50140	Litago	Con refrigeración	3
50140	Litago	Sin refrigeración	80
50141	Lituénigo	Sin refrigeración	49
50142	Lobera de Onsella	Sin refrigeración	31
50143	Longares	Con refrigeración	16
50143	Longares	Sin refrigeración	309
50144	Longás	Sin refrigeración	20
50146	Lucena de Jalón	Con refrigeración	3
50146	Lucena de Jalón	Sin refrigeración	96
50147	Luceni	Con refrigeración	33
50147	Luceni	Sin refrigeración	382
50148	Luesia	Con refrigeración	1
50148	Luesia	Sin refrigeración	153
50149	Luesma	Sin refrigeración	13
50150	Lumpiaque	Con refrigeración	11
50150	Lumpiaque	Sin refrigeración	347
50151	Luna	Con refrigeración	17
50151	Luna	Sin refrigeración	372
50152	Maella	Con refrigeración	88
50152	Maella	Sin refrigeración	671
50153	Magallón	Con refrigeración	15
50153	Magallón	Sin refrigeración	448
50154	Mainar	Con refrigeración	1
50154	Mainar	Sin refrigeración	68
50155	Malanquilla	Sin refrigeración	66
50156	Maleján	Sin refrigeración	120
50157	Malón	Con refrigeración	2
50157	Malón	Sin refrigeración	166
50159	Maluenda	Con refrigeración	14
50159	Maluenda	Sin refrigeración	350
50160	Mallén	Con refrigeración	132
50160	Mallén	Sin refrigeración	990
50161	Manchones	Sin refrigeración	59
50162	Mara	Con refrigeración	1
50162	Mara	Sin refrigeración	86
50163	María de Huerva	Con refrigeración	96
50163	María de Huerva	Sin refrigeración	420
50164	Mediana de Aragón	Con refrigeración	11
50164	Mediana de Aragón	Sin refrigeración	174
50165	Mequinenza	Con refrigeración	429
50165	Mequinenza	Sin refrigeración	475
50166	Mesones de Isuela	Con refrigeración	8
50166	Mesones de Isuela	Sin refrigeración	125
50167	Mezalocha	Con refrigeración	8
50167	Mezalocha	Sin refrigeración	99
50168	Mianos	Con refrigeración	1
50168	Mianos	Sin refrigeración	18
50169	Miedes de Aragón	Con refrigeración	2
50169	Miedes de Aragón	Sin refrigeración	180
50170	Monegrillo	Con refrigeración	3
50170	Monegrillo	Sin refrigeración	161
50171	Moneva	Con refrigeración	3
50171	Moneva	Sin refrigeración	77
50172	Monreal de Ariza	Con refrigeración	4
50172	Monreal de Ariza	Sin refrigeración	118
50173	Monterde	Con refrigeración	2
50173	Monterde	Sin refrigeración	114
50174	Montón	Sin refrigeración	61
50175	Morata de Jalón	Con refrigeración	39
50175	Morata de Jalón	Sin refrigeración	552
50176	Morata de Jiloca	Con refrigeración	2
50176	Morata de Jiloca	Sin refrigeración	130
50177	Morés	Con refrigeración	7
50177	Morés	Sin refrigeración	184
50178	Moros	Con refrigeración	4
50178	Moros	Sin refrigeración	218
50179	Moyuela	Con refrigeración	1
50179	Moyuela	Sin refrigeración	146
50180	Mozota	Con refrigeración	1
50180	Mozota	Sin refrigeración	47
50181	Muel	Con refrigeración	40
50181	Muel	Sin refrigeración	380
50182	Muela (La)	Con refrigeración	32
50182	Muela (La)	Sin refrigeración	635
50183	Munébrega	Con refrigeración	4
50183	Munébrega	Sin refrigeración	178
50184	Murero	Sin refrigeración	63
50185	Murillo de Gállego	Con refrigeración	4
50185	Murillo de Gállego	Sin refrigeración	73
50186	Navardún	Sin refrigeración	25
50187	Nigüella	Sin refrigeración	44
50188	Nombrevilla	Con refrigeración	1
50188	Nombrevilla	Sin refrigeración	26
50189	Nonaspe	Con refrigeración	61
50189	Nonaspe	Sin refrigeración	364
50190	Novallas	Con refrigeración	8
50190	Novallas	Sin refrigeración	297
50191	Novillas	Con refrigeración	10
50191	Novillas	Sin refrigeración	240
50192	Nuévalos	Con refrigeración	6
50192	Nuévalos	Sin refrigeración	129
50193	Nuez de Ebro	Con refrigeración	26
50193	Nuez de Ebro	Sin refrigeración	179
50194	Olvés	Sin refrigeración	58
50195	Orcajo	Sin refrigeración	21
50196	Orera	Con refrigeración	2
50196	Orera	Sin refrigeración	49
50197	Orés	Con refrigeración	1
50197	Orés	Sin refrigeración	50
50198	Oseja	Sin refrigeración	24
50199	Osera de Ebro	Con refrigeración	24
50199	Osera de Ebro	Sin refrigeración	103
50200	Paniza	Sin refrigeración	262
50201	Paracuellos de Jiloca	Con refrigeración	6
50201	Paracuellos de Jiloca	Sin refrigeración	181
50202	Paracuellos de la Ribera	Con refrigeración	4
50202	Paracuellos de la Ribera	Sin refrigeración	116
50203	Pastriz	Con refrigeración	47
50203	Pastriz	Sin refrigeración	334
50204	Pedrola	Con refrigeración	111
50204	Pedrola	Sin refrigeración	882
50205	Pedrosas (Las)	Con refrigeración	2
50205	Pedrosas (Las)	Sin refrigeración	42
50206	Perdiguera	Con refrigeración	11
50206	Perdiguera	Sin refrigeración	206
50207	Piedratajada	Sin refrigeración	56
50208	Pina de Ebro	Con refrigeración	231
50208	Pina de Ebro	Sin refrigeración	653
50209	Pinseque	Con refrigeración	106
50209	Pinseque	Sin refrigeración	585
50210	Pintanos (Los)	Sin refrigeración	36
50211	Plasencia de Jalón	Con refrigeración	4
50211	Plasencia de Jalón	Sin refrigeración	142
50212	Pleitas	Sin refrigeración	23
50213	Plenas	Sin refrigeración	75
50214	Pomer	Sin refrigeración	23
50215	Pozuel de Ariza	Sin refrigeración	7
50216	Pozuelo de Aragón	Con refrigeración	5
50216	Pozuelo de Aragón	Sin refrigeración	114
50217	Pradilla de Ebro	Con refrigeración	14
50217	Pradilla de Ebro	Sin refrigeración	229
50218	Puebla de Albortón	Sin refrigeración	62
50219	Puebla de Alfindén (La)	Con refrigeración	181
50219	Puebla de Alfindén (La)	Sin refrigeración	659
50220	Puendeluna	Con refrigeración	1
50220	Puendeluna	Sin refrigeración	27
50221	Purujosa	Sin refrigeración	27
50222	Quinto	Con refrigeración	170
50222	Quinto	Sin refrigeración	602
50223	Remolinos	Con refrigeración	124
50223	Remolinos	Sin refrigeración	344
50224	Retascón	Sin refrigeración	34
50225	Ricla	Con refrigeración	44
50225	Ricla	Sin refrigeración	782
50227	Romanos	Sin refrigeración	49
50228	Rueda de Jalón	Con refrigeración	1
50228	Rueda de Jalón	Sin refrigeración	142
50229	Ruesca	Con refrigeración	1
50229	Ruesca	Sin refrigeración	30
50230	Sádaba	Con refrigeración	75
50230	Sádaba	Sin refrigeración	574
50231	Salillas de Jalón	Con refrigeración	2
50231	Salillas de Jalón	Sin refrigeración	152
50232	Salvatierra de Esca	Sin refrigeración	122
50233	Samper del Salz	Con refrigeración	4
50233	Samper del Salz	Sin refrigeración	60
50234	San Martín de la Virgen de Moncayo	Con refrigeración	1
50234	San Martín de la Virgen de Moncayo	Sin refrigeración	107
50235	San Mateo de Gállego	Con refrigeración	139
50235	San Mateo de Gállego	Sin refrigeración	675
50236	Santa Cruz de Grío	Con refrigeración	3
50236	Santa Cruz de Grío	Sin refrigeración	87
50237	Santa Cruz de Moncayo	Con refrigeración	1
50237	Santa Cruz de Moncayo	Sin refrigeración	47
50238	Santa Eulalia de Gállego	Sin refrigeración	60
50239	Santed	Sin refrigeración	31
50240	Sástago	Con refrigeración	161
50240	Sástago	Sin refrigeración	368
50241	Saviñán	Con refrigeración	6
50241	Saviñán	Sin refrigeración	332
50242	Sediles	Con refrigeración	1
50242	Sediles	Sin refrigeración	41
50243	Sestrica	Con refrigeración	9
50243	Sestrica	Sin refrigeración	182
50244	Sierra de Luna	Con refrigeración	3
50244	Sierra de Luna	Sin refrigeración	104
50245	Sigüés	Sin refrigeración	87
50246	Sisamón	Con refrigeración	1
50246	Sisamón	Sin refrigeración	29
50247	Sobradiel	Con refrigeración	30
50247	Sobradiel	Sin refrigeración	197
50248	Sos del Rey Católico	Con refrigeración	4
50248	Sos del Rey Católico	Sin refrigeración	288
50249	Tabuenca	Con refrigeración	2
50249	Tabuenca	Sin refrigeración	188
50250	Talamantes	Con refrigeración	1
50250	Talamantes	Sin refrigeración	32
50251	Tarazona	Con refrigeración	178
50251	Tarazona	Sin refrigeración	3620
50252	Tauste	Con refrigeración	480
50252	Tauste	Sin refrigeración	1963
50253	Terrer	Con refrigeración	3
50253	Terrer	Sin refrigeración	257
50254	Tierga	Con refrigeración	5
50254	Tierga	Sin refrigeración	90
50255	Tobed	Con refrigeración	4
50255	Tobed	Sin refrigeración	137
50256	Torralba de los Frailes	Con refrigeración	1
50256	Torralba de los Frailes	Sin refrigeración	37
50257	Torralba de Ribota	Con refrigeración	1
50257	Torralba de Ribota	Sin refrigeración	88
50258	Torralbilla	Sin refrigeración	41
50259	Torrehermosa	Sin refrigeración	45
50260	Torrelapaja	Sin refrigeración	22
50261	Torrellas	Con refrigeración	2
50261	Torrellas	Sin refrigeración	129
50262	Torres de Berrellén	Con refrigeración	73
50262	Torres de Berrellén	Sin refrigeración	417
50263	Torrijo de la Cañada	Con refrigeración	3
50263	Torrijo de la Cañada	Sin refrigeración	175
50264	Tosos	Sin refrigeración	87
50265	Trasmoz	Sin refrigeración	28
50266	Trasobares	Con refrigeración	1
50266	Trasobares	Sin refrigeración	113
50267	Uncastillo	Con refrigeración	4
50267	Uncastillo	Sin refrigeración	364
50268	Undués de Lerda	Sin refrigeración	27
50269	Urrea de Jalón	Con refrigeración	12
50269	Urrea de Jalón	Sin refrigeración	114
50270	Urriés	Sin refrigeración	36
50271	Used	Con refrigeración	1
50271	Used	Sin refrigeración	138
50272	Utebo	Con refrigeración	769
50272	Utebo	Sin refrigeración	3336
50273	Valdehorna	Sin refrigeración	25
50274	Val de San Martín	Sin refrigeración	36
50275	Valmadrid	Con refrigeración	2
50275	Valmadrid	Sin refrigeración	33
50276	Valpalmas	Con refrigeración	1
50276	Valpalmas	Sin refrigeración	69
50277	Valtorres	Con refrigeración	1
50277	Valtorres	Sin refrigeración	44
50278	Velilla de Ebro	Con refrigeración	22
50278	Velilla de Ebro	Sin refrigeración	85
50279	Velilla de Jiloca	Sin refrigeración	50
50280	Vera de Moncayo	Con refrigeración	1
50280	Vera de Moncayo	Sin refrigeración	179
50281	Vierlas	Con refrigeración	1
50281	Vierlas	Sin refrigeración	49
50282	Vilueña (La)	Con refrigeración	1
50282	Vilueña (La)	Sin refrigeración	48
50283	Villadoz	Sin refrigeración	32
50284	Villafeliche	Sin refrigeración	105
50285	Villafranca de Ebro	Con refrigeración	29
50285	Villafranca de Ebro	Sin refrigeración	218
50286	Villalba de Perejil	Con refrigeración	1
50286	Villalba de Perejil	Sin refrigeración	44
50287	Villalengua	Con refrigeración	4
50287	Villalengua	Sin refrigeración	155
50288	Villanueva de Gállego	Con refrigeración	264
50288	Villanueva de Gállego	Sin refrigeración	913
50289	Villanueva de Jiloca	Con refrigeración	1
50289	Villanueva de Jiloca	Sin refrigeración	40
50290	Villanueva de Huerva	Con refrigeración	2
50290	Villanueva de Huerva	Sin refrigeración	251
50291	Villar de los Navarros	Sin refrigeración	71
50292	Villarreal de Huerva	Con refrigeración	5
50292	Villarreal de Huerva	Sin refrigeración	68
50293	Villarroya de la Sierra	Con refrigeración	4
50293	Villarroya de la Sierra	Sin refrigeración	300
50294	Villarroya del Campo	Sin refrigeración	31
50295	Vistabella	Sin refrigeración	19
50296	Zaida (La)	Con refrigeración	45
50296	Zaida (La)	Sin refrigeración	161
50297	Zaragoza	Con refrigeración	53681
50297	Zaragoza	Sin refrigeración	172793
50298	Zuera	Con refrigeración	375
50298	Zuera	Sin refrigeración	1663
50901	Biel	Sin refrigeración	114
50902	Marracos	Con refrigeración	4
50902	Marracos	Sin refrigeración	39