Año	Comarca código	Comarca nombre	Tipo de presupuesto	Estado de la información	Área gastos, total	Área gastos, deuda pública	Área gastos, servicios públicos básicos	Área gastos, actuaciones protección y promoción social	Área gastos, producción bienes públicos carácter preferente	Área gastos, actuaciones carácter económico	Área gastos, actuaciones carácter general
2010	01	La Jacetania	Liquidaciones	Consolidada	5832481,26	0	1991787,07	1568804,67	1019130,62	349146,6	903612,3
2010	02	Alto Gállego	Liquidaciones	Consolidada	5152476,83	122046,73	1462465,37	1293413,6	1049275,23	186425,26	1038850,64
2010	03	Sobrarbe	Liquidaciones	Consolidada	6279697,36	0	498198,18	688684,35	547582,3	1119196,74	3426035,79
2010	04	La Ribagorza	Liquidaciones	Consolidada	6728024,48	8926,95	2058666,01	1720496,09	1775783,51	468693	695458,92
2010	05	Cinco Villas	Liquidaciones	Consolidada	7017235,87	0	1385951,62	2642528,42	496524,16	2020011,21	472220,46
2010	06	Hoya de Huesca / Plana de Uesca	Liquidaciones	Sin información							
2010	07	Somontano de Barbastro	Liquidaciones	Consolidada	6635512,2	5260,51	2038793,59	1778932,76	775332,84	993690,91	1043501,59
2010	08	Cinca Medio	Liquidaciones	Consolidada	3665316,11	16774,42	1257339,35	1237503,9	473846,97	47126,09	632725,38
2010	09	La Litera / La Llitera	Liquidaciones	Consolidada	5553729,75	402033,15	1178843,71	3065695,83	163536,91	96012,41	647607,74
2010	10	Los Monegros	Liquidaciones	Consolidada	7493408,82	8914,52	2413802,38	1845984,38	1286048,32	938789,57	999869,65
2010	11	Bajo Cinca / Baix Cinca	Liquidaciones	Consolidada	4155848,03	0	1005171,34	1010628,6	495948,25	424907,87	1219191,97
2010	12	Tarazona y el Moncayo	Liquidaciones	Consolidada	3150889,12	0	458864,23	1497424,39	495841,06	33164,24	665595,2
2010	13	Campo de Borja	Liquidaciones	Consolidada	3531747,39	41291,52	624845,5	1584937,4	471225,37	37500	771947,6
2010	14	Aranda	Liquidaciones	Consolidada	2424404,41	62907,28	587580,17	232743,19	203874,43	104902,36	1232396,98
2010	15	Ribera Alta del Ebro	Liquidaciones	Consolidada	4464112,04	0	1094302,04	1709530,68	532281,82	149056,85	978940,65
2010	16	Valdejalón	Liquidaciones	Consolidada	5656581,6	0	684937,76	1475508,79	608483,69	135455,5	2752195,86
2010	18	Ribera Baja del Ebro	Liquidaciones	Consolidada	3292918,8	0	774513,66	1047856,12	383445,32	72585,04	1014518,66
2010	19	Bajo Aragón-Caspe / Baix Aragó-Casp	Liquidaciones	Consolidada	3119808,28	10043,84	142266,72	564045,89	205234,49	1246294,75	951922,59
2010	20	Comunidad de Calatayud	Liquidaciones	Consolidada	7648160,95	0	400870,98	1635159,61	436562,68	1029694,15	4145873,53
2010	21	Campo de Cariñena	Liquidaciones	Consolidada	4521642,79	164002,28	2010010,09	716521,79	482813,19	114507,07	1033788,37
2010	22	Campo de Belchite	Liquidaciones	Consolidada	3245141,96	0	1003655,89	300836,74	541759,54	202906,26	1195983,53
2010	23	Bajo Martín	Liquidaciones	Consolidada	2985968,84	0	643113,91	876273,11	315638,89	83009,87	1067933,06
2010	24	Campo de Daroca	Liquidaciones	Consolidada	2955019,38	7483,2	291941,65	399681,91	211414,92	701737,04	1342760,66
2010	25	Jiloca	Liquidaciones	Consolidada	4069345,89	269518	833585,86	1424047,55	370121,36	600660,68	571412,44
2010	26	Cuencas Mineras	Liquidaciones	Sin información							
2010	27	Andorra-Sierra de Arcos	Liquidaciones	Consolidada	3056309,34	751,03	633684,02	895425,51	486387,71	397127,94	642933,13
2010	28	Bajo Aragón	Liquidaciones	Consolidada	4786059	99488,62	1120657,1	1652579,71	632267,3	126144,99	1154921,28
2010	29	Comunidad de Teruel	Liquidaciones	Consolidada	5604882,87	707752,61	1132702,39	1698299,04	813308,57	464724,44	788095,82
2010	30	Maestrazgo	Liquidaciones	Consolidada	2763569,53	0	481860,27	108924,05	587924,74	912163,69	672696,78
2010	31	Sierra de Albarracín	Liquidaciones	Consolidada	2581510,95	0	186006,01	134472,1	370465,76	331973,46	1558593,62
2010	32	Gúdar-Javalambre	Liquidaciones	Consolidada	4292148,96	200,04	757735,45	1153770,01	682412,76	1046554,51	651476,19
2010	33	Matarraña / Matarranya	Liquidaciones	Consolidada	4318601,85	2541,79	974740,6	834920,01	460604,38	197086,01	1848709,06
2011	01	La Jacetania	Liquidaciones	Consolidada	5203340,86	0	857414,39	1074882,44	911680,14	1571192,2	788171,69
2011	02	Alto Gállego	Liquidaciones	Consolidada	4701287,45	93010,25	1508665,36	1185662,47	984044,29	74300,59	855604,49
2011	03	Sobrarbe	Liquidaciones	Consolidada	5789716,14	0	452766,01	443470,88	269328,86	1016497,43	3607652,96
2011	04	La Ribagorza	Liquidaciones	Consolidada	7763667,4	52165,55	2199616,61	1676652,73	1739660,1	1485781,02	609791,39
2011	05	Cinco Villas	Liquidaciones	Consolidada	4319240,79	0	1364403,78	1474913,49	363325,71	798764,63	317833,18
2011	06	Hoya de Huesca / Plana de Uesca	Liquidaciones	Consolidada	6222325,94	26877,4	955607	2296899,27	886236,65	1197606,52	859099,1
2011	07	Somontano de Barbastro	Liquidaciones	Consolidada	5646714,41	5742,19	1889802,86	1476488,17	610879,81	798270,46	865530,92
2011	08	Cinca Medio	Liquidaciones	Consolidada	3302475,36	39287,21	1094779,54	1153196,03	380053,69	35848,83	599310,06
2011	09	La Litera / La Llitera	Liquidaciones	Consolidada	5067074,11	362701,82	1045673,49	2840204,45	155051,1	89239,26	574203,99
2011	10	Los Monegros	Liquidaciones	Consolidada	6427816,72	29134,11	2212959,56	1536377,86	1390442,6	756173,16	502729,43
2011	11	Bajo Cinca / Baix Cinca	Liquidaciones	Consolidada	4376560,87	0	992450,4	965671,5	452815,74	378086,51	1587536,72
2011	12	Tarazona y el Moncayo	Liquidaciones	Consolidada	1925099,84	0	380215,95	751088,87	239411,7	23165,23	531218,09
2011	13	Campo de Borja	Liquidaciones	Consolidada	3380191,8	60166,61	560851,64	1419280,21	471802,49	68267,1	799823,75
2011	14	Aranda	Liquidaciones	Consolidada	2240669,32	47994,06	683020,66	230316,34	189442,8	125964,03	963931,43
2011	15	Ribera Alta del Ebro	Liquidaciones	Consolidada	4342236,51	0	1166921,22	1557798,28	647309,53	80595,28	889612,2
2011	16	Valdejalón	Liquidaciones	Consolidada	5378676,43	0	772338,79	1511438,19	443470,87	146672,25	2504756,33
2011	18	Ribera Baja del Ebro	Liquidaciones	Consolidada	2949102,79	0	806500,25	959881,25	327995,07	34826,34	819899,88
2011	19	Bajo Aragón-Caspe / Baix Aragó-Casp	Liquidaciones	Consolidada	3275115,68	12291,69	90337,12	556023,55	216945,59	1462796,29	936721,44
2011	20	Comunidad de Calatayud	Liquidaciones	Consolidada	4751392,11	0	394401,35	1619277,25	374820,8	702406,09	1660486,62
2011	21	Campo de Cariñena	Liquidaciones	Consolidada	2918603,88	187219,21	1161181,71	643152,14	330895,42	10607,82	585547,58
2011	22	Campo de Belchite	Liquidaciones	Consolidada	2561866,83	0	1170524,29	250618,03	279497,39	68308,82	792918,3
2011	23	Bajo Martín	Liquidaciones	Consolidada	3234074,34	59241,75	576273,12	785447,42	222301,34	43029,25	1547781,46
2011	24	Campo de Daroca	Liquidaciones	Consolidada	2403507,62	64821,3	308426,96	373695,91	134497,88	452106,36	1069959,21
2011	25	Jiloca	Liquidaciones	Consolidada	3283704,75	580,08	731360,26	1256741,77	322854,87	482197,19	489970,58
2011	26	Cuencas Mineras	Liquidaciones	Consolidada	2843235,74	72255,68	135293,37	394682,58	245418,92	390159,26	1605425,93
2011	27	Andorra-Sierra de Arcos	Liquidaciones	Consolidada	2268609,68	490,94	380713,55	847938,22	388559,08	270219,3	380688,59
2011	28	Bajo Aragón	Liquidaciones	Consolidada	3443776,01	105719,16	506477,15	1434806,34	329351,8	66886,84	1000534,72
2011	29	Comunidad de Teruel	Liquidaciones	Consolidada	5007023,45	231087,43	1252820,16	1699691,48	704336,44	543547,84	575540,1
2011	30	Maestrazgo	Liquidaciones	Sin información							
2011	31	Sierra de Albarracín	Liquidaciones	Consolidada	3031605,3	0	234586,87	129279,49	407860	624859,09	1635019,85
2011	32	Gúdar-Javalambre	Liquidaciones	Consolidada	3367419,92	0	559685,08	791430,5	521340,55	839731,1	655232,69
2011	33	Matarraña / Matarranya	Liquidaciones	Consolidada	3841685,53	34418,37	657287,12	563441,68	322683,25	235903,03	2027952,08
2012	01	La Jacetania	Liquidaciones	Consolidada	4440628,77	0	1062085,96	942597,83	570916,95	1027225,12	837802,91
2012	02	Alto Gállego	Liquidaciones	Consolidada	4312949,88	91639,15	1416964,09	1114177,91	946896,28	65392,03	677880,42
2012	03	Sobrarbe	Liquidaciones	Consolidada	5063498,38	0	299768,23	420670,82	231805,47	969856,41	3141397,45
2012	04	La Ribagorza	Liquidaciones	Consolidada	6987984,53	620811,53	2267130,32	1350180,5	1497542,07	450327,74	801992,37
2012	05	Cinco Villas	Liquidaciones	Consolidada	4649944,65	0	1232247,47	972660,01	339524,43	1741956,87	363555,87
2012	06	Hoya de Huesca / Plana de Uesca	Liquidaciones	Consolidada	5650060,33	23069,57	1218442,09	1725706,02	961334,76	756655,23	964852,66
2012	07	Somontano de Barbastro	Liquidaciones	Consolidada	4540534,02	2038,26	1850588,55	954340,62	528207,34	463296,29	742062,96
2012	08	Cinca Medio	Liquidaciones	Consolidada	2839023,79	53852,64	1023263,36	890118,32	282702,53	33890,23	555196,71
2012	09	La Litera / La Llitera	Liquidaciones	Consolidada	4475684,79	373546,23	905072,36	2525328,25	122691,08	27256,34	521790,53
2012	10	Los Monegros	Liquidaciones	Consolidada	4998387,6	38469,2	1684598,77	1394344,83	1103690,13	362903,7	414380,97
2012	11	Bajo Cinca / Baix Cinca	Liquidaciones	Consolidada	3140868,46	0	871257,51	588879,98	419716,23	425899,19	835115,55
2012	12	Tarazona y el Moncayo	Liquidaciones	Consolidada	2783796,84	0	457524,75	831984,13	212003,98	587950,63	694333,35
2012	13	Campo de Borja	Liquidaciones	Consolidada	2944198,4	136039,74	566749,81	1177282,65	287212,05	109858,2	667055,95
2012	14	Aranda	Liquidaciones	Consolidada	2016979,9	47100,83	502308,68	299395,58	152093,73	100436,24	915644,84
2012	15	Ribera Alta del Ebro	Liquidaciones	Consolidada	3644172,35	0	862549,82	1625114,56	491805,46	62656,11	602046,4
2012	16	Valdejalón	Liquidaciones	Consolidada	3733817,62	0	693115,19	1377982,54	393241,49	72000,49	1197477,91
2012	18	Ribera Baja del Ebro	Liquidaciones	Consolidada	2697944,81	0	836396,52	846174,37	290537,51	17511,63	707324,78
2012	19	Bajo Aragón-Caspe / Baix Aragó-Casp	Liquidaciones	Consolidada	2101729,7	10427,41	101136,95	637540,64	139910,38	450644,41	762069,91
2012	20	Comunidad de Calatayud	Liquidaciones	Consolidada	3376852,28	0	550299,81	1389993,13	297777,48	84215,06	1054566,8
2012	21	Campo de Cariñena	Liquidaciones	Consolidada	2530520,92	257291,43	772489,88	605039,77	305619,83	34759,51	555320,5
2012	22	Campo de Belchite	Liquidaciones	Consolidada	1487658,56	0	635730,81	183158,78	162315,11	82208,56	424245,3
2012	23	Bajo Martín	Liquidaciones	Consolidada	1888424,42	79700,36	557993,54	734639,75	140452,96	14224,54	361413,27
2012	24	Campo de Daroca	Liquidaciones	Consolidada	2351555,74	73815	413809,83	284470,52	217870,9	353858,97	1007730,52
2012	25	Jiloca	Liquidaciones	Consolidada	3074322,32	21838,04	651213,26	1090106,69	369922,64	359763,21	581478,48
2012	26	Cuencas Mineras	Liquidaciones	Sin información							
2012	27	Andorra-Sierra de Arcos	Liquidaciones	Consolidada	2097417,47	674,58	370550,67	750412,75	299125,35	122767,29	553886,83
2012	28	Bajo Aragón	Liquidaciones	Consolidada	2899619,97	109899,3	488084,61	1340876,35	313332,43	46150,18	601277,1
2012	29	Comunidad de Teruel	Liquidaciones	Consolidada	3870386,67	195392,07	455977,2	1762602,41	548951,02	427498,15	479965,82
2012	30	Maestrazgo	Liquidaciones	Consolidada	1565190,8	0	380088,23	80028,92	551845,01	399490,08	153738,56
2012	31	Sierra de Albarracín	Liquidaciones	Consolidada	1987669,05	0	216868,46	88353,76	302241,02	10126,18	1370079,63
2012	32	Gúdar-Javalambre	Liquidaciones	Consolidada	2587628,26	0	540918,98	628129,16	384284,45	495442,24	538853,43
2012	33	Matarraña / Matarranya	Liquidaciones	Consolidada	2333958,49	44610,55	383347,16	730626,56	352570,46	96099,26	726704,5
2013	01	La Jacetania	Liquidaciones	Consolidada	4612406,23	0	843384,18	1169388,15	591231,32	1140305,29	868097,29
2013	02	Alto Gállego	Liquidaciones	Consolidada	4374708,51	82253,48	1338011,41	1115866,1	1148907,73	89682,94	599986,85
2013	03	Sobrarbe	Liquidaciones	Consolidada	5066564,6	0	426995,22	194719,27	987891,34	254568,93	3202389,84
2013	04	La Ribagorza	Liquidaciones	Consolidada	6493926,15	337048,31	1958965,2	1460702,4	1492761,25	662747,68	581701,31
2013	05	Cinco Villas	Liquidaciones	Consolidada	4564714,41	0	1342688,26	1084446,72	562155,97	1256669,55	318753,91
2013	06	Hoya de Huesca / Plana de Uesca	Liquidaciones	Consolidada	6684352,17	169136,48	1125164,96	1871916,58	1523088,7	894842,31	1100203,14
2013	07	Somontano de Barbastro	Liquidaciones	Consolidada	4320720,15	476,11	1796663,52	761005,65	617836,85	406209,31	738528,71
2013	08	Cinca Medio	Liquidaciones	Consolidada	3071943,37	35938,82	942145,73	908286,65	447479,29	96728,37	641364,51
2013	09	La Litera / La Llitera	Liquidaciones	Consolidada	5066580,82	361810,33	961179,18	2647504,76	399787,21	122543,95	573755,39
2013	10	Los Monegros	Liquidaciones	Consolidada	4889171,07	45833,71	1635512,39	1335637,44	1020200,64	209736,84	642250,05
2013	11	Bajo Cinca / Baix Cinca	Liquidaciones	Consolidada	4901411,08	0	888129,31	703746,55	409834,31	568449,8	2331251,11
2013	12	Tarazona y el Moncayo	Liquidaciones	Consolidada	2753344,32	0	517473,98	819025,63	317067,62	513290,45	586486,64
2013	13	Campo de Borja	Liquidaciones	Consolidada	2864332,74	34141,05	698792,37	1104210,66	278383,1	85011,03	663794,53
2013	14	Aranda	Liquidaciones	Consolidada	2001194,35	46883,88	586952,73	709316,15	158197,15	131869,73	367974,71
2013	15	Ribera Alta del Ebro	Liquidaciones	Consolidada	5635661,56	2797,73	880544,42	1716126,8	685494,64	22326,74	2328371,23
2013	16	Valdejalón	Liquidaciones	Consolidada	3423323,17	0	783332,13	1557066,07	270134	45483,8	767307,17
2013	18	Ribera Baja del Ebro	Liquidaciones	Consolidada	2599361,71	0	707723,82	882919,27	362548,62	7260	638910
2013	19	Bajo Aragón-Caspe / Baix Aragó-Casp	Liquidaciones	Consolidada	2120840,43	5653,01	136597,52	600384,14	405883,61	103699,54	868622,61
2013	20	Comunidad de Calatayud	Liquidaciones	Consolidada	3647792	0	555183,05	1936618,84	326837,53	70466,86	758685,72
2013	21	Campo de Cariñena	Liquidaciones	Consolidada	2410471,87	250858,24	493241,07	630925,79	454460,56	50678,32	530307,89
2013	22	Campo de Belchite	Liquidaciones	Consolidada	1669310,01	0	741946,72	215590,38	164180,05	61239,71	486353,15
2013	23	Bajo Martín	Liquidaciones	Consolidada	2212163,38	292999,68	584279,26	750816,07	149586,81	10583,29	423898,27
2013	24	Campo de Daroca	Liquidaciones	Consolidada	2269372,28	29870,08	380929,81	365626,58	149563,15	311726,29	1031656,37
2013	25	Jiloca	Liquidaciones	Consolidada	2908823,07	19204,7	665930,37	1122418,51	448417,86	136264,48	516587,15
2013	26	Cuencas Mineras	Liquidaciones	Consolidada	1871041,44	0	141805,62	386943,57	246752,74	452658,21	642881,3
2013	27	Andorra-Sierra de Arcos	Liquidaciones	Consolidada	2112092,17	779,86	372821,05	911831,84	340669,69	130966,97	355022,76
2013	28	Bajo Aragón	Liquidaciones	Consolidada	3754706,46	392449,2	590704,46	1412358,84	557118,95	110622,96	691452,05
2013	29	Comunidad de Teruel	Liquidaciones	Consolidada	3996529,96	172239,48	407440,3	1770290,09	743826,3	437455,29	465278,5
2013	30	Maestrazgo	Liquidaciones	Consolidada	1659697,76	0	97097,65	491395,51	344075,22	250216,31	476913,07
2013	31	Sierra de Albarracín	Liquidaciones	Consolidada	2127646,4	0	155850,71	1127811,17	443334,62	132928,71	267721,19
2013	32	Gúdar-Javalambre	Liquidaciones	Consolidada	2370870,61	0	555213,71	667449,82	413240,39	225899,87	509066,82
2013	33	Matarraña / Matarranya	Liquidaciones	Consolidada	2217417,16	48228,67	222036,15	728423,88	330429,69	82909,7	805389,07