Municipio código	Municipio nombre	Plantas sobre rasante	Número de edificios
22001	Abiego	01	42
22001	Abiego	02	141
22001	Abiego	03	3
22002	Abizanda	01	7
22002	Abizanda	02	9
22002	Abizanda	03	71
22002	Abizanda	04	2
22003	Adahuesca	01	60
22003	Adahuesca	02	55
22003	Adahuesca	03	1
22004	Agüero	01	61
22004	Agüero	02	125
22004	Agüero	03	27
22006	Aísa	01	36
22006	Aísa	02	57
22006	Aísa	03	69
22006	Aísa	04	18
22006	Aísa	05	15
22006	Aísa	06	10
22006	Aísa	07	1
22006	Aísa	10 o más	2
22007	Albalate de Cinca	01	315
22007	Albalate de Cinca	02	80
22007	Albalate de Cinca	03	12
22007	Albalate de Cinca	04	3
22008	Albalatillo	01	20
22008	Albalatillo	02	101
22008	Albalatillo	03	5
22009	Albelda	01	136
22009	Albelda	02	266
22009	Albelda	03	32
22009	Albelda	04	1
22011	Albero Alto	01	7
22011	Albero Alto	02	35
22011	Albero Alto	03	8
22012	Albero Bajo	01	11
22012	Albero Bajo	02	28
22012	Albero Bajo	03	5
22013	Alberuela de Tubo	01	13
22013	Alberuela de Tubo	02	123
22014	Alcalá de Gurrea	01	79
22014	Alcalá de Gurrea	02	128
22014	Alcalá de Gurrea	03	9
22015	Alcalá del Obispo	01	39
22015	Alcalá del Obispo	02	167
22015	Alcalá del Obispo	03	60
22016	Alcampell	01	106
22016	Alcampell	02	275
22016	Alcampell	03	120
22016	Alcampell	05	1
22017	Alcolea de Cinca	01	302
22017	Alcolea de Cinca	02	64
22017	Alcolea de Cinca	03	24
22017	Alcolea de Cinca	04	17
22017	Alcolea de Cinca	05	1
22018	Alcubierre	01	32
22018	Alcubierre	02	178
22018	Alcubierre	03	55
22019	Alerre	01	23
22019	Alerre	02	35
22019	Alerre	03	6
22020	Alfántega	01	58
22020	Alfántega	02	14
22021	Almudévar	01	208
22021	Almudévar	02	526
22021	Almudévar	03	266
22021	Almudévar	04	6
22021	Almudévar	05	1
22022	Almunia de San Juan	01	197
22022	Almunia de San Juan	02	143
22022	Almunia de San Juan	03	9
22023	Almuniente	01	70
22023	Almuniente	02	181
22023	Almuniente	03	6
22024	Alquézar	01	40
22024	Alquézar	02	152
22024	Alquézar	03	10
22025	Altorricón	01	363
22025	Altorricón	02	170
22025	Altorricón	03	9
22025	Altorricón	04	11
22025	Altorricón	05	1
22025	Altorricón	06	1
22027	Angüés	01	223
22027	Angüés	02	93
22027	Angüés	03	3
22028	Ansó	01	28
22028	Ansó	02	125
22028	Ansó	03	175
22028	Ansó	04	9
22028	Ansó	05	1
22029	Antillón	01	27
22029	Antillón	02	38
22029	Antillón	03	3
22032	Aragüés del Puerto	01	16
22032	Aragüés del Puerto	02	54
22032	Aragüés del Puerto	03	61
22032	Aragüés del Puerto	04	2
22035	Arén	01	2
22035	Arén	02	163
22035	Arén	03	61
22035	Arén	04	2
22035	Arén	05	1
22036	Argavieso	01	3
22036	Argavieso	02	51
22036	Argavieso	03	12
22037	Arguis	01	40
22037	Arguis	02	19
22037	Arguis	03	1
22039	Ayerbe	01	239
22039	Ayerbe	02	228
22039	Ayerbe	03	52
22039	Ayerbe	04	14
22040	Azanuy-Alins	01	119
22040	Azanuy-Alins	02	81
22041	Azara	01	38
22041	Azara	02	50
22041	Azara	03	7
22042	Azlor	01	20
22042	Azlor	02	65
22042	Azlor	03	17
22042	Azlor	04	1
22043	Baells	01	31
22043	Baells	02	57
22043	Baells	03	9
22044	Bailo	01	117
22044	Bailo	02	35
22044	Bailo	03	7
22045	Baldellou	01	63
22045	Baldellou	02	60
22045	Baldellou	03	20
22046	Ballobar	01	231
22046	Ballobar	02	225
22046	Ballobar	03	13
22047	Banastás	01	21
22047	Banastás	02	44
22047	Banastás	03	3
22048	Barbastro	01	381
22048	Barbastro	02	589
22048	Barbastro	03	451
22048	Barbastro	04	239
22048	Barbastro	05	189
22048	Barbastro	06	118
22048	Barbastro	07	57
22048	Barbastro	08	9
22048	Barbastro	09	5
22048	Barbastro	10 o más	2
22049	Barbués	01	9
22049	Barbués	02	43
22049	Barbués	03	7
22050	Barbuñales	01	48
22050	Barbuñales	02	36
22050	Barbuñales	03	3
22051	Bárcabo	01	12
22051	Bárcabo	02	9
22051	Bárcabo	03	45
22052	Belver de Cinca	01	399
22052	Belver de Cinca	02	115
22052	Belver de Cinca	03	20
22052	Belver de Cinca	04	4
22053	Benabarre	01	224
22053	Benabarre	02	277
22053	Benabarre	03	60
22053	Benabarre	04	2
22053	Benabarre	05	1
22053	Benabarre	06	1
22054	Benasque	01	52
22054	Benasque	02	45
22054	Benasque	03	274
22054	Benasque	04	86
22054	Benasque	05	14
22054	Benasque	06	2
22055	Berbegal	01	199
22055	Berbegal	02	72
22055	Berbegal	03	1
22057	Bielsa	01	58
22057	Bielsa	02	74
22057	Bielsa	03	120
22057	Bielsa	04	13
22057	Bielsa	05	3
22058	Bierge	01	20
22058	Bierge	02	7
22058	Bierge	03	166
22059	Biescas	01	136
22059	Biescas	02	317
22059	Biescas	03	286
22059	Biescas	04	66
22059	Biescas	05	32
22059	Biescas	06	7
22059	Biescas	10 o más	1
22060	Binaced	01	407
22060	Binaced	02	186
22060	Binaced	03	14
22061	Binéfar	01	1138
22061	Binéfar	02	469
22061	Binéfar	03	131
22061	Binéfar	04	42
22061	Binéfar	05	24
22061	Binéfar	06	16
22061	Binéfar	07	4
22061	Binéfar	08	9
22061	Binéfar	10 o más	2
22062	Bisaurri	01	5
22062	Bisaurri	02	39
22062	Bisaurri	03	82
22063	Biscarrués	01	49
22063	Biscarrués	02	72
22063	Biscarrués	03	19
22064	Blecua y Torres	01	97
22064	Blecua y Torres	02	38
22066	Boltaña	01	91
22066	Boltaña	02	60
22066	Boltaña	03	140
22066	Boltaña	04	31
22066	Boltaña	05	11
22067	Bonansa	01	2
22067	Bonansa	02	21
22067	Bonansa	03	30
22068	Borau	01	15
22068	Borau	02	27
22068	Borau	03	41
22069	Broto	01	95
22069	Broto	02	180
22069	Broto	03	30
22069	Broto	04	2
22069	Broto	06	2
22072	Caldearenas	01	117
22072	Caldearenas	02	69
22072	Caldearenas	03	2
22074	Campo	01	30
22074	Campo	02	70
22074	Campo	03	109
22074	Campo	04	8
22075	Camporrells	01	134
22075	Camporrells	02	62
22075	Camporrells	03	5
22076	Canal de Berdún	01	176
22076	Canal de Berdún	02	97
22076	Canal de Berdún	03	7
22077	Candasnos	01	18
22077	Candasnos	02	222
22077	Candasnos	03	31
22078	Canfranc	01	57
22078	Canfranc	02	31
22078	Canfranc	03	44
22078	Canfranc	04	17
22078	Canfranc	05	14
22078	Canfranc	06	8
22078	Canfranc	07	2
22079	Capdesaso	01	26
22079	Capdesaso	02	75
22080	Capella	01	46
22080	Capella	02	44
22080	Capella	03	131
22080	Capella	04	1
22081	Casbas de Huesca	01	16
22081	Casbas de Huesca	02	241
22081	Casbas de Huesca	03	97
22082	Castejón del Puente	01	150
22082	Castejón del Puente	02	68
22082	Castejón del Puente	03	5
22083	Castejón de Monegros	01	58
22083	Castejón de Monegros	02	240
22083	Castejón de Monegros	03	45
22084	Castejón de Sos	01	38
22084	Castejón de Sos	02	40
22084	Castejón de Sos	03	142
22084	Castejón de Sos	04	14
22084	Castejón de Sos	05	1
22084	Castejón de Sos	06	2
22085	Castelflorite	01	16
22085	Castelflorite	02	40
22085	Castelflorite	03	5
22086	Castiello de Jaca	01	7
22086	Castiello de Jaca	02	108
22086	Castiello de Jaca	03	8
22086	Castiello de Jaca	04	9
22087	Castigaleu	01	7
22087	Castigaleu	02	29
22087	Castigaleu	03	11
22088	Castillazuelo	01	2
22088	Castillazuelo	02	58
22088	Castillazuelo	03	74
22089	Castillonroy	01	45
22089	Castillonroy	02	90
22089	Castillonroy	03	120
22089	Castillonroy	04	1
22090	Colungo	01	8
22090	Colungo	02	5
22090	Colungo	03	82
22094	Chalamera	01	87
22094	Chalamera	02	5
22095	Chía	01	7
22095	Chía	02	14
22095	Chía	03	35
22096	Chimillas	01	32
22096	Chimillas	02	38
22096	Chimillas	03	7
22099	Esplús	01	223
22099	Esplús	02	34
22099	Esplús	03	7
22102	Estada	01	32
22102	Estada	02	62
22102	Estada	03	6
22103	Estadilla	01	90
22103	Estadilla	02	224
22103	Estadilla	03	57
22103	Estadilla	04	2
22105	Estopiñán del Castillo	01	51
22105	Estopiñán del Castillo	02	58
22105	Estopiñán del Castillo	03	69
22106	Fago	01	1
22106	Fago	02	63
22106	Fago	03	13
22107	Fanlo	01	22
22107	Fanlo	02	94
22107	Fanlo	03	9
22109	Fiscal	01	70
22109	Fiscal	02	130
22109	Fiscal	03	13
22110	Fonz	01	413
22110	Fonz	02	156
22110	Fonz	03	24
22110	Fonz	04	1
22111	Foradada del Toscar	01	28
22111	Foradada del Toscar	02	49
22111	Foradada del Toscar	03	62
22112	Fraga	01	594
22112	Fraga	02	1099
22112	Fraga	03	249
22112	Fraga	04	126
22112	Fraga	05	73
22112	Fraga	06	29
22112	Fraga	07	25
22112	Fraga	08	16
22112	Fraga	09	1
22112	Fraga	10 o más	9
22113	Fueva (La)	01	123
22113	Fueva (La)	02	139
22113	Fueva (La)	03	17
22114	Gistaín	01	5
22114	Gistaín	02	38
22114	Gistaín	03	19
22115	Grado (El)	01	73
22115	Grado (El)	02	185
22115	Grado (El)	03	149
22116	Grañén	01	286
22116	Grañén	02	340
22116	Grañén	03	66
22116	Grañén	04	11
22117	Graus	01	240
22117	Graus	02	674
22117	Graus	03	337
22117	Graus	04	62
22117	Graus	05	22
22117	Graus	06	8
22117	Graus	07	1
22117	Graus	08	1
22119	Gurrea de Gállego	01	193
22119	Gurrea de Gállego	02	537
22119	Gurrea de Gállego	03	67
22119	Gurrea de Gállego	04	1
22122	Hoz de Jaca	01	18
22122	Hoz de Jaca	02	21
22122	Hoz de Jaca	03	32
22124	Huerto	01	31
22124	Huerto	02	166
22124	Huerto	03	2
22125	Huesca	01	393
22125	Huesca	02	756
22125	Huesca	03	322
22125	Huesca	04	427
22125	Huesca	05	347
22125	Huesca	06	211
22125	Huesca	07	128
22125	Huesca	08	106
22125	Huesca	09	20
22125	Huesca	10 o más	128
22126	Ibieca	01	45
22126	Ibieca	02	34
22127	Igriés	01	60
22127	Igriés	02	35
22127	Igriés	03	16
22128	Ilche	01	68
22128	Ilche	02	67
22128	Ilche	03	6
22129	Isábena	01	20
22129	Isábena	02	79
22129	Isábena	03	45
22129	Isábena	04	1
22130	Jaca	01	197
22130	Jaca	02	911
22130	Jaca	03	359
22130	Jaca	04	209
22130	Jaca	05	184
22130	Jaca	06	108
22130	Jaca	07	53
22130	Jaca	08	22
22130	Jaca	09	1
22130	Jaca	10 o más	8
22131	Jasa	01	13
22131	Jasa	02	58
22131	Jasa	03	60
22131	Jasa	04	1
22133	Labuerda	01	33
22133	Labuerda	02	18
22133	Labuerda	03	39
22133	Labuerda	04	1
22135	Laluenga	01	92
22135	Laluenga	02	66
22135	Laluenga	03	1
22136	Lalueza	01	244
22136	Lalueza	02	279
22136	Lalueza	03	22
22137	Lanaja	01	207
22137	Lanaja	02	473
22137	Lanaja	03	107
22139	Laperdiguera	01	54
22139	Laperdiguera	02	21
22141	Lascellas-Ponzano	01	105
22141	Lascellas-Ponzano	02	40
22141	Lascellas-Ponzano	03	1
22142	Lascuarre	01	17
22142	Lascuarre	02	23
22142	Lascuarre	03	76
22143	Laspaúles	01	16
22143	Laspaúles	02	63
22143	Laspaúles	03	95
22143	Laspaúles	04	3
22144	Laspuña	01	26
22144	Laspuña	02	38
22144	Laspuña	03	45
22144	Laspuña	04	3
22149	Loarre	01	175
22149	Loarre	02	101
22149	Loarre	03	2
22150	Loporzano	01	29
22150	Loporzano	02	112
22150	Loporzano	03	87
22151	Loscorrales	01	45
22151	Loscorrales	02	22
22151	Loscorrales	03	2
22155	Monesma y Cajigar	01	1
22155	Monesma y Cajigar	02	21
22155	Monesma y Cajigar	03	40
22156	Monflorite-Lascasas	01	11
22156	Monflorite-Lascasas	02	50
22156	Monflorite-Lascasas	03	25
22157	Montanuy	01	19
22157	Montanuy	02	60
22157	Montanuy	03	108
22158	Monzón	01	939
22158	Monzón	02	1407
22158	Monzón	03	302
22158	Monzón	04	177
22158	Monzón	05	129
22158	Monzón	06	37
22158	Monzón	07	20
22158	Monzón	08	7
22158	Monzón	09	3
22158	Monzón	10 o más	14
22160	Naval	01	9
22160	Naval	02	36
22160	Naval	03	110
22160	Naval	04	1
22162	Novales	01	2
22162	Novales	02	63
22162	Novales	03	10
22163	Nueno	01	77
22163	Nueno	02	133
22163	Nueno	03	8
22164	Olvena	01	7
22164	Olvena	02	33
22165	Ontiñena	01	372
22165	Ontiñena	02	35
22165	Ontiñena	03	1
22167	Osso de Cinca	01	205
22167	Osso de Cinca	02	60
22167	Osso de Cinca	03	4
22168	Palo	01	12
22168	Palo	02	25
22168	Palo	03	3
22170	Panticosa	01	75
22170	Panticosa	02	54
22170	Panticosa	03	124
22170	Panticosa	04	40
22170	Panticosa	05	6
22170	Panticosa	06	1
22170	Panticosa	07	3
22172	Peñalba	01	92
22172	Peñalba	02	160
22172	Peñalba	03	5
22173	Peñas de Riglos (Las)	01	270
22173	Peñas de Riglos (Las)	02	131
22173	Peñas de Riglos (Las)	03	16
22174	Peralta de Alcofea	01	13
22174	Peralta de Alcofea	02	382
22174	Peralta de Alcofea	03	18
22175	Peralta de Calasanz	01	79
22175	Peralta de Calasanz	02	195
22175	Peralta de Calasanz	03	70
22176	Peraltilla	01	53
22176	Peraltilla	02	36
22176	Peraltilla	03	4
22177	Perarrúa	01	9
22177	Perarrúa	02	84
22177	Perarrúa	03	4
22178	Pertusa	01	49
22178	Pertusa	02	47
22178	Pertusa	03	5
22181	Piracés	01	4
22181	Piracés	02	33
22181	Piracés	03	9
22182	Plan	01	37
22182	Plan	02	65
22182	Plan	03	33
22184	Poleñino	01	23
22184	Poleñino	02	83
22184	Poleñino	03	14
22186	Pozán de Vero	01	4
22186	Pozán de Vero	02	75
22186	Pozán de Vero	03	61
22187	Puebla de Castro (La)	01	155
22187	Puebla de Castro (La)	02	138
22187	Puebla de Castro (La)	03	2
22188	Puente de Montañana	01	9
22188	Puente de Montañana	02	55
22188	Puente de Montañana	03	27
22189	Puértolas	01	24
22189	Puértolas	02	61
22189	Puértolas	03	16
22190	Pueyo de Araguás (El)	01	12
22190	Pueyo de Araguás (El)	02	10
22190	Pueyo de Araguás (El)	03	37
22193	Pueyo de Santa Cruz	01	95
22193	Pueyo de Santa Cruz	02	54
22193	Pueyo de Santa Cruz	03	1
22195	Quicena	01	11
22195	Quicena	02	39
22195	Quicena	03	9
22197	Robres	01	20
22197	Robres	02	218
22197	Robres	03	25
22197	Robres	04	2
22199	Sabiñánigo	01	207
22199	Sabiñánigo	02	609
22199	Sabiñánigo	03	317
22199	Sabiñánigo	04	110
22199	Sabiñánigo	05	80
22199	Sabiñánigo	06	51
22199	Sabiñánigo	07	25
22199	Sabiñánigo	08	19
22199	Sabiñánigo	10 o más	4
22200	Sahún	01	28
22200	Sahún	02	104
22200	Sahún	03	49
22200	Sahún	04	6
22201	Salas Altas	01	19
22201	Salas Altas	02	35
22201	Salas Altas	03	95
22202	Salas Bajas	01	10
22202	Salas Bajas	02	16
22202	Salas Bajas	03	79
22203	Salillas	01	6
22203	Salillas	02	54
22203	Salillas	03	19
22204	Sallent de Gállego	01	83
22204	Sallent de Gállego	02	199
22204	Sallent de Gállego	03	168
22204	Sallent de Gállego	04	64
22204	Sallent de Gállego	05	31
22204	Sallent de Gállego	06	6
22204	Sallent de Gállego	07	4
22205	San Esteban de Litera	01	117
22205	San Esteban de Litera	02	255
22205	San Esteban de Litera	03	84
22206	Sangarrén	01	22
22206	Sangarrén	02	97
22206	Sangarrén	03	10
22207	San Juan de Plan	01	5
22207	San Juan de Plan	02	29
22207	San Juan de Plan	03	15
22208	Santa Cilia	01	36
22208	Santa Cilia	02	69
22209	Santa Cruz de la Serós	01	27
22209	Santa Cruz de la Serós	02	44
22209	Santa Cruz de la Serós	03	4
22212	Santaliestra y San Quílez	01	12
22212	Santaliestra y San Quílez	02	51
22212	Santaliestra y San Quílez	03	13
22212	Santaliestra y San Quílez	04	1
22213	Sariñena	01	797
22213	Sariñena	02	623
22213	Sariñena	03	116
22213	Sariñena	04	19
22213	Sariñena	05	13
22213	Sariñena	06	2
22213	Sariñena	08	1
22213	Sariñena	10 o más	1
22214	Secastilla	01	19
22214	Secastilla	02	55
22214	Secastilla	03	1
22215	Seira	01	28
22215	Seira	02	36
22215	Seira	03	33
22215	Seira	05	2
22217	Sena	01	80
22217	Sena	02	240
22217	Sena	03	19
22218	Senés de Alcubierre	01	2
22218	Senés de Alcubierre	02	35
22220	Sesa	01	15
22220	Sesa	02	97
22220	Sesa	03	33
22221	Sesué	01	15
22221	Sesué	02	31
22221	Sesué	03	42
22222	Siétamo	01	37
22222	Siétamo	02	171
22222	Siétamo	03	28
22223	Sopeira	01	1
22223	Sopeira	02	45
22223	Sopeira	03	16
22225	Tamarite de Litera	01	418
22225	Tamarite de Litera	02	565
22225	Tamarite de Litera	03	186
22225	Tamarite de Litera	04	47
22225	Tamarite de Litera	05	13
22225	Tamarite de Litera	06	12
22225	Tamarite de Litera	07	1
22225	Tamarite de Litera	09	1
22226	Tardienta	01	86
22226	Tardienta	02	239
22226	Tardienta	03	77
22226	Tardienta	04	6
22226	Tardienta	05	1
22227	Tella-Sin	01	17
22227	Tella-Sin	02	26
22227	Tella-Sin	03	51
22227	Tella-Sin	04	1
22227	Tella-Sin	05	2
22228	Tierz	01	4
22228	Tierz	02	37
22228	Tierz	03	32
22229	Tolva	01	36
22229	Tolva	02	27
22229	Tolva	03	102
22230	Torla	01	18
22230	Torla	02	95
22230	Torla	03	42
22230	Torla	04	2
22230	Torla	05	1
22232	Torralba de Aragón	01	8
22232	Torralba de Aragón	02	60
22232	Torralba de Aragón	03	5
22233	Torre la Ribera	01	11
22233	Torre la Ribera	02	40
22233	Torre la Ribera	03	1
22234	Torrente de Cinca	01	87
22234	Torrente de Cinca	02	304
22234	Torrente de Cinca	03	34
22234	Torrente de Cinca	04	2
22235	Torres de Alcanadre	01	16
22235	Torres de Alcanadre	02	63
22235	Torres de Alcanadre	03	12
22236	Torres de Barbués	01	59
22236	Torres de Barbués	02	92
22236	Torres de Barbués	03	1
22239	Tramaced	01	15
22239	Tramaced	02	24
22239	Tramaced	03	8
22242	Valfarta	01	3
22242	Valfarta	02	56
22243	Valle de Bardají	01	2
22243	Valle de Bardají	02	11
22243	Valle de Bardají	03	7
22244	Valle de Lierp	01	5
22244	Valle de Lierp	02	25
22244	Valle de Lierp	03	10
22245	Velilla de Cinca	01	144
22245	Velilla de Cinca	02	68
22245	Velilla de Cinca	03	25
22246	Veracruz	01	19
22246	Veracruz	02	50
22246	Veracruz	03	7
22247	Viacamp y Litera	01	2
22247	Viacamp y Litera	02	18
22247	Viacamp y Litera	03	4
22248	Vicién	01	16
22248	Vicién	02	39
22248	Vicién	03	1
22249	Villanova	01	18
22249	Villanova	02	11
22249	Villanova	03	75
22249	Villanova	04	3
22250	Villanúa	01	36
22250	Villanúa	02	281
22250	Villanúa	03	52
22250	Villanúa	04	27
22250	Villanúa	05	3
22251	Villanueva de Sigena	01	73
22251	Villanueva de Sigena	02	163
22251	Villanueva de Sigena	03	6
22252	Yebra de Basa	01	12
22252	Yebra de Basa	02	35
22252	Yebra de Basa	03	18
22253	Yésero	01	28
22253	Yésero	02	29
22253	Yésero	03	2
22254	Zaidín	01	331
22254	Zaidín	02	232
22254	Zaidín	03	29
22254	Zaidín	04	2
22901	Valle de Hecho	01	85
22901	Valle de Hecho	02	320
22901	Valle de Hecho	03	121
22901	Valle de Hecho	04	11
22901	Valle de Hecho	05	1
22902	Puente la Reina de Jaca	01	31
22902	Puente la Reina de Jaca	02	89
22902	Puente la Reina de Jaca	03	12
22902	Puente la Reina de Jaca	04	1
22903	San Miguel del Cinca	01	230
22903	San Miguel del Cinca	02	178
22903	San Miguel del Cinca	03	8
22904	Sotonera (La)	01	301
22904	Sotonera (La)	02	307
22904	Sotonera (La)	03	84
22905	Lupiñén-Ortilla	01	86
22905	Lupiñén-Ortilla	02	101
22905	Lupiñén-Ortilla	03	17
22906	Santa María de Dulcis	01	62
22906	Santa María de Dulcis	02	34
22906	Santa María de Dulcis	03	7
22907	Aínsa-Sobrarbe	01	91
22907	Aínsa-Sobrarbe	02	375
22907	Aínsa-Sobrarbe	03	99
22907	Aínsa-Sobrarbe	04	31
22907	Aínsa-Sobrarbe	05	10
22907	Aínsa-Sobrarbe	06	1
22908	Hoz y Costeán	01	29
22908	Hoz y Costeán	02	49
22908	Hoz y Costeán	03	73
22909	Vencillón	01	71
22909	Vencillón	02	95
22909	Vencillón	03	1
44001	Ababuj	01	13
44001	Ababuj	02	31
44001	Ababuj	03	40
44002	Abejuela	01	11
44002	Abejuela	02	122
44002	Abejuela	03	6
44003	Aguatón	01	4
44003	Aguatón	02	29
44004	Aguaviva	01	222
44004	Aguaviva	02	248
44004	Aguaviva	03	34
44004	Aguaviva	04	6
44005	Aguilar del Alfambra	02	20
44005	Aguilar del Alfambra	03	66
44006	Alacón	01	38
44006	Alacón	02	170
44006	Alacón	03	143
44007	Alba	01	23
44007	Alba	02	196
44007	Alba	03	5
44008	Albalate del Arzobispo	01	335
44008	Albalate del Arzobispo	02	271
44008	Albalate del Arzobispo	03	489
44008	Albalate del Arzobispo	04	45
44008	Albalate del Arzobispo	05	7
44009	Albarracín	01	83
44009	Albarracín	02	261
44009	Albarracín	03	138
44009	Albarracín	04	8
44010	Albentosa	01	21
44010	Albentosa	02	127
44010	Albentosa	03	104
44010	Albentosa	04	2
44011	Alcaine	01	36
44011	Alcaine	02	45
44011	Alcaine	03	132
44012	Alcalá de la Selva	01	587
44012	Alcalá de la Selva	02	147
44012	Alcalá de la Selva	03	133
44012	Alcalá de la Selva	04	5
44012	Alcalá de la Selva	05	2
44013	Alcañiz	01	556
44013	Alcañiz	02	973
44013	Alcañiz	03	547
44013	Alcañiz	04	195
44013	Alcañiz	05	104
44013	Alcañiz	06	32
44013	Alcañiz	07	24
44013	Alcañiz	08	12
44013	Alcañiz	09	4
44013	Alcañiz	10 o más	1
44014	Alcorisa	01	133
44014	Alcorisa	02	510
44014	Alcorisa	03	428
44014	Alcorisa	04	79
44014	Alcorisa	05	10
44016	Alfambra	01	32
44016	Alfambra	02	309
44016	Alfambra	03	67
44016	Alfambra	04	2
44017	Aliaga	01	267
44017	Aliaga	02	39
44017	Aliaga	03	157
44017	Aliaga	04	11
44018	Almohaja	01	1
44018	Almohaja	02	49
44019	Alobras	01	17
44019	Alobras	02	78
44019	Alobras	03	11
44020	Alpeñés	01	8
44020	Alpeñés	02	24
44020	Alpeñés	03	5
44021	Allepuz	01	22
44021	Allepuz	02	42
44021	Allepuz	03	112
44022	Alloza	01	58
44022	Alloza	02	144
44022	Alloza	03	345
44022	Alloza	04	5
44023	Allueva	01	24
44023	Allueva	02	9
44023	Allueva	03	25
44024	Anadón	02	41
44024	Anadón	03	15
44025	Andorra	01	417
44025	Andorra	02	1038
44025	Andorra	03	474
44025	Andorra	04	113
44025	Andorra	05	6
44025	Andorra	06	1
44026	Arcos de las Salinas	01	15
44026	Arcos de las Salinas	02	123
44026	Arcos de las Salinas	03	83
44027	Arens de Lledó	01	60
44027	Arens de Lledó	02	79
44028	Argente	01	31
44028	Argente	02	130
44029	Ariño	01	61
44029	Ariño	02	161
44029	Ariño	03	318
44029	Ariño	04	3
44031	Azaila	01	11
44031	Azaila	02	102
44031	Azaila	03	50
44032	Bádenas	01	3
44032	Bádenas	02	37
44033	Báguena	01	13
44033	Báguena	02	227
44033	Báguena	03	159
44034	Bañón	01	12
44034	Bañón	02	148
44034	Bañón	03	1
44035	Barrachina	01	20
44035	Barrachina	02	159
44035	Barrachina	03	5
44036	Bea	01	7
44036	Bea	02	19
44036	Bea	03	17
44037	Beceite	01	110
44037	Beceite	02	126
44037	Beceite	03	216
44037	Beceite	04	4
44038	Belmonte de San José	01	19
44038	Belmonte de San José	02	102
44038	Belmonte de San José	03	4
44039	Bello	01	12
44039	Bello	02	325
44039	Bello	03	2
44040	Berge	01	49
44040	Berge	02	100
44040	Berge	03	28
44041	Bezas	01	12
44041	Bezas	02	72
44041	Bezas	03	13
44042	Blancas	01	24
44042	Blancas	02	217
44042	Blancas	03	1
44043	Blesa	01	12
44043	Blesa	02	244
44043	Blesa	03	19
44044	Bordón	01	12
44044	Bordón	02	71
44044	Bordón	03	70
44044	Bordón	04	1
44045	Bronchales	01	76
44045	Bronchales	02	333
44045	Bronchales	03	90
44045	Bronchales	04	3
44046	Bueña	01	7
44046	Bueña	02	71
44046	Bueña	03	1
44047	Burbáguena	01	7
44047	Burbáguena	02	276
44048	Cabra de Mora	01	20
44048	Cabra de Mora	02	60
44048	Cabra de Mora	03	10
44048	Cabra de Mora	04	1
44049	Calaceite	01	220
44049	Calaceite	02	384
44049	Calaceite	03	105
44049	Calaceite	04	3
44049	Calaceite	06	1
44050	Calamocha	01	243
44050	Calamocha	02	1617
44050	Calamocha	03	189
44050	Calamocha	04	73
44050	Calamocha	05	8
44051	Calanda	01	381
44051	Calanda	02	668
44051	Calanda	03	170
44051	Calanda	04	31
44051	Calanda	05	5
44052	Calomarde	01	16
44052	Calomarde	02	51
44052	Calomarde	03	35
44053	Camañas	01	11
44053	Camañas	02	86
44054	Camarena de la Sierra	01	80
44054	Camarena de la Sierra	02	59
44054	Camarena de la Sierra	03	152
44054	Camarena de la Sierra	04	4
44055	Camarillas	01	2
44055	Camarillas	02	17
44055	Camarillas	03	153
44056	Caminreal	01	44
44056	Caminreal	02	405
44056	Caminreal	03	7
44059	Cantavieja	01	36
44059	Cantavieja	02	43
44059	Cantavieja	03	267
44059	Cantavieja	04	6
44060	Cañada de Benatanduz	01	2
44060	Cañada de Benatanduz	02	39
44060	Cañada de Benatanduz	03	35
44061	Cañada de Verich (La)	01	15
44061	Cañada de Verich (La)	02	46
44061	Cañada de Verich (La)	03	17
44062	Cañada Vellida	01	12
44062	Cañada Vellida	02	43
44063	Cañizar del Olivar	01	29
44063	Cañizar del Olivar	02	78
44063	Cañizar del Olivar	03	18
44064	Cascante del Río	01	13
44064	Cascante del Río	02	33
44064	Cascante del Río	03	145
44065	Castejón de Tornos	02	134
44066	Castel de Cabra	01	72
44066	Castel de Cabra	02	71
44066	Castel de Cabra	03	8
44067	Castelnou	01	14
44067	Castelnou	02	115
44068	Castelserás	01	89
44068	Castelserás	02	385
44068	Castelserás	03	27
44070	Castellar (El)	01	15
44070	Castellar (El)	02	66
44070	Castellar (El)	03	20
44071	Castellote	01	93
44071	Castellote	02	383
44071	Castellote	03	283
44071	Castellote	04	10
44074	Cedrillas	01	69
44074	Cedrillas	02	133
44074	Cedrillas	03	101
44074	Cedrillas	04	5
44074	Cedrillas	05	1
44075	Celadas	01	9
44075	Celadas	02	71
44075	Celadas	03	120
44076	Cella	01	262
44076	Cella	02	814
44076	Cella	03	42
44076	Cella	04	12
44077	Cerollera (La)	02	59
44077	Cerollera (La)	03	19
44080	Codoñera (La)	01	12
44080	Codoñera (La)	02	220
44080	Codoñera (La)	03	46
44082	Corbalán	01	26
44082	Corbalán	02	69
44082	Corbalán	03	1
44084	Cortes de Aragón	01	20
44084	Cortes de Aragón	02	22
44084	Cortes de Aragón	03	89
44085	Cosa	01	10
44085	Cosa	02	82
44085	Cosa	03	5
44086	Cretas	01	147
44086	Cretas	02	164
44086	Cretas	03	20
44087	Crivillén	01	20
44087	Crivillén	02	130
44087	Crivillén	03	25
44088	Cuba (La)	01	6
44088	Cuba (La)	02	43
44088	Cuba (La)	03	25
44089	Cubla	01	3
44089	Cubla	02	85
44089	Cubla	03	19
44090	Cucalón	01	9
44090	Cucalón	02	128
44090	Cucalón	03	6
44092	Cuervo (El)	01	2
44092	Cuervo (El)	02	117
44092	Cuervo (El)	03	16
44093	Cuevas de Almudén	01	17
44093	Cuevas de Almudén	02	41
44094	Cuevas Labradas	01	13
44094	Cuevas Labradas	02	77
44094	Cuevas Labradas	03	9
44096	Ejulve	01	185
44096	Ejulve	02	45
44096	Ejulve	03	16
44096	Ejulve	04	1
44097	Escorihuela	01	16
44097	Escorihuela	02	164
44097	Escorihuela	03	6
44099	Escucha	01	23
44099	Escucha	02	194
44099	Escucha	03	86
44099	Escucha	04	28
44099	Escucha	05	2
44100	Estercuel	01	87
44100	Estercuel	02	125
44100	Estercuel	03	15
44101	Ferreruela de Huerva	01	1
44101	Ferreruela de Huerva	02	65
44101	Ferreruela de Huerva	03	6
44102	Fonfría	01	5
44102	Fonfría	02	39
44103	Formiche Alto	01	28
44103	Formiche Alto	02	136
44103	Formiche Alto	03	31
44103	Formiche Alto	04	1
44105	Fórnoles	01	40
44105	Fórnoles	02	103
44105	Fórnoles	03	9
44106	Fortanete	01	8
44106	Fortanete	02	140
44106	Fortanete	03	82
44107	Foz-Calanda	01	40
44107	Foz-Calanda	02	118
44107	Foz-Calanda	03	30
44108	Fresneda (La)	01	135
44108	Fresneda (La)	02	319
44108	Fresneda (La)	03	28
44109	Frías de Albarracín	01	33
44109	Frías de Albarracín	02	99
44109	Frías de Albarracín	03	26
44110	Fuenferrada	01	11
44110	Fuenferrada	02	24
44110	Fuenferrada	03	58
44111	Fuentes Calientes	01	9
44111	Fuentes Calientes	02	87
44111	Fuentes Calientes	03	2
44112	Fuentes Claras	01	33
44112	Fuentes Claras	02	356
44112	Fuentes Claras	03	5
44113	Fuentes de Rubielos	01	5
44113	Fuentes de Rubielos	02	86
44113	Fuentes de Rubielos	03	44
44114	Fuentespalda	01	39
44114	Fuentespalda	02	111
44114	Fuentespalda	03	74
44115	Galve	01	14
44115	Galve	02	60
44115	Galve	03	10
44116	Gargallo	01	22
44116	Gargallo	02	106
44116	Gargallo	03	7
44117	Gea de Albarracín	01	131
44117	Gea de Albarracín	02	197
44117	Gea de Albarracín	03	20
44118	Ginebrosa (La)	01	57
44118	Ginebrosa (La)	02	158
44118	Ginebrosa (La)	03	28
44118	Ginebrosa (La)	04	1
44119	Griegos	01	103
44119	Griegos	02	42
44119	Griegos	03	1
44120	Guadalaviar	01	75
44120	Guadalaviar	02	85
44120	Guadalaviar	03	9
44121	Gúdar	01	52
44121	Gúdar	02	39
44121	Gúdar	03	52
44122	Híjar	01	200
44122	Híjar	02	573
44122	Híjar	03	162
44122	Híjar	04	17
44122	Híjar	05	4
44123	Hinojosa de Jarque	01	20
44123	Hinojosa de Jarque	02	82
44123	Hinojosa de Jarque	03	2
44124	Hoz de la Vieja (La)	01	85
44124	Hoz de la Vieja (La)	02	26
44124	Hoz de la Vieja (La)	03	145
44125	Huesa del Común	01	10
44125	Huesa del Común	02	204
44125	Huesa del Común	03	8
44126	Iglesuela del Cid (La)	01	19
44126	Iglesuela del Cid (La)	02	34
44126	Iglesuela del Cid (La)	03	258
44126	Iglesuela del Cid (La)	04	2
44127	Jabaloyas	01	15
44127	Jabaloyas	02	124
44127	Jabaloyas	03	3
44128	Jarque de la Val	01	24
44128	Jarque de la Val	02	50
44128	Jarque de la Val	03	1
44129	Jatiel	01	14
44129	Jatiel	02	63
44129	Jatiel	03	2
44130	Jorcas	01	2
44130	Jorcas	02	7
44130	Jorcas	03	77
44131	Josa	01	8
44131	Josa	02	32
44131	Josa	03	96
44132	Lagueruela	01	3
44132	Lagueruela	02	71
44132	Lagueruela	03	3
44133	Lanzuela	01	2
44133	Lanzuela	02	30
44133	Lanzuela	03	1
44135	Libros	01	51
44135	Libros	02	28
44135	Libros	03	95
44135	Libros	04	1
44136	Lidón	01	4
44136	Lidón	02	67
44136	Lidón	03	2
44137	Linares de Mora	01	46
44137	Linares de Mora	02	152
44137	Linares de Mora	03	113
44137	Linares de Mora	04	3
44138	Loscos	01	9
44138	Loscos	02	175
44138	Loscos	03	16
44141	Lledó	01	46
44141	Lledó	02	43
44141	Lledó	03	17
44142	Maicas	01	5
44142	Maicas	02	12
44142	Maicas	03	64
44143	Manzanera	01	102
44143	Manzanera	02	438
44143	Manzanera	03	224
44143	Manzanera	04	10
44144	Martín del Río	01	84
44144	Martín del Río	02	134
44144	Martín del Río	03	38
44144	Martín del Río	04	2
44145	Mas de las Matas	01	90
44145	Mas de las Matas	02	261
44145	Mas de las Matas	03	348
44145	Mas de las Matas	04	11
44146	Mata de los Olmos (La)	01	118
44146	Mata de los Olmos (La)	02	50
44146	Mata de los Olmos (La)	03	4
44147	Mazaleón	01	97
44147	Mazaleón	02	267
44147	Mazaleón	03	24
44148	Mezquita de Jarque	01	25
44148	Mezquita de Jarque	02	54
44148	Mezquita de Jarque	03	4
44149	Mirambel	01	2
44149	Mirambel	02	72
44149	Mirambel	03	41
44150	Miravete de la Sierra	01	4
44150	Miravete de la Sierra	02	27
44150	Miravete de la Sierra	03	48
44151	Molinos	01	38
44151	Molinos	02	97
44151	Molinos	03	152
44151	Molinos	04	1
44152	Monforte de Moyuela	01	111
44152	Monforte de Moyuela	02	8
44152	Monforte de Moyuela	03	2
44153	Monreal del Campo	01	165
44153	Monreal del Campo	02	860
44153	Monreal del Campo	03	66
44153	Monreal del Campo	04	9
44154	Monroyo	01	5
44154	Monroyo	02	160
44154	Monroyo	03	51
44155	Montalbán	01	90
44155	Montalbán	02	309
44155	Montalbán	03	232
44155	Montalbán	04	17
44155	Montalbán	05	3
44155	Montalbán	06	4
44155	Montalbán	08	1
44156	Monteagudo del Castillo	01	2
44156	Monteagudo del Castillo	02	20
44156	Monteagudo del Castillo	03	79
44157	Monterde de Albarracín	01	25
44157	Monterde de Albarracín	02	108
44157	Monterde de Albarracín	03	17
44158	Mora de Rubielos	01	164
44158	Mora de Rubielos	02	582
44158	Mora de Rubielos	03	149
44158	Mora de Rubielos	04	26
44158	Mora de Rubielos	05	5
44159	Moscardón	01	15
44159	Moscardón	02	60
44159	Moscardón	03	8
44160	Mosqueruela	01	33
44160	Mosqueruela	02	405
44160	Mosqueruela	03	41
44160	Mosqueruela	04	1
44161	Muniesa	01	181
44161	Muniesa	02	295
44161	Muniesa	03	28
44161	Muniesa	04	1
44163	Noguera de Albarracín	01	18
44163	Noguera de Albarracín	02	82
44163	Noguera de Albarracín	03	47
44164	Nogueras	01	14
44164	Nogueras	02	68
44164	Nogueras	03	2
44165	Nogueruelas	01	71
44165	Nogueruelas	02	70
44165	Nogueruelas	03	119
44165	Nogueruelas	04	1
44167	Obón	01	50
44167	Obón	02	43
44167	Obón	03	157
44168	Odón	01	25
44168	Odón	02	203
44168	Odón	03	1
44169	Ojos Negros	01	74
44169	Ojos Negros	02	415
44169	Ojos Negros	03	10
44171	Olba	01	86
44171	Olba	02	140
44171	Olba	03	200
44171	Olba	04	1
44171	Olba	05	1
44172	Oliete	01	53
44172	Oliete	02	373
44172	Oliete	03	172
44172	Oliete	04	1
44173	Olmos (Los)	01	50
44173	Olmos (Los)	02	96
44173	Olmos (Los)	03	19
44174	Orihuela del Tremedal	01	148
44174	Orihuela del Tremedal	02	240
44174	Orihuela del Tremedal	03	33
44174	Orihuela del Tremedal	04	2
44175	Orrios	01	17
44175	Orrios	02	105
44175	Orrios	03	1
44176	Palomar de Arroyos	01	110
44176	Palomar de Arroyos	02	65
44176	Palomar de Arroyos	03	4
44177	Pancrudo	01	40
44177	Pancrudo	02	152
44177	Pancrudo	03	5
44178	Parras de Castellote (Las)	01	164
44178	Parras de Castellote (Las)	02	41
44178	Parras de Castellote (Las)	03	1
44179	Peñarroya de Tastavins	01	97
44179	Peñarroya de Tastavins	02	208
44179	Peñarroya de Tastavins	03	90
44180	Peracense	01	14
44180	Peracense	02	96
44180	Peracense	03	5
44181	Peralejos	01	5
44181	Peralejos	02	63
44181	Peralejos	03	4
44182	Perales del Alfambra	01	24
44182	Perales del Alfambra	02	45
44182	Perales del Alfambra	03	126
44182	Perales del Alfambra	04	2
44183	Pitarque	02	19
44183	Pitarque	03	118
44184	Plou	01	8
44184	Plou	02	69
44184	Plou	03	1
44185	Pobo (El)	01	7
44185	Pobo (El)	02	35
44185	Pobo (El)	03	107
44187	Portellada (La)	01	134
44187	Portellada (La)	02	63
44187	Portellada (La)	03	4
44189	Pozondón	01	18
44189	Pozondón	02	106
44189	Pozondón	03	1
44190	Pozuel del Campo	01	13
44190	Pozuel del Campo	02	93
44190	Pozuel del Campo	03	53
44191	Puebla de Híjar (La)	01	428
44191	Puebla de Híjar (La)	02	329
44191	Puebla de Híjar (La)	03	23
44191	Puebla de Híjar (La)	04	4
44192	Puebla de Valverde (La)	01	39
44192	Puebla de Valverde (La)	02	137
44192	Puebla de Valverde (La)	03	230
44192	Puebla de Valverde (La)	04	8
44193	Puertomingalvo	01	9
44193	Puertomingalvo	02	182
44193	Puertomingalvo	03	4
44193	Puertomingalvo	04	2
44194	Ráfales	01	95
44194	Ráfales	02	82
44195	Rillo	01	11
44195	Rillo	02	102
44195	Rillo	03	1
44196	Riodeva	01	24
44196	Riodeva	02	73
44196	Riodeva	03	105
44197	Ródenas	01	29
44197	Ródenas	02	80
44197	Ródenas	03	7
44198	Royuela	01	15
44198	Royuela	02	85
44198	Royuela	03	56
44198	Royuela	04	1
44199	Rubiales	01	9
44199	Rubiales	02	35
44199	Rubiales	03	7
44200	Rubielos de la Cérida	01	2
44200	Rubielos de la Cérida	02	78
44201	Rubielos de Mora	01	106
44201	Rubielos de Mora	02	154
44201	Rubielos de Mora	03	329
44201	Rubielos de Mora	04	21
44203	Salcedillo	01	9
44203	Salcedillo	02	12
44203	Salcedillo	03	12
44204	Saldón	01	20
44204	Saldón	02	65
44204	Saldón	03	7
44205	Samper de Calanda	01	60
44205	Samper de Calanda	02	112
44205	Samper de Calanda	03	503
44205	Samper de Calanda	04	1
44206	San Agustín	01	13
44206	San Agustín	02	71
44206	San Agustín	03	109
44206	San Agustín	04	1
44207	San Martín del Río	01	9
44207	San Martín del Río	02	252
44207	San Martín del Río	03	26
44208	Santa Cruz de Nogueras	02	53
44209	Santa Eulalia	01	65
44209	Santa Eulalia	02	682
44209	Santa Eulalia	03	10
44209	Santa Eulalia	04	1
44210	Sarrión	01	81
44210	Sarrión	02	441
44210	Sarrión	03	218
44210	Sarrión	04	4
44210	Sarrión	05	1
44211	Segura de los Baños	01	36
44211	Segura de los Baños	02	10
44211	Segura de los Baños	03	45
44212	Seno	01	22
44212	Seno	02	46
44212	Seno	03	25
44213	Singra	01	15
44213	Singra	02	83
44215	Terriente	01	7
44215	Terriente	02	170
44215	Terriente	03	11
44216	Teruel	01	722
44216	Teruel	02	1966
44216	Teruel	03	1242
44216	Teruel	04	451
44216	Teruel	05	339
44216	Teruel	06	52
44216	Teruel	07	23
44216	Teruel	08	65
44216	Teruel	09	14
44216	Teruel	10 o más	13
44217	Toril y Masegoso	02	91
44218	Tormón	01	8
44218	Tormón	02	46
44218	Tormón	03	15
44219	Tornos	01	5
44219	Tornos	02	254
44220	Torralba de los Sisones	01	13
44220	Torralba de los Sisones	02	127
44220	Torralba de los Sisones	03	2
44221	Torrecilla de Alcañiz	01	119
44221	Torrecilla de Alcañiz	02	144
44221	Torrecilla de Alcañiz	03	13
44222	Torrecilla del Rebollar	01	16
44222	Torrecilla del Rebollar	02	185
44222	Torrecilla del Rebollar	03	7
44223	Torre de Arcas	01	2
44223	Torre de Arcas	02	63
44223	Torre de Arcas	03	24
44224	Torre de las Arcas	01	67
44224	Torre de las Arcas	02	27
44225	Torre del Compte	01	74
44225	Torre del Compte	02	99
44225	Torre del Compte	03	15
44226	Torrelacárcel	01	25
44226	Torrelacárcel	02	214
44226	Torrelacárcel	03	2
44227	Torre los Negros	01	9
44227	Torre los Negros	02	104
44227	Torre los Negros	03	8
44228	Torremocha de Jiloca	01	14
44228	Torremocha de Jiloca	02	111
44229	Torres de Albarracín	01	8
44229	Torres de Albarracín	02	48
44229	Torres de Albarracín	03	84
44230	Torrevelilla	01	22
44230	Torrevelilla	02	128
44230	Torrevelilla	03	23
44230	Torrevelilla	04	1
44231	Torrijas	01	19
44231	Torrijas	02	102
44231	Torrijas	03	54
44231	Torrijas	04	1
44232	Torrijo del Campo	01	28
44232	Torrijo del Campo	02	327
44232	Torrijo del Campo	03	8
44234	Tramacastiel	01	27
44234	Tramacastiel	02	64
44234	Tramacastiel	03	81
44234	Tramacastiel	04	1
44235	Tramacastilla	01	19
44235	Tramacastilla	02	58
44235	Tramacastilla	03	51
44236	Tronchón	01	4
44236	Tronchón	02	34
44236	Tronchón	03	87
44237	Urrea de Gaén	01	35
44237	Urrea de Gaén	02	115
44237	Urrea de Gaén	03	243
44238	Utrillas	01	327
44238	Utrillas	02	256
44238	Utrillas	03	86
44238	Utrillas	04	38
44238	Utrillas	05	1
44239	Valacloche	01	8
44239	Valacloche	02	12
44239	Valacloche	03	48
44240	Valbona	01	6
44240	Valbona	02	87
44240	Valbona	03	149
44240	Valbona	04	4
44241	Valdealgorfa	01	152
44241	Valdealgorfa	02	208
44241	Valdealgorfa	03	29
44243	Valdecuenca	01	12
44243	Valdecuenca	02	64
44243	Valdecuenca	03	6
44244	Valdelinares	01	15
44244	Valdelinares	02	36
44244	Valdelinares	03	90
44244	Valdelinares	04	1
44244	Valdelinares	05	1
44245	Valdeltormo	01	72
44245	Valdeltormo	02	130
44245	Valdeltormo	03	27
44246	Valderrobres	01	319
44246	Valderrobres	02	381
44246	Valderrobres	03	231
44246	Valderrobres	04	17
44246	Valderrobres	05	6
44247	Valjunquera	01	126
44247	Valjunquera	02	150
44247	Valjunquera	03	13
44249	Vallecillo (El)	01	4
44249	Vallecillo (El)	02	57
44249	Vallecillo (El)	03	17
44250	Veguillas de la Sierra	01	4
44250	Veguillas de la Sierra	02	38
44250	Veguillas de la Sierra	03	7
44251	Villafranca del Campo	01	49
44251	Villafranca del Campo	02	223
44251	Villafranca del Campo	03	4
44252	Villahermosa del Campo	01	2
44252	Villahermosa del Campo	02	58
44252	Villahermosa del Campo	03	3
44256	Villanueva del Rebollar de la Sierra	01	37
44256	Villanueva del Rebollar de la Sierra	02	12
44256	Villanueva del Rebollar de la Sierra	03	42
44257	Villar del Cobo	01	83
44257	Villar del Cobo	02	48
44258	Villar del Salz	01	10
44258	Villar del Salz	02	85
44258	Villar del Salz	03	2
44260	Villarluengo	01	8
44260	Villarluengo	02	32
44260	Villarluengo	03	143
44261	Villarquemado	01	86
44261	Villarquemado	02	414
44261	Villarquemado	03	2
44262	Villarroya de los Pinares	01	31
44262	Villarroya de los Pinares	02	53
44262	Villarroya de los Pinares	03	104
44263	Villastar	01	73
44263	Villastar	02	162
44263	Villastar	03	8
44264	Villel	01	37
44264	Villel	02	86
44264	Villel	03	209
44264	Villel	04	4
44265	Vinaceite	01	23
44265	Vinaceite	02	152
44265	Vinaceite	03	10
44266	Visiedo	01	19
44266	Visiedo	02	124
44266	Visiedo	03	2
44267	Vivel del Río Martín	01	86
44267	Vivel del Río Martín	02	29
44267	Vivel del Río Martín	03	99
44268	Zoma (La)	01	6
44268	Zoma (La)	02	14
50001	Abanto	01	7
50001	Abanto	02	117
50001	Abanto	03	25
50002	Acered	01	20
50002	Acered	02	180
50002	Acered	03	2
50003	Agón	01	92
50003	Agón	02	17
50003	Agón	03	1
50004	Aguarón	01	97
50004	Aguarón	02	259
50004	Aguarón	03	118
50004	Aguarón	04	1
50005	Aguilón	01	133
50005	Aguilón	02	105
50005	Aguilón	03	6
50006	Ainzón	01	142
50006	Ainzón	02	286
50006	Ainzón	03	114
50006	Ainzón	04	1
50007	Aladrén	01	33
50007	Aladrén	02	109
50007	Aladrén	03	8
50008	Alagón	01	427
50008	Alagón	02	863
50008	Alagón	03	235
50008	Alagón	04	30
50008	Alagón	05	14
50009	Alarba	01	190
50010	Alberite de San Juan	01	28
50010	Alberite de San Juan	02	29
50010	Alberite de San Juan	03	8
50011	Albeta	01	7
50011	Albeta	02	40
50011	Albeta	03	26
50012	Alborge	01	13
50012	Alborge	02	84
50012	Alborge	03	3
50013	Alcalá de Ebro	01	44
50013	Alcalá de Ebro	02	114
50013	Alcalá de Ebro	03	18
50014	Alcalá de Moncayo	01	5
50014	Alcalá de Moncayo	02	41
50014	Alcalá de Moncayo	03	27
50015	Alconchel de Ariza	01	27
50015	Alconchel de Ariza	02	17
50015	Alconchel de Ariza	03	119
50016	Aldehuela de Liestos	01	8
50016	Aldehuela de Liestos	02	89
50016	Aldehuela de Liestos	03	1
50017	Alfajarín	01	212
50017	Alfajarín	02	412
50017	Alfajarín	03	61
50017	Alfajarín	04	1
50018	Alfamén	01	284
50018	Alfamén	02	232
50018	Alfamén	03	20
50019	Alforque	01	31
50019	Alforque	02	45
50019	Alforque	03	32
50020	Alhama de Aragón	01	124
50020	Alhama de Aragón	02	261
50020	Alhama de Aragón	03	146
50020	Alhama de Aragón	04	18
50021	Almochuel	01	26
50021	Almochuel	02	2
50021	Almochuel	03	2
50022	Almolda (La)	01	54
50022	Almolda (La)	02	213
50022	Almolda (La)	03	61
50023	Almonacid de la Cuba	01	41
50023	Almonacid de la Cuba	02	48
50023	Almonacid de la Cuba	03	72
50024	Almonacid de la Sierra	01	88
50024	Almonacid de la Sierra	02	317
50024	Almonacid de la Sierra	03	75
50025	Almunia de Doña Godina (La)	01	708
50025	Almunia de Doña Godina (La)	02	722
50025	Almunia de Doña Godina (La)	03	267
50025	Almunia de Doña Godina (La)	04	37
50025	Almunia de Doña Godina (La)	05	23
50025	Almunia de Doña Godina (La)	07	1
50026	Alpartir	01	236
50026	Alpartir	02	79
50027	Ambel	01	121
50027	Ambel	02	68
50027	Ambel	03	67
50027	Ambel	04	1
50027	Ambel	05	1
50028	Anento	01	31
50028	Anento	02	59
50028	Anento	03	48
50029	Aniñón	01	82
50029	Aniñón	02	280
50029	Aniñón	03	71
50029	Aniñón	04	3
50029	Aniñón	05	2
50030	Añón de Moncayo	01	24
50030	Añón de Moncayo	02	85
50030	Añón de Moncayo	03	81
50030	Añón de Moncayo	05	1
50031	Aranda de Moncayo	01	35
50031	Aranda de Moncayo	02	227
50031	Aranda de Moncayo	03	36
50032	Arándiga	01	84
50032	Arándiga	02	306
50032	Arándiga	03	44
50033	Ardisa	01	38
50033	Ardisa	02	55
50033	Ardisa	03	4
50034	Ariza	01	106
50034	Ariza	02	189
50034	Ariza	03	232
50034	Ariza	04	26
50034	Ariza	05	2
50034	Ariza	06	1
50035	Artieda	01	14
50035	Artieda	02	30
50035	Artieda	03	5
50036	Asín	01	19
50036	Asín	02	45
50036	Asín	03	35
50037	Atea	01	13
50037	Atea	02	211
50037	Atea	03	7
50038	Ateca	01	260
50038	Ateca	02	298
50038	Ateca	03	177
50038	Ateca	04	23
50038	Ateca	05	2
50039	Azuara	01	84
50039	Azuara	02	271
50039	Azuara	03	358
50040	Badules	01	25
50040	Badules	02	65
50040	Badules	03	8
50041	Bagüés	01	1
50041	Bagüés	02	17
50041	Bagüés	03	7
50042	Balconchán	01	9
50042	Balconchán	02	27
50042	Balconchán	03	5
50043	Bárboles	01	57
50043	Bárboles	02	98
50043	Bárboles	03	72
50044	Bardallur	01	71
50044	Bardallur	02	56
50044	Bardallur	03	63
50044	Bardallur	04	1
50045	Belchite	01	227
50045	Belchite	02	635
50045	Belchite	03	21
50046	Belmonte de Gracián	01	35
50046	Belmonte de Gracián	02	90
50046	Belmonte de Gracián	03	64
50046	Belmonte de Gracián	04	1
50047	Berdejo	01	21
50047	Berdejo	02	29
50047	Berdejo	03	37
50048	Berrueco	01	3
50048	Berrueco	02	32
50048	Berrueco	03	7
50050	Bijuesca	01	61
50050	Bijuesca	02	66
50050	Bijuesca	03	113
50051	Biota	01	248
50051	Biota	02	269
50051	Biota	03	48
50052	Bisimbre	01	54
50052	Bisimbre	02	18
50052	Bisimbre	03	1
50053	Boquiñeni	01	145
50053	Boquiñeni	02	211
50053	Boquiñeni	03	37
50054	Bordalba	01	31
50054	Bordalba	02	53
50054	Bordalba	03	69
50054	Bordalba	05	1
50055	Borja	01	299
50055	Borja	02	1413
50055	Borja	03	284
50055	Borja	04	59
50055	Borja	05	12
50055	Borja	10 o más	1
50056	Botorrita	01	103
50056	Botorrita	02	124
50056	Botorrita	03	1
50057	Brea de Aragón	01	80
50057	Brea de Aragón	02	370
50057	Brea de Aragón	03	106
50057	Brea de Aragón	04	13
50057	Brea de Aragón	05	2
50058	Bubierca	01	20
50058	Bubierca	02	94
50058	Bubierca	03	26
50058	Bubierca	04	1
50059	Bujaraloz	01	40
50059	Bujaraloz	02	307
50059	Bujaraloz	03	32
50059	Bujaraloz	05	1
50060	Bulbuente	01	75
50060	Bulbuente	02	49
50060	Bulbuente	03	88
50060	Bulbuente	04	4
50061	Bureta	01	14
50061	Bureta	02	71
50061	Bureta	03	64
50062	Burgo de Ebro (El)	01	284
50062	Burgo de Ebro (El)	02	301
50062	Burgo de Ebro (El)	03	27
50062	Burgo de Ebro (El)	04	2
50063	Buste (El)	01	6
50063	Buste (El)	02	64
50063	Buste (El)	03	30
50064	Cabañas de Ebro	01	44
50064	Cabañas de Ebro	02	173
50064	Cabañas de Ebro	03	21
50065	Cabolafuente	01	23
50065	Cabolafuente	02	18
50065	Cabolafuente	03	63
50066	Cadrete	01	877
50066	Cadrete	02	8
50066	Cadrete	03	11
50066	Cadrete	04	4
50066	Cadrete	05	1
50067	Calatayud	01	827
50067	Calatayud	02	579
50067	Calatayud	03	367
50067	Calatayud	04	169
50067	Calatayud	05	203
50067	Calatayud	06	73
50067	Calatayud	07	39
50067	Calatayud	08	33
50067	Calatayud	09	9
50067	Calatayud	10 o más	4
50068	Calatorao	01	213
50068	Calatorao	02	693
50068	Calatorao	03	315
50068	Calatorao	04	5
50068	Calatorao	05	1
50069	Calcena	01	10
50069	Calcena	02	68
50069	Calcena	03	18
50070	Calmarza	01	8
50070	Calmarza	02	7
50070	Calmarza	03	75
50071	Campillo de Aragón	01	21
50071	Campillo de Aragón	02	81
50071	Campillo de Aragón	03	117
50072	Carenas	01	86
50072	Carenas	02	157
50072	Carenas	03	172
50073	Cariñena	01	109
50073	Cariñena	02	386
50073	Cariñena	03	146
50073	Cariñena	04	49
50073	Cariñena	05	7
50073	Cariñena	07	1
50074	Caspe	01	835
50074	Caspe	02	1091
50074	Caspe	03	534
50074	Caspe	04	81
50074	Caspe	05	31
50074	Caspe	06	15
50074	Caspe	07	5
50074	Caspe	08	1
50075	Castejón de Alarba	01	146
50075	Castejón de Alarba	02	2
50076	Castejón de las Armas	01	41
50076	Castejón de las Armas	02	56
50076	Castejón de las Armas	03	23
50077	Castejón de Valdejasa	01	29
50077	Castejón de Valdejasa	02	70
50077	Castejón de Valdejasa	03	105
50078	Castiliscar	01	139
50078	Castiliscar	02	150
50078	Castiliscar	03	54
50079	Cervera de la Cañada	01	12
50079	Cervera de la Cañada	02	160
50079	Cervera de la Cañada	03	47
50080	Cerveruela	01	38
50080	Cerveruela	02	57
50080	Cerveruela	03	2
50081	Cetina	01	71
50081	Cetina	02	434
50081	Cetina	03	80
50081	Cetina	04	2
50082	Cimballa	01	20
50082	Cimballa	02	93
50082	Cimballa	03	61
50083	Cinco Olivas	01	119
50084	Clarés de Ribota	01	28
50084	Clarés de Ribota	02	25
50084	Clarés de Ribota	03	71
50084	Clarés de Ribota	04	1
50085	Codo	01	47
50085	Codo	02	228
50085	Codo	03	6
50086	Codos	01	50
50086	Codos	02	155
50086	Codos	03	62
50087	Contamina	01	1
50087	Contamina	02	4
50087	Contamina	03	26
50088	Cosuenda	01	32
50088	Cosuenda	02	89
50088	Cosuenda	03	101
50088	Cosuenda	04	1
50089	Cuarte de Huerva	01	201
50089	Cuarte de Huerva	02	363
50089	Cuarte de Huerva	03	33
50089	Cuarte de Huerva	04	12
50089	Cuarte de Huerva	05	7
50090	Cubel	01	27
50090	Cubel	02	173
50090	Cubel	03	3
50091	Cuerlas (Las)	01	22
50091	Cuerlas (Las)	02	57
50091	Cuerlas (Las)	03	44
50092	Chiprana	01	336
50092	Chiprana	02	14
50092	Chiprana	03	2
50093	Chodes	01	11
50093	Chodes	02	31
50093	Chodes	03	66
50094	Daroca	01	162
50094	Daroca	02	490
50094	Daroca	03	176
50094	Daroca	04	43
50094	Daroca	05	10
50094	Daroca	06	3
50095	Ejea de los Caballeros	01	1709
50095	Ejea de los Caballeros	02	1877
50095	Ejea de los Caballeros	03	279
50095	Ejea de los Caballeros	04	167
50095	Ejea de los Caballeros	05	137
50095	Ejea de los Caballeros	06	27
50095	Ejea de los Caballeros	07	2
50096	Embid de Ariza	01	7
50096	Embid de Ariza	02	71
50096	Embid de Ariza	03	38
50098	Encinacorba	01	27
50098	Encinacorba	02	140
50098	Encinacorba	03	45
50099	Épila	01	620
50099	Épila	02	1012
50099	Épila	03	259
50099	Épila	04	7
50099	Épila	05	4
50100	Erla	01	143
50100	Erla	02	113
50100	Erla	03	14
50101	Escatrón	01	735
50101	Escatrón	02	262
50101	Escatrón	03	19
50102	Fabara	01	172
50102	Fabara	02	361
50102	Fabara	03	74
50104	Farlete	01	91
50104	Farlete	02	93
50104	Farlete	03	5
50105	Fayón	01	117
50105	Fayón	02	106
50106	Fayos (Los)	01	18
50106	Fayos (Los)	02	59
50106	Fayos (Los)	03	36
50107	Figueruelas	01	104
50107	Figueruelas	02	265
50107	Figueruelas	03	20
50108	Fombuena	01	6
50108	Fombuena	02	22
50108	Fombuena	03	2
50109	Frago (El)	01	14
50109	Frago (El)	02	59
50109	Frago (El)	03	42
50110	Frasno (El)	01	112
50110	Frasno (El)	02	214
50110	Frasno (El)	03	126
50111	Fréscano	01	46
50111	Fréscano	02	96
50111	Fréscano	03	7
50113	Fuendejalón	01	75
50113	Fuendejalón	02	241
50113	Fuendejalón	03	106
50114	Fuendetodos	01	19
50114	Fuendetodos	02	48
50114	Fuendetodos	03	54
50115	Fuentes de Ebro	01	407
50115	Fuentes de Ebro	02	703
50115	Fuentes de Ebro	03	247
50115	Fuentes de Ebro	04	10
50115	Fuentes de Ebro	05	6
50116	Fuentes de Jiloca	01	60
50116	Fuentes de Jiloca	02	188
50116	Fuentes de Jiloca	03	12
50117	Gallocanta	01	5
50117	Gallocanta	02	43
50117	Gallocanta	03	74
50118	Gallur	01	525
50118	Gallur	02	536
50118	Gallur	03	107
50118	Gallur	04	30
50118	Gallur	05	3
50119	Gelsa	01	83
50119	Gelsa	02	391
50119	Gelsa	03	144
50120	Godojos	01	10
50120	Godojos	02	41
50120	Godojos	03	15
50121	Gotor	01	23
50121	Gotor	02	162
50121	Gotor	03	12
50122	Grisel	01	8
50122	Grisel	02	39
50122	Grisel	03	25
50123	Grisén	01	70
50123	Grisén	02	155
50123	Grisén	03	43
50124	Herrera de los Navarros	01	60
50124	Herrera de los Navarros	02	51
50124	Herrera de los Navarros	03	315
50124	Herrera de los Navarros	04	8
50125	Ibdes	01	76
50125	Ibdes	02	121
50125	Ibdes	03	278
50126	Illueca	01	72
50126	Illueca	02	252
50126	Illueca	03	166
50126	Illueca	04	74
50126	Illueca	05	38
50126	Illueca	06	4
50128	Isuerre	01	6
50128	Isuerre	02	35
50128	Isuerre	03	16
50129	Jaraba	01	25
50129	Jaraba	02	64
50129	Jaraba	03	135
50129	Jaraba	04	1
50130	Jarque	01	56
50130	Jarque	02	251
50130	Jarque	03	27
50130	Jarque	04	3
50131	Jaulín	01	22
50131	Jaulín	02	111
50131	Jaulín	03	31
50132	Joyosa (La)	01	47
50132	Joyosa (La)	02	125
50132	Joyosa (La)	03	24
50132	Joyosa (La)	04	1
50133	Lagata	01	39
50133	Lagata	02	93
50133	Lagata	03	17
50134	Langa del Castillo	01	51
50134	Langa del Castillo	02	111
50134	Langa del Castillo	03	35
50135	Layana	01	48
50135	Layana	02	44
50135	Layana	03	21
50135	Layana	04	2
50136	Lécera	01	84
50136	Lécera	02	273
50136	Lécera	03	263
50136	Lécera	04	1
50137	Leciñena	01	92
50137	Leciñena	02	358
50137	Leciñena	03	29
50138	Lechón	01	5
50138	Lechón	02	27
50138	Lechón	03	5
50139	Letux	01	35
50139	Letux	02	179
50139	Letux	03	131
50140	Litago	01	35
50140	Litago	02	65
50140	Litago	03	56
50141	Lituénigo	01	3
50141	Lituénigo	02	15
50141	Lituénigo	03	59
50142	Lobera de Onsella	01	6
50142	Lobera de Onsella	02	21
50142	Lobera de Onsella	03	6
50143	Longares	01	152
50143	Longares	02	176
50143	Longares	03	7
50143	Longares	04	1
50144	Longás	01	3
50144	Longás	02	32
50144	Longás	03	10
50146	Lucena de Jalón	01	55
50146	Lucena de Jalón	02	46
50146	Lucena de Jalón	03	42
50147	Luceni	01	209
50147	Luceni	02	293
50147	Luceni	03	18
50147	Luceni	05	1
50148	Luesia	01	19
50148	Luesia	02	193
50148	Luesia	03	39
50149	Luesma	01	19
50149	Luesma	02	38
50150	Lumpiaque	01	166
50150	Lumpiaque	02	380
50150	Lumpiaque	03	14
50151	Luna	01	352
50151	Luna	02	161
50151	Luna	03	22
50151	Luna	04	5
50152	Maella	01	361
50152	Maella	02	219
50152	Maella	03	500
50152	Maella	04	9
50152	Maella	05	3
50153	Magallón	01	70
50153	Magallón	02	338
50153	Magallón	03	224
50153	Magallón	04	3
50154	Mainar	01	27
50154	Mainar	02	43
50154	Mainar	03	61
50155	Malanquilla	01	18
50155	Malanquilla	02	25
50155	Malanquilla	03	76
50156	Maleján	01	68
50156	Maleján	02	96
50156	Maleján	03	5
50156	Maleján	04	1
50157	Malón	01	77
50157	Malón	02	166
50157	Malón	03	53
50159	Maluenda	01	496
50159	Maluenda	02	30
50159	Maluenda	03	9
50159	Maluenda	04	1
50159	Maluenda	05	1
50160	Mallén	01	204
50160	Mallén	02	787
50160	Mallén	03	211
50160	Mallén	04	6
50161	Manchones	01	26
50161	Manchones	02	52
50161	Manchones	03	78
50162	Mara	01	34
50162	Mara	02	58
50162	Mara	03	95
50162	Mara	04	1
50162	Mara	05	1
50163	María de Huerva	01	500
50163	María de Huerva	02	142
50163	María de Huerva	03	10
50163	María de Huerva	04	2
50164	Mediana de Aragón	01	31
50164	Mediana de Aragón	02	186
50164	Mediana de Aragón	03	6
50165	Mequinenza	01	460
50165	Mequinenza	02	418
50165	Mequinenza	03	54
50165	Mequinenza	04	1
50166	Mesones de Isuela	01	84
50166	Mesones de Isuela	02	136
50166	Mesones de Isuela	03	22
50167	Mezalocha	01	147
50167	Mezalocha	02	6
50168	Mianos	01	5
50168	Mianos	02	21
50168	Mianos	03	10
50169	Miedes de Aragón	01	53
50169	Miedes de Aragón	02	109
50169	Miedes de Aragón	03	148
50169	Miedes de Aragón	04	1
50170	Monegrillo	01	74
50170	Monegrillo	02	119
50170	Monegrillo	03	25
50171	Moneva	01	32
50171	Moneva	02	69
50171	Moneva	03	44
50172	Monreal de Ariza	01	151
50172	Monreal de Ariza	02	25
50172	Monreal de Ariza	03	3
50173	Monterde	01	36
50173	Monterde	02	170
50173	Monterde	03	56
50173	Monterde	04	1
50174	Montón	01	19
50174	Montón	02	118
50174	Montón	03	7
50175	Morata de Jalón	01	208
50175	Morata de Jalón	02	286
50175	Morata de Jalón	03	328
50175	Morata de Jalón	04	16
50176	Morata de Jiloca	01	43
50176	Morata de Jiloca	02	158
50176	Morata de Jiloca	03	36
50177	Morés	01	77
50177	Morés	02	122
50177	Morés	03	159
50177	Morés	04	2
50178	Moros	01	69
50178	Moros	02	303
50178	Moros	03	40
50178	Moros	04	1
50179	Moyuela	01	41
50179	Moyuela	02	6
50179	Moyuela	03	190
50180	Mozota	01	58
50180	Mozota	02	49
50180	Mozota	03	38
50181	Muel	01	319
50181	Muel	02	137
50181	Muel	03	72
50181	Muel	04	2
50182	Muela (La)	01	536
50182	Muela (La)	02	601
50182	Muela (La)	03	29
50183	Munébrega	01	27
50183	Munébrega	02	150
50183	Munébrega	03	141
50184	Murero	01	17
50184	Murero	02	104
50184	Murero	03	39
50185	Murillo de Gállego	01	30
50185	Murillo de Gállego	02	99
50185	Murillo de Gállego	03	9
50186	Navardún	01	5
50186	Navardún	02	19
50186	Navardún	03	17
50187	Nigüella	01	26
50187	Nigüella	02	51
50187	Nigüella	03	6
50188	Nombrevilla	01	10
50188	Nombrevilla	02	39
50188	Nombrevilla	03	5
50189	Nonaspe	01	675
50189	Nonaspe	02	21
50189	Nonaspe	03	8
50189	Nonaspe	04	4
50189	Nonaspe	05	2
50190	Novallas	01	57
50190	Novallas	02	277
50190	Novallas	03	133
50190	Novallas	04	4
50191	Novillas	01	115
50191	Novillas	02	143
50191	Novillas	03	54
50192	Nuévalos	01	47
50192	Nuévalos	02	177
50192	Nuévalos	03	25
50192	Nuévalos	04	2
50193	Nuez de Ebro	01	245
50193	Nuez de Ebro	02	94
50193	Nuez de Ebro	03	4
50194	Olvés	01	191
50194	Olvés	02	1
50195	Orcajo	01	6
50195	Orcajo	02	54
50195	Orcajo	03	4
50196	Orera	01	27
50196	Orera	02	29
50196	Orera	03	40
50197	Orés	01	31
50197	Orés	02	54
50197	Orés	03	28
50198	Oseja	01	1
50198	Oseja	02	70
50198	Oseja	03	4
50199	Osera de Ebro	01	168
50199	Osera de Ebro	02	89
50199	Osera de Ebro	03	12
50199	Osera de Ebro	04	1
50200	Paniza	01	31
50200	Paniza	02	254
50200	Paniza	03	94
50201	Paracuellos de Jiloca	01	128
50201	Paracuellos de Jiloca	02	117
50201	Paracuellos de Jiloca	03	23
50202	Paracuellos de la Ribera	01	76
50202	Paracuellos de la Ribera	02	292
50202	Paracuellos de la Ribera	03	4
50203	Pastriz	01	87
50203	Pastriz	02	221
50203	Pastriz	03	64
50203	Pastriz	04	1
50204	Pedrola	01	354
50204	Pedrola	02	616
50204	Pedrola	03	68
50204	Pedrola	04	13
50204	Pedrola	05	2
50205	Pedrosas (Las)	01	5
50205	Pedrosas (Las)	02	60
50205	Pedrosas (Las)	03	4
50206	Perdiguera	01	50
50206	Perdiguera	02	200
50206	Perdiguera	03	8
50207	Piedratajada	01	41
50207	Piedratajada	02	50
50207	Piedratajada	03	3
50208	Pina de Ebro	01	256
50208	Pina de Ebro	02	434
50208	Pina de Ebro	03	200
50208	Pina de Ebro	04	11
50208	Pina de Ebro	05	5
50209	Pinseque	01	430
50209	Pinseque	02	553
50209	Pinseque	03	63
50210	Pintanos (Los)	01	11
50210	Pintanos (Los)	02	47
50210	Pintanos (Los)	03	7
50211	Plasencia de Jalón	01	87
50211	Plasencia de Jalón	02	39
50211	Plasencia de Jalón	03	65
50212	Pleitas	01	11
50212	Pleitas	02	38
50212	Pleitas	03	6
50213	Plenas	01	35
50213	Plenas	02	87
50213	Plenas	03	60
50214	Pomer	01	10
50214	Pomer	02	27
50214	Pomer	03	48
50215	Pozuel de Ariza	01	4
50215	Pozuel de Ariza	02	34
50215	Pozuel de Ariza	03	67
50216	Pozuelo de Aragón	01	23
50216	Pozuelo de Aragón	02	65
50216	Pozuelo de Aragón	03	74
50217	Pradilla de Ebro	01	45
50217	Pradilla de Ebro	02	177
50217	Pradilla de Ebro	03	82
50218	Puebla de Albortón	01	55
50218	Puebla de Albortón	02	39
50219	Puebla de Alfindén (La)	01	754
50219	Puebla de Alfindén (La)	02	405
50219	Puebla de Alfindén (La)	03	258
50219	Puebla de Alfindén (La)	04	4
50219	Puebla de Alfindén (La)	05	3
50220	Puendeluna	01	40
50220	Puendeluna	02	24
50220	Puendeluna	03	3
50221	Purujosa	01	31
50221	Purujosa	02	1
50222	Quinto	01	205
50222	Quinto	02	711
50222	Quinto	03	63
50222	Quinto	04	4
50223	Remolinos	01	148
50223	Remolinos	02	297
50223	Remolinos	03	49
50223	Remolinos	04	4
50224	Retascón	01	19
50224	Retascón	02	71
50224	Retascón	03	3
50225	Ricla	01	212
50225	Ricla	02	541
50225	Ricla	03	111
50227	Romanos	01	6
50227	Romanos	02	81
50227	Romanos	03	9
50228	Rueda de Jalón	01	66
50228	Rueda de Jalón	02	138
50228	Rueda de Jalón	03	3
50229	Ruesca	01	5
50229	Ruesca	02	26
50229	Ruesca	03	29
50230	Sádaba	01	306
50230	Sádaba	02	323
50230	Sádaba	03	70
50230	Sádaba	04	12
50231	Salillas de Jalón	01	46
50231	Salillas de Jalón	02	141
50231	Salillas de Jalón	03	6
50232	Salvatierra de Esca	01	31
50232	Salvatierra de Esca	02	155
50232	Salvatierra de Esca	03	41
50233	Samper del Salz	01	34
50233	Samper del Salz	02	80
50233	Samper del Salz	03	3
50234	San Martín de la Virgen de Moncayo	01	93
50234	San Martín de la Virgen de Moncayo	02	16
50234	San Martín de la Virgen de Moncayo	03	11
50234	San Martín de la Virgen de Moncayo	04	2
50235	San Mateo de Gállego	01	459
50235	San Mateo de Gállego	02	508
50235	San Mateo de Gállego	03	42
50235	San Mateo de Gállego	04	7
50235	San Mateo de Gállego	05	1
50236	Santa Cruz de Grío	01	33
50236	Santa Cruz de Grío	02	63
50236	Santa Cruz de Grío	03	44
50237	Santa Cruz de Moncayo	01	33
50237	Santa Cruz de Moncayo	02	52
50237	Santa Cruz de Moncayo	03	24
50238	Santa Eulalia de Gállego	01	24
50238	Santa Eulalia de Gállego	02	51
50238	Santa Eulalia de Gállego	03	34
50239	Santed	01	6
50239	Santed	02	41
50239	Santed	03	29
50240	Sástago	01	425
50240	Sástago	02	291
50240	Sástago	03	20
50240	Sástago	04	4
50240	Sástago	05	1
50241	Saviñán	01	126
50241	Saviñán	02	284
50241	Saviñán	03	42
50241	Saviñán	04	1
50242	Sediles	01	4
50242	Sediles	02	15
50242	Sediles	03	28
50243	Sestrica	01	83
50243	Sestrica	02	119
50243	Sestrica	03	117
50244	Sierra de Luna	01	12
50244	Sierra de Luna	02	125
50244	Sierra de Luna	03	27
50245	Sigüés	01	13
50245	Sigüés	02	65
50245	Sigüés	03	34
50245	Sigüés	04	1
50246	Sisamón	01	39
50246	Sisamón	02	48
50246	Sisamón	03	83
50247	Sobradiel	01	84
50247	Sobradiel	02	169
50247	Sobradiel	03	34
50248	Sos del Rey Católico	01	170
50248	Sos del Rey Católico	02	246
50248	Sos del Rey Católico	03	31
50248	Sos del Rey Católico	04	6
50249	Tabuenca	01	116
50249	Tabuenca	02	196
50249	Tabuenca	03	6
50250	Talamantes	01	8
50250	Talamantes	02	63
50250	Talamantes	03	12
50251	Tarazona	01	390
50251	Tarazona	02	838
50251	Tarazona	03	575
50251	Tarazona	04	198
50251	Tarazona	05	169
50251	Tarazona	06	27
50251	Tarazona	07	2
50251	Tarazona	08	1
50251	Tarazona	10 o más	1
50252	Tauste	01	717
50252	Tauste	02	953
50252	Tauste	03	188
50252	Tauste	04	79
50252	Tauste	05	38
50252	Tauste	06	7
50252	Tauste	07	1
50253	Terrer	01	239
50253	Terrer	02	18
50253	Terrer	03	18
50253	Terrer	04	4
50254	Tierga	01	8
50254	Tierga	02	122
50254	Tierga	03	1
50255	Tobed	01	35
50255	Tobed	02	103
50255	Tobed	03	129
50256	Torralba de los Frailes	01	40
50256	Torralba de los Frailes	02	143
50256	Torralba de los Frailes	03	3
50257	Torralba de Ribota	01	15
50257	Torralba de Ribota	02	109
50257	Torralba de Ribota	03	30
50258	Torralbilla	01	53
50258	Torralbilla	02	73
50258	Torralbilla	03	7
50259	Torrehermosa	01	2
50259	Torrehermosa	02	63
50259	Torrehermosa	03	45
50260	Torrelapaja	01	14
50260	Torrelapaja	02	46
50260	Torrelapaja	03	27
50261	Torrellas	01	33
50261	Torrellas	02	88
50261	Torrellas	03	74
50262	Torres de Berrellén	01	117
50262	Torres de Berrellén	02	326
50262	Torres de Berrellén	03	85
50262	Torres de Berrellén	04	5
50262	Torres de Berrellén	05	1
50263	Torrijo de la Cañada	01	308
50263	Torrijo de la Cañada	02	33
50263	Torrijo de la Cañada	03	67
50264	Tosos	01	37
50264	Tosos	02	98
50264	Tosos	03	91
50265	Trasmoz	01	14
50265	Trasmoz	02	37
50265	Trasmoz	03	32
50266	Trasobares	01	99
50266	Trasobares	02	98
50266	Trasobares	03	7
50267	Uncastillo	01	22
50267	Uncastillo	02	261
50267	Uncastillo	03	113
50267	Uncastillo	04	8
50268	Undués de Lerda	01	5
50268	Undués de Lerda	02	34
50268	Undués de Lerda	03	7
50269	Urrea de Jalón	01	70
50269	Urrea de Jalón	02	71
50269	Urrea de Jalón	03	96
50270	Urriés	01	7
50270	Urriés	02	44
50270	Urriés	03	21
50271	Used	01	18
50271	Used	02	109
50271	Used	03	194
50272	Utebo	01	669
50272	Utebo	02	457
50272	Utebo	03	527
50272	Utebo	04	219
50272	Utebo	05	67
50272	Utebo	06	2
50273	Valdehorna	01	3
50273	Valdehorna	02	35
50273	Valdehorna	03	13
50274	Val de San Martín	01	11
50274	Val de San Martín	02	76
50274	Val de San Martín	03	9
50275	Valmadrid	01	24
50275	Valmadrid	02	52
50275	Valmadrid	03	2
50276	Valpalmas	01	69
50276	Valpalmas	02	51
50276	Valpalmas	03	7
50277	Valtorres	01	3
50277	Valtorres	02	23
50277	Valtorres	03	56
50278	Velilla de Ebro	01	32
50278	Velilla de Ebro	02	89
50278	Velilla de Ebro	03	119
50279	Velilla de Jiloca	01	12
50279	Velilla de Jiloca	02	37
50279	Velilla de Jiloca	03	70
50280	Vera de Moncayo	01	48
50280	Vera de Moncayo	02	176
50280	Vera de Moncayo	03	110
50281	Vierlas	01	22
50281	Vierlas	02	40
50281	Vierlas	03	18
50282	Vilueña (La)	01	10
50282	Vilueña (La)	02	27
50282	Vilueña (La)	03	22
50283	Villadoz	01	14
50283	Villadoz	02	29
50283	Villadoz	03	35
50284	Villafeliche	01	52
50284	Villafeliche	02	155
50284	Villafeliche	03	56
50285	Villafranca de Ebro	01	187
50285	Villafranca de Ebro	02	102
50285	Villafranca de Ebro	03	4
50285	Villafranca de Ebro	04	1
50286	Villalba de Perejil	01	29
50286	Villalba de Perejil	02	19
50287	Villalengua	01	15
50287	Villalengua	02	5
50287	Villalengua	03	288
50288	Villanueva de Gállego	01	273
50288	Villanueva de Gállego	02	514
50288	Villanueva de Gállego	03	271
50288	Villanueva de Gállego	04	11
50288	Villanueva de Gállego	05	4
50288	Villanueva de Gállego	06	1
50289	Villanueva de Jiloca	01	25
50289	Villanueva de Jiloca	02	94
50289	Villanueva de Jiloca	03	11
50290	Villanueva de Huerva	01	118
50290	Villanueva de Huerva	02	248
50290	Villanueva de Huerva	03	32
50291	Villar de los Navarros	01	26
50291	Villar de los Navarros	02	87
50291	Villar de los Navarros	03	80
50292	Villarreal de Huerva	01	15
50292	Villarreal de Huerva	02	71
50292	Villarreal de Huerva	03	47
50293	Villarroya de la Sierra	01	172
50293	Villarroya de la Sierra	02	259
50293	Villarroya de la Sierra	03	26
50293	Villarroya de la Sierra	04	4
50294	Villarroya del Campo	01	7
50294	Villarroya del Campo	02	27
50294	Villarroya del Campo	03	35
50295	Vistabella	01	15
50295	Vistabella	02	140
50295	Vistabella	03	10
50296	Zaida (La)	01	289
50296	Zaida (La)	02	8
50296	Zaida (La)	03	1
50297	Zaragoza	01	7958
50297	Zaragoza	02	8589
50297	Zaragoza	03	3867
50297	Zaragoza	04	2746
50297	Zaragoza	05	5047
50297	Zaragoza	06	1782
50297	Zaragoza	07	1185
50297	Zaragoza	08	1660
50297	Zaragoza	09	766
50297	Zaragoza	10 o más	1766
50298	Zuera	01	685
50298	Zuera	02	1231
50298	Zuera	03	122
50298	Zuera	04	44
50298	Zuera	05	8
50298	Zuera	06	3
50298	Zuera	07	1
50901	Biel	01	23
50901	Biel	02	104
50901	Biel	03	45
50901	Biel	04	2
50902	Marracos	01	44
50902	Marracos	02	24
50902	Marracos	03	5