Año	Comarca código	Comarca nombre	Total	Bancos	Cajas	Cooperativas
2002	01	La Jacetania	30	9	12	9
2002	02	Alto Gállego	20	5	10	5
2002	03	Sobrarbe	25	4	9	12
2002	04	La Ribagorza	29	8	10	11
2002	05	Cinco Villas	50	13	21	16
2002	06	Hoya de Huesca / Plana de Uesca	81	21	40	20
2002	07	Somontano de Barbastro	32	5	16	11
2002	08	Cinca Medio	34	10	14	10
2002	09	La Litera / La Llitera	34	8	13	13
2002	10	Los Monegros	58	5	23	30
2002	11	Bajo Cinca / Baix Cinca	40	12	17	11
2002	12	Tarazona y el Moncayo	18	3	9	6
2002	13	Campo de Borja	26	3	13	10
2002	14	Aranda	20	5	8	7
2002	15	Ribera Alta del Ebro	43	7	21	15
2002	16	Valdejalón	41	7	20	14
2002	17	D.C. Zaragoza	660	217	353	90
2002	18	Ribera Baja del Ebro	15	2	9	4
2002	19	Bajo Aragón-Caspe / Baix Aragó-Casp	18	4	9	5
2002	20	Comunidad de Calatayud	88	11	38	39
2002	21	Campo de Cariñena	28	3	13	12
2002	22	Campo de Belchite	15	1	7	7
2002	23	Bajo Martín	17	3	8	6
2002	24	Campo de Daroca	16	1	9	6
2002	25	Jiloca	32	5	19	8
2002	26	Cuencas Mineras	17	4	11	2
2002	27	Andorra-Sierra de Arcos	15	3	9	3
2002	28	Bajo Aragón	35	10	14	11
2002	29	Comunidad de Teruel	57	17	27	13
2002	30	Maestrazgo	8	1	4	3
2002	31	Sierra de Albarracín	7	1	5	1
2002	32	Gúdar-Javalambre	12	1	7	4
2002	33	Matarraña / Matarranya	25	2	10	13
2003	01	La Jacetania	30	9	12	9
2003	02	Alto Gállego	19	5	9	5
2003	03	Sobrarbe	25	4	9	12
2003	04	La Ribagorza	29	8	10	11
2003	05	Cinco Villas	48	11	21	16
2003	06	Hoya de Huesca / Plana de Uesca	79	19	40	20
2003	07	Somontano de Barbastro	32	5	15	12
2003	08	Cinca Medio	33	9	14	10
2003	09	La Litera / La Llitera	34	8	13	13
2003	10	Los Monegros	55	5	24	26
2003	11	Bajo Cinca / Baix Cinca	41	12	18	11
2003	12	Tarazona y el Moncayo	18	3	9	6
2003	13	Campo de Borja	26	3	13	10
2003	14	Aranda	20	5	8	7
2003	15	Ribera Alta del Ebro	42	7	21	14
2003	16	Valdejalón	44	7	22	15
2003	17	D.C. Zaragoza	679	221	358	100
2003	18	Ribera Baja del Ebro	15	2	9	4
2003	19	Bajo Aragón-Caspe / Baix Aragó-Casp	19	4	9	6
2003	20	Comunidad de Calatayud	86	9	38	39
2003	21	Campo de Cariñena	28	3	13	12
2003	22	Campo de Belchite	15	1	7	7
2003	23	Bajo Martín	17	3	8	6
2003	24	Campo de Daroca	16	1	9	6
2003	25	Jiloca	32	5	19	8
2003	26	Cuencas Mineras	16	3	11	2
2003	27	Andorra-Sierra de Arcos	15	3	9	3
2003	28	Bajo Aragón	36	11	13	12
2003	29	Comunidad de Teruel	57	16	28	13
2003	30	Maestrazgo	8	1	4	3
2003	31	Sierra de Albarracín	8	1	5	2
2003	32	Gúdar-Javalambre	12	1	7	4
2003	33	Matarraña / Matarranya	25	2	10	13
2004	01	La Jacetania	29	9	12	8
2004	02	Alto Gállego	21	5	11	5
2004	03	Sobrarbe	23	4	9	10
2004	04	La Ribagorza	29	8	10	11
2004	05	Cinco Villas	47	11	20	16
2004	06	Hoya de Huesca / Plana de Uesca	80	19	41	20
2004	07	Somontano de Barbastro	32	5	15	12
2004	08	Cinca Medio	32	9	14	9
2004	09	La Litera / La Llitera	33	8	13	12
2004	10	Los Monegros	49	5	22	22
2004	11	Bajo Cinca / Baix Cinca	40	12	17	11
2004	12	Tarazona y el Moncayo	17	3	9	5
2004	13	Campo de Borja	26	3	13	10
2004	14	Aranda	20	5	8	7
2004	15	Ribera Alta del Ebro	41	7	20	14
2004	16	Valdejalón	45	7	23	15
2004	17	D.C. Zaragoza	698	215	377	106
2004	18	Ribera Baja del Ebro	15	2	9	4
2004	19	Bajo Aragón-Caspe / Baix Aragó-Casp	19	4	9	6
2004	20	Comunidad de Calatayud	86	9	38	39
2004	21	Campo de Cariñena	28	3	13	12
2004	22	Campo de Belchite	15	1	7	7
2004	23	Bajo Martín	17	3	8	6
2004	24	Campo de Daroca	15	1	9	5
2004	25	Jiloca	32	5	19	8
2004	26	Cuencas Mineras	16	3	11	2
2004	27	Andorra-Sierra de Arcos	15	3	9	3
2004	28	Bajo Aragón	34	10	13	11
2004	29	Comunidad de Teruel	58	16	29	13
2004	30	Maestrazgo	8	1	4	3
2004	31	Sierra de Albarracín	9	1	5	3
2004	32	Gúdar-Javalambre	13	1	7	5
2004	33	Matarraña / Matarranya	25	2	10	13
2005	01	La Jacetania	30	9	13	8
2005	02	Alto Gállego	21	5	11	5
2005	03	Sobrarbe	23	4	9	10
2005	04	La Ribagorza	30	8	11	11
2005	05	Cinco Villas	48	11	21	16
2005	06	Hoya de Huesca / Plana de Uesca	81	18	42	21
2005	07	Somontano de Barbastro	32	5	15	12
2005	08	Cinca Medio	31	9	14	8
2005	09	La Litera / La Llitera	33	8	13	12
2005	10	Los Monegros	49	5	22	22
2005	11	Bajo Cinca / Baix Cinca	39	11	17	11
2005	12	Tarazona y el Moncayo	17	3	9	5
2005	13	Campo de Borja	26	3	13	10
2005	14	Aranda	20	5	8	7
2005	15	Ribera Alta del Ebro	42	7	21	14
2005	16	Valdejalón	44	7	22	15
2005	17	D.C. Zaragoza	730	219	400	111
2005	18	Ribera Baja del Ebro	15	2	9	4
2005	19	Bajo Aragón-Caspe / Baix Aragó-Casp	19	4	9	6
2005	20	Comunidad de Calatayud	88	10	39	39
2005	21	Campo de Cariñena	28	3	13	12
2005	22	Campo de Belchite	15	1	7	7
2005	23	Bajo Martín	17	3	8	6
2005	24	Campo de Daroca	17	1	9	7
2005	25	Jiloca	32	5	19	8
2005	26	Cuencas Mineras	16	3	11	2
2005	27	Andorra-Sierra de Arcos	15	3	9	3
2005	28	Bajo Aragón	32	8	13	11
2005	29	Comunidad de Teruel	61	16	31	14
2005	30	Maestrazgo	8	1	4	3
2005	31	Sierra de Albarracín	9	1	5	3
2005	32	Gúdar-Javalambre	13	1	7	5
2005	33	Matarraña / Matarranya	25	2	10	13
2006	01	La Jacetania	30	9	13	8
2006	02	Alto Gállego	22	5	11	6
2006	03	Sobrarbe	23	4	9	10
2006	04	La Ribagorza	30	8	11	11
2006	05	Cinco Villas	50	10	22	18
2006	06	Hoya de Huesca / Plana de Uesca	87	24	45	18
2006	07	Somontano de Barbastro	34	6	17	11
2006	08	Cinca Medio	30	9	14	7
2006	09	La Litera / La Llitera	33	8	13	12
2006	10	Los Monegros	48	5	22	21
2006	11	Bajo Cinca / Baix Cinca	39	12	17	10
2006	12	Tarazona y el Moncayo	17	3	9	5
2006	13	Campo de Borja	26	3	13	10
2006	14	Aranda	19	4	8	7
2006	15	Ribera Alta del Ebro	40	6	21	13
2006	16	Valdejalón	48	9	22	17
2006	17	D.C. Zaragoza	791	229	435	127
2006	18	Ribera Baja del Ebro	15	2	9	4
2006	19	Bajo Aragón-Caspe / Baix Aragó-Casp	19	4	8	7
2006	20	Comunidad de Calatayud	91	11	41	39
2006	21	Campo de Cariñena	27	3	13	11
2006	22	Campo de Belchite	15	1	7	7
2006	23	Bajo Martín	17	3	8	6
2006	24	Campo de Daroca	15	1	9	5
2006	25	Jiloca	32	4	19	9
2006	26	Cuencas Mineras	16	2	11	3
2006	27	Andorra-Sierra de Arcos	15	2	9	4
2006	28	Bajo Aragón	36	8	15	13
2006	29	Comunidad de Teruel	66	20	32	14
2006	30	Maestrazgo	8	1	4	3
2006	31	Sierra de Albarracín	9	1	5	3
2006	32	Gúdar-Javalambre	15	1	8	6
2006	33	Matarraña / Matarranya	24	2	10	12
2007	01	La Jacetania	30	9	13	8
2007	02	Alto Gállego	22	5	11	6
2007	03	Sobrarbe	23	4	9	10
2007	04	La Ribagorza	30	8	11	11
2007	05	Cinco Villas	50	10	22	18
2007	06	Hoya de Huesca / Plana de Uesca	87	24	45	18
2007	07	Somontano de Barbastro	34	6	17	11
2007	08	Cinca Medio	30	9	14	7
2007	09	La Litera / La Llitera	33	8	13	12
2007	10	Los Monegros	48	5	22	21
2007	11	Bajo Cinca / Baix Cinca	39	12	17	10
2007	12	Tarazona y el Moncayo	17	3	9	5
2007	13	Campo de Borja	26	3	13	10
2007	14	Aranda	19	4	8	7
2007	15	Ribera Alta del Ebro	40	6	21	13
2007	16	Valdejalón	48	9	22	17
2007	17	D.C. Zaragoza	791	229	435	127
2007	18	Ribera Baja del Ebro	15	2	9	4
2007	19	Bajo Aragón-Caspe / Baix Aragó-Casp	19	4	8	7
2007	20	Comunidad de Calatayud	91	11	41	39
2007	21	Campo de Cariñena	27	3	13	11
2007	22	Campo de Belchite	15	1	7	7
2007	23	Bajo Martín	17	3	8	6
2007	24	Campo de Daroca	15	1	9	5
2007	25	Jiloca	32	4	19	9
2007	26	Cuencas Mineras	16	2	11	3
2007	27	Andorra-Sierra de Arcos	15	2	9	4
2007	28	Bajo Aragón	36	8	15	13
2007	29	Comunidad de Teruel	66	20	32	14
2007	30	Maestrazgo	8	1	4	3
2007	31	Sierra de Albarracín	9	1	5	3
2007	32	Gúdar-Javalambre	15	1	8	6
2007	33	Matarraña / Matarranya	24	2	10	12
2008	01	La Jacetania	30	9	13	8
2008	02	Alto Gállego	22	5	11	6
2008	03	Sobrarbe	22	4	9	9
2008	04	La Ribagorza	28	7	11	10
2008	05	Cinco Villas	46	10	22	14
2008	06	Hoya de Huesca / Plana de Uesca	86	24	45	17
2008	07	Somontano de Barbastro	32	6	17	9
2008	08	Cinca Medio	31	9	14	8
2008	09	La Litera / La Llitera	33	8	13	12
2008	10	Los Monegros	48	5	22	21
2008	11	Bajo Cinca / Baix Cinca	39	12	17	10
2008	12	Tarazona y el Moncayo	18	3	9	6
2008	13	Campo de Borja	24	3	13	8
2008	14	Aranda	19	4	8	7
2008	15	Ribera Alta del Ebro	38	6	20	12
2008	16	Valdejalón	46	8	22	16
2008	17	D.C. Zaragoza	817	231	444	142
2008	18	Ribera Baja del Ebro	15	2	9	4
2008	19	Bajo Aragón-Caspe / Baix Aragó-Casp	20	4	9	7
2008	20	Comunidad de Calatayud	89	11	41	37
2008	21	Campo de Cariñena	28	3	13	12
2008	22	Campo de Belchite	14	1	7	6
2008	23	Bajo Martín	17	3	8	6
2008	24	Campo de Daroca	15	1	9	5
2008	25	Jiloca	31	5	19	7
2008	26	Cuencas Mineras	16	2	11	3
2008	27	Andorra-Sierra de Arcos	15	3	9	3
2008	28	Bajo Aragón	35	7	15	13
2008	29	Comunidad de Teruel	66	18	32	16
2008	30	Maestrazgo	8	1	4	3
2008	31	Sierra de Albarracín	9	1	5	3
2008	32	Gúdar-Javalambre	15	1	8	6
2008	33	Matarraña / Matarranya	24	1	10	13
2009	01	La Jacetania	30	8	13	9
2009	02	Alto Gállego	22	5	11	6
2009	03	Sobrarbe	21	4	9	8
2009	04	La Ribagorza	28	7	11	10
2009	05	Cinco Villas	45	10	22	13
2009	06	Hoya de Huesca / Plana de Uesca	81	21	44	16
2009	07	Somontano de Barbastro	31	6	17	8
2009	08	Cinca Medio	30	9	13	8
2009	09	La Litera / La Llitera	32	8	13	11
2009	10	Los Monegros	46	5	22	19
2009	11	Bajo Cinca / Baix Cinca	39	12	17	10
2009	12	Tarazona y el Moncayo	17	2	9	6
2009	13	Campo de Borja	22	3	13	6
2009	14	Aranda	18	4	8	6
2009	15	Ribera Alta del Ebro	34	5	19	10
2009	16	Valdejalón	44	8	22	14
2009	17	D.C. Zaragoza	791	223	433	135
2009	18	Ribera Baja del Ebro	14	1	9	4
2009	19	Bajo Aragón-Caspe / Baix Aragó-Casp	20	4	9	7
2009	20	Comunidad de Calatayud	81	10	40	31
2009	21	Campo de Cariñena	25	1	13	11
2009	22	Campo de Belchite	14	1	7	6
2009	23	Bajo Martín	17	3	8	6
2009	24	Campo de Daroca	15	1	9	5
2009	25	Jiloca	31	5	19	7
2009	26	Cuencas Mineras	16	2	11	3
2009	27	Andorra-Sierra de Arcos	15	3	9	3
2009	28	Bajo Aragón	37	8	15	14
2009	29	Comunidad de Teruel	62	14	32	16
2009	30	Maestrazgo	8	1	4	3
2009	31	Sierra de Albarracín	9	1	5	3
2009	32	Gúdar-Javalambre	15	1	8	6
2009	33	Matarraña / Matarranya	25	2	10	13
2010	01	La Jacetania	30	8	13	9
2010	02	Alto Gállego	22	5	11	6
2010	03	Sobrarbe	21	4	9	8
2010	04	La Ribagorza	28	7	11	10
2010	05	Cinco Villas	45	10	22	13
2010	06	Hoya de Huesca / Plana de Uesca	79	22	42	15
2010	07	Somontano de Barbastro	28	6	16	6
2010	08	Cinca Medio	28	9	13	6
2010	09	La Litera / La Llitera	29	8	13	8
2010	10	Los Monegros	45	5	22	18
2010	11	Bajo Cinca / Baix Cinca	35	10	16	9
2010	12	Tarazona y el Moncayo	16	2	9	5
2010	13	Campo de Borja	22	3	13	6
2010	14	Aranda	15	4	8	3
2010	15	Ribera Alta del Ebro	35	5	20	10
2010	16	Valdejalón	40	8	21	11
2010	17	D.C. Zaragoza	773	229	414	130
2010	18	Ribera Baja del Ebro	14	1	9	4
2010	19	Bajo Aragón-Caspe / Baix Aragó-Casp	20	4	9	7
2010	20	Comunidad de Calatayud	71	10	39	22
2010	21	Campo de Cariñena	25	1	13	11
2010	22	Campo de Belchite	14	1	7	6
2010	23	Bajo Martín	17	3	8	6
2010	24	Campo de Daroca	13	1	9	3
2010	25	Jiloca	30	5	18	7
2010	26	Cuencas Mineras	16	2	11	3
2010	27	Andorra-Sierra de Arcos	15	3	9	3
2010	28	Bajo Aragón	37	8	15	14
2010	29	Comunidad de Teruel	61	14	31	16
2010	30	Maestrazgo	8	1	4	3
2010	31	Sierra de Albarracín	9	1	5	3
2010	32	Gúdar-Javalambre	15	1	8	6
2010	33	Matarraña / Matarranya	25	2	10	13
2011	01	La Jacetania	31			
2011	02	Alto Gállego	21			
2011	03	Sobrarbe	21			
2011	04	La Ribagorza	28			
2011	05	Cinco Villas	43			
2011	06	Hoya de Huesca / Plana de Uesca	73			
2011	07	Somontano de Barbastro	27			
2011	08	Cinca Medio	28			
2011	09	La Litera / La Llitera	27			
2011	10	Los Monegros	46			
2011	11	Bajo Cinca / Baix Cinca	35			
2011	12	Tarazona y el Moncayo	15			
2011	13	Campo de Borja	22			
2011	14	Aranda	13			
2011	15	Ribera Alta del Ebro	34			
2011	16	Valdejalón	37			
2011	17	D.C. Zaragoza	735			
2011	18	Ribera Baja del Ebro	14			
2011	19	Bajo Aragón-Caspe / Baix Aragó-Casp	19			
2011	20	Comunidad de Calatayud	67			
2011	21	Campo de Cariñena	23			
2011	22	Campo de Belchite	13			
2011	23	Bajo Martín	17			
2011	24	Campo de Daroca	12			
2011	25	Jiloca	29			
2011	26	Cuencas Mineras	16			
2011	27	Andorra-Sierra de Arcos	15			
2011	28	Bajo Aragón	37			
2011	29	Comunidad de Teruel	58			
2011	30	Maestrazgo	8			
2011	31	Sierra de Albarracín	9			
2011	32	Gúdar-Javalambre	15			
2011	33	Matarraña / Matarranya	24