Año	Comarca código	Comarca nombre	Tipo de presupuesto	Estado de la información	Total gastos	Gastos de personal	Gastos en bienes corrientes y servicios	Gastos financieros	Transferencias corrientes	Inversiones reales	Transferencias de capital	Activos financieros	Pasivos financieros	Fondo de contingencia
2007	01	La Jacetania	Liquidaciones	Consolidada	5520628,42	1939567,09	1088554,96	37689,64	1313724,51	808703,59	258478,08	0	73910,55	
2007	02	Alto Gállego	Liquidaciones	Clasificación Económica de la Administración General	5032434,55	2012914,3	1255304,05	67348,62	1239640,71	384604,59	0	0	72622,28	
2007	03	Sobrarbe	Liquidaciones	Consolidada	5004793,78	1658676,16	1336283,05	853,85	29865,95	1402685,11	576429,66	0	0	
2007	04	La Ribagorza	Liquidaciones	Consolidada	6114511	2397224,68	1738134,91	734,91	647401,58	852413,86	478601,06	0	0	
2007	05	Cinco Villas	Liquidaciones	Consolidada	4943485,59	293227,88	1134881,47	0	1215788,72	461889,94	1837697,58	0	0	
2007	06	Hoya de Huesca / Plana de Uesca	Liquidaciones	Clasificación Económica de la Administración General	6488334,28	2779320,2	1291543,47	13104,26	1978906,49	406025,73	0	4300	15134,13	
2007	07	Somontano de Barbastro	Liquidaciones	Consolidada	6280496,41	2648778,44	1277453,1	21195,77	511584,99	1492860,76	281308,3	3300	44015,05	
2007	08	Cinca Medio	Liquidaciones	Sin información										
2007	09	La Litera / La Llitera	Liquidaciones	Consolidada	6998634,91	2898001,29	1658652,45	127510,72	145662,92	213200,38	1616607,15	0	339000	
2007	10	Los Monegros	Liquidaciones	Consolidada	6274282,84	1334896,68	1082054,14	6511,48	2909852,56	931987,42	0	0	8980,56	
2007	11	Bajo Cinca / Baix Cinca	Liquidaciones	Consolidada	3447753,2	1776457,98	1071544,58	1546,67	281330,45	280873,52	36000	0	0	
2007	12	Tarazona y el Moncayo	Liquidaciones	Consolidada	3643957,48	1203017,47	1083820,51	0	687049,48	670070,02	0	0	0	
2007	13	Campo de Borja	Liquidaciones	Consolidada	5188667,57	1273811,96	1054749,33	342,82	515134,42	584774,03	1759855,01	0	0	
2007	14	Aranda	Liquidaciones	Consolidada	3366488,8	582810,91	807793,43	21269,57	379873,85	1054297,98	449974,32	0	70468,74	
2007	15	Ribera Alta del Ebro	Liquidaciones	Consolidada	3936500,01	1533816,63	1318747,07	798,43	280617,31	163192,61	639327,96	0	0	
2007	16	Valdejalón	Liquidaciones	Consolidada	5177893,71	1063222,62	1007904,92	0	2651093,04	16652,63	439020,5	0	0	
2007	18	Ribera Baja del Ebro	Liquidaciones	Consolidada	2958819,87	950104,56	1301019,26	0	273065,92	19579,55	415050,58	0	0	
2007	19	Bajo Aragón-Caspe / Baix Aragó-Casp	Liquidaciones	Consolidada	3570092,72	491255,36	695563,85	947,72	2125292,93	7032,86	250000	0	0	
2007	20	Comunidad de Calatayud	Liquidaciones	Consolidada	4936960	728633,2	797267,34	4200	1728053,33	151733,54	1492465,63	0	34606,96	
2007	21	Campo de Cariñena	Liquidaciones	Consolidada	3420413,5	546829,55	1292636,97	44435,3	334525,47	30691,22	1059694,99	0	111600	
2007	22	Campo de Belchite	Liquidaciones	Consolidada	2235570,74	423348,2	679581,88	233,07	876932,72	239736,68	15738,19	0	0	
2007	23	Bajo Martín	Liquidaciones	Consolidada	3261727,4	552346,87	791062	49,76	276577,63	1270576,27	371114,87	0	0	
2007	24	Campo de Daroca	Liquidaciones	Consolidada	3810580,78	905371,62	1786931,39	1972,05	412461,65	703844,07	0	0	0	
2007	25	Jiloca	Liquidaciones	Consolidada	4032854,15	1281283,48	780605,95	2577,6	826233,47	872213,65	269940	0	0	
2007	26	Cuencas Mineras	Liquidaciones	Sin información										
2007	27	Andorra-Sierra de Arcos	Liquidaciones	Consolidada	3403514,97	874561,1	778683,37	437,19	360860,82	924185,32	464787,17	0	0	
2007	28	Bajo Aragón	Liquidaciones	Sin información										
2007	29	Comunidad de Teruel	Liquidaciones	Consolidada	3454777,64	1490628,36	676767,59	0	893870,9	393510,79	0	0	0	
2007	30	Maestrazgo	Liquidaciones	Consolidada	3723123,54	904203,36	358071,3	437,84	667164,06	1131117,07	662129,91	0	0	
2007	31	Sierra de Albarracín	Liquidaciones	Consolidada	3049600,88	602670,85	476780,88	0	810838,88	1108502,27	50808	0	0	
2007	32	Gúdar-Javalambre	Liquidaciones	Consolidada	2963555,33	549616,21	560951,62	0	1032947,07	663619,93	156420,5	0	0	
2007	33	Matarraña / Matarranya	Liquidaciones	Consolidada	3063560,84	873928,19	517216,41	2143,61	609720,9	706500,48	354051,25	0	0	
2008	01	La Jacetania	Liquidaciones	Consolidada	6023653,35	2248179,44	1267454,48	48507,88	1208529,19	930896,96	247964	0	72121,4	
2008	02	Alto Gállego	Liquidaciones	Consolidada	5263173,34	2144033,64	1442886,81	76417,41	1409426,52	114186,68	0	3600	72622,28	
2008	03	Sobrarbe	Liquidaciones	Consolidada	5542502,28	1846973,16	1590710,59	1389,5	130828,78	1226120,48	746479,77	0	0	
2008	04	La Ribagorza	Liquidaciones	Consolidada	7612260,53	2781709,03	2187107,71	1464,48	771892,86	1023497,06	846589,39	0	0	
2008	05	Cinco Villas	Liquidaciones	Consolidada	4972237,42	452247,51	1100774,59	0	1444094,47	600954,57	1374166,28	0	0	
2008	06	Hoya de Huesca / Plana de Uesca	Liquidaciones	Consolidada	7913820,82	3118047,04	1430250,64	15995,96	1377056,44	1908971,79	46465	1800	15233,95	
2008	07	Somontano de Barbastro	Liquidaciones	Consolidada	7015330,92	3082633,43	1522856,9	22052,75	524484,53	1731601,53	18060	68245,87	45395,91	
2008	08	Cinca Medio	Liquidaciones	Consolidada	4583807,24	2202180,46	1298141,96	2306,14	465268,26	475374,2	126000	0	14536,22	
2008	09	La Litera / La Llitera	Liquidaciones	Consolidada	6616318,99	3080281,81	1657839,68	144523,49	153774,03	31021,11	1209878,87	0	339000	
2008	10	Los Monegros	Liquidaciones	Consolidada	7481561,38	1514162,78	1165989,98	21007,88	3158086,3	1021308,87	600000	0	1005,57	
2008	11	Bajo Cinca / Baix Cinca	Liquidaciones	Consolidada	3607127,92	1847283,32	1215845,56	871,52	460537,6	82589,92	0	0	0	
2008	12	Tarazona y el Moncayo	Liquidaciones	Consolidada	2921594,74	1112892,92	1020880,05	0	640938,65	146883,12	0	0	0	
2008	13	Campo de Borja	Liquidaciones	Consolidada	3598545,68	1378639	956575,04	8101,35	568334,76	297719,64	372853,57	0	16322,32	
2008	14	Aranda	Liquidaciones	Consolidada	2520449,94	670770,86	846602,1	23813,18	394269,25	197737,77	300000	0	87256,78	
2008	15	Ribera Alta del Ebro	Liquidaciones	Consolidada	3693245,86	1449298,3	1289134,98	425,5	329957,91	275057,64	349371,53	0	0	
2008	16	Valdejalón	Liquidaciones	Consolidada	4313417,28	1160994,81	1329348,68	0	798548,58	48675,86	975849,35	0	0	
2008	18	Ribera Baja del Ebro	Liquidaciones	Consolidada	3656664,14	1030000	1784776,89	179,92	342346,57	115989,52	383371,24	0	0	
2008	19	Bajo Aragón-Caspe / Baix Aragó-Casp	Liquidaciones	Consolidada	1840551,52	734974,5	544210,11	942,11	545263,26	15161,54	0	0	0	
2008	20	Comunidad de Calatayud	Liquidaciones	Consolidada	5623350,69	1023663,84	901722,45	9102	1901413,79	512599,17	1237887,11	0	36962,33	
2008	21	Campo de Cariñena	Liquidaciones	Consolidada	2766612,86	613720,92	1289141,36	48045,48	319935,2	120712,14	263457,76	0	111600	
2008	22	Campo de Belchite	Liquidaciones	Consolidada	2575262,59	497595,18	770581,34	94,58	456865,94	167608,36	682517,19	0	0	
2008	23	Bajo Martín	Liquidaciones	Consolidada	2234934,62	654311,82	900065,51	0	242826,18	80053,17	357677,94	0	0	
2008	24	Campo de Daroca	Liquidaciones	Consolidada	3462002,11	972882,71	987297,26	2462,97	509471,88	989887,29	0	0	0	
2008	25	Jiloca	Liquidaciones	Consolidada	4330907,83	1523021,2	1008808,42	2132,74	827596,11	637102,54	332246,82	0	0	
2008	26	Cuencas Mineras	Liquidaciones	Sin información										
2008	27	Andorra-Sierra de Arcos	Liquidaciones	Consolidada	2521858,56	1117150,03	755835,98	311,9	258399,92	201420,4	188740,33	0	0	
2008	28	Bajo Aragón	Liquidaciones	Sin información										
2008	29	Comunidad de Teruel	Liquidaciones	Consolidada	6408241,52	1488743,54	1345626,83	9	1881093,76	1567871,23	124897,16	0	0	
2008	30	Maestrazgo	Liquidaciones	Consolidada	2339409,54	1004974,55	355294,28	24349,97	566600,01	249175,76	89014,97	0	50000	
2008	31	Sierra de Albarracín	Liquidaciones	Consolidada	3138800,17	895198,8	623506,64	0	1139611,25	480483,48	0	0	0	
2008	32	Gúdar-Javalambre	Liquidaciones	Consolidada	3357055,61	638885,58	716408,37	1289,92	1090670,52	850191,72	59609,5	0	0	
2008	33	Matarraña / Matarranya	Liquidaciones	Consolidada	3642489,56	1134578,96	629276,94	4266,55	622612,78	1147599,5	104154,83	0	0	
2009	01	La Jacetania	Liquidaciones	Sin información										
2009	02	Alto Gállego	Liquidaciones	Consolidada	6224376,05	2164018,46	1407798,08	36394,24	1565609,01	977933,98	0	0	72622,28	
2009	03	Sobrarbe	Liquidaciones	Consolidada	5041468,73	2093683,05	1660028,28	184,91	130535,21	850586,2	306451,08	0	0	
2009	04	La Ribagorza	Liquidaciones	Consolidada	7291759,03	3015349,62	2545216,35	1810,88	1153136,41	434245,77	142000	0	0	
2009	05	Cinco Villas	Liquidaciones	Consolidada	5822767,45	510620,35	1446987,6	0	1510684,87	106793,52	2247681,11	0	0	
2009	06	Hoya de Huesca / Plana de Uesca	Liquidaciones	Consolidada	8566856,99	3387186,64	1464455,32	10394,02	2274343,78	1285833,86	126684,83	0	17958,54	
2009	07	Somontano de Barbastro	Liquidaciones	Consolidada	6496497,77	3090610,66	1530658,96	9733,53	529571,05	1206985,42	80418,07	1700	46820,08	
2009	08	Cinca Medio	Liquidaciones	Sin información										
2009	09	La Litera / La Llitera	Liquidaciones	Consolidada	6061147,53	3412390,39	1393064,29	77420,72	125953,71	513054,37	200264,05	0	339000	
2009	10	Los Monegros	Liquidaciones	Consolidada	8618667,64	1862253,28	744759,95	19119,35	3852601,95	1132085,11	1007848	0	0	
2009	11	Bajo Cinca / Baix Cinca	Liquidaciones	Consolidada	4373782,87	2276193,66	1162526,63	603,89	594018,07	340440,62	0	0	0	
2009	12	Tarazona y el Moncayo	Liquidaciones	Clasificación Económica de la Administración General	4920654,07	1312214,45	1224871,82	0	1798162,38	585405,42	0	0	0	
2009	13	Campo de Borja	Liquidaciones	Consolidada	3145951,29	1390309,68	946018,54	3484,67	399481,48	176042,69	214291,91	0	16322,32	
2009	14	Aranda	Liquidaciones	Consolidada	3068900,34	797139,34	1013093,15	15269,38	377449,74	479013,64	299944,97	0	86990,12	
2009	15	Ribera Alta del Ebro	Liquidaciones	Consolidada	4115080,34	1641993,23	1434838,37	499,77	569796,78	209550,87	258401,32	0	0	
2009	16	Valdejalón	Liquidaciones	Consolidada	3395013,05	1259591,01	1295707,62	0	447931,49	305183,75	86599,18	0	0	
2009	18	Ribera Baja del Ebro	Liquidaciones	Consolidada	3750465,86	1174889,92	1448675,01	1895,92	355103,32	54921,83	714979,86	0	0	
2009	19	Bajo Aragón-Caspe / Baix Aragó-Casp	Liquidaciones	Consolidada	2926444,31	838474,85	537073,36	4846,33	824677,82	721371,95	0	0	0	
2009	20	Comunidad de Calatayud	Liquidaciones	Consolidada	7150148,24	1094980,06	1009017,42	9606,74	1791900,88	350526,53	2857118,81	0	36997,8	
2009	21	Campo de Cariñena	Liquidaciones	Consolidada	3197049,18	692870,83	1211758,57	38155,79	369732,13	772931,86	0	0	111600	
2009	22	Campo de Belchite	Liquidaciones	Consolidada	2483242,33	571695,24	811047,45	844,42	428050,17	72593,59	599011,46	0	0	
2009	23	Bajo Martín	Liquidaciones	Sin información										
2009	24	Campo de Daroca	Liquidaciones	Consolidada	3456564,81	1186365,46	926603,3	2285,84	506680,34	834629,87	0	0	0	
2009	25	Jiloca	Liquidaciones	Consolidada	4955801,16	1690339,36	1031117,68	1797,69	744298,12	1353749,33	134498,98	0	0	
2009	26	Cuencas Mineras	Liquidaciones	Sin información										
2009	27	Andorra-Sierra de Arcos	Liquidaciones	Sin información										
2009	28	Bajo Aragón	Liquidaciones	Consolidada	4236573,39	2230265,97	1020095,24	64864,77	420002,13	198265,51	239531,28	0	63548,49	
2009	29	Comunidad de Teruel	Liquidaciones	Consolidada	4851092,03	1677952,26	751270,7	13043,69	1626870,13	626573,28	155381,97	0	0	
2009	30	Maestrazgo	Liquidaciones	Sin información										
2009	31	Sierra de Albarracín	Liquidaciones	Consolidada	3104996,86	1171156,24	443788,91	0	903310,46	586741,25	0	0	0	
2009	32	Gúdar-Javalambre	Liquidaciones	Consolidada	3771891,1	767034,6	756100,91	439,65	1506869,2	722546,74	18900	0	0	
2009	33	Matarraña / Matarranya	Liquidaciones	Consolidada	4096190,73	1456275,47	738750,27	4798,6	634988,34	1062434,98	198943,07	0	0	
2010	01	La Jacetania	Liquidaciones	Consolidada	5832481,26	2466980,59	1707236,6	24484,41	1174475,22	211104,89	140017,45	0	108182,1	
2010	02	Alto Gállego	Liquidaciones	Consolidada	5152476,83	2064113,1	1322867,97	14906,45	1396765,06	145683,97	101000	0	107140,28	
2010	03	Sobrarbe	Liquidaciones	Consolidada	6279697,36	2950848,2	1859240,71	235,37	729849,95	475176,87	264346,26	0	0	
2010	04	La Ribagorza	Liquidaciones	Consolidada	6728024,48	3004656,82	2264655,72	8926,95	1039685,77	371478,9	38620,32	0	0	
2010	05	Cinco Villas	Liquidaciones	Consolidada	7017235,87	557077,07	1387725,91	0	1700049,23	269530,83	3102852,83	0	0	
2010	06	Hoya de Huesca / Plana de Uesca	Liquidaciones	Sin información										
2010	07	Somontano de Barbastro	Liquidaciones	Consolidada	6635512,2	3093831,79	1455869,8	6390,04	487679,62	1287906,8	189863	0	113971,15	
2010	08	Cinca Medio	Liquidaciones	Consolidada	3665316,11	2206490,62	1045158,72	16774,42	369842,75	27049,6	0	0	0	
2010	09	La Litera / La Llitera	Liquidaciones	Consolidada	5553729,75	3304302,75	1397432,36	22253,64	116392,23	332819,26	750	0	379779,51	
2010	10	Los Monegros	Liquidaciones	Consolidada	7493408,82	1670925,64	2161346,73	10780,24	2042036,2	1443483,01	164837	0	0	
2010	11	Bajo Cinca / Baix Cinca	Liquidaciones	Consolidada	4155848,03	1882285,37	1054673,62	289,56	493213,36	725386,12	0	0	0	
2010	12	Tarazona y el Moncayo	Liquidaciones	Consolidada	3150889,12	1239752,1	871880,89	0	460517,87	578738,26	0	0	0	
2010	13	Campo de Borja	Liquidaciones	Consolidada	3531747,39	1688070,56	1029613,78	2425,85	601252,99	85251,72	85120	0	40012,49	
2010	14	Aranda	Liquidaciones	Consolidada	2424404,41	888652,36	1087353,67	8999,05	225298,4	97420,48	62772,22	0	53908,23	
2010	15	Ribera Alta del Ebro	Liquidaciones	Consolidada	4464112,04	1749467,59	1497527,17	851,38	644816,9	337069,46	234379,54	0	0	
2010	16	Valdejalón	Liquidaciones	Consolidada	5656581,6	1354219,76	1668224,16	0	709922,75	516895,1	1407319,83	0	0	
2010	18	Ribera Baja del Ebro	Liquidaciones	Consolidada	3292918,8	1163471,27	1419937,42	1197,09	352183,25	29177,18	326952,59	0	0	
2010	19	Bajo Aragón-Caspe / Baix Aragó-Casp	Liquidaciones	Consolidada	3119808,28	905063,35	1149617,62	11344,82	582472,96	467979,79	0	3329,74	0	
2010	20	Comunidad de Calatayud	Liquidaciones	Consolidada	7648160,95	1159158,57	992680,33	10580,05	1692825,15	2103636,22	1659686,59	1300,1	28293,94	
2010	21	Campo de Cariñena	Liquidaciones	Consolidada	4521642,79	838536,8	1220294,88	42145,34	594284,36	1363339,79	340459,54	0	122582,08	
2010	22	Campo de Belchite	Liquidaciones	Consolidada	3245141,96	622810,94	759605,6	466,92	382767,55	228336,62	1251154,33	0	0	
2010	23	Bajo Martín	Liquidaciones	Consolidada	2985968,84	853384,65	1001606,06	0	249754,84	217497,05	663726,24	0	0	
2010	24	Campo de Daroca	Liquidaciones	Consolidada	2955019,38	1179833,89	1172243,69	3688,43	490221,17	101549	0	0	7483,2	
2010	25	Jiloca	Liquidaciones	Consolidada	4069345,89	1763203,95	1370654,01	2908,14	355779,26	156559,39	151241,14	0	269000	
2010	26	Cuencas Mineras	Liquidaciones	Sin información										
2010	27	Andorra-Sierra de Arcos	Liquidaciones	Consolidada	3056309,34	1372452,08	829679,3	751,03	306319,06	397165,44	149942,43	0	0	
2010	28	Bajo Aragón	Liquidaciones	Consolidada	4786059	2314586,68	892639,73	27567,23	780765,23	417192,4	281386,34	0	71921,39	
2010	29	Comunidad de Teruel	Liquidaciones	Consolidada	5604882,87	1804858,34	891561,83	47375,18	1818065,49	106744,19	275900,41	0	660377,43	
2010	30	Maestrazgo	Liquidaciones	Consolidada	2763569,53	1112406,05	1040590,8	7508,57	326430,54	221492,02	2291,55	0	52850	
2010	31	Sierra de Albarracín	Liquidaciones	Consolidada	2581510,95	1172440,55	505506,08	0	426222,91	177341,41	300000	0	0	
2010	32	Gúdar-Javalambre	Liquidaciones	Consolidada	4292148,96	874205,76	1183521,29	200,04	865503,37	428718,5	940000	0	0	
2010	33	Matarraña / Matarranya	Liquidaciones	Consolidada	4318601,85	1497879,25	1060294,12	6473,78	349305,47	1384763,63	19885,6	0	0	
2011	01	La Jacetania	Liquidaciones	Consolidada	5203340,86	2375990,19	1375159,51	24420,92	1069884,94	138144,3	147619,6	0	72121,4	
2011	02	Alto Gállego	Liquidaciones	Consolidada	4701287,45	1944520,56	1140405,42	20387,97	1313091,62	145259,6	65000	0	72622,28	
2011	03	Sobrarbe	Liquidaciones	Consolidada	5789716,14	2951557,96	1593826,8	355,2	486997,3	621480,19	135498,69	0	0	
2011	04	La Ribagorza	Liquidaciones	Consolidada	7763667,4	3008554,3	2499306,76	52165,55	542762,41	1447511,94	213366,44	0	0	
2011	05	Cinco Villas	Liquidaciones	Consolidada	4319240,79	535426,71	1235702,23	0	1355066,26	394943,61	798101,98	0	0	
2011	06	Hoya de Huesca / Plana de Uesca	Liquidaciones	Consolidada	6222325,94	3054554,13	1542380,89	7399,28	1218287,83	258631,84	121593,85	0	19478,12	
2011	07	Somontano de Barbastro	Liquidaciones	Consolidada	5646714,41	2795249,72	1275748,99	6799,08	482518,46	827008,17	126757,49	1800	130832,5	
2011	08	Cinca Medio	Liquidaciones	Consolidada	3302475,36	2091336,27	776162,42	39287,21	311238,4	84451,06	0	0	0	
2011	09	La Litera / La Llitera	Liquidaciones	Consolidada	5067074,11	3172052,57	1337509,51	23701,82	72510,21	122300	0	0	339000	
2011	10	Los Monegros	Liquidaciones	Consolidada	6427816,72	1638082,47	1897103,66	34930,58	1998380,78	859319,23	0	0	0	
2011	11	Bajo Cinca / Baix Cinca	Liquidaciones	Consolidada	4376560,87	1748091,07	1007284,09	1101,59	430920,47	1189163,65	0	0	0	
2011	12	Tarazona y el Moncayo	Liquidaciones	Consolidada	1925099,84	937790,27	678587,42	777,29	301237,79	6421,91	285,16	0	0	
2011	13	Campo de Borja	Liquidaciones	Consolidada	3380191,8	1519102,88	949795,59	6718,52	402494,02	307218,96	141387,5	0	53474,33	
2011	14	Aranda	Liquidaciones	Consolidada	2240669,32	811755,95	1063794,24	8570,8	82557,68	192795,17	41772,22	0	39423,26	
2011	15	Ribera Alta del Ebro	Liquidaciones	Consolidada	4342236,51	1638995,97	1516009,91	872,46	575360,88	283265,24	327732,05	0	0	
2011	16	Valdejalón	Liquidaciones	Consolidada	5378676,43	1347011,2	1571414,71	0	644571,64	1043822,27	771856,61	0	0	
2011	18	Ribera Baja del Ebro	Liquidaciones	Consolidada	2949102,79	1129212,35	1315875,73	1604,03	319467,46	18912,68	164030,54	0	0	
2011	19	Bajo Aragón-Caspe / Baix Aragó-Casp	Liquidaciones	Consolidada	3275115,68	800180,77	890669,26	19894,88	602390,14	909136,23	0	0	52844,4	
2011	20	Comunidad de Calatayud	Liquidaciones	Consolidada	4751392,11	1015832,74	660615,4	2791,52	1533771,41	668888,24	868192,8	1300	0	
2011	21	Campo de Cariñena	Liquidaciones	Consolidada	2918603,88	809259,92	949813,55	50698,16	190831,52	279865,75	501613,93	0	136521,05	
2011	22	Campo de Belchite	Liquidaciones	Consolidada	2561866,83	536535,83	681964,62	654,81	195433,9	124960,74	1022316,93	0	0	
2011	23	Bajo Martín	Liquidaciones	Consolidada	3234074,34	825399,55	847817,33	21002,35	235891,16	1240524,55	25200	0	38239,4	
2011	24	Campo de Daroca	Liquidaciones	Consolidada	2403507,62	1110050,83	990807,86	3956,73	89614,16	144256,74	0	0	64821,3	
2011	25	Jiloca	Liquidaciones	Consolidada	3283704,75	1707888,26	1308263,71	3060,46	201170,4	13075,42	50246,5	0	0	
2011	26	Cuencas Mineras	Liquidaciones	Consolidada	2843235,74	1037815,08	534292,06	24590,51	578872,92	470000	150000	0	47665,17	
2011	27	Andorra-Sierra de Arcos	Liquidaciones	Consolidada	2268609,68	1255747,75	739724,95	490,94	243029,2	29616,84	0	0	0	
2011	28	Bajo Aragón	Liquidaciones	Consolidada	3443776,01	2072708,1	735900,5	34653,34	205102,56	121565,49	202780,2	0	71065,82	
2011	29	Comunidad de Teruel	Liquidaciones	Consolidada	5007023,45	1973180,4	684929,58	39223,81	1497646,05	225297,89	394882,1	0	191863,62	
2011	30	Maestrazgo	Liquidaciones	Sin información										
2011	31	Sierra de Albarracín	Liquidaciones	Consolidada	3031605,3	1108690,59	453797,17	381,93	475688,42	375047,19	618000	0	0	
2011	32	Gúdar-Javalambre	Liquidaciones	Consolidada	3367419,92	911823,89	931445,36	0	789247,73	434902,94	300000	0	0	
2011	33	Matarraña / Matarranya	Liquidaciones	Consolidada	3841685,53	1097701,55	887690,44	22541,17	239150,01	1567220,27	6255	0	21127,09	
2012	01	La Jacetania	Liquidaciones	Consolidada	4440628,77	1970505,08	845915,85	68630,47	1010777,43	231890,04	210091,88	0	102818,02	
2012	02	Alto Gállego	Liquidaciones	Consolidada	4312949,88	1722329,57	1152114,04	19016,87	1163285,65	183581,47	0	0	72622,28	
2012	03	Sobrarbe	Liquidaciones	Consolidada	5063498,38	2714032,08	1606559,29	333,76	371772,46	135582,87	235217,92	0	0	
2012	04	La Ribagorza	Liquidaciones	Consolidada	6987984,53	2561970,49	2478017,1	96717,04	384799,76	622661,73	222394,22	3125,72	618298,47	
2012	05	Cinco Villas	Liquidaciones	Consolidada	4649944,65	458788,87	1370695,17	0	1127028,67	32806,79	1660625,15	0	0	
2012	06	Hoya de Huesca / Plana de Uesca	Liquidaciones	Consolidada	5650060,33	2639573,48	1158328,83	2984,65	1415485,65	238007,14	175595,66	0	20084,92	
2012	07	Somontano de Barbastro	Liquidaciones	Consolidada	4540534,02	2640686,72	1155167,41	3141,44	269577,69	301895,5	126725,46	1800	41539,8	
2012	08	Cinca Medio	Liquidaciones	Consolidada	2839023,79	1739143,36	635161,02	53852,64	289869,72	120997,05	0	0	0	
2012	09	La Litera / La Llitera	Liquidaciones	Consolidada	4475684,79	2729699,66	1263115,98	34546,23	67552,14	41770,78	0	0	339000	
2012	10	Los Monegros	Liquidaciones	Consolidada	4998387,6	1289213,88	1765911,13	47575,95	1386429,44	509257,2	0	0	0	
2012	11	Bajo Cinca / Baix Cinca	Liquidaciones	Consolidada	3140868,46	1624679,92	1010214,59	443,69	388256,08	117274,18	0	0	0	
2012	12	Tarazona y el Moncayo	Liquidaciones	Consolidada	2783796,84	874306,96	845331,88	6516,64	522477,97	535163,39	0	0	0	
2012	13	Campo de Borja	Liquidaciones	Consolidada	2944198,4	1428392,77	907351,07	9896,11	250372,51	222042,31	0	0	126143,63	
2012	14	Aranda	Liquidaciones	Consolidada	2016979,9	799967,82	918535,1	7057,75	73771,21	135832,72	41772,22	0	40043,08	
2012	15	Ribera Alta del Ebro	Liquidaciones	Consolidada	3644172,35	1614208,81	1414220,36	833,37	565346,78	40563,03	9000	0	0	
2012	16	Valdejalón	Liquidaciones	Consolidada	3733817,62	1232316,03	1482375,99	0	703541,75	315583,85	0	0	0	
2012	18	Ribera Baja del Ebro	Liquidaciones	Consolidada	2697944,81	1022833,59	1277232,79	2716,56	282193,49	112968,38	0	0	0	
2012	19	Bajo Aragón-Caspe / Baix Aragó-Casp	Liquidaciones	Consolidada	2101729,7	674748,77	445784,74	14133,41	665876,64	260961,78	0	0	40224,36	
2012	20	Comunidad de Calatayud	Liquidaciones	Consolidada	3376852,28	862600,29	536734,74	1476,59	1386105,12	368566	220000	1369,54	0	
2012	21	Campo de Cariñena	Liquidaciones	Consolidada	2530520,92	775100,89	859376,63	47422,47	446742,23	71148,76	120860,98	0	209868,96	
2012	22	Campo de Belchite	Liquidaciones	Consolidada	1487658,56	444440,06	540496,01	947,8	104068,58	9686,78	388019,33	0	0	
2012	23	Bajo Martín	Liquidaciones	Consolidada	1888424,42	735731,61	830736,38	27691,38	175340,31	66915,76	0	0	52008,98	
2012	24	Campo de Daroca	Liquidaciones	Consolidada	2351555,74	1007082,75	1060908,66	2781,72	119621,16	87346,45	0	0	73815	
2012	25	Jiloca	Liquidaciones	Consolidada	3074322,32	1484079,09	1088350,33	11620,19	244144,35	49232,63	184678,33	0	12217,4	
2012	26	Cuencas Mineras	Liquidaciones	Sin información										
2012	27	Andorra-Sierra de Arcos	Liquidaciones	Consolidada	2097417,47	1031955,62	656729,18	674,58	216382,42	191675,67	0	0	0	
2012	28	Bajo Aragón	Liquidaciones	Consolidada	2899619,97	1895406,15	592818,13	44657,58	220460,35	73336,34	0	0	72941,42	
2012	29	Comunidad de Teruel	Liquidaciones	Consolidada	3870386,67	1507710,3	549651,96	36528,45	1405957,54	23267,8	188407	0	158863,62	
2012	30	Maestrazgo	Liquidaciones	Consolidada	1565190,8	804626,74	461630,38	9394,73	234080,92	0	0	0	55458,03	
2012	31	Sierra de Albarracín	Liquidaciones	Consolidada	1987669,05	1041016,61	338011,54	599,65	363956,66	244084,59	0	0	0	
2012	32	Gúdar-Javalambre	Liquidaciones	Consolidada	2587628,26	734388,15	968506,17	0	608553,99	151180	124999,95	0	0	
2012	33	Matarraña / Matarranya	Liquidaciones	Consolidada	2333958,49	930876,71	803527,04	11083,22	203125,22	332788,47	4015	6000	42542,83	
2013	01	La Jacetania	Liquidaciones	Consolidada	4612406,23	1986568,31	1149465,9	22124,2	1104935,08	21704,61	181608,13	0	146000	0
2013	02	Alto Gállego	Liquidaciones	Consolidada	4374708,51	1740114,33	1151397,53	9631,2	1359363,91	41579,26	0	0	72622,28	0
2013	03	Sobrarbe	Liquidaciones	Consolidada	5066564,6	2799714,32	1667081,73	287,22	71000,91	327578,33	200902,09	0	0	0
2013	04	La Ribagorza	Liquidaciones	Consolidada	6493926,15	2519881,1	2496005,6	107681,16	560564,39	362745,59	110000	0	337048,31	0
2013	05	Cinco Villas	Liquidaciones	Consolidada	4564714,41	587477,28	1487489,46	1279,45	1227711,43	18598,24	1242158,55	0	0	0
2013	06	Hoya de Huesca / Plana de Uesca	Liquidaciones	Consolidada	6684352,17	2671814,97	1425239,82	1496,48	1834692,19	476739,54	106729,17	0	167640	0
2013	07	Somontano de Barbastro	Liquidaciones	Consolidada	4320720,15	2492870,88	1100787,1	1786,1	394797,86	166535,21	120000	1100	42843	0
2013	08	Cinca Medio	Liquidaciones	Consolidada	3071943,37	1754967,75	702810,61	35938,82	544517,4	33708,79	0	0	0	0
2013	09	La Litera / La Llitera	Liquidaciones	Consolidada	5066580,82	2866058,71	1376358,35	22810,33	327533,07	97889,36	0	36931	339000	0
2013	10	Los Monegros	Liquidaciones	Consolidada	4889171,07	1280918,77	1750691,56	53650,47	1412693,04	113458,26	277758,97	0	0	0
2013	11	Bajo Cinca / Baix Cinca	Liquidaciones	Consolidada	4901411,08	1751166,87	943293,62	812,51	556904,33	1649233,75	0	0	0	0
2013	12	Tarazona y el Moncayo	Liquidaciones	Consolidada	2753344,32	920748,98	793472,5	4721,28	610277,56	424124	0	0	0	0
2013	13	Campo de Borja	Liquidaciones	Consolidada	2864332,74	1434468,29	915994,2	4952,16	451846,51	27882,69	0	0	29188,89	0
2013	14	Aranda	Liquidaciones	Consolidada	2001194,35	816524,61	861705,15	5501,8	180447,44	38486,98	57146,29	0	41382,08	0
2013	15	Ribera Alta del Ebro	Liquidaciones	Consolidada	5635661,56	1655479,47	1452904,39	3600,66	791915,79	1725761,25	6000	0	0	0
2013	16	Valdejalón	Liquidaciones	Consolidada	3423323,17	1234266,24	1404927,5	0	720732,28	63397,15	0	0	0	0
2013	18	Ribera Baja del Ebro	Liquidaciones	Consolidada	2599361,71	1102137,45	1146657,37	6205,46	337328,63	4232,8	2800	0	0	0
2013	19	Bajo Aragón-Caspe / Baix Aragó-Casp	Liquidaciones	Consolidada	2120840,43	660202,89	509925,16	7465,9	844630,3	55846,87	0	0	42769,31	0
2013	20	Comunidad de Calatayud	Liquidaciones	Consolidada	3647792	1567331,78	763355,89	1515,57	1183725,67	6863,09	123700	1300	0	0
2013	21	Campo de Cariñena	Liquidaciones	Consolidada	2410471,87	765644,89	821387,22	37269,64	557026,3	12755,22	2800	0	213588,6	0
2013	22	Campo de Belchite	Liquidaciones	Consolidada	1669310,01	450279,59	567719,69	782,76	177019,02	185369,8	288139,15	0	0	0
2013	23	Bajo Martín	Liquidaciones	Consolidada	2212163,38	790270,46	813696,06	14796,84	302450,97	12746,21	0	0	278202,84	0
2013	24	Campo de Daroca	Liquidaciones	Consolidada	2269372,28	1046261,74	975521,92	27691,22	197213,37	17146,41	0	0	5537,62	0
2013	25	Jiloca	Liquidaciones	Consolidada	2908823,07	1548460,21	863057,71	9487,14	335172,85	24361,71	116066,05	0	12217,4	0
2013	26	Cuencas Mineras	Liquidaciones	Consolidada	1871041,44	813903,42	301740,43	17254,05	364972,98	16867,24	306058,74	0	50244,58	0
2013	27	Andorra-Sierra de Arcos	Liquidaciones	Consolidada	2112092,17	1105710,88	670495,76	779,86	323145,03	11960,64	0	0	0	0
2013	28	Bajo Aragón	Liquidaciones	Consolidada	3754706,46	2089543,38	616050,61	21321,23	492602,36	154984,52	2800	0	377404,36	0
2013	29	Comunidad de Teruel	Liquidaciones	Consolidada	3996529,96	1674862,45	604535,38	19784,64	1483531,95	61360,7	0	0	152454,84	0
2013	30	Maestrazgo	Liquidaciones	Consolidada	1659697,76	897870,25	423297,1	3379,84	198266,18	0	72000	0	64884,39	0
2013	31	Sierra de Albarracín	Liquidaciones	Consolidada	2127646,4	965316,53	466911,36	1261,74	673987,26	20169,51	0	0	0	0
2013	32	Gúdar-Javalambre	Liquidaciones	Consolidada	2370870,61	724265,16	1003373,43	0	640792,66	2439,36	0	0	0	0
2013	33	Matarraña / Matarranya	Liquidaciones	Consolidada	2217417,16	955417,92	497402,68	3452,6	420263,37	295038,14	0	0	45842,45	0