Año	Código de la provincia	Provincia	Superficie total regada	Superficie regada por aspersión	Superficie regada por riego localizado (goteo, microaspersión, etc.)	Superficie regada por gravedad	Superficie regada por otros métodos	Superficie regada con aguas subterráneas de pozo o sondeo	Superficie regada con aguas superficiales	Superficie regada con aguas depuradas	Superficie regada con concesión integrada en una Comunidad de Regantes	Superficie regada con concesión individual	Superficie regada con agua suficiente	Superficie regada con agua insuficiente	Superficie no regada, disponiendo la explotación de instalaciones y agua
1989	22	Huesca	146899,44	36322,13	2685,5	107616,47	275,34	679,4	146220,04				118644,17	28255,27	4136,79
1989	44	Teruel	25782,22	2975,22	494,75	21046,85	1265,4	4733,37	21048,85				21693,57	4088,65	1097,25
1989	50	Zaragoza	149910,07	10512,51	6295,83	131135,55	1966,18	10745,93	139164,14				130527,59	19382,48	1637,22
1999	22	Huesca	176363,26	59599,94	11740,41	104095,04	927,87	2988,51	172754,52	620,23	169709,21	6654,05	156756,35	19606,91	17977,38
1999	44	Teruel	24041,15	2733,17	878,77	20266,27	162,94	4479,86	19443,38	117,91	19628,54	4412,61	19025,75	5015,4	2687,03
1999	50	Zaragoza	177280,78	15875,58	17813,74	141654,24	1937,22	16836,24	158974,1	1470,44	159114,4	18166,38	156601,27	20679,51	7976,06