Comarca código	Comarca nombre	Superficie útil	Número hogares
01	La Jacetania	000 - 030	23
01	La Jacetania	030 - 045	204
01	La Jacetania	046 - 060	558
01	La Jacetania	061 - 075	1042
01	La Jacetania	076 - 090	1865
01	La Jacetania	091 - 105	964
01	La Jacetania	106 - 120	610
01	La Jacetania	121 - 150	459
01	La Jacetania	151 - 180	193
01	La Jacetania	180 o más	312
02	Alto Gállego	000 - 030	9
02	Alto Gállego	030 - 045	101
02	Alto Gállego	046 - 060	466
02	Alto Gállego	061 - 075	803
02	Alto Gállego	076 - 090	1455
02	Alto Gállego	091 - 105	635
02	Alto Gállego	106 - 120	376
02	Alto Gállego	121 - 150	247
02	Alto Gállego	151 - 180	127
02	Alto Gállego	180 o más	181
03	Sobrarbe	000 - 030	18
03	Sobrarbe	030 - 045	23
03	Sobrarbe	046 - 060	170
03	Sobrarbe	061 - 075	219
03	Sobrarbe	076 - 090	521
03	Sobrarbe	091 - 105	446
03	Sobrarbe	106 - 120	364
03	Sobrarbe	121 - 150	274
03	Sobrarbe	151 - 180	141
03	Sobrarbe	180 o más	279
04	La Ribagorza	000 - 030	15
04	La Ribagorza	030 - 045	110
04	La Ribagorza	046 - 060	373
04	La Ribagorza	061 - 075	444
04	La Ribagorza	076 - 090	1007
04	La Ribagorza	091 - 105	839
04	La Ribagorza	106 - 120	632
04	La Ribagorza	121 - 150	506
04	La Ribagorza	151 - 180	174
04	La Ribagorza	180 o más	358
05	Cinco Villas	000 - 030	20
05	Cinco Villas	030 - 045	167
05	Cinco Villas	046 - 060	853
05	Cinco Villas	061 - 075	1440
05	Cinco Villas	076 - 090	3975
05	Cinco Villas	091 - 105	2197
05	Cinco Villas	106 - 120	1304
05	Cinco Villas	121 - 150	886
05	Cinco Villas	151 - 180	302
05	Cinco Villas	180 o más	444
06	Hoya de Huesca / Plana de Uesca	000 - 030	40
06	Hoya de Huesca / Plana de Uesca	030 - 045	257
06	Hoya de Huesca / Plana de Uesca	046 - 060	1862
06	Hoya de Huesca / Plana de Uesca	061 - 075	3761
06	Hoya de Huesca / Plana de Uesca	076 - 090	6763
06	Hoya de Huesca / Plana de Uesca	091 - 105	3628
06	Hoya de Huesca / Plana de Uesca	106 - 120	2338
06	Hoya de Huesca / Plana de Uesca	121 - 150	1712
06	Hoya de Huesca / Plana de Uesca	151 - 180	538
06	Hoya de Huesca / Plana de Uesca	180 o más	802
07	Somontano de Barbastro	000 - 030	3
07	Somontano de Barbastro	030 - 045	89
07	Somontano de Barbastro	046 - 060	407
07	Somontano de Barbastro	061 - 075	863
07	Somontano de Barbastro	076 - 090	2916
07	Somontano de Barbastro	091 - 105	1470
07	Somontano de Barbastro	106 - 120	973
07	Somontano de Barbastro	121 - 150	701
07	Somontano de Barbastro	151 - 180	269
07	Somontano de Barbastro	180 o más	531
08	Cinca Medio	000 - 030	4
08	Cinca Medio	030 - 045	102
08	Cinca Medio	046 - 060	633
08	Cinca Medio	061 - 075	1028
08	Cinca Medio	076 - 090	2598
08	Cinca Medio	091 - 105	1516
08	Cinca Medio	106 - 120	993
08	Cinca Medio	121 - 150	554
08	Cinca Medio	151 - 180	154
08	Cinca Medio	180 o más	179
09	La Litera / La Llitera	000 - 030	7
09	La Litera / La Llitera	030 - 045	64
09	La Litera / La Llitera	046 - 060	297
09	La Litera / La Llitera	061 - 075	830
09	La Litera / La Llitera	076 - 090	2094
09	La Litera / La Llitera	091 - 105	1409
09	La Litera / La Llitera	106 - 120	1031
09	La Litera / La Llitera	121 - 150	528
09	La Litera / La Llitera	151 - 180	161
09	La Litera / La Llitera	180 o más	180
10	Los Monegros	000 - 030	5
10	Los Monegros	030 - 045	45
10	Los Monegros	046 - 060	303
10	Los Monegros	061 - 075	609
10	Los Monegros	076 - 090	2138
10	Los Monegros	091 - 105	1533
10	Los Monegros	106 - 120	1237
10	Los Monegros	121 - 150	792
10	Los Monegros	151 - 180	300
10	Los Monegros	180 o más	473
11	Bajo Cinca / Baix Cinca	000 - 030	10
11	Bajo Cinca / Baix Cinca	030 - 045	146
11	Bajo Cinca / Baix Cinca	046 - 060	395
11	Bajo Cinca / Baix Cinca	061 - 075	778
11	Bajo Cinca / Baix Cinca	076 - 090	2414
11	Bajo Cinca / Baix Cinca	091 - 105	1496
11	Bajo Cinca / Baix Cinca	106 - 120	1075
11	Bajo Cinca / Baix Cinca	121 - 150	668
11	Bajo Cinca / Baix Cinca	151 - 180	243
11	Bajo Cinca / Baix Cinca	180 o más	202
12	Tarazona y el Moncayo	000 - 030	5
12	Tarazona y el Moncayo	030 - 045	76
12	Tarazona y el Moncayo	046 - 060	393
12	Tarazona y el Moncayo	061 - 075	966
12	Tarazona y el Moncayo	076 - 090	2097
12	Tarazona y el Moncayo	091 - 105	763
12	Tarazona y el Moncayo	106 - 120	425
12	Tarazona y el Moncayo	121 - 150	296
12	Tarazona y el Moncayo	151 - 180	89
12	Tarazona y el Moncayo	180 o más	157
13	Campo de Borja	000 - 030	6
13	Campo de Borja	030 - 045	77
13	Campo de Borja	046 - 060	286
13	Campo de Borja	061 - 075	660
13	Campo de Borja	076 - 090	1761
13	Campo de Borja	091 - 105	1046
13	Campo de Borja	106 - 120	672
13	Campo de Borja	121 - 150	447
13	Campo de Borja	151 - 180	190
13	Campo de Borja	180 o más	220
14	Aranda	000 - 030	1
14	Aranda	030 - 045	37
14	Aranda	046 - 060	203
14	Aranda	061 - 075	439
14	Aranda	076 - 090	1156
14	Aranda	091 - 105	490
14	Aranda	106 - 120	239
14	Aranda	121 - 150	205
14	Aranda	151 - 180	63
14	Aranda	180 o más	63
15	Ribera Alta del Ebro	000 - 030	7
15	Ribera Alta del Ebro	030 - 045	64
15	Ribera Alta del Ebro	046 - 060	466
15	Ribera Alta del Ebro	061 - 075	1034
15	Ribera Alta del Ebro	076 - 090	2298
15	Ribera Alta del Ebro	091 - 105	1535
15	Ribera Alta del Ebro	106 - 120	1048
15	Ribera Alta del Ebro	121 - 150	863
15	Ribera Alta del Ebro	151 - 180	316
15	Ribera Alta del Ebro	180 o más	434
16	Valdejalón	000 - 030	43
16	Valdejalón	030 - 045	197
16	Valdejalón	046 - 060	605
16	Valdejalón	061 - 075	1073
16	Valdejalón	076 - 090	2422
16	Valdejalón	091 - 105	1536
16	Valdejalón	106 - 120	1099
16	Valdejalón	121 - 150	759
16	Valdejalón	151 - 180	263
16	Valdejalón	180 o más	373
17	D.C. Zaragoza	000 - 030	218
17	D.C. Zaragoza	030 - 045	6912
17	D.C. Zaragoza	046 - 060	41398
17	D.C. Zaragoza	061 - 075	69489
17	D.C. Zaragoza	076 - 090	67203
17	D.C. Zaragoza	091 - 105	25871
17	D.C. Zaragoza	106 - 120	12336
17	D.C. Zaragoza	121 - 150	9927
17	D.C. Zaragoza	151 - 180	3720
17	D.C. Zaragoza	180 o más	4261
18	Ribera Baja del Ebro	000 - 030	3
18	Ribera Baja del Ebro	030 - 045	39
18	Ribera Baja del Ebro	046 - 060	173
18	Ribera Baja del Ebro	061 - 075	398
18	Ribera Baja del Ebro	076 - 090	1359
18	Ribera Baja del Ebro	091 - 105	731
18	Ribera Baja del Ebro	106 - 120	469
18	Ribera Baja del Ebro	121 - 150	343
18	Ribera Baja del Ebro	151 - 180	106
18	Ribera Baja del Ebro	180 o más	96
19	Bajo Aragón-Caspe / Baix Aragó-Casp	000 - 030	11
19	Bajo Aragón-Caspe / Baix Aragó-Casp	030 - 045	147
19	Bajo Aragón-Caspe / Baix Aragó-Casp	046 - 060	400
19	Bajo Aragón-Caspe / Baix Aragó-Casp	061 - 075	668
19	Bajo Aragón-Caspe / Baix Aragó-Casp	076 - 090	1603
19	Bajo Aragón-Caspe / Baix Aragó-Casp	091 - 105	843
19	Bajo Aragón-Caspe / Baix Aragó-Casp	106 - 120	518
19	Bajo Aragón-Caspe / Baix Aragó-Casp	121 - 150	440
19	Bajo Aragón-Caspe / Baix Aragó-Casp	151 - 180	88
19	Bajo Aragón-Caspe / Baix Aragó-Casp	180 o más	115
20	Comunidad de Calatayud	000 - 030	40
20	Comunidad de Calatayud	030 - 045	307
20	Comunidad de Calatayud	046 - 060	1226
20	Comunidad de Calatayud	061 - 075	2660
20	Comunidad de Calatayud	076 - 090	4890
20	Comunidad de Calatayud	091 - 105	2902
20	Comunidad de Calatayud	106 - 120	1547
20	Comunidad de Calatayud	121 - 150	1010
20	Comunidad de Calatayud	151 - 180	322
20	Comunidad de Calatayud	180 o más	356
21	Campo de Cariñena	000 - 030	19
21	Campo de Cariñena	030 - 045	87
21	Campo de Cariñena	046 - 060	388
21	Campo de Cariñena	061 - 075	511
21	Campo de Cariñena	076 - 090	1021
21	Campo de Cariñena	091 - 105	664
21	Campo de Cariñena	106 - 120	499
21	Campo de Cariñena	121 - 150	355
21	Campo de Cariñena	151 - 180	102
21	Campo de Cariñena	180 o más	130
22	Campo de Belchite	000 - 030	2
22	Campo de Belchite	030 - 045	22
22	Campo de Belchite	046 - 060	112
22	Campo de Belchite	061 - 075	169
22	Campo de Belchite	076 - 090	472
22	Campo de Belchite	091 - 105	456
22	Campo de Belchite	106 - 120	454
22	Campo de Belchite	121 - 150	339
22	Campo de Belchite	151 - 180	134
22	Campo de Belchite	180 o más	188
23	Bajo Martín	000 - 030	4
23	Bajo Martín	030 - 045	86
23	Bajo Martín	046 - 060	260
23	Bajo Martín	061 - 075	328
23	Bajo Martín	076 - 090	867
23	Bajo Martín	091 - 105	573
23	Bajo Martín	106 - 120	316
23	Bajo Martín	121 - 150	252
23	Bajo Martín	151 - 180	89
23	Bajo Martín	180 o más	129
24	Campo de Daroca	000 - 030	3
24	Campo de Daroca	030 - 045	41
24	Campo de Daroca	046 - 060	178
24	Campo de Daroca	061 - 075	352
24	Campo de Daroca	076 - 090	767
24	Campo de Daroca	091 - 105	557
24	Campo de Daroca	106 - 120	318
24	Campo de Daroca	121 - 150	233
24	Campo de Daroca	151 - 180	98
24	Campo de Daroca	180 o más	116
25	Jiloca	000 - 030	2
25	Jiloca	030 - 045	45
25	Jiloca	046 - 060	196
25	Jiloca	061 - 075	353
25	Jiloca	076 - 090	1405
25	Jiloca	091 - 105	1037
25	Jiloca	106 - 120	1067
25	Jiloca	121 - 150	793
25	Jiloca	151 - 180	341
25	Jiloca	180 o más	316
26	Cuencas Mineras	000 - 030	1
26	Cuencas Mineras	030 - 045	37
26	Cuencas Mineras	046 - 060	249
26	Cuencas Mineras	061 - 075	699
26	Cuencas Mineras	076 - 090	1024
26	Cuencas Mineras	091 - 105	614
26	Cuencas Mineras	106 - 120	444
26	Cuencas Mineras	121 - 150	287
26	Cuencas Mineras	151 - 180	110
26	Cuencas Mineras	180 o más	120
27	Andorra-Sierra de Arcos	000 - 030	2
27	Andorra-Sierra de Arcos	030 - 045	57
27	Andorra-Sierra de Arcos	046 - 060	226
27	Andorra-Sierra de Arcos	061 - 075	373
27	Andorra-Sierra de Arcos	076 - 090	1634
27	Andorra-Sierra de Arcos	091 - 105	656
27	Andorra-Sierra de Arcos	106 - 120	490
27	Andorra-Sierra de Arcos	121 - 150	277
27	Andorra-Sierra de Arcos	151 - 180	109
27	Andorra-Sierra de Arcos	180 o más	129
28	Bajo Aragón	000 - 030	11
28	Bajo Aragón	030 - 045	160
28	Bajo Aragón	046 - 060	738
28	Bajo Aragón	061 - 075	1376
28	Bajo Aragón	076 - 090	3458
28	Bajo Aragón	091 - 105	1429
28	Bajo Aragón	106 - 120	1092
28	Bajo Aragón	121 - 150	715
28	Bajo Aragón	151 - 180	259
28	Bajo Aragón	180 o más	275
29	Comunidad de Teruel	000 - 030	23
29	Comunidad de Teruel	030 - 045	246
29	Comunidad de Teruel	046 - 060	828
29	Comunidad de Teruel	061 - 075	1986
29	Comunidad de Teruel	076 - 090	5345
29	Comunidad de Teruel	091 - 105	2771
29	Comunidad de Teruel	106 - 120	1818
29	Comunidad de Teruel	121 - 150	1337
29	Comunidad de Teruel	151 - 180	458
29	Comunidad de Teruel	180 o más	685
30	Maestrazgo	000 - 030	5
30	Maestrazgo	030 - 045	49
30	Maestrazgo	046 - 060	109
30	Maestrazgo	061 - 075	96
30	Maestrazgo	076 - 090	374
30	Maestrazgo	091 - 105	295
30	Maestrazgo	106 - 120	193
30	Maestrazgo	121 - 150	167
30	Maestrazgo	151 - 180	95
30	Maestrazgo	180 o más	120
31	Sierra de Albarracín	000 - 030	4
31	Sierra de Albarracín	030 - 045	37
31	Sierra de Albarracín	046 - 060	167
31	Sierra de Albarracín	061 - 075	298
31	Sierra de Albarracín	076 - 090	595
31	Sierra de Albarracín	091 - 105	403
31	Sierra de Albarracín	106 - 120	272
31	Sierra de Albarracín	121 - 150	144
31	Sierra de Albarracín	151 - 180	49
31	Sierra de Albarracín	180 o más	49
32	Gúdar-Javalambre	000 - 030	6
32	Gúdar-Javalambre	030 - 045	86
32	Gúdar-Javalambre	046 - 060	269
32	Gúdar-Javalambre	061 - 075	387
32	Gúdar-Javalambre	076 - 090	915
32	Gúdar-Javalambre	091 - 105	579
32	Gúdar-Javalambre	106 - 120	361
32	Gúdar-Javalambre	121 - 150	289
32	Gúdar-Javalambre	151 - 180	119
32	Gúdar-Javalambre	180 o más	196
33	Matarraña / Matarranya	000 - 030	16
33	Matarraña / Matarranya	030 - 045	107
33	Matarraña / Matarranya	046 - 060	301
33	Matarraña / Matarranya	061 - 075	357
33	Matarraña / Matarranya	076 - 090	802
33	Matarraña / Matarranya	091 - 105	560
33	Matarraña / Matarranya	106 - 120	473
33	Matarraña / Matarranya	121 - 150	402
33	Matarraña / Matarranya	151 - 180	158
33	Matarraña / Matarranya	180 o más	159