Año	CCAA código	CCAA nombre	Tipo licencias código	Tipo licencias descripción	Licencias
2010	02	Aragón	OT	Operador de transporte (sin ámbito geográfico)	258
2010	02	Aragón	VD-N	Transporte público viajeros en autobús nacional	1045
2010	02	Aragón	VS-N	Transporte público ambulancias nacional	266
2010	02	Aragón	VT-N	Transporte público de viajeros en turismo nacional	2240
2010	02	Aragón	MDL-N	Transporte público mercancías ligeras nacional	2288
2010	02	Aragón	MDP-N	Transporte público mercancías nacional	11664
2010	02	Aragón	MPC-N	Transporte privado mercancías nacional	3881
2010	02	Aragón	VPC-N	Transporte privado de viajeros nacional	55
2010	02	Aragón	VTC-N	Transporte arrendamiento con conductor nacional	182
2010	02	Aragón	MDLE-N	Transporte público mercancías ligeras nacional empresa	1415
2010	02	Aragón	MDPE-N	Transporte público mercancías nacional empresa	2438
2010	02	Aragón	MPCE-N	Transporte privado mercancías nacional empresa	2077
2010	02	Aragón	VSPC-N	Transporte privado ambulancias nacional	41
2011	02	Aragón	OT	Operador de transporte (sin ámbito geográfico)	265
2011	02	Aragón	VD-N	Transporte público viajeros en autobús nacional	980
2011	02	Aragón	VS-N	Transporte público ambulancias nacional	314
2011	02	Aragón	VT-N	Transporte público de viajeros en turismo nacional	2269
2011	02	Aragón	MDL-N	Transporte público mercancías ligeras nacional	2201
2011	02	Aragón	MDP-N	Transporte público mercancías nacional	11602
2011	02	Aragón	MPC-N	Transporte privado mercancías nacional	3655
2011	02	Aragón	VPC-N	Transporte privado de viajeros nacional	37
2011	02	Aragón	VTC-N	Transporte arrendamiento con conductor nacional	188
2011	02	Aragón	MDLE-N	Transporte público mercancías ligeras nacional empresa	1266
2011	02	Aragón	MDPE-N	Transporte público mercancías nacional empresa	2409
2011	02	Aragón	MPCE-N	Transporte privado mercancías nacional empresa	2041
2011	02	Aragón	VSPC-N	Transporte privado ambulancias nacional	31
2011	02	Aragón	VD	Transporte público viajeros en autobús	9
2011	02	Aragón	XD-N	Transporte público mixtos	0
2011	02	Aragón	XD	Servicio público mixto-Mercancías y viajeros	3
2012	02	Aragón	OT	Operador de transporte (sin ámbito geográfico)	249
2012	02	Aragón	VD-N	Transporte público viajeros en autobús nacional	983
2012	02	Aragón	VS-N	Transporte público ambulancias nacional	295
2012	02	Aragón	VT-N	Transporte público de viajeros en turismo nacional	2281
2012	02	Aragón	MDL-N	Transporte público mercancías ligeras nacional	1984
2012	02	Aragón	MDP-N	Transporte público mercancías nacional	10887
2012	02	Aragón	MPC-N	Transporte privado mercancías nacional	3564
2012	02	Aragón	VPC-N	Transporte privado de viajeros nacional	35
2012	02	Aragón	VTC-N	Transporte arrendamiento con conductor nacional	187
2012	02	Aragón	MDLE-N	Transporte público mercancías ligeras nacional empresa	1179
2012	02	Aragón	MDPE-N	Transporte público mercancías nacional empresa	2335
2012	02	Aragón	MPCE-N	Transporte privado mercancías nacional empresa	2000
2012	02	Aragón	VSPC-N	Transporte privado ambulancias nacional	31
2012	02	Aragón	VD	Transporte público viajeros en autobús	9
2012	02	Aragón	XD-N	Transporte público mixtos	3
2012	02	Aragón	XD	Servicio público mixto-Mercancías y viajeros	0
2013	02	Aragón	OT	Operador de transporte (sin ámbito geográfico)	249
2013	02	Aragón	VD-N	Transporte público viajeros en autobús nacional	967
2013	02	Aragón	VS-N	Transporte público ambulancias nacional	310
2013	02	Aragón	VT-N	Transporte público de viajeros en turismo nacional	2247
2013	02	Aragón	MDL-N	Transporte público mercancías ligeras nacional	1875
2013	02	Aragón	MDP-N	Transporte público mercancías nacional	10402
2013	02	Aragón	MPC-N	Transporte privado mercancías nacional	3481
2013	02	Aragón	VPC-N	Transporte privado de viajeros nacional	34
2013	02	Aragón	VTC-N	Transporte arrendamiento con conductor nacional	186
2013	02	Aragón	MDLE-N	Transporte público mercancías ligeras nacional empresa	1122
2013	02	Aragón	MDPE-N	Transporte público mercancías nacional empresa	2246
2013	02	Aragón	MPCE-N	Transporte privado mercancías nacional empresa	1962
2013	02	Aragón	VSPC-N	Transporte privado ambulancias nacional	28
2013	02	Aragón	VD	Transporte público viajeros en autobús	9
2013	02	Aragón	XD-N	Transporte público mixtos	3
2013	02	Aragón	XD	Servicio público mixto-Mercancías y viajeros	0
2014	02	Aragón	OT	Operador de transporte (sin ámbito geográfico)	241
2014	02	Aragón	VD-N	Transporte público viajeros en autobús nacional	924
2014	02	Aragón	VS-N	Transporte público ambulancias nacional	43
2014	02	Aragón	VT-N	Transporte público de viajeros en turismo nacional	2227
2014	02	Aragón	MDL-N	Transporte público mercancías ligeras nacional	1920
2014	02	Aragón	MDP-N	Transporte público mercancías nacional	10289
2014	02	Aragón	MPC-N	Transporte privado mercancías nacional	3282
2014	02	Aragón	VPC-N	Transporte privado de viajeros nacional	28
2014	02	Aragón	VTC-N	Transporte arrendamiento con conductor nacional	170
2014	02	Aragón	MDLE-N	Transporte público mercancías ligeras nacional empresa	1152
2014	02	Aragón	MDPE-N	Transporte público mercancías nacional empresa	2225
2014	02	Aragón	MPCE-N	Transporte privado mercancías nacional empresa	1855
2014	02	Aragón	VSPC-N	Transporte privado ambulancias nacional	4
2014	02	Aragón	VD	Transporte público viajeros en autobús	9
2014	02	Aragón	XD-N	Transporte público mixtos	3
2014	02	Aragón	VSE-N	Transporte público ambulancias nacional empresa	3
2015	02	Aragón	OT	Operador de transporte (sin ámbito geográfico)	236
2015	02	Aragón	VD-N	Transporte público viajeros en autobús nacional	899
2015	02	Aragón	VS-N	Transporte público ambulancias nacional	36
2015	02	Aragón	VT-N	Transporte público de viajeros en turismo nacional	2241
2015	02	Aragón	MDL-N	Transporte público mercancías ligeras nacional	1995
2015	02	Aragón	MDP-N	Transporte público mercancías nacional	10491
2015	02	Aragón	MPC-N	Transporte privado mercancías nacional	3277
2015	02	Aragón	VPC-N	Transporte privado de viajeros nacional	29
2015	02	Aragón	VTC-N	Transporte arrendamiento con conductor nacional	175
2015	02	Aragón	MDLE-N	Transporte público mercancías ligeras nacional empresa	1197
2015	02	Aragón	MDPE-N	Transporte público mercancías nacional empresa	2184
2015	02	Aragón	MPCE-N	Transporte privado mercancías nacional empresa	1855
2015	02	Aragón	VSPC-N	Transporte privado ambulancias nacional	4
2015	02	Aragón	VD	Transporte público viajeros en autobús	9
2015	02	Aragón	XD-N	Transporte público mixtos	3
2015	02	Aragón	VSPCE-N	Transporte privado ambulancias nacional empresa	1
2015	02	Aragón	VSE-N	Transporte público ambulancias nacional empresa	4