Año	VAB	Rama código	Rama
2008	1197805,9	A	Agricultura, ganadería, silvicultura y pesca
2009	1188340,2	A	Agricultura, ganadería, silvicultura y pesca
2010	1272564,1	A	Agricultura, ganadería, silvicultura y pesca
2011	1333458,2	A	Agricultura, ganadería, silvicultura y pesca
2008	1341900,8	B+E	Extractivas; Energía y Agua
2009	1318759,7	B+E	Extractivas; Energía y Agua
2010	1453845	B+E	Extractivas; Energía y Agua
2011	1693632,1	B+E	Extractivas; Energía y Agua
2008	5700011,9	C	Industria manufacturera
2009	4729215,9	C	Industria manufacturera
2010	5033801,7	C	Industria manufacturera
2011	5586072,8	C	Industria manufacturera
2008	4678884,4	F	Construcción
2009	4475231,1	F	Construcción
2010	3690612,2	F	Construcción
2011	3350049,9	F	Construcción
2008	6564941,7	G_I	Comercio al por mayor y al por menor; reparación de vehículos de motor y motocicletas; transporte y almacenamiento; hostelería
2009	6547437,1	G_I	Comercio al por mayor y al por menor; reparación de vehículos de motor y motocicletas; transporte y almacenamiento; hostelería
2010	6576312,8	G_I	Comercio al por mayor y al por menor; reparación de vehículos de motor y motocicletas; transporte y almacenamiento; hostelería
2011	6674158,3	G_I	Comercio al por mayor y al por menor; reparación de vehículos de motor y motocicletas; transporte y almacenamiento; hostelería
2008	757787,1	J	Información y comunicaciones
2009	833201,1	J	Información y comunicaciones
2010	837332,9	J	Información y comunicaciones
2011	846170	J	Información y comunicaciones
2008	1600377,3	K	Actividades financieras y de seguros
2009	1687531,3	K	Actividades financieras y de seguros
2010	1289347,7	K	Actividades financieras y de seguros
2011	1229324,2	K	Actividades financieras y de seguros
2008	1851224	L	Actividades inmobiliarias
2009	1719219	L	Actividades inmobiliarias
2010	1953374,8	L	Actividades inmobiliarias
2011	2095634,3	L	Actividades inmobiliarias
2008	1699151	M_N	Actividades profesionales, científicas y técnicas; actividades administrativas y servicios auxiliares
2009	1610680,1	M_N	Actividades profesionales, científicas y técnicas; actividades administrativas y servicios auxiliares
2010	1524066,9	M_N	Actividades profesionales, científicas y técnicas; actividades administrativas y servicios auxiliares
2011	1570086,9	M_N	Actividades profesionales, científicas y técnicas; actividades administrativas y servicios auxiliares
2008	5431370	O_Q	Administración pública y defensa; seguridad social obligatoria; educación; actividades sanitarias y de servicios sociales
2009	5741085,5	O_Q	Administración pública y defensa; seguridad social obligatoria; educación; actividades sanitarias y de servicios sociales
2010	5808187,9	O_Q	Administración pública y defensa; seguridad social obligatoria; educación; actividades sanitarias y de servicios sociales
2011	5799627,9	O_Q	Administración pública y defensa; seguridad social obligatoria; educación; actividades sanitarias y de servicios sociales
2008	955919,1	R_U	Actividades artísticas, recreativas y de entretenimiento; reparación de artículos de uso doméstico y otros servicios
2009	939486	R_U	Actividades artísticas, recreativas y de entretenimiento; reparación de artículos de uso doméstico y otros servicios
2010	933894,9	R_U	Actividades artísticas, recreativas y de entretenimiento; reparación de artículos de uso doméstico y otros servicios
2011	939531	R_U	Actividades artísticas, recreativas y de entretenimiento; reparación de artículos de uso doméstico y otros servicios