Año	Municipio código	Municipio nombre	Intervalo renta
2011	22001	Abiego	5
2011	22002	Abizanda	4
2011	22003	Adahuesca	4
2011	22004	Agüero	3
2011	22006	Aísa	7
2011	22007	Albalate de Cinca	4
2011	22008	Albalatillo	2
2011	22009	Albelda	3
2011	22011	Albero Alto	4
2011	22012	Albero Bajo	6
2011	22013	Alberuela de Tubo	4
2011	22014	Alcalá de Gurrea	4
2011	22015	Alcalá del Obispo	4
2011	22016	Alcampell	4
2011	22017	Alcolea de Cinca	6
2011	22018	Alcubierre	3
2011	22019	Alerre	7
2011	22020	Alfántega	4
2011	22021	Almudévar	5
2011	22022	Almunia de San Juan	5
2011	22023	Almuniente	4
2011	22024	Alquézar	7
2011	22025	Altorricón	5
2011	22027	Angüés	4
2011	22028	Ansó	5
2011	22029	Antillón	4
2011	22032	Aragüés del Puerto	4
2011	22035	Arén	5
2011	22036	Argavieso	4
2011	22037	Arguis	5
2011	22039	Ayerbe	5
2011	22040	Azanuy-Alins	3
2011	22041	Azara	4
2011	22042	Azlor	3
2011	22043	Baells	2
2011	22044	Bailo	5
2011	22045	Baldellou	3
2011	22046	Ballobar	4
2011	22047	Banastás	7
2011	22048	Barbastro	7
2011	22049	Barbués	4
2011	22050	Barbuñales	4
2011	22051	Bárcabo	3
2011	22052	Belver de Cinca	4
2011	22053	Benabarre	5
2011	22054	Benasque	7
2011	22055	Berbegal	4
2011	22057	Bielsa	7
2011	22058	Bierge	4
2011	22059	Biescas	7
2011	22060	Binaced	5
2011	22061	Binéfar	7
2011	22062	Bisaurri	4
2011	22063	Biscarrués	4
2011	22064	Blecua y Torres	4
2011	22066	Boltaña	7
2011	22067	Bonansa	4
2011	22068	Borau	3
2011	22069	Broto	7
2011	22072	Caldearenas	4
2011	22074	Campo	7
2011	22075	Camporrells	4
2011	22076	Canal de Berdún	5
2011	22077	Candasnos	6
2011	22078	Canfranc	7
2011	22079	Capdesaso	3
2011	22080	Capella	4
2011	22081	Casbas de Huesca	4
2011	22082	Castejón del Puente	5
2011	22083	Castejón de Monegros	3
2011	22084	Castejón de Sos	6
2011	22085	Castelflorite	3
2011	22086	Castiello de Jaca	7
2011	22087	Castigaleu	5
2011	22088	Castillazuelo	3
2011	22089	Castillonroy	4
2011	22090	Colungo	2
2011	22094	Chalamera	3
2011	22095	Chía	3
2011	22096	Chimillas	7
2011	22099	Esplús	5
2011	22102	Estada	4
2011	22103	Estadilla	6
2011	22105	Estopiñán del Castillo	4
2011	22106	Fago	2
2011	22107	Fanlo	3
2011	22109	Fiscal	7
2011	22110	Fonz	4
2011	22111	Foradada del Toscar	3
2011	22112	Fraga	7
2011	22113	Fueva (La)	5
2011	22114	Gistaín	1
2011	22115	Grado (El)	7
2011	22116	Grañén	5
2011	22117	Graus	6
2011	22119	Gurrea de Gállego	5
2011	22122	Hoz de Jaca	5
2011	22124	Huerto	4
2011	22125	Huesca	7
2011	22126	Ibieca	2
2011	22127	Igriés	7
2011	22128	Ilche	4
2011	22129	Isábena	5
2011	22130	Jaca	7
2011	22131	Jasa	6
2011	22133	Labuerda	7
2011	22135	Laluenga	4
2011	22136	Lalueza	4
2011	22137	Lanaja	3
2011	22139	Laperdiguera	4
2011	22141	Lascellas-Ponzano	5
2011	22142	Lascuarre	4
2011	22143	Laspaúles	5
2011	22144	Laspuña	4
2011	22149	Loarre	3
2011	22150	Loporzano	4
2011	22151	Loscorrales	3
2011	22155	Monesma y Cajigar	2
2011	22156	Monflorite-Lascasas	7
2011	22157	Montanuy	5
2011	22158	Monzón	7
2011	22160	Naval	3
2011	22162	Novales	4
2011	22163	Nueno	7
2011	22164	Olvena	2
2011	22165	Ontiñena	3
2011	22167	Osso de Cinca	4
2011	22168	Palo	3
2011	22170	Panticosa	7
2011	22172	Peñalba	4
2011	22173	Peñas de Riglos (Las)	4
2011	22174	Peralta de Alcofea	4
2011	22175	Peralta de Calasanz	2
2011	22176	Peraltilla	4
2011	22177	Perarrúa	4
2011	22178	Pertusa	4
2011	22181	Piracés	3
2011	22182	Plan	6
2011	22184	Poleñino	5
2011	22186	Pozán de Vero	3
2011	22187	Puebla de Castro (La)	6
2011	22188	Puente de Montañana	5
2011	22189	Puértolas	5
2011	22190	Pueyo de Araguás (El)	3
2011	22193	Pueyo de Santa Cruz	4
2011	22195	Quicena	7
2011	22197	Robres	3
2011	22199	Sabiñánigo	7
2011	22200	Sahún	7
2011	22201	Salas Altas	3
2011	22202	Salas Bajas	5
2011	22203	Salillas	4
2011	22204	Sallent de Gállego	7
2011	22205	San Esteban de Litera	4
2011	22206	Sangarrén	3
2011	22207	San Juan de Plan	6
2011	22208	Santa Cilia	6
2011	22209	Santa Cruz de la Serós	6
2011	22212	Santaliestra y San Quílez	3
2011	22213	Sariñena	6
2011	22214	Secastilla	4
2011	22215	Seira	6
2011	22217	Sena	3
2011	22218	Senés de Alcubierre	4
2011	22220	Sesa	5
2011	22221	Sesué	5
2011	22222	Siétamo	6
2011	22223	Sopeira	4
2011	22225	Tamarite de Litera	5
2011	22226	Tardienta	7
2011	22227	Tella-Sin	5
2011	22228	Tierz	7
2011	22229	Tolva	4
2011	22230	Torla-Ordesa	7
2011	22232	Torralba de Aragón	4
2011	22233	Torre la Ribera	4
2011	22234	Torrente de Cinca	3
2011	22235	Torres de Alcanadre	6
2011	22236	Torres de Barbués	4
2011	22239	Tramaced	5
2011	22242	Valfarta	2
2011	22243	Valle de Bardají	3
2011	22244	Valle de Lierp	3
2011	22245	Velilla de Cinca	3
2011	22246	Beranuy	3
2011	22247	Viacamp y Litera	4
2011	22248	Vicién	5
2011	22249	Villanova	7
2011	22250	Villanúa	7
2011	22251	Villanueva de Sigena	4
2011	22252	Yebra de Basa	4
2011	22253	Yésero	3
2011	22254	Zaidín	4
2011	22901	Valle de Hecho	6
2011	22902	Puente la Reina de Jaca	5
2011	22903	San Miguel del Cinca	4
2011	22904	Sotonera (La)	5
2011	22905	Lupiñén-Ortilla	5
2011	22906	Santa María de Dulcis	4
2011	22907	Aínsa-Sobrarbe	7
2011	22908	Hoz y Costeán	5
2011	22909	Vencillón	4
2011	44001	Ababuj	3
2011	44002	Abejuela	1
2011	44003	Aguatón	4
2011	44004	Aguaviva	3
2011	44005	Aguilar del Alfambra	2
2011	44006	Alacón	3
2011	44007	Alba	3
2011	44008	Albalate del Arzobispo	5
2011	44009	Albarracín	7
2011	44010	Albentosa	4
2011	44011	Alcaine	2
2011	44012	Alcalá de la Selva	6
2011	44013	Alcañiz	7
2011	44014	Alcorisa	6
2011	44016	Alfambra	3
2011	44017	Aliaga	4
2011	44018	Almohaja	1
2011	44019	Alobras	2
2011	44020	Alpeñés	6
2011	44021	Allepuz	1
2011	44022	Alloza	5
2011	44023	Allueva	1
2011	44024	Anadón	3
2011	44025	Andorra	7
2011	44026	Arcos de las Salinas	6
2011	44027	Arens de Lledó	2
2011	44028	Argente	2
2011	44029	Ariño	6
2011	44031	Azaila	3
2011	44032	Bádenas	1
2011	44033	Báguena	2
2011	44034	Bañón	3
2011	44035	Barrachina	4
2011	44036	Bea	6
2011	44037	Beceite	4
2011	44038	Belmonte de San José	4
2011	44039	Bello	4
2011	44040	Berge	5
2011	44041	Bezas	3
2011	44042	Blancas	3
2011	44043	Blesa	2
2011	44044	Bordón	3
2011	44045	Bronchales	4
2011	44046	Bueña	3
2011	44047	Burbáguena	2
2011	44048	Cabra de Mora	7
2011	44049	Calaceite	4
2011	44050	Calamocha	7
2011	44051	Calanda	4
2011	44052	Calomarde	1
2011	44053	Camañas	3
2011	44054	Camarena de la Sierra	3
2011	44055	Camarillas	3
2011	44056	Caminreal	4
2011	44059	Cantavieja	5
2011	44060	Cañada de Benatanduz	5
2011	44061	Cañada de Verich (La)	4
2011	44062	Cañada Vellida	4
2011	44063	Cañizar del Olivar	7
2011	44064	Cascante del Río	3
2011	44065	Castejón de Tornos	1
2011	44066	Castel de Cabra	4
2011	44067	Castelnou	4
2011	44068	Castelserás	4
2011	44070	Castellar (El)	4
2011	44071	Castellote	5
2011	44074	Cedrillas	5
2011	44075	Celadas	4
2011	44076	Cella	4
2011	44077	Cerollera (La)	3
2011	44080	Codoñera (La)	3
2011	44082	Corbalán	4
2011	44084	Cortes de Aragón	6
2011	44085	Cosa	3
2011	44086	Cretas	3
2011	44087	Crivillén	7
2011	44088	Cuba (La)	4
2011	44089	Cubla	2
2011	44090	Cucalón	2
2011	44092	Cuervo (El)	4
2011	44093	Cuevas de Almudén	5
2011	44094	Cuevas Labradas	3
2011	44096	Ejulve	5
2011	44097	Escorihuela	2
2011	44099	Escucha	6
2011	44100	Estercuel	7
2011	44101	Ferreruela de Huerva	2
2011	44102	Fonfría	2
2011	44103	Formiche Alto	4
2011	44105	Fórnoles	1
2011	44106	Fortanete	2
2011	44107	Foz-Calanda	2
2011	44108	Fresneda (La)	4
2011	44109	Frías de Albarracín	2
2011	44110	Fuenferrada	2
2011	44111	Fuentes Calientes	3
2011	44112	Fuentes Claras	1
2011	44113	Fuentes de Rubielos	7
2011	44114	Fuentespalda	3
2011	44115	Galve	5
2011	44116	Gargallo	5
2011	44117	Gea de Albarracín	4
2011	44118	Ginebrosa (La)	3
2011	44119	Griegos	2
2011	44120	Guadalaviar	3
2011	44121	Gúdar	4
2011	44122	Híjar	5
2011	44123	Hinojosa de Jarque	5
2011	44124	Hoz de la Vieja (La)	2
2011	44125	Huesa del Común	2
2011	44126	Iglesuela del Cid (La)	3
2011	44127	Jabaloyas	3
2011	44128	Jarque de la Val	3
2011	44129	Jatiel	3
2011	44130	Jorcas	3
2011	44131	Josa	1
2011	44132	Lagueruela	3
2011	44133	Lanzuela	3
2011	44135	Libros	3
2011	44136	Lidón	4
2011	44137	Linares de Mora	3
2011	44138	Loscos	2
2011	44141	Lledó	3
2011	44142	Maicas	1
2011	44143	Manzanera	5
2011	44144	Martín del Río	6
2011	44145	Mas de las Matas	4
2011	44146	Mata de los Olmos (La)	5
2011	44147	Mazaleón	3
2011	44148	Mezquita de Jarque	5
2011	44149	Mirambel	4
2011	44150	Miravete de la Sierra	4
2011	44151	Molinos	5
2011	44152	Monforte de Moyuela	1
2011	44153	Monreal del Campo	5
2011	44154	Monroyo	4
2011	44155	Montalbán	6
2011	44156	Monteagudo del Castillo	4
2011	44157	Monterde de Albarracín	3
2011	44158	Mora de Rubielos	6
2011	44159	Moscardón	2
2011	44160	Mosqueruela	3
2011	44161	Muniesa	3
2011	44163	Noguera de Albarracín	3
2011	44164	Nogueras	3
2011	44165	Nogueruelas	3
2011	44167	Obón	2
2011	44168	Odón	4
2011	44169	Ojos Negros	4
2011	44171	Olba	2
2011	44172	Oliete	3
2011	44173	Olmos (Los)	3
2011	44174	Orihuela del Tremedal	5
2011	44175	Orrios	3
2011	44176	Palomar de Arroyos	6
2011	44177	Pancrudo	4
2011	44178	Parras de Castellote (Las)	3
2011	44179	Peñarroya de Tastavins	4
2011	44180	Peracense	2
2011	44181	Peralejos	3
2011	44182	Perales del Alfambra	5
2011	44183	Pitarque	2
2011	44184	Plou	1
2011	44185	Pobo (El)	4
2011	44187	Portellada (La)	3
2011	44189	Pozondón	3
2011	44190	Pozuel del Campo	2
2011	44191	Puebla de Híjar (La)	4
2011	44192	Puebla de Valverde (La)	4
2011	44193	Puertomingalvo	4
2011	44194	Ráfales	3
2011	44195	Rillo	2
2011	44196	Riodeva	2
2011	44197	Ródenas	4
2011	44198	Royuela	2
2011	44199	Rubiales	3
2011	44200	Rubielos de la Cérida	1
2011	44201	Rubielos de Mora	5
2011	44203	Salcedillo	7
2011	44204	Saldón	1
2011	44205	Samper de Calanda	4
2011	44206	San Agustín	2
2011	44207	San Martín del Río	2
2011	44208	Santa Cruz de Nogueras	3
2011	44209	Santa Eulalia	4
2011	44210	Sarrión	4
2011	44211	Segura de los Baños	1
2011	44212	Seno	2
2011	44213	Singra	3
2011	44215	Terriente	2
2011	44216	Teruel	7
2011	44217	Toril y Masegoso	1
2011	44218	Tormón	1
2011	44219	Tornos	2
2011	44220	Torralba de los Sisones	3
2011	44221	Torrecilla de Alcañiz	4
2011	44222	Torrecilla del Rebollar	4
2011	44223	Torre de Arcas	4
2011	44224	Torre de las Arcas	1
2011	44225	Torre del Compte	6
2011	44226	Torrelacárcel	2
2011	44227	Torre los Negros	2
2011	44228	Torremocha de Jiloca	2
2011	44229	Torres de Albarracín	3
2011	44230	Torrevelilla	3
2011	44231	Torrijas	1
2011	44232	Torrijo del Campo	4
2011	44234	Tramacastiel	3
2011	44235	Tramacastilla	2
2011	44236	Tronchón	1
2011	44237	Urrea de Gaén	4
2011	44238	Utrillas	7
2011	44239	Valacloche	2
2011	44240	Valbona	4
2011	44241	Valdealgorfa	3
2011	44243	Valdecuenca	4
2011	44244	Valdelinares	2
2011	44245	Valdeltormo	2
2011	44246	Valderrobres	5
2011	44247	Valjunquera	3
2011	44249	Vallecillo (El)	2
2011	44250	Veguillas de la Sierra	1
2011	44251	Villafranca del Campo	3
2011	44252	Villahermosa del Campo	4
2011	44256	Villanueva del Rebollar de la Sierra	2
2011	44257	Villar del Cobo	2
2011	44258	Villar del Salz	2
2011	44260	Villarluengo	3
2011	44261	Villarquemado	4
2011	44262	Villarroya de los Pinares	4
2011	44263	Villastar	6
2011	44264	Villel	3
2011	44265	Vinaceite	3
2011	44266	Visiedo	3
2011	44267	Vivel del Río Martín	2
2011	44268	Zoma (La)	3
2011	50001	Abanto	3
2011	50002	Acered	3
2011	50003	Agón	4
2011	50004	Aguarón	3
2011	50005	Aguilón	1
2011	50006	Ainzón	4
2011	50007	Aladrén	1
2011	50008	Alagón	6
2011	50009	Alarba	2
2011	50010	Alberite de San Juan	3
2011	50011	Albeta	7
2011	50012	Alborge	3
2011	50013	Alcalá de Ebro	5
2011	50014	Alcalá de Moncayo	3
2011	50015	Alconchel de Ariza	3
2011	50016	Aldehuela de Liestos	1
2011	50017	Alfajarín	6
2011	50018	Alfamén	3
2011	50019	Alforque	2
2011	50020	Alhama de Aragón	5
2011	50021	Almochuel	3
2011	50022	Almolda (La)	4
2011	50023	Almonacid de la Cuba	2
2011	50024	Almonacid de la Sierra	4
2011	50025	Almunia de Doña Godina (La)	6
2011	50026	Alpartir	3
2011	50027	Ambel	3
2011	50028	Anento	3
2011	50029	Aniñón	3
2011	50030	Añón de Moncayo	4
2011	50031	Aranda de Moncayo	2
2011	50032	Arándiga	2
2011	50033	Ardisa	3
2011	50034	Ariza	4
2011	50035	Artieda	6
2011	50036	Asín	3
2011	50037	Atea	3
2011	50038	Ateca	4
2011	50039	Azuara	2
2011	50040	Badules	4
2011	50041	Bagüés	2
2011	50042	Balconchán	7
2011	50043	Bárboles	5
2011	50044	Bardallur	3
2011	50045	Belchite	4
2011	50046	Belmonte de Gracián	2
2011	50047	Berdejo	3
2011	50048	Berrueco	4
2011	50050	Bijuesca	1
2011	50051	Biota	3
2011	50052	Bisimbre	3
2011	50053	Boquiñeni	3
2011	50054	Bordalba	3
2011	50055	Borja	6
2011	50056	Botorrita	5
2011	50057	Brea de Aragón	5
2011	50058	Bubierca	2
2011	50059	Bujaraloz	5
2011	50060	Bulbuente	4
2011	50061	Bureta	2
2011	50062	Burgo de Ebro (El)	6
2011	50063	Buste (El)	3
2011	50064	Cabañas de Ebro	7
2011	50065	Cabolafuente	4
2011	50066	Cadrete	7
2011	50067	Calatayud	7
2011	50068	Calatorao	4
2011	50069	Calcena	2
2011	50070	Calmarza	2
2011	50071	Campillo de Aragón	3
2011	50072	Carenas	2
2011	50073	Cariñena	5
2011	50074	Caspe	5
2011	50075	Castejón de Alarba	2
2011	50076	Castejón de las Armas	4
2011	50077	Castejón de Valdejasa	3
2011	50078	Castiliscar	3
2011	50079	Cervera de la Cañada	2
2011	50080	Cerveruela	2
2011	50081	Cetina	3
2011	50082	Cimballa	1
2011	50083	Cinco Olivas	4
2011	50084	Clarés de Ribota	1
2011	50085	Codo	2
2011	50086	Codos	3
2011	50087	Contamina	7
2011	50088	Cosuenda	2
2011	50089	Cuarte de Huerva	7
2011	50090	Cubel	3
2011	50091	Cuerlas (Las)	3
2011	50092	Chiprana	3
2011	50093	Chodes	2
2011	50094	Daroca	7
2011	50095	Ejea de los Caballeros	6
2011	50096	Embid de Ariza	2
2011	50098	Encinacorba	5
2011	50099	Épila	5
2011	50100	Erla	3
2011	50101	Escatrón	5
2011	50102	Fabara	2
2011	50104	Farlete	3
2011	50105	Fayón	3
2011	50106	Fayos (Los)	4
2011	50107	Figueruelas	7
2011	50108	Fombuena	1
2011	50109	Frago (El)	1
2011	50110	Frasno (El)	2
2011	50111	Fréscano	7
2011	50113	Fuendejalón	3
2011	50114	Fuendetodos	6
2011	50115	Fuentes de Ebro	5
2011	50116	Fuentes de Jiloca	3
2011	50117	Gallocanta	4
2011	50118	Gallur	6
2011	50119	Gelsa	4
2011	50120	Godojos	5
2011	50121	Gotor	2
2011	50122	Grisel	2
2011	50123	Grisén	5
2011	50124	Herrera de los Navarros	3
2011	50125	Ibdes	3
2011	50126	Illueca	6
2011	50128	Isuerre	3
2011	50129	Jaraba	4
2011	50130	Jarque	3
2011	50131	Jaulín	3
2011	50132	Joyosa (La)	5
2011	50133	Lagata	2
2011	50134	Langa del Castillo	3
2011	50135	Layana	3
2011	50136	Lécera	2
2011	50137	Leciñena	3
2011	50138	Lechón	4
2011	50139	Letux	1
2011	50140	Litago	2
2011	50141	Lituénigo	6
2011	50142	Lobera de Onsella	1
2011	50143	Longares	3
2011	50144	Longás	3
2011	50146	Lucena de Jalón	4
2011	50147	Luceni	4
2011	50148	Luesia	2
2011	50149	Luesma	1
2011	50150	Lumpiaque	3
2011	50151	Luna	3
2011	50152	Maella	3
2011	50153	Magallón	4
2011	50154	Mainar	5
2011	50155	Malanquilla	2
2011	50156	Maleján	4
2011	50157	Malón	4
2011	50159	Maluenda	3
2011	50160	Mallén	4
2011	50161	Manchones	1
2011	50162	Mara	3
2011	50163	María de Huerva	6
2011	50164	Mediana de Aragón	4
2011	50165	Mequinenza	5
2011	50166	Mesones de Isuela	3
2011	50167	Mezalocha	3
2011	50168	Mianos	2
2011	50169	Miedes de Aragón	2
2011	50170	Monegrillo	3
2011	50171	Moneva	1
2011	50172	Monreal de Ariza	4
2011	50173	Monterde	1
2011	50174	Montón	1
2011	50175	Morata de Jalón	4
2011	50176	Morata de Jiloca	3
2011	50177	Morés	3
2011	50178	Moros	2
2011	50179	Moyuela	2
2011	50180	Mozota	4
2011	50181	Muel	5
2011	50182	Muela (La)	5
2011	50183	Munébrega	2
2011	50184	Murero	3
2011	50185	Murillo de Gállego	2
2011	50186	Navardún	5
2011	50187	Nigüella	1
2011	50188	Nombrevilla	1
2011	50189	Nonaspe	3
2011	50190	Novallas	3
2011	50191	Novillas	3
2011	50192	Nuévalos	6
2011	50193	Nuez de Ebro	6
2011	50194	Olvés	1
2011	50195	Orcajo	4
2011	50196	Orera	3
2011	50197	Orés	2
2011	50198	Oseja	1
2011	50199	Osera de Ebro	4
2011	50200	Paniza	3
2011	50201	Paracuellos de Jiloca	5
2011	50202	Paracuellos de la Ribera	1
2011	50203	Pastriz	6
2011	50204	Pedrola	5
2011	50205	Pedrosas (Las)	3
2011	50206	Perdiguera	4
2011	50207	Piedratajada	4
2011	50208	Pina de Ebro	6
2011	50209	Pinseque	5
2011	50210	Pintanos (Los)	5
2011	50211	Plasencia de Jalón	3
2011	50212	Pleitas	3
2011	50213	Plenas	4
2011	50214	Pomer	2
2011	50215	Pozuel de Ariza	5
2011	50216	Pozuelo de Aragón	4
2011	50217	Pradilla de Ebro	4
2011	50218	Puebla de Albortón	1
2011	50219	Puebla de Alfindén (La)	6
2011	50220	Puendeluna	2
2011	50221	Purujosa	1
2011	50222	Quinto	4
2011	50223	Remolinos	4
2011	50224	Retascón	2
2011	50225	Ricla	3
2011	50227	Romanos	4
2011	50228	Rueda de Jalón	3
2011	50229	Ruesca	3
2011	50230	Sádaba	4
2011	50231	Salillas de Jalón	3
2011	50232	Salvatierra de Esca	5
2011	50233	Samper del Salz	2
2011	50234	San Martín de la Virgen de Moncayo	4
2011	50235	San Mateo de Gállego	5
2011	50236	Santa Cruz de Grío	2
2011	50237	Santa Cruz de Moncayo	4
2011	50238	Santa Eulalia de Gállego	3
2011	50239	Santed	3
2011	50240	Sástago	5
2011	50241	Saviñán	3
2011	50242	Sediles	2
2011	50243	Sestrica	2
2011	50244	Sierra de Luna	3
2011	50245	Sigüés	5
2011	50246	Sisamón	4
2011	50247	Sobradiel	6
2011	50248	Sos del Rey Católico	5
2011	50249	Tabuenca	2
2011	50250	Talamantes	3
2011	50251	Tarazona	6
2011	50252	Tauste	5
2011	50253	Terrer	4
2011	50254	Tierga	3
2011	50255	Tobed	2
2011	50256	Torralba de los Frailes	3
2011	50257	Torralba de Ribota	2
2011	50258	Torralbilla	3
2011	50259	Torrehermosa	5
2011	50260	Torrelapaja	3
2011	50261	Torrellas	4
2011	50262	Torres de Berrellén	5
2011	50263	Torrijo de la Cañada	2
2011	50264	Tosos	1
2011	50265	Trasmoz	3
2011	50266	Trasobares	2
2011	50267	Uncastillo	3
2011	50268	Undués de Lerda	3
2011	50269	Urrea de Jalón	4
2011	50270	Urriés	3
2011	50271	Used	3
2011	50272	Utebo	7
2011	50273	Valdehorna	3
2011	50274	Val de San Martín	2
2011	50275	Valmadrid	1
2011	50276	Valpalmas	3
2011	50277	Valtorres	3
2011	50278	Velilla de Ebro	4
2011	50279	Velilla de Jiloca	3
2011	50280	Vera de Moncayo	4
2011	50281	Vierlas	3
2011	50282	Vilueña (La)	2
2011	50283	Villadoz	2
2011	50284	Villafeliche	2
2011	50285	Villafranca de Ebro	5
2011	50286	Villalba de Perejil	3
2011	50287	Villalengua	3
2011	50288	Villanueva de Gállego	7
2011	50289	Villanueva de Jiloca	3
2011	50290	Villanueva de Huerva	2
2011	50291	Villar de los Navarros	2
2011	50292	Villarreal de Huerva	5
2011	50293	Villarroya de la Sierra	2
2011	50294	Villarroya del Campo	1
2011	50295	Vistabella	3
2011	50296	Zaida (La)	5
2011	50297	Zaragoza	7
2011	50298	Zuera	6
2011	50901	Biel	4
2011	50902	Marracos	2
2011	50903	Villamayor de Gállego	5
2010	22001	Abiego	5
2010	22002	Abizanda	4
2010	22003	Adahuesca	4
2010	22004	Agüero	3
2010	22006	Aísa	7
2010	22007	Albalate de Cinca	4
2010	22008	Albalatillo	2
2010	22009	Albelda	3
2010	22011	Albero Alto	4
2010	22012	Albero Bajo	6
2010	22013	Alberuela de Tubo	4
2010	22014	Alcalá de Gurrea	3
2010	22015	Alcalá del Obispo	3
2010	22016	Alcampell	4
2010	22017	Alcolea de Cinca	6
2010	22018	Alcubierre	4
2010	22019	Alerre	7
2010	22020	Alfántega	3
2010	22021	Almudévar	5
2010	22022	Almunia de San Juan	5
2010	22023	Almuniente	4
2010	22024	Alquézar	6
2010	22025	Altorricón	5
2010	22027	Angüés	4
2010	22028	Ansó	5
2010	22029	Antillón	4
2010	22032	Aragüés del Puerto	4
2010	22035	Arén	5
2010	22036	Argavieso	4
2010	22037	Arguis	6
2010	22039	Ayerbe	5
2010	22040	Azanuy-Alins	3
2010	22041	Azara	3
2010	22042	Azlor	3
2010	22043	Baells	3
2010	22044	Bailo	5
2010	22045	Baldellou	3
2010	22046	Ballobar	4
2010	22047	Banastás	7
2010	22048	Barbastro	7
2010	22049	Barbués	3
2010	22050	Barbuñales	4
2010	22051	Bárcabo	2
2010	22052	Belver de Cinca	4
2010	22053	Benabarre	5
2010	22054	Benasque	7
2010	22055	Berbegal	4
2010	22057	Bielsa	7
2010	22058	Bierge	4
2010	22059	Biescas	7
2010	22060	Binaced	5
2010	22061	Binéfar	7
2010	22062	Bisaurri	4
2010	22063	Biscarrués	4
2010	22064	Blecua y Torres	4
2010	22066	Boltaña	7
2010	22067	Bonansa	4
2010	22068	Borau	3
2010	22069	Broto	7
2010	22072	Caldearenas	4
2010	22074	Campo	7
2010	22075	Camporrells	3
2010	22076	Canal de Berdún	5
2010	22077	Candasnos	5
2010	22078	Canfranc	7
2010	22079	Capdesaso	3
2010	22080	Capella	4
2010	22081	Casbas de Huesca	4
2010	22082	Castejón del Puente	5
2010	22083	Castejón de Monegros	3
2010	22084	Castejón de Sos	6
2010	22085	Castelflorite	2
2010	22086	Castiello de Jaca	7
2010	22087	Castigaleu	5
2010	22088	Castillazuelo	4
2010	22089	Castillonroy	5
2010	22090	Colungo	2
2010	22094	Chalamera	4
2010	22095	Chía	3
2010	22096	Chimillas	7
2010	22099	Esplús	5
2010	22102	Estada	4
2010	22103	Estadilla	6
2010	22105	Estopiñán del Castillo	4
2010	22106	Fago	2
2010	22107	Fanlo	3
2010	22109	Fiscal	7
2010	22110	Fonz	4
2010	22111	Foradada del Toscar	4
2010	22112	Fraga	7
2010	22113	Fueva (La)	5
2010	22114	Gistaín	1
2010	22115	Grado (El)	7
2010	22116	Grañén	5
2010	22117	Graus	6
2010	22119	Gurrea de Gállego	4
2010	22122	Hoz de Jaca	7
2010	22124	Huerto	3
2010	22125	Huesca	7
2010	22126	Ibieca	2
2010	22127	Igriés	7
2010	22128	Ilche	3
2010	22129	Isábena	5
2010	22130	Jaca	7
2010	22131	Jasa	5
2010	22133	Labuerda	7
2010	22135	Laluenga	4
2010	22136	Lalueza	4
2010	22137	Lanaja	3
2010	22139	Laperdiguera	4
2010	22141	Lascellas-Ponzano	4
2010	22142	Lascuarre	4
2010	22143	Laspaúles	4
2010	22144	Laspuña	4
2010	22149	Loarre	3
2010	22150	Loporzano	4
2010	22151	Loscorrales	3
2010	22155	Monesma y Cajigar	2
2010	22156	Monflorite-Lascasas	7
2010	22157	Montanuy	5
2010	22158	Monzón	7
2010	22160	Naval	3
2010	22162	Novales	4
2010	22163	Nueno	7
2010	22164	Olvena	2
2010	22165	Ontiñena	3
2010	22167	Osso de Cinca	4
2010	22168	Palo	5
2010	22170	Panticosa	7
2010	22172	Peñalba	3
2010	22173	Peñas de Riglos (Las)	4
2010	22174	Peralta de Alcofea	4
2010	22175	Peralta de Calasanz	2
2010	22176	Peraltilla	5
2010	22177	Perarrúa	3
2010	22178	Pertusa	4
2010	22181	Piracés	3
2010	22182	Plan	5
2010	22184	Poleñino	4
2010	22186	Pozán de Vero	3
2010	22187	Puebla de Castro (La)	6
2010	22188	Puente de Montañana	5
2010	22189	Puértolas	6
2010	22190	Pueyo de Araguás (El)	3
2010	22193	Pueyo de Santa Cruz	4
2010	22195	Quicena	7
2010	22197	Robres	3
2010	22199	Sabiñánigo	7
2010	22200	Sahún	7
2010	22201	Salas Altas	3
2010	22202	Salas Bajas	5
2010	22203	Salillas	4
2010	22204	Sallent de Gállego	7
2010	22205	San Esteban de Litera	4
2010	22206	Sangarrén	3
2010	22207	San Juan de Plan	5
2010	22208	Santa Cilia	7
2010	22209	Santa Cruz de la Serós	7
2010	22212	Santaliestra y San Quílez	3
2010	22213	Sariñena	6
2010	22214	Secastilla	4
2010	22215	Seira	6
2010	22217	Sena	3
2010	22218	Senés de Alcubierre	3
2010	22220	Sesa	5
2010	22221	Sesué	5
2010	22222	Siétamo	6
2010	22223	Sopeira	4
2010	22225	Tamarite de Litera	5
2010	22226	Tardienta	7
2010	22227	Tella-Sin	6
2010	22228	Tierz	7
2010	22229	Tolva	4
2010	22230	Torla-Ordesa	7
2010	22232	Torralba de Aragón	3
2010	22233	Torre la Ribera	4
2010	22234	Torrente de Cinca	3
2010	22235	Torres de Alcanadre	5
2010	22236	Torres de Barbués	3
2010	22239	Tramaced	5
2010	22242	Valfarta	3
2010	22243	Valle de Bardají	3
2010	22244	Valle de Lierp	3
2010	22245	Velilla de Cinca	3
2010	22246	Beranuy	3
2010	22247	Viacamp y Litera	4
2010	22248	Vicién	5
2010	22249	Villanova	7
2010	22250	Villanúa	7
2010	22251	Villanueva de Sigena	4
2010	22252	Yebra de Basa	4
2010	22253	Yésero	3
2010	22254	Zaidín	4
2010	22901	Valle de Hecho	6
2010	22902	Puente la Reina de Jaca	7
2010	22903	San Miguel del Cinca	4
2010	22904	Sotonera (La)	4
2010	22905	Lupiñén-Ortilla	5
2010	22906	Santa María de Dulcis	3
2010	22907	Aínsa-Sobrarbe	7
2010	22908	Hoz y Costeán	5
2010	22909	Vencillón	4
2010	44001	Ababuj	3
2010	44002	Abejuela	3
2010	44003	Aguatón	3
2010	44004	Aguaviva	3
2010	44005	Aguilar del Alfambra	2
2010	44006	Alacón	2
2010	44007	Alba	2
2010	44008	Albalate del Arzobispo	5
2010	44009	Albarracín	7
2010	44010	Albentosa	4
2010	44011	Alcaine	2
2010	44012	Alcalá de la Selva	7
2010	44013	Alcañiz	7
2010	44014	Alcorisa	6
2010	44016	Alfambra	3
2010	44017	Aliaga	4
2010	44018	Almohaja	1
2010	44019	Alobras	1
2010	44020	Alpeñés	6
2010	44021	Allepuz	1
2010	44022	Alloza	4
2010	44023	Allueva	1
2010	44024	Anadón	3
2010	44025	Andorra	7
2010	44026	Arcos de las Salinas	5
2010	44027	Arens de Lledó	2
2010	44028	Argente	2
2010	44029	Ariño	6
2010	44031	Azaila	3
2010	44032	Bádenas	1
2010	44033	Báguena	2
2010	44034	Bañón	2
2010	44035	Barrachina	3
2010	44036	Bea	6
2010	44037	Beceite	4
2010	44038	Belmonte de San José	4
2010	44039	Bello	3
2010	44040	Berge	5
2010	44041	Bezas	3
2010	44042	Blancas	2
2010	44043	Blesa	2
2010	44044	Bordón	3
2010	44045	Bronchales	4
2010	44046	Bueña	3
2010	44047	Burbáguena	2
2010	44048	Cabra de Mora	7
2010	44049	Calaceite	4
2010	44050	Calamocha	7
2010	44051	Calanda	4
2010	44052	Calomarde	1
2010	44053	Camañas	3
2010	44054	Camarena de la Sierra	3
2010	44055	Camarillas	3
2010	44056	Caminreal	4
2010	44059	Cantavieja	5
2010	44060	Cañada de Benatanduz	6
2010	44061	Cañada de Verich (La)	4
2010	44062	Cañada Vellida	3
2010	44063	Cañizar del Olivar	7
2010	44064	Cascante del Río	4
2010	44065	Castejón de Tornos	1
2010	44066	Castel de Cabra	4
2010	44067	Castelnou	3
2010	44068	Castelserás	4
2010	44070	Castellar (El)	4
2010	44071	Castellote	5
2010	44074	Cedrillas	5
2010	44075	Celadas	4
2010	44076	Cella	4
2010	44077	Cerollera (La)	3
2010	44080	Codoñera (La)	3
2010	44082	Corbalán	5
2010	44084	Cortes de Aragón	6
2010	44085	Cosa	3
2010	44086	Cretas	3
2010	44087	Crivillén	7
2010	44088	Cuba (La)	4
2010	44089	Cubla	2
2010	44090	Cucalón	2
2010	44092	Cuervo (El)	4
2010	44093	Cuevas de Almudén	4
2010	44094	Cuevas Labradas	3
2010	44096	Ejulve	5
2010	44097	Escorihuela	2
2010	44099	Escucha	6
2010	44100	Estercuel	7
2010	44101	Ferreruela de Huerva	2
2010	44102	Fonfría	3
2010	44103	Formiche Alto	4
2010	44105	Fórnoles	1
2010	44106	Fortanete	2
2010	44107	Foz-Calanda	2
2010	44108	Fresneda (La)	3
2010	44109	Frías de Albarracín	2
2010	44110	Fuenferrada	4
2010	44111	Fuentes Calientes	3
2010	44112	Fuentes Claras	1
2010	44113	Fuentes de Rubielos	7
2010	44114	Fuentespalda	3
2010	44115	Galve	5
2010	44116	Gargallo	6
2010	44117	Gea de Albarracín	4
2010	44118	Ginebrosa (La)	3
2010	44119	Griegos	2
2010	44120	Guadalaviar	4
2010	44121	Gúdar	3
2010	44122	Híjar	5
2010	44123	Hinojosa de Jarque	5
2010	44124	Hoz de la Vieja (La)	1
2010	44125	Huesa del Común	2
2010	44126	Iglesuela del Cid (La)	3
2010	44127	Jabaloyas	3
2010	44128	Jarque de la Val	3
2010	44129	Jatiel	3
2010	44130	Jorcas	2
2010	44131	Josa	1
2010	44132	Lagueruela	3
2010	44133	Lanzuela	1
2010	44135	Libros	3
2010	44136	Lidón	3
2010	44137	Linares de Mora	3
2010	44138	Loscos	2
2010	44141	Lledó	4
2010	44142	Maicas	1
2010	44143	Manzanera	5
2010	44144	Martín del Río	5
2010	44145	Mas de las Matas	4
2010	44146	Mata de los Olmos (La)	5
2010	44147	Mazaleón	3
2010	44148	Mezquita de Jarque	4
2010	44149	Mirambel	5
2010	44150	Miravete de la Sierra	1
2010	44151	Molinos	4
2010	44152	Monforte de Moyuela	1
2010	44153	Monreal del Campo	5
2010	44154	Monroyo	4
2010	44155	Montalbán	6
2010	44156	Monteagudo del Castillo	4
2010	44157	Monterde de Albarracín	3
2010	44158	Mora de Rubielos	6
2010	44159	Moscardón	2
2010	44160	Mosqueruela	3
2010	44161	Muniesa	3
2010	44163	Noguera de Albarracín	3
2010	44164	Nogueras	3
2010	44165	Nogueruelas	3
2010	44167	Obón	2
2010	44168	Odón	3
2010	44169	Ojos Negros	4
2010	44171	Olba	2
2010	44172	Oliete	2
2010	44173	Olmos (Los)	3
2010	44174	Orihuela del Tremedal	5
2010	44175	Orrios	3
2010	44176	Palomar de Arroyos	5
2010	44177	Pancrudo	4
2010	44178	Parras de Castellote (Las)	3
2010	44179	Peñarroya de Tastavins	3
2010	44180	Peracense	1
2010	44181	Peralejos	3
2010	44182	Perales del Alfambra	5
2010	44183	Pitarque	2
2010	44184	Plou	1
2010	44185	Pobo (El)	4
2010	44187	Portellada (La)	3
2010	44189	Pozondón	2
2010	44190	Pozuel del Campo	2
2010	44191	Puebla de Híjar (La)	4
2010	44192	Puebla de Valverde (La)	3
2010	44193	Puertomingalvo	4
2010	44194	Ráfales	2
2010	44195	Rillo	2
2010	44196	Riodeva	2
2010	44197	Ródenas	3
2010	44198	Royuela	2
2010	44199	Rubiales	4
2010	44200	Rubielos de la Cérida	1
2010	44201	Rubielos de Mora	4
2010	44203	Salcedillo	7
2010	44204	Saldón	1
2010	44205	Samper de Calanda	4
2010	44206	San Agustín	3
2010	44207	San Martín del Río	2
2010	44208	Santa Cruz de Nogueras	5
2010	44209	Santa Eulalia	4
2010	44210	Sarrión	4
2010	44211	Segura de los Baños	1
2010	44212	Seno	2
2010	44213	Singra	3
2010	44215	Terriente	2
2010	44216	Teruel	7
2010	44217	Toril y Masegoso	1
2010	44218	Tormón	1
2010	44219	Tornos	2
2010	44220	Torralba de los Sisones	3
2010	44221	Torrecilla de Alcañiz	3
2010	44222	Torrecilla del Rebollar	4
2010	44223	Torre de Arcas	4
2010	44224	Torre de las Arcas	1
2010	44225	Torre del Compte	6
2010	44226	Torrelacárcel	2
2010	44227	Torre los Negros	2
2010	44228	Torremocha de Jiloca	2
2010	44229	Torres de Albarracín	3
2010	44230	Torrevelilla	3
2010	44231	Torrijas	3
2010	44232	Torrijo del Campo	3
2010	44234	Tramacastiel	3
2010	44235	Tramacastilla	3
2010	44236	Tronchón	2
2010	44237	Urrea de Gaén	4
2010	44238	Utrillas	6
2010	44239	Valacloche	2
2010	44240	Valbona	3
2010	44241	Valdealgorfa	3
2010	44243	Valdecuenca	4
2010	44244	Valdelinares	2
2010	44245	Valdeltormo	2
2010	44246	Valderrobres	5
2010	44247	Valjunquera	3
2010	44249	Vallecillo (El)	3
2010	44250	Veguillas de la Sierra	1
2010	44251	Villafranca del Campo	3
2010	44252	Villahermosa del Campo	4
2010	44256	Villanueva del Rebollar de la Sierra	2
2010	44257	Villar del Cobo	2
2010	44258	Villar del Salz	2
2010	44260	Villarluengo	4
2010	44261	Villarquemado	4
2010	44262	Villarroya de los Pinares	3
2010	44263	Villastar	5
2010	44264	Villel	3
2010	44265	Vinaceite	3
2010	44266	Visiedo	3
2010	44267	Vivel del Río Martín	2
2010	44268	Zoma (La)	3
2010	50001	Abanto	3
2010	50002	Acered	3
2010	50003	Agón	4
2010	50004	Aguarón	2
2010	50005	Aguilón	1
2010	50006	Ainzón	4
2010	50007	Aladrén	1
2010	50008	Alagón	6
2010	50009	Alarba	2
2010	50010	Alberite de San Juan	3
2010	50011	Albeta	7
2010	50012	Alborge	3
2010	50013	Alcalá de Ebro	5
2010	50014	Alcalá de Moncayo	4
2010	50015	Alconchel de Ariza	3
2010	50016	Aldehuela de Liestos	1
2010	50017	Alfajarín	6
2010	50018	Alfamén	3
2010	50019	Alforque	2
2010	50020	Alhama de Aragón	5
2010	50021	Almochuel	5
2010	50022	Almolda (La)	4
2010	50023	Almonacid de la Cuba	2
2010	50024	Almonacid de la Sierra	4
2010	50025	Almunia de Doña Godina (La)	6
2010	50026	Alpartir	3
2010	50027	Ambel	3
2010	50028	Anento	3
2010	50029	Aniñón	3
2010	50030	Añón de Moncayo	4
2010	50031	Aranda de Moncayo	2
2010	50032	Arándiga	2
2010	50033	Ardisa	2
2010	50034	Ariza	4
2010	50035	Artieda	6
2010	50036	Asín	3
2010	50037	Atea	3
2010	50038	Ateca	4
2010	50039	Azuara	2
2010	50040	Badules	4
2010	50041	Bagüés	2
2010	50042	Balconchán	7
2010	50043	Bárboles	4
2010	50044	Bardallur	3
2010	50045	Belchite	4
2010	50046	Belmonte de Gracián	2
2010	50047	Berdejo	4
2010	50048	Berrueco	3
2010	50050	Bijuesca	1
2010	50051	Biota	3
2010	50052	Bisimbre	4
2010	50053	Boquiñeni	3
2010	50054	Bordalba	4
2010	50055	Borja	6
2010	50056	Botorrita	5
2010	50057	Brea de Aragón	4
2010	50058	Bubierca	2
2010	50059	Bujaraloz	5
2010	50060	Bulbuente	4
2010	50061	Bureta	2
2010	50062	Burgo de Ebro (El)	6
2010	50063	Buste (El)	3
2010	50064	Cabañas de Ebro	7
2010	50065	Cabolafuente	4
2010	50066	Cadrete	7
2010	50067	Calatayud	7
2010	50068	Calatorao	4
2010	50069	Calcena	1
2010	50070	Calmarza	2
2010	50071	Campillo de Aragón	3
2010	50072	Carenas	2
2010	50073	Cariñena	5
2010	50074	Caspe	5
2010	50075	Castejón de Alarba	2
2010	50076	Castejón de las Armas	4
2010	50077	Castejón de Valdejasa	3
2010	50078	Castiliscar	3
2010	50079	Cervera de la Cañada	2
2010	50080	Cerveruela	2
2010	50081	Cetina	3
2010	50082	Cimballa	1
2010	50083	Cinco Olivas	4
2010	50084	Clarés de Ribota	1
2010	50085	Codo	2
2010	50086	Codos	3
2010	50087	Contamina	7
2010	50088	Cosuenda	2
2010	50089	Cuarte de Huerva	7
2010	50090	Cubel	3
2010	50091	Cuerlas (Las)	3
2010	50092	Chiprana	5
2010	50093	Chodes	2
2010	50094	Daroca	7
2010	50095	Ejea de los Caballeros	6
2010	50096	Embid de Ariza	2
2010	50098	Encinacorba	5
2010	50099	Épila	5
2010	50100	Erla	3
2010	50101	Escatrón	5
2010	50102	Fabara	2
2010	50104	Farlete	2
2010	50105	Fayón	4
2010	50106	Fayos (Los)	4
2010	50107	Figueruelas	7
2010	50108	Fombuena	1
2010	50109	Frago (El)	1
2010	50110	Frasno (El)	2
2010	50111	Fréscano	7
2010	50113	Fuendejalón	3
2010	50114	Fuendetodos	6
2010	50115	Fuentes de Ebro	5
2010	50116	Fuentes de Jiloca	3
2010	50117	Gallocanta	4
2010	50118	Gallur	6
2010	50119	Gelsa	4
2010	50120	Godojos	4
2010	50121	Gotor	2
2010	50122	Grisel	2
2010	50123	Grisén	5
2010	50124	Herrera de los Navarros	3
2010	50125	Ibdes	3
2010	50126	Illueca	5
2010	50128	Isuerre	3
2010	50129	Jaraba	4
2010	50130	Jarque	3
2010	50131	Jaulín	3
2010	50132	Joyosa (La)	5
2010	50133	Lagata	2
2010	50134	Langa del Castillo	2
2010	50135	Layana	3
2010	50136	Lécera	3
2010	50137	Leciñena	3
2010	50138	Lechón	3
2010	50139	Letux	2
2010	50140	Litago	2
2010	50141	Lituénigo	6
2010	50142	Lobera de Onsella	2
2010	50143	Longares	4
2010	50144	Longás	2
2010	50146	Lucena de Jalón	4
2010	50147	Luceni	4
2010	50148	Luesia	2
2010	50149	Luesma	1
2010	50150	Lumpiaque	3
2010	50151	Luna	3
2010	50152	Maella	3
2010	50153	Magallón	4
2010	50154	Mainar	4
2010	50155	Malanquilla	2
2010	50156	Maleján	4
2010	50157	Malón	4
2010	50159	Maluenda	3
2010	50160	Mallén	4
2010	50161	Manchones	2
2010	50162	Mara	2
2010	50163	María de Huerva	6
2010	50164	Mediana de Aragón	4
2010	50165	Mequinenza	5
2010	50166	Mesones de Isuela	3
2010	50167	Mezalocha	3
2010	50168	Mianos	1
2010	50169	Miedes de Aragón	2
2010	50170	Monegrillo	3
2010	50171	Moneva	1
2010	50172	Monreal de Ariza	3
2010	50173	Monterde	2
2010	50174	Montón	1
2010	50175	Morata de Jalón	4
2010	50176	Morata de Jiloca	3
2010	50177	Morés	3
2010	50178	Moros	2
2010	50179	Moyuela	2
2010	50180	Mozota	3
2010	50181	Muel	5
2010	50182	Muela (La)	5
2010	50183	Munébrega	2
2010	50184	Murero	3
2010	50185	Murillo de Gállego	3
2010	50186	Navardún	5
2010	50187	Nigüella	1
2010	50188	Nombrevilla	2
2010	50189	Nonaspe	3
2010	50190	Novallas	3
2010	50191	Novillas	3
2010	50192	Nuévalos	5
2010	50193	Nuez de Ebro	6
2010	50194	Olvés	1
2010	50195	Orcajo	7
2010	50196	Orera	3
2010	50197	Orés	2
2010	50198	Oseja	1
2010	50199	Osera de Ebro	4
2010	50200	Paniza	3
2010	50201	Paracuellos de Jiloca	5
2010	50202	Paracuellos de la Ribera	1
2010	50203	Pastriz	6
2010	50204	Pedrola	5
2010	50205	Pedrosas (Las)	3
2010	50206	Perdiguera	4
2010	50207	Piedratajada	4
2010	50208	Pina de Ebro	5
2010	50209	Pinseque	5
2010	50210	Pintanos (Los)	6
2010	50211	Plasencia de Jalón	3
2010	50212	Pleitas	3
2010	50213	Plenas	3
2010	50214	Pomer	3
2010	50215	Pozuel de Ariza	5
2010	50216	Pozuelo de Aragón	4
2010	50217	Pradilla de Ebro	4
2010	50218	Puebla de Albortón	1
2010	50219	Puebla de Alfindén (La)	6
2010	50220	Puendeluna	2
2010	50221	Purujosa	1
2010	50222	Quinto	4
2010	50223	Remolinos	4
2010	50224	Retascón	2
2010	50225	Ricla	3
2010	50227	Romanos	4
2010	50228	Rueda de Jalón	3
2010	50229	Ruesca	3
2010	50230	Sádaba	4
2010	50231	Salillas de Jalón	3
2010	50232	Salvatierra de Esca	5
2010	50233	Samper del Salz	1
2010	50234	San Martín de la Virgen de Moncayo	4
2010	50235	San Mateo de Gállego	5
2010	50236	Santa Cruz de Grío	2
2010	50237	Santa Cruz de Moncayo	4
2010	50238	Santa Eulalia de Gállego	3
2010	50239	Santed	3
2010	50240	Sástago	5
2010	50241	Saviñán	3
2010	50242	Sediles	3
2010	50243	Sestrica	2
2010	50244	Sierra de Luna	3
2010	50245	Sigüés	6
2010	50246	Sisamón	3
2010	50247	Sobradiel	5
2010	50248	Sos del Rey Católico	5
2010	50249	Tabuenca	2
2010	50250	Talamantes	2
2010	50251	Tarazona	6
2010	50252	Tauste	5
2010	50253	Terrer	4
2010	50254	Tierga	3
2010	50255	Tobed	2
2010	50256	Torralba de los Frailes	2
2010	50257	Torralba de Ribota	2
2010	50258	Torralbilla	2
2010	50259	Torrehermosa	4
2010	50260	Torrelapaja	2
2010	50261	Torrellas	3
2010	50262	Torres de Berrellén	5
2010	50263	Torrijo de la Cañada	2
2010	50264	Tosos	1
2010	50265	Trasmoz	3
2010	50266	Trasobares	2
2010	50267	Uncastillo	3
2010	50268	Undués de Lerda	3
2010	50269	Urrea de Jalón	4
2010	50270	Urriés	3
2010	50271	Used	3
2010	50272	Utebo	7
2010	50273	Valdehorna	3
2010	50274	Val de San Martín	2
2010	50275	Valmadrid	1
2010	50276	Valpalmas	3
2010	50277	Valtorres	2
2010	50278	Velilla de Ebro	3
2010	50279	Velilla de Jiloca	3
2010	50280	Vera de Moncayo	3
2010	50281	Vierlas	3
2010	50282	Vilueña (La)	2
2010	50283	Villadoz	3
2010	50284	Villafeliche	3
2010	50285	Villafranca de Ebro	5
2010	50286	Villalba de Perejil	3
2010	50287	Villalengua	2
2010	50288	Villanueva de Gállego	7
2010	50289	Villanueva de Jiloca	4
2010	50290	Villanueva de Huerva	2
2010	50291	Villar de los Navarros	2
2010	50292	Villarreal de Huerva	5
2010	50293	Villarroya de la Sierra	2
2010	50294	Villarroya del Campo	1
2010	50295	Vistabella	3
2010	50296	Zaida (La)	5
2010	50297	Zaragoza	7
2010	50298	Zuera	6
2010	50901	Biel	4
2010	50902	Marracos	2
2010	50903	Villamayor de Gállego	5
2009	22001	Abiego	5
2009	22002	Abizanda	5
2009	22003	Adahuesca	4
2009	22004	Agüero	3
2009	22006	Aísa	7
2009	22007	Albalate de Cinca	5
2009	22008	Albalatillo	3
2009	22009	Albelda	3
2009	22011	Albero Alto	4
2009	22012	Albero Bajo	6
2009	22013	Alberuela de Tubo	5
2009	22014	Alcalá de Gurrea	3
2009	22015	Alcalá del Obispo	4
2009	22016	Alcampell	4
2009	22017	Alcolea de Cinca	6
2009	22018	Alcubierre	4
2009	22019	Alerre	7
2009	22020	Alfántega	4
2009	22021	Almudévar	5
2009	22022	Almunia de San Juan	5
2009	22023	Almuniente	4
2009	22024	Alquézar	6
2009	22025	Altorricón	4
2009	22027	Angüés	5
2009	22028	Ansó	5
2009	22029	Antillón	4
2009	22032	Aragüés del Puerto	5
2009	22035	Arén	6
2009	22036	Argavieso	4
2009	22037	Arguis	6
2009	22039	Ayerbe	5
2009	22040	Azanuy-Alins	2
2009	22041	Azara	4
2009	22042	Azlor	3
2009	22043	Baells	3
2009	22044	Bailo	7
2009	22045	Baldellou	3
2009	22046	Ballobar	4
2009	22047	Banastás	7
2009	22048	Barbastro	7
2009	22049	Barbués	4
2009	22050	Barbuñales	4
2009	22051	Bárcabo	2
2009	22052	Belver de Cinca	4
2009	22053	Benabarre	6
2009	22054	Benasque	7
2009	22055	Berbegal	4
2009	22057	Bielsa	7
2009	22058	Bierge	4
2009	22059	Biescas	7
2009	22060	Binaced	7
2009	22061	Binéfar	7
2009	22062	Bisaurri	3
2009	22063	Biscarrués	4
2009	22064	Blecua y Torres	4
2009	22066	Boltaña	7
2009	22067	Bonansa	4
2009	22068	Borau	4
2009	22069	Broto	7
2009	22072	Caldearenas	4
2009	22074	Campo	7
2009	22075	Camporrells	3
2009	22076	Canal de Berdún	6
2009	22077	Candasnos	5
2009	22078	Canfranc	7
2009	22079	Capdesaso	3
2009	22080	Capella	4
2009	22081	Casbas de Huesca	5
2009	22082	Castejón del Puente	5
2009	22083	Castejón de Monegros	3
2009	22084	Castejón de Sos	7
2009	22085	Castelflorite	2
2009	22086	Castiello de Jaca	7
2009	22087	Castigaleu	5
2009	22088	Castillazuelo	3
2009	22089	Castillonroy	5
2009	22090	Colungo	2
2009	22094	Chalamera	3
2009	22095	Chía	3
2009	22096	Chimillas	7
2009	22099	Esplús	5
2009	22102	Estada	4
2009	22103	Estadilla	6
2009	22105	Estopiñán del Castillo	5
2009	22106	Fago	2
2009	22107	Fanlo	3
2009	22109	Fiscal	7
2009	22110	Fonz	4
2009	22111	Foradada del Toscar	4
2009	22112	Fraga	7
2009	22113	Fueva (La)	5
2009	22114	Gistaín	1
2009	22115	Grado (El)	7
2009	22116	Grañén	5
2009	22117	Graus	7
2009	22119	Gurrea de Gállego	5
2009	22122	Hoz de Jaca	5
2009	22124	Huerto	3
2009	22125	Huesca	7
2009	22126	Ibieca	2
2009	22127	Igriés	7
2009	22128	Ilche	3
2009	22129	Isábena	5
2009	22130	Jaca	7
2009	22131	Jasa	6
2009	22133	Labuerda	7
2009	22135	Laluenga	3
2009	22136	Lalueza	4
2009	22137	Lanaja	3
2009	22139	Laperdiguera	4
2009	22141	Lascellas-Ponzano	5
2009	22142	Lascuarre	5
2009	22143	Laspaúles	5
2009	22144	Laspuña	4
2009	22149	Loarre	3
2009	22150	Loporzano	4
2009	22151	Loscorrales	3
2009	22155	Monesma y Cajigar	2
2009	22156	Monflorite-Lascasas	7
2009	22157	Montanuy	5
2009	22158	Monzón	7
2009	22160	Naval	3
2009	22162	Novales	4
2009	22163	Nueno	7
2009	22164	Olvena	2
2009	22165	Ontiñena	3
2009	22167	Osso de Cinca	3
2009	22168	Palo	4
2009	22170	Panticosa	7
2009	22172	Peñalba	4
2009	22173	Peñas de Riglos (Las)	4
2009	22174	Peralta de Alcofea	4
2009	22175	Peralta de Calasanz	2
2009	22176	Peraltilla	5
2009	22177	Perarrúa	4
2009	22178	Pertusa	5
2009	22181	Piracés	3
2009	22182	Plan	6
2009	22184	Poleñino	4
2009	22186	Pozán de Vero	3
2009	22187	Puebla de Castro (La)	6
2009	22188	Puente de Montañana	5
2009	22189	Puértolas	5
2009	22190	Pueyo de Araguás (El)	3
2009	22193	Pueyo de Santa Cruz	4
2009	22195	Quicena	7
2009	22197	Robres	3
2009	22199	Sabiñánigo	7
2009	22200	Sahún	7
2009	22201	Salas Altas	3
2009	22202	Salas Bajas	6
2009	22203	Salillas	4
2009	22204	Sallent de Gállego	7
2009	22205	San Esteban de Litera	4
2009	22206	Sangarrén	3
2009	22207	San Juan de Plan	6
2009	22208	Santa Cilia	6
2009	22209	Santa Cruz de la Serós	7
2009	22212	Santaliestra y San Quílez	3
2009	22213	Sariñena	6
2009	22214	Secastilla	4
2009	22215	Seira	7
2009	22217	Sena	4
2009	22218	Senés de Alcubierre	3
2009	22220	Sesa	5
2009	22221	Sesué	5
2009	22222	Siétamo	6
2009	22223	Sopeira	5
2009	22225	Tamarite de Litera	6
2009	22226	Tardienta	7
2009	22227	Tella-Sin	6
2009	22228	Tierz	7
2009	22229	Tolva	4
2009	22230	Torla-Ordesa	7
2009	22232	Torralba de Aragón	3
2009	22233	Torre la Ribera	4
2009	22234	Torrente de Cinca	3
2009	22235	Torres de Alcanadre	5
2009	22236	Torres de Barbués	3
2009	22239	Tramaced	5
2009	22242	Valfarta	2
2009	22243	Valle de Bardají	4
2009	22244	Valle de Lierp	5
2009	22245	Velilla de Cinca	4
2009	22246	Beranuy	3
2009	22247	Viacamp y Litera	4
2009	22248	Vicién	5
2009	22249	Villanova	7
2009	22250	Villanúa	7
2009	22251	Villanueva de Sigena	4
2009	22252	Yebra de Basa	4
2009	22253	Yésero	3
2009	22254	Zaidín	4
2009	22901	Valle de Hecho	7
2009	22902	Puente la Reina de Jaca	7
2009	22903	San Miguel del Cinca	4
2009	22904	Sotonera (La)	5
2009	22905	Lupiñén-Ortilla	5
2009	22906	Santa María de Dulcis	4
2009	22907	Aínsa-Sobrarbe	7
2009	22908	Hoz y Costeán	5
2009	22909	Vencillón	4
2009	44001	Ababuj	3
2009	44002	Abejuela	4
2009	44003	Aguatón	4
2009	44004	Aguaviva	3
2009	44005	Aguilar del Alfambra	2
2009	44006	Alacón	3
2009	44007	Alba	3
2009	44008	Albalate del Arzobispo	5
2009	44009	Albarracín	6
2009	44010	Albentosa	5
2009	44011	Alcaine	3
2009	44012	Alcalá de la Selva	7
2009	44013	Alcañiz	7
2009	44014	Alcorisa	6
2009	44016	Alfambra	3
2009	44017	Aliaga	4
2009	44018	Almohaja	1
2009	44019	Alobras	1
2009	44020	Alpeñés	7
2009	44021	Allepuz	1
2009	44022	Alloza	5
2009	44023	Allueva	1
2009	44024	Anadón	2
2009	44025	Andorra	7
2009	44026	Arcos de las Salinas	3
2009	44027	Arens de Lledó	2
2009	44028	Argente	2
2009	44029	Ariño	6
2009	44031	Azaila	3
2009	44032	Bádenas	2
2009	44033	Báguena	2
2009	44034	Bañón	3
2009	44035	Barrachina	4
2009	44036	Bea	6
2009	44037	Beceite	4
2009	44038	Belmonte de San José	3
2009	44039	Bello	3
2009	44040	Berge	6
2009	44041	Bezas	2
2009	44042	Blancas	3
2009	44043	Blesa	3
2009	44044	Bordón	3
2009	44045	Bronchales	5
2009	44046	Bueña	4
2009	44047	Burbáguena	2
2009	44048	Cabra de Mora	7
2009	44049	Calaceite	4
2009	44050	Calamocha	7
2009	44051	Calanda	4
2009	44052	Calomarde	1
2009	44053	Camañas	3
2009	44054	Camarena de la Sierra	3
2009	44055	Camarillas	3
2009	44056	Caminreal	4
2009	44059	Cantavieja	5
2009	44060	Cañada de Benatanduz	4
2009	44061	Cañada de Verich (La)	4
2009	44062	Cañada Vellida	4
2009	44063	Cañizar del Olivar	7
2009	44064	Cascante del Río	4
2009	44065	Castejón de Tornos	1
2009	44066	Castel de Cabra	4
2009	44067	Castelnou	3
2009	44068	Castelserás	4
2009	44070	Castellar (El)	4
2009	44071	Castellote	6
2009	44074	Cedrillas	5
2009	44075	Celadas	4
2009	44076	Cella	4
2009	44077	Cerollera (La)	2
2009	44080	Codoñera (La)	3
2009	44082	Corbalán	5
2009	44084	Cortes de Aragón	6
2009	44085	Cosa	3
2009	44086	Cretas	4
2009	44087	Crivillén	7
2009	44088	Cuba (La)	4
2009	44089	Cubla	2
2009	44090	Cucalón	2
2009	44092	Cuervo (El)	2
2009	44093	Cuevas de Almudén	4
2009	44094	Cuevas Labradas	3
2009	44096	Ejulve	6
2009	44097	Escorihuela	2
2009	44099	Escucha	6
2009	44100	Estercuel	7
2009	44101	Ferreruela de Huerva	2
2009	44102	Fonfría	3
2009	44103	Formiche Alto	4
2009	44105	Fórnoles	1
2009	44106	Fortanete	2
2009	44107	Foz-Calanda	2
2009	44108	Fresneda (La)	4
2009	44109	Frías de Albarracín	2
2009	44110	Fuenferrada	4
2009	44111	Fuentes Calientes	4
2009	44112	Fuentes Claras	2
2009	44113	Fuentes de Rubielos	2
2009	44114	Fuentespalda	4
2009	44115	Galve	4
2009	44116	Gargallo	6
2009	44117	Gea de Albarracín	4
2009	44118	Ginebrosa (La)	3
2009	44119	Griegos	2
2009	44120	Guadalaviar	4
2009	44121	Gúdar	3
2009	44122	Híjar	5
2009	44123	Hinojosa de Jarque	5
2009	44124	Hoz de la Vieja (La)	1
2009	44125	Huesa del Común	2
2009	44126	Iglesuela del Cid (La)	3
2009	44127	Jabaloyas	2
2009	44128	Jarque de la Val	3
2009	44129	Jatiel	3
2009	44130	Jorcas	2
2009	44131	Josa	1
2009	44132	Lagueruela	3
2009	44133	Lanzuela	3
2009	44135	Libros	3
2009	44136	Lidón	3
2009	44137	Linares de Mora	2
2009	44138	Loscos	2
2009	44141	Lledó	3
2009	44142	Maicas	1
2009	44143	Manzanera	5
2009	44144	Martín del Río	6
2009	44145	Mas de las Matas	4
2009	44146	Mata de los Olmos (La)	5
2009	44147	Mazaleón	3
2009	44148	Mezquita de Jarque	4
2009	44149	Mirambel	5
2009	44150	Miravete de la Sierra	2
2009	44151	Molinos	5
2009	44152	Monforte de Moyuela	2
2009	44153	Monreal del Campo	4
2009	44154	Monroyo	4
2009	44155	Montalbán	6
2009	44156	Monteagudo del Castillo	4
2009	44157	Monterde de Albarracín	3
2009	44158	Mora de Rubielos	6
2009	44159	Moscardón	2
2009	44160	Mosqueruela	3
2009	44161	Muniesa	3
2009	44163	Noguera de Albarracín	3
2009	44164	Nogueras	5
2009	44165	Nogueruelas	2
2009	44167	Obón	2
2009	44168	Odón	3
2009	44169	Ojos Negros	4
2009	44171	Olba	2
2009	44172	Oliete	3
2009	44173	Olmos (Los)	3
2009	44174	Orihuela del Tremedal	5
2009	44175	Orrios	3
2009	44176	Palomar de Arroyos	5
2009	44177	Pancrudo	5
2009	44178	Parras de Castellote (Las)	4
2009	44179	Peñarroya de Tastavins	4
2009	44180	Peracense	2
2009	44181	Peralejos	3
2009	44182	Perales del Alfambra	4
2009	44183	Pitarque	2
2009	44184	Plou	1
2009	44185	Pobo (El)	4
2009	44187	Portellada (La)	3
2009	44189	Pozondón	2
2009	44190	Pozuel del Campo	2
2009	44191	Puebla de Híjar (La)	4
2009	44192	Puebla de Valverde (La)	3
2009	44193	Puertomingalvo	2
2009	44194	Ráfales	3
2009	44195	Rillo	2
2009	44196	Riodeva	2
2009	44197	Ródenas	3
2009	44198	Royuela	2
2009	44199	Rubiales	3
2009	44200	Rubielos de la Cérida	1
2009	44201	Rubielos de Mora	5
2009	44203	Salcedillo	7
2009	44204	Saldón	1
2009	44205	Samper de Calanda	4
2009	44206	San Agustín	2
2009	44207	San Martín del Río	2
2009	44208	Santa Cruz de Nogueras	5
2009	44209	Santa Eulalia	5
2009	44210	Sarrión	4
2009	44211	Segura de los Baños	2
2009	44212	Seno	3
2009	44213	Singra	3
2009	44215	Terriente	1
2009	44216	Teruel	7
2009	44217	Toril y Masegoso	2
2009	44218	Tormón	1
2009	44219	Tornos	2
2009	44220	Torralba de los Sisones	3
2009	44221	Torrecilla de Alcañiz	3
2009	44222	Torrecilla del Rebollar	4
2009	44223	Torre de Arcas	4
2009	44224	Torre de las Arcas	1
2009	44225	Torre del Compte	7
2009	44226	Torrelacárcel	2
2009	44227	Torre los Negros	2
2009	44228	Torremocha de Jiloca	2
2009	44229	Torres de Albarracín	2
2009	44230	Torrevelilla	3
2009	44231	Torrijas	5
2009	44232	Torrijo del Campo	3
2009	44234	Tramacastiel	3
2009	44235	Tramacastilla	3
2009	44236	Tronchón	2
2009	44237	Urrea de Gaén	4
2009	44238	Utrillas	6
2009	44239	Valacloche	3
2009	44240	Valbona	4
2009	44241	Valdealgorfa	3
2009	44243	Valdecuenca	2
2009	44244	Valdelinares	2
2009	44245	Valdeltormo	3
2009	44246	Valderrobres	5
2009	44247	Valjunquera	3
2009	44249	Vallecillo (El)	2
2009	44250	Veguillas de la Sierra	1
2009	44251	Villafranca del Campo	3
2009	44252	Villahermosa del Campo	4
2009	44256	Villanueva del Rebollar de la Sierra	2
2009	44257	Villar del Cobo	2
2009	44258	Villar del Salz	2
2009	44260	Villarluengo	4
2009	44261	Villarquemado	4
2009	44262	Villarroya de los Pinares	4
2009	44263	Villastar	5
2009	44264	Villel	3
2009	44265	Vinaceite	3
2009	44266	Visiedo	3
2009	44267	Vivel del Río Martín	2
2009	44268	Zoma (La)	4
2009	50001	Abanto	3
2009	50002	Acered	2
2009	50003	Agón	5
2009	50004	Aguarón	3
2009	50005	Aguilón	1
2009	50006	Ainzón	4
2009	50007	Aladrén	1
2009	50008	Alagón	6
2009	50009	Alarba	2
2009	50010	Alberite de San Juan	3
2009	50011	Albeta	7
2009	50012	Alborge	3
2009	50013	Alcalá de Ebro	5
2009	50014	Alcalá de Moncayo	4
2009	50015	Alconchel de Ariza	3
2009	50016	Aldehuela de Liestos	1
2009	50017	Alfajarín	6
2009	50018	Alfamén	3
2009	50019	Alforque	2
2009	50020	Alhama de Aragón	5
2009	50021	Almochuel	6
2009	50022	Almolda (La)	4
2009	50023	Almonacid de la Cuba	2
2009	50024	Almonacid de la Sierra	4
2009	50025	Almunia de Doña Godina (La)	6
2009	50026	Alpartir	3
2009	50027	Ambel	3
2009	50028	Anento	3
2009	50029	Aniñón	3
2009	50030	Añón de Moncayo	4
2009	50031	Aranda de Moncayo	2
2009	50032	Arándiga	2
2009	50033	Ardisa	3
2009	50034	Ariza	4
2009	50035	Artieda	6
2009	50036	Asín	4
2009	50037	Atea	3
2009	50038	Ateca	4
2009	50039	Azuara	2
2009	50040	Badules	4
2009	50041	Bagüés	3
2009	50042	Balconchán	7
2009	50043	Bárboles	5
2009	50044	Bardallur	3
2009	50045	Belchite	4
2009	50046	Belmonte de Gracián	2
2009	50047	Berdejo	2
2009	50048	Berrueco	4
2009	50050	Bijuesca	1
2009	50051	Biota	4
2009	50052	Bisimbre	4
2009	50053	Boquiñeni	3
2009	50054	Bordalba	4
2009	50055	Borja	6
2009	50056	Botorrita	5
2009	50057	Brea de Aragón	4
2009	50058	Bubierca	2
2009	50059	Bujaraloz	5
2009	50060	Bulbuente	4
2009	50061	Bureta	2
2009	50062	Burgo de Ebro (El)	6
2009	50063	Buste (El)	3
2009	50064	Cabañas de Ebro	7
2009	50065	Cabolafuente	4
2009	50066	Cadrete	7
2009	50067	Calatayud	7
2009	50068	Calatorao	4
2009	50069	Calcena	3
2009	50070	Calmarza	3
2009	50071	Campillo de Aragón	3
2009	50072	Carenas	2
2009	50073	Cariñena	5
2009	50074	Caspe	5
2009	50075	Castejón de Alarba	2
2009	50076	Castejón de las Armas	4
2009	50077	Castejón de Valdejasa	3
2009	50078	Castiliscar	4
2009	50079	Cervera de la Cañada	2
2009	50080	Cerveruela	3
2009	50081	Cetina	3
2009	50082	Cimballa	1
2009	50083	Cinco Olivas	5
2009	50084	Clarés de Ribota	2
2009	50085	Codo	2
2009	50086	Codos	3
2009	50087	Contamina	7
2009	50088	Cosuenda	3
2009	50089	Cuarte de Huerva	7
2009	50090	Cubel	3
2009	50091	Cuerlas (Las)	3
2009	50092	Chiprana	5
2009	50093	Chodes	2
2009	50094	Daroca	7
2009	50095	Ejea de los Caballeros	6
2009	50096	Embid de Ariza	2
2009	50098	Encinacorba	5
2009	50099	Épila	5
2009	50100	Erla	3
2009	50101	Escatrón	5
2009	50102	Fabara	3
2009	50104	Farlete	3
2009	50105	Fayón	4
2009	50106	Fayos (Los)	4
2009	50107	Figueruelas	7
2009	50108	Fombuena	1
2009	50109	Frago (El)	1
2009	50110	Frasno (El)	2
2009	50111	Fréscano	7
2009	50113	Fuendejalón	4
2009	50114	Fuendetodos	7
2009	50115	Fuentes de Ebro	5
2009	50116	Fuentes de Jiloca	3
2009	50117	Gallocanta	4
2009	50118	Gallur	6
2009	50119	Gelsa	4
2009	50120	Godojos	5
2009	50121	Gotor	3
2009	50122	Grisel	2
2009	50123	Grisén	5
2009	50124	Herrera de los Navarros	3
2009	50125	Ibdes	3
2009	50126	Illueca	6
2009	50128	Isuerre	2
2009	50129	Jaraba	4
2009	50130	Jarque	3
2009	50131	Jaulín	3
2009	50132	Joyosa (La)	5
2009	50133	Lagata	2
2009	50134	Langa del Castillo	2
2009	50135	Layana	3
2009	50136	Lécera	3
2009	50137	Leciñena	3
2009	50138	Lechón	3
2009	50139	Letux	1
2009	50140	Litago	2
2009	50141	Lituénigo	7
2009	50142	Lobera de Onsella	2
2009	50143	Longares	3
2009	50144	Longás	2
2009	50146	Lucena de Jalón	5
2009	50147	Luceni	4
2009	50148	Luesia	2
2009	50149	Luesma	1
2009	50150	Lumpiaque	3
2009	50151	Luna	3
2009	50152	Maella	3
2009	50153	Magallón	4
2009	50154	Mainar	3
2009	50155	Malanquilla	2
2009	50156	Maleján	4
2009	50157	Malón	4
2009	50159	Maluenda	3
2009	50160	Mallén	4
2009	50161	Manchones	2
2009	50162	Mara	2
2009	50163	María de Huerva	6
2009	50164	Mediana de Aragón	3
2009	50165	Mequinenza	5
2009	50166	Mesones de Isuela	3
2009	50167	Mezalocha	3
2009	50168	Mianos	1
2009	50169	Miedes de Aragón	2
2009	50170	Monegrillo	3
2009	50171	Moneva	1
2009	50172	Monreal de Ariza	3
2009	50173	Monterde	2
2009	50174	Montón	1
2009	50175	Morata de Jalón	4
2009	50176	Morata de Jiloca	3
2009	50177	Morés	3
2009	50178	Moros	2
2009	50179	Moyuela	2
2009	50180	Mozota	3
2009	50181	Muel	5
2009	50182	Muela (La)	6
2009	50183	Munébrega	2
2009	50184	Murero	4
2009	50185	Murillo de Gállego	4
2009	50186	Navardún	5
2009	50187	Nigüella	1
2009	50188	Nombrevilla	4
2009	50189	Nonaspe	3
2009	50190	Novallas	4
2009	50191	Novillas	3
2009	50192	Nuévalos	5
2009	50193	Nuez de Ebro	6
2009	50194	Olvés	2
2009	50195	Orcajo	7
2009	50196	Orera	3
2009	50197	Orés	2
2009	50198	Oseja	1
2009	50199	Osera de Ebro	4
2009	50200	Paniza	3
2009	50201	Paracuellos de Jiloca	5
2009	50202	Paracuellos de la Ribera	1
2009	50203	Pastriz	6
2009	50204	Pedrola	5
2009	50205	Pedrosas (Las)	3
2009	50206	Perdiguera	4
2009	50207	Piedratajada	4
2009	50208	Pina de Ebro	6
2009	50209	Pinseque	5
2009	50210	Pintanos (Los)	5
2009	50211	Plasencia de Jalón	3
2009	50212	Pleitas	3
2009	50213	Plenas	4
2009	50214	Pomer	3
2009	50215	Pozuel de Ariza	5
2009	50216	Pozuelo de Aragón	4
2009	50217	Pradilla de Ebro	3
2009	50218	Puebla de Albortón	1
2009	50219	Puebla de Alfindén (La)	7
2009	50220	Puendeluna	2
2009	50221	Purujosa	1
2009	50222	Quinto	5
2009	50223	Remolinos	4
2009	50224	Retascón	4
2009	50225	Ricla	3
2009	50227	Romanos	4
2009	50228	Rueda de Jalón	3
2009	50229	Ruesca	3
2009	50230	Sádaba	4
2009	50231	Salillas de Jalón	3
2009	50232	Salvatierra de Esca	5
2009	50233	Samper del Salz	2
2009	50234	San Martín de la Virgen de Moncayo	4
2009	50235	San Mateo de Gállego	6
2009	50236	Santa Cruz de Grío	2
2009	50237	Santa Cruz de Moncayo	4
2009	50238	Santa Eulalia de Gállego	4
2009	50239	Santed	3
2009	50240	Sástago	6
2009	50241	Saviñán	3
2009	50242	Sediles	3
2009	50243	Sestrica	2
2009	50244	Sierra de Luna	3
2009	50245	Sigüés	6
2009	50246	Sisamón	4
2009	50247	Sobradiel	6
2009	50248	Sos del Rey Católico	5
2009	50249	Tabuenca	2
2009	50250	Talamantes	2
2009	50251	Tarazona	6
2009	50252	Tauste	5
2009	50253	Terrer	4
2009	50254	Tierga	3
2009	50255	Tobed	2
2009	50256	Torralba de los Frailes	2
2009	50257	Torralba de Ribota	2
2009	50258	Torralbilla	1
2009	50259	Torrehermosa	4
2009	50260	Torrelapaja	3
2009	50261	Torrellas	4
2009	50262	Torres de Berrellén	5
2009	50263	Torrijo de la Cañada	2
2009	50264	Tosos	1
2009	50265	Trasmoz	3
2009	50266	Trasobares	2
2009	50267	Uncastillo	3
2009	50268	Undués de Lerda	2
2009	50269	Urrea de Jalón	4
2009	50270	Urriés	2
2009	50271	Used	3
2009	50272	Utebo	7
2009	50273	Valdehorna	3
2009	50274	Val de San Martín	2
2009	50275	Valmadrid	1
2009	50276	Valpalmas	3
2009	50277	Valtorres	3
2009	50278	Velilla de Ebro	4
2009	50279	Velilla de Jiloca	3
2009	50280	Vera de Moncayo	3
2009	50281	Vierlas	3
2009	50282	Vilueña (La)	3
2009	50283	Villadoz	2
2009	50284	Villafeliche	2
2009	50285	Villafranca de Ebro	5
2009	50286	Villalba de Perejil	3
2009	50287	Villalengua	3
2009	50288	Villanueva de Gállego	7
2009	50289	Villanueva de Jiloca	4
2009	50290	Villanueva de Huerva	2
2009	50291	Villar de los Navarros	2
2009	50292	Villarreal de Huerva	5
2009	50293	Villarroya de la Sierra	2
2009	50294	Villarroya del Campo	1
2009	50295	Vistabella	4
2009	50296	Zaida (La)	5
2009	50297	Zaragoza	7
2009	50298	Zuera	7
2009	50901	Biel	4
2009	50902	Marracos	2
2009	50903	Villamayor de Gállego	5
2008	22001	Abiego	5
2008	22002	Abizanda	4
2008	22003	Adahuesca	4
2008	22004	Agüero	3
2008	22006	Aísa	7
2008	22007	Albalate de Cinca	4
2008	22008	Albalatillo	2
2008	22009	Albelda	3
2008	22011	Albero Alto	4
2008	22012	Albero Bajo	5
2008	22013	Alberuela de Tubo	4
2008	22014	Alcalá de Gurrea	4
2008	22015	Alcalá del Obispo	4
2008	22016	Alcampell	4
2008	22017	Alcolea de Cinca	6
2008	22018	Alcubierre	3
2008	22019	Alerre	7
2008	22020	Alfántega	4
2008	22021	Almudévar	6
2008	22022	Almunia de San Juan	4
2008	22023	Almuniente	4
2008	22024	Alquézar	5
2008	22025	Altorricón	5
2008	22027	Angüés	5
2008	22028	Ansó	5
2008	22029	Antillón	4
2008	22032	Aragüés del Puerto	4
2008	22035	Arén	6
2008	22036	Argavieso	4
2008	22037	Arguis	6
2008	22039	Ayerbe	5
2008	22040	Azanuy-Alins	3
2008	22041	Azara	4
2008	22042	Azlor	3
2008	22043	Baells	3
2008	22044	Bailo	7
2008	22045	Baldellou	3
2008	22046	Ballobar	4
2008	22047	Banastás	7
2008	22048	Barbastro	7
2008	22049	Barbués	4
2008	22050	Barbuñales	4
2008	22051	Bárcabo	2
2008	22052	Belver de Cinca	4
2008	22053	Benabarre	6
2008	22054	Benasque	7
2008	22055	Berbegal	4
2008	22057	Bielsa	7
2008	22058	Bierge	4
2008	22059	Biescas	7
2008	22060	Binaced	5
2008	22061	Binéfar	7
2008	22062	Bisaurri	3
2008	22063	Biscarrués	4
2008	22064	Blecua y Torres	4
2008	22066	Boltaña	7
2008	22067	Bonansa	4
2008	22068	Borau	4
2008	22069	Broto	6
2008	22072	Caldearenas	5
2008	22074	Campo	7
2008	22075	Camporrells	3
2008	22076	Canal de Berdún	5
2008	22077	Candasnos	5
2008	22078	Canfranc	7
2008	22079	Capdesaso	3
2008	22080	Capella	4
2008	22081	Casbas de Huesca	4
2008	22082	Castejón del Puente	5
2008	22083	Castejón de Monegros	2
2008	22084	Castejón de Sos	6
2008	22085	Castelflorite	2
2008	22086	Castiello de Jaca	7
2008	22087	Castigaleu	5
2008	22088	Castillazuelo	3
2008	22089	Castillonroy	5
2008	22090	Colungo	2
2008	22094	Chalamera	3
2008	22095	Chía	3
2008	22096	Chimillas	7
2008	22099	Esplús	4
2008	22102	Estada	4
2008	22103	Estadilla	5
2008	22105	Estopiñán del Castillo	5
2008	22106	Fago	4
2008	22107	Fanlo	2
2008	22109	Fiscal	7
2008	22110	Fonz	4
2008	22111	Foradada del Toscar	4
2008	22112	Fraga	7
2008	22113	Fueva (La)	5
2008	22114	Gistaín	1
2008	22115	Grado (El)	7
2008	22116	Grañén	5
2008	22117	Graus	7
2008	22119	Gurrea de Gállego	5
2008	22122	Hoz de Jaca	4
2008	22124	Huerto	3
2008	22125	Huesca	7
2008	22126	Ibieca	2
2008	22127	Igriés	7
2008	22128	Ilche	3
2008	22129	Isábena	4
2008	22130	Jaca	7
2008	22131	Jasa	5
2008	22133	Labuerda	7
2008	22135	Laluenga	4
2008	22136	Lalueza	4
2008	22137	Lanaja	3
2008	22139	Laperdiguera	5
2008	22141	Lascellas-Ponzano	5
2008	22142	Lascuarre	4
2008	22143	Laspaúles	5
2008	22144	Laspuña	4
2008	22149	Loarre	4
2008	22150	Loporzano	4
2008	22151	Loscorrales	3
2008	22155	Monesma y Cajigar	2
2008	22156	Monflorite-Lascasas	7
2008	22157	Montanuy	5
2008	22158	Monzón	7
2008	22160	Naval	3
2008	22162	Novales	4
2008	22163	Nueno	7
2008	22164	Olvena	1
2008	22165	Ontiñena	3
2008	22167	Osso de Cinca	4
2008	22168	Palo	4
2008	22170	Panticosa	7
2008	22172	Peñalba	4
2008	22173	Peñas de Riglos (Las)	4
2008	22174	Peralta de Alcofea	4
2008	22175	Peralta de Calasanz	2
2008	22176	Peraltilla	5
2008	22177	Perarrúa	4
2008	22178	Pertusa	4
2008	22181	Piracés	3
2008	22182	Plan	6
2008	22184	Poleñino	4
2008	22186	Pozán de Vero	3
2008	22187	Puebla de Castro (La)	6
2008	22188	Puente de Montañana	5
2008	22189	Puértolas	4
2008	22190	Pueyo de Araguás (El)	4
2008	22193	Pueyo de Santa Cruz	5
2008	22195	Quicena	7
2008	22197	Robres	3
2008	22199	Sabiñánigo	7
2008	22200	Sahún	7
2008	22201	Salas Altas	3
2008	22202	Salas Bajas	7
2008	22203	Salillas	3
2008	22204	Sallent de Gállego	7
2008	22205	San Esteban de Litera	4
2008	22206	Sangarrén	3
2008	22207	San Juan de Plan	6
2008	22208	Santa Cilia	6
2008	22209	Santa Cruz de la Serós	7
2008	22212	Santaliestra y San Quílez	4
2008	22213	Sariñena	6
2008	22214	Secastilla	4
2008	22215	Seira	7
2008	22217	Sena	3
2008	22218	Senés de Alcubierre	3
2008	22220	Sesa	5
2008	22221	Sesué	5
2008	22222	Siétamo	6
2008	22223	Sopeira	5
2008	22225	Tamarite de Litera	6
2008	22226	Tardienta	7
2008	22227	Tella-Sin	5
2008	22228	Tierz	7
2008	22229	Tolva	4
2008	22230	Torla-Ordesa	7
2008	22232	Torralba de Aragón	4
2008	22233	Torre la Ribera	4
2008	22234	Torrente de Cinca	4
2008	22235	Torres de Alcanadre	5
2008	22236	Torres de Barbués	3
2008	22239	Tramaced	5
2008	22242	Valfarta	2
2008	22243	Valle de Bardají	3
2008	22244	Valle de Lierp	4
2008	22245	Velilla de Cinca	3
2008	22246	Beranuy	3
2008	22247	Viacamp y Litera	6
2008	22248	Vicién	5
2008	22249	Villanova	7
2008	22250	Villanúa	7
2008	22251	Villanueva de Sigena	4
2008	22252	Yebra de Basa	4
2008	22253	Yésero	4
2008	22254	Zaidín	4
2008	22901	Valle de Hecho	7
2008	22902	Puente la Reina de Jaca	7
2008	22903	San Miguel del Cinca	4
2008	22904	Sotonera (La)	5
2008	22905	Lupiñén-Ortilla	5
2008	22906	Santa María de Dulcis	4
2008	22907	Aínsa-Sobrarbe	7
2008	22908	Hoz y Costeán	5
2008	22909	Vencillón	4
2008	44001	Ababuj	2
2008	44002	Abejuela	4
2008	44003	Aguatón	4
2008	44004	Aguaviva	3
2008	44005	Aguilar del Alfambra	2
2008	44006	Alacón	2
2008	44007	Alba	3
2008	44008	Albalate del Arzobispo	5
2008	44009	Albarracín	6
2008	44010	Albentosa	5
2008	44011	Alcaine	3
2008	44012	Alcalá de la Selva	7
2008	44013	Alcañiz	7
2008	44014	Alcorisa	6
2008	44016	Alfambra	3
2008	44017	Aliaga	4
2008	44018	Almohaja	1
2008	44019	Alobras	1
2008	44020	Alpeñés	7
2008	44021	Allepuz	1
2008	44022	Alloza	4
2008	44023	Allueva	1
2008	44024	Anadón	2
2008	44025	Andorra	7
2008	44026	Arcos de las Salinas	4
2008	44027	Arens de Lledó	2
2008	44028	Argente	3
2008	44029	Ariño	6
2008	44031	Azaila	3
2008	44032	Bádenas	1
2008	44033	Báguena	2
2008	44034	Bañón	3
2008	44035	Barrachina	3
2008	44036	Bea	7
2008	44037	Beceite	4
2008	44038	Belmonte de San José	3
2008	44039	Bello	3
2008	44040	Berge	6
2008	44041	Bezas	2
2008	44042	Blancas	3
2008	44043	Blesa	3
2008	44044	Bordón	4
2008	44045	Bronchales	4
2008	44046	Bueña	4
2008	44047	Burbáguena	2
2008	44048	Cabra de Mora	7
2008	44049	Calaceite	4
2008	44050	Calamocha	7
2008	44051	Calanda	5
2008	44052	Calomarde	1
2008	44053	Camañas	3
2008	44054	Camarena de la Sierra	3
2008	44055	Camarillas	3
2008	44056	Caminreal	4
2008	44059	Cantavieja	5
2008	44060	Cañada de Benatanduz	5
2008	44061	Cañada de Verich (La)	4
2008	44062	Cañada Vellida	4
2008	44063	Cañizar del Olivar	7
2008	44064	Cascante del Río	4
2008	44065	Castejón de Tornos	1
2008	44066	Castel de Cabra	4
2008	44067	Castelnou	3
2008	44068	Castelserás	4
2008	44070	Castellar (El)	3
2008	44071	Castellote	6
2008	44074	Cedrillas	4
2008	44075	Celadas	3
2008	44076	Cella	4
2008	44077	Cerollera (La)	3
2008	44080	Codoñera (La)	3
2008	44082	Corbalán	5
2008	44084	Cortes de Aragón	5
2008	44085	Cosa	3
2008	44086	Cretas	3
2008	44087	Crivillén	7
2008	44088	Cuba (La)	4
2008	44089	Cubla	2
2008	44090	Cucalón	3
2008	44092	Cuervo (El)	2
2008	44093	Cuevas de Almudén	5
2008	44094	Cuevas Labradas	3
2008	44096	Ejulve	6
2008	44097	Escorihuela	2
2008	44099	Escucha	6
2008	44100	Estercuel	7
2008	44101	Ferreruela de Huerva	2
2008	44102	Fonfría	2
2008	44103	Formiche Alto	3
2008	44105	Fórnoles	1
2008	44106	Fortanete	2
2008	44107	Foz-Calanda	3
2008	44108	Fresneda (La)	4
2008	44109	Frías de Albarracín	2
2008	44110	Fuenferrada	5
2008	44111	Fuentes Calientes	4
2008	44112	Fuentes Claras	2
2008	44113	Fuentes de Rubielos	2
2008	44114	Fuentespalda	3
2008	44115	Galve	4
2008	44116	Gargallo	6
2008	44117	Gea de Albarracín	4
2008	44118	Ginebrosa (La)	3
2008	44119	Griegos	2
2008	44120	Guadalaviar	3
2008	44121	Gúdar	2
2008	44122	Híjar	4
2008	44123	Hinojosa de Jarque	5
2008	44124	Hoz de la Vieja (La)	1
2008	44125	Huesa del Común	2
2008	44126	Iglesuela del Cid (La)	3
2008	44127	Jabaloyas	2
2008	44128	Jarque de la Val	3
2008	44129	Jatiel	3
2008	44130	Jorcas	2
2008	44131	Josa	1
2008	44132	Lagueruela	4
2008	44133	Lanzuela	2
2008	44135	Libros	3
2008	44136	Lidón	3
2008	44137	Linares de Mora	2
2008	44138	Loscos	2
2008	44141	Lledó	3
2008	44142	Maicas	1
2008	44143	Manzanera	5
2008	44144	Martín del Río	6
2008	44145	Mas de las Matas	4
2008	44146	Mata de los Olmos (La)	5
2008	44147	Mazaleón	3
2008	44148	Mezquita de Jarque	4
2008	44149	Mirambel	5
2008	44150	Miravete de la Sierra	2
2008	44151	Molinos	5
2008	44152	Monforte de Moyuela	2
2008	44153	Monreal del Campo	4
2008	44154	Monroyo	4
2008	44155	Montalbán	6
2008	44156	Monteagudo del Castillo	4
2008	44157	Monterde de Albarracín	3
2008	44158	Mora de Rubielos	5
2008	44159	Moscardón	2
2008	44160	Mosqueruela	3
2008	44161	Muniesa	3
2008	44163	Noguera de Albarracín	2
2008	44164	Nogueras	5
2008	44165	Nogueruelas	2
2008	44167	Obón	1
2008	44168	Odón	3
2008	44169	Ojos Negros	4
2008	44171	Olba	3
2008	44172	Oliete	3
2008	44173	Olmos (Los)	3
2008	44174	Orihuela del Tremedal	4
2008	44175	Orrios	3
2008	44176	Palomar de Arroyos	6
2008	44177	Pancrudo	4
2008	44178	Parras de Castellote (Las)	4
2008	44179	Peñarroya de Tastavins	3
2008	44180	Peracense	2
2008	44181	Peralejos	3
2008	44182	Perales del Alfambra	4
2008	44183	Pitarque	2
2008	44184	Plou	1
2008	44185	Pobo (El)	4
2008	44187	Portellada (La)	3
2008	44189	Pozondón	1
2008	44190	Pozuel del Campo	2
2008	44191	Puebla de Híjar (La)	4
2008	44192	Puebla de Valverde (La)	4
2008	44193	Puertomingalvo	2
2008	44194	Ráfales	3
2008	44195	Rillo	2
2008	44196	Riodeva	2
2008	44197	Ródenas	3
2008	44198	Royuela	2
2008	44199	Rubiales	3
2008	44200	Rubielos de la Cérida	1
2008	44201	Rubielos de Mora	5
2008	44203	Salcedillo	7
2008	44204	Saldón	1
2008	44205	Samper de Calanda	4
2008	44206	San Agustín	3
2008	44207	San Martín del Río	2
2008	44208	Santa Cruz de Nogueras	5
2008	44209	Santa Eulalia	5
2008	44210	Sarrión	4
2008	44211	Segura de los Baños	2
2008	44212	Seno	3
2008	44213	Singra	3
2008	44215	Terriente	1
2008	44216	Teruel	7
2008	44217	Toril y Masegoso	2
2008	44218	Tormón	1
2008	44219	Tornos	2
2008	44220	Torralba de los Sisones	3
2008	44221	Torrecilla de Alcañiz	3
2008	44222	Torrecilla del Rebollar	1
2008	44223	Torre de Arcas	4
2008	44224	Torre de las Arcas	1
2008	44225	Torre del Compte	5
2008	44226	Torrelacárcel	2
2008	44227	Torre los Negros	1
2008	44228	Torremocha de Jiloca	2
2008	44229	Torres de Albarracín	2
2008	44230	Torrevelilla	3
2008	44231	Torrijas	4
2008	44232	Torrijo del Campo	3
2008	44234	Tramacastiel	3
2008	44235	Tramacastilla	3
2008	44236	Tronchón	2
2008	44237	Urrea de Gaén	4
2008	44238	Utrillas	7
2008	44239	Valacloche	2
2008	44240	Valbona	4
2008	44241	Valdealgorfa	3
2008	44243	Valdecuenca	2
2008	44244	Valdelinares	2
2008	44245	Valdeltormo	3
2008	44246	Valderrobres	5
2008	44247	Valjunquera	3
2008	44249	Vallecillo (El)	2
2008	44250	Veguillas de la Sierra	1
2008	44251	Villafranca del Campo	3
2008	44252	Villahermosa del Campo	5
2008	44256	Villanueva del Rebollar de la Sierra	2
2008	44257	Villar del Cobo	2
2008	44258	Villar del Salz	2
2008	44260	Villarluengo	3
2008	44261	Villarquemado	4
2008	44262	Villarroya de los Pinares	3
2008	44263	Villastar	6
2008	44264	Villel	3
2008	44265	Vinaceite	3
2008	44266	Visiedo	3
2008	44267	Vivel del Río Martín	2
2008	44268	Zoma (La)	4
2008	50001	Abanto	3
2008	50002	Acered	2
2008	50003	Agón	5
2008	50004	Aguarón	3
2008	50005	Aguilón	1
2008	50006	Ainzón	4
2008	50007	Aladrén	1
2008	50008	Alagón	6
2008	50009	Alarba	2
2008	50010	Alberite de San Juan	3
2008	50011	Albeta	7
2008	50012	Alborge	2
2008	50013	Alcalá de Ebro	5
2008	50014	Alcalá de Moncayo	4
2008	50015	Alconchel de Ariza	3
2008	50016	Aldehuela de Liestos	1
2008	50017	Alfajarín	6
2008	50018	Alfamén	4
2008	50019	Alforque	2
2008	50020	Alhama de Aragón	5
2008	50021	Almochuel	5
2008	50022	Almolda (La)	4
2008	50023	Almonacid de la Cuba	2
2008	50024	Almonacid de la Sierra	4
2008	50025	Almunia de Doña Godina (La)	6
2008	50026	Alpartir	3
2008	50027	Ambel	3
2008	50028	Anento	3
2008	50029	Aniñón	3
2008	50030	Añón de Moncayo	4
2008	50031	Aranda de Moncayo	2
2008	50032	Arándiga	2
2008	50033	Ardisa	3
2008	50034	Ariza	4
2008	50035	Artieda	6
2008	50036	Asín	4
2008	50037	Atea	2
2008	50038	Ateca	4
2008	50039	Azuara	2
2008	50040	Badules	4
2008	50041	Bagüés	1
2008	50042	Balconchán	7
2008	50043	Bárboles	5
2008	50044	Bardallur	3
2008	50045	Belchite	4
2008	50046	Belmonte de Gracián	2
2008	50047	Berdejo	2
2008	50048	Berrueco	4
2008	50050	Bijuesca	1
2008	50051	Biota	4
2008	50052	Bisimbre	4
2008	50053	Boquiñeni	3
2008	50054	Bordalba	4
2008	50055	Borja	6
2008	50056	Botorrita	5
2008	50057	Brea de Aragón	4
2008	50058	Bubierca	2
2008	50059	Bujaraloz	5
2008	50060	Bulbuente	4
2008	50061	Bureta	2
2008	50062	Burgo de Ebro (El)	6
2008	50063	Buste (El)	3
2008	50064	Cabañas de Ebro	7
2008	50065	Cabolafuente	4
2008	50066	Cadrete	7
2008	50067	Calatayud	7
2008	50068	Calatorao	5
2008	50069	Calcena	3
2008	50070	Calmarza	3
2008	50071	Campillo de Aragón	3
2008	50072	Carenas	2
2008	50073	Cariñena	5
2008	50074	Caspe	6
2008	50075	Castejón de Alarba	2
2008	50076	Castejón de las Armas	4
2008	50077	Castejón de Valdejasa	3
2008	50078	Castiliscar	4
2008	50079	Cervera de la Cañada	2
2008	50080	Cerveruela	3
2008	50081	Cetina	3
2008	50082	Cimballa	1
2008	50083	Cinco Olivas	4
2008	50084	Clarés de Ribota	2
2008	50085	Codo	2
2008	50086	Codos	3
2008	50087	Contamina	7
2008	50088	Cosuenda	3
2008	50089	Cuarte de Huerva	7
2008	50090	Cubel	4
2008	50091	Cuerlas (Las)	3
2008	50092	Chiprana	5
2008	50093	Chodes	2
2008	50094	Daroca	7
2008	50095	Ejea de los Caballeros	6
2008	50096	Embid de Ariza	2
2008	50098	Encinacorba	5
2008	50099	Épila	5
2008	50100	Erla	3
2008	50101	Escatrón	5
2008	50102	Fabara	3
2008	50104	Farlete	2
2008	50105	Fayón	3
2008	50106	Fayos (Los)	4
2008	50107	Figueruelas	7
2008	50108	Fombuena	1
2008	50109	Frago (El)	1
2008	50110	Frasno (El)	2
2008	50111	Fréscano	7
2008	50113	Fuendejalón	3
2008	50114	Fuendetodos	6
2008	50115	Fuentes de Ebro	5
2008	50116	Fuentes de Jiloca	3
2008	50117	Gallocanta	4
2008	50118	Gallur	6
2008	50119	Gelsa	4
2008	50120	Godojos	4
2008	50121	Gotor	3
2008	50122	Grisel	2
2008	50123	Grisén	5
2008	50124	Herrera de los Navarros	3
2008	50125	Ibdes	3
2008	50126	Illueca	6
2008	50128	Isuerre	2
2008	50129	Jaraba	4
2008	50130	Jarque	3
2008	50131	Jaulín	3
2008	50132	Joyosa (La)	5
2008	50133	Lagata	2
2008	50134	Langa del Castillo	3
2008	50135	Layana	4
2008	50136	Lécera	3
2008	50137	Leciñena	3
2008	50138	Lechón	4
2008	50139	Letux	1
2008	50140	Litago	2
2008	50141	Lituénigo	7
2008	50142	Lobera de Onsella	1
2008	50143	Longares	3
2008	50144	Longás	3
2008	50146	Lucena de Jalón	5
2008	50147	Luceni	4
2008	50148	Luesia	2
2008	50149	Luesma	1
2008	50150	Lumpiaque	3
2008	50151	Luna	3
2008	50152	Maella	3
2008	50153	Magallón	4
2008	50154	Mainar	4
2008	50155	Malanquilla	2
2008	50156	Maleján	4
2008	50157	Malón	5
2008	50159	Maluenda	4
2008	50160	Mallén	4
2008	50161	Manchones	2
2008	50162	Mara	2
2008	50163	María de Huerva	6
2008	50164	Mediana de Aragón	3
2008	50165	Mequinenza	5
2008	50166	Mesones de Isuela	4
2008	50167	Mezalocha	4
2008	50168	Mianos	2
2008	50169	Miedes de Aragón	2
2008	50170	Monegrillo	2
2008	50171	Moneva	1
2008	50172	Monreal de Ariza	3
2008	50173	Monterde	2
2008	50174	Montón	2
2008	50175	Morata de Jalón	4
2008	50176	Morata de Jiloca	2
2008	50177	Morés	3
2008	50178	Moros	2
2008	50179	Moyuela	2
2008	50180	Mozota	3
2008	50181	Muel	6
2008	50182	Muela (La)	6
2008	50183	Munébrega	2
2008	50184	Murero	3
2008	50185	Murillo de Gállego	3
2008	50186	Navardún	5
2008	50187	Nigüella	1
2008	50188	Nombrevilla	3
2008	50189	Nonaspe	3
2008	50190	Novallas	4
2008	50191	Novillas	3
2008	50192	Nuévalos	5
2008	50193	Nuez de Ebro	6
2008	50194	Olvés	1
2008	50195	Orcajo	6
2008	50196	Orera	2
2008	50197	Orés	2
2008	50198	Oseja	2
2008	50199	Osera de Ebro	4
2008	50200	Paniza	3
2008	50201	Paracuellos de Jiloca	5
2008	50202	Paracuellos de la Ribera	1
2008	50203	Pastriz	6
2008	50204	Pedrola	6
2008	50205	Pedrosas (Las)	3
2008	50206	Perdiguera	4
2008	50207	Piedratajada	4
2008	50208	Pina de Ebro	6
2008	50209	Pinseque	5
2008	50210	Pintanos (Los)	6
2008	50211	Plasencia de Jalón	3
2008	50212	Pleitas	3
2008	50213	Plenas	5
2008	50214	Pomer	4
2008	50215	Pozuel de Ariza	5
2008	50216	Pozuelo de Aragón	4
2008	50217	Pradilla de Ebro	3
2008	50218	Puebla de Albortón	1
2008	50219	Puebla de Alfindén (La)	7
2008	50220	Puendeluna	2
2008	50221	Purujosa	1
2008	50222	Quinto	5
2008	50223	Remolinos	4
2008	50224	Retascón	2
2008	50225	Ricla	3
2008	50227	Romanos	4
2008	50228	Rueda de Jalón	3
2008	50229	Ruesca	3
2008	50230	Sádaba	4
2008	50231	Salillas de Jalón	3
2008	50232	Salvatierra de Esca	5
2008	50233	Samper del Salz	2
2008	50234	San Martín de la Virgen de Moncayo	4
2008	50235	San Mateo de Gállego	6
2008	50236	Santa Cruz de Grío	2
2008	50237	Santa Cruz de Moncayo	4
2008	50238	Santa Eulalia de Gállego	3
2008	50239	Santed	4
2008	50240	Sástago	6
2008	50241	Saviñán	3
2008	50242	Sediles	3
2008	50243	Sestrica	2
2008	50244	Sierra de Luna	3
2008	50245	Sigüés	5
2008	50246	Sisamón	3
2008	50247	Sobradiel	5
2008	50248	Sos del Rey Católico	5
2008	50249	Tabuenca	2
2008	50250	Talamantes	3
2008	50251	Tarazona	6
2008	50252	Tauste	6
2008	50253	Terrer	4
2008	50254	Tierga	3
2008	50255	Tobed	2
2008	50256	Torralba de los Frailes	3
2008	50257	Torralba de Ribota	2
2008	50258	Torralbilla	2
2008	50259	Torrehermosa	4
2008	50260	Torrelapaja	3
2008	50261	Torrellas	4
2008	50262	Torres de Berrellén	5
2008	50263	Torrijo de la Cañada	2
2008	50264	Tosos	1
2008	50265	Trasmoz	3
2008	50266	Trasobares	2
2008	50267	Uncastillo	3
2008	50268	Undués de Lerda	2
2008	50269	Urrea de Jalón	4
2008	50270	Urriés	3
2008	50271	Used	3
2008	50272	Utebo	7
2008	50273	Valdehorna	3
2008	50274	Val de San Martín	3
2008	50275	Valmadrid	1
2008	50276	Valpalmas	3
2008	50277	Valtorres	2
2008	50278	Velilla de Ebro	3
2008	50279	Velilla de Jiloca	3
2008	50280	Vera de Moncayo	3
2008	50281	Vierlas	2
2008	50282	Vilueña (La)	2
2008	50283	Villadoz	2
2008	50284	Villafeliche	3
2008	50285	Villafranca de Ebro	5
2008	50286	Villalba de Perejil	3
2008	50287	Villalengua	3
2008	50288	Villanueva de Gállego	7
2008	50289	Villanueva de Jiloca	4
2008	50290	Villanueva de Huerva	2
2008	50291	Villar de los Navarros	2
2008	50292	Villarreal de Huerva	5
2008	50293	Villarroya de la Sierra	2
2008	50294	Villarroya del Campo	2
2008	50295	Vistabella	4
2008	50296	Zaida (La)	5
2008	50297	Zaragoza	7
2008	50298	Zuera	7
2008	50901	Biel	3
2008	50902	Marracos	1
2008	50903	Villamayor de Gállego	5