Municipio código	Municipio nombre	Viviendas en el edificio	Número de edificios
22001	Abiego	01	178
22002	Abizanda	01	82
22003	Adahuesca	01	108
22004	Agüero	01	206
22006	Aísa	01	140
22007	Albalate de Cinca	01	363
22008	Albalatillo	01	115
22009	Albelda	01	386
22011	Albero Alto	01	48
22012	Albero Bajo	01	44
22013	Alberuela de Tubo	01	136
22014	Alcalá de Gurrea	01	201
22015	Alcalá del Obispo	01	257
22016	Alcampell	01	491
22017	Alcolea de Cinca	01	346
22018	Alcubierre	01	251
22019	Alerre	01	60
22020	Alfántega	01	69
22021	Almudévar	01	931
22022	Almunia de San Juan	01	338
22023	Almuniente	01	252
22024	Alquézar	01	190
22025	Altorricón	01	514
22027	Angüés	01	309
22028	Ansó	01	290
22029	Antillón	01	67
22032	Aragüés del Puerto	01	124
22035	Arén	01	198
22036	Argavieso	01	65
22037	Arguis	01	56
22039	Ayerbe	01	415
22040	Azanuy-Alins	01	198
22041	Azara	01	89
22042	Azlor	01	99
22043	Baells	01	95
22044	Bailo	01	152
22045	Baldellou	01	143
22046	Ballobar	01	442
22047	Banastás	01	67
22048	Barbastro	01	1144
22049	Barbués	01	58
22050	Barbuñales	01	75
22051	Bárcabo	01	64
22052	Belver de Cinca	01	482
22053	Benabarre	01	499
22054	Benasque	01	294
22055	Berbegal	01	264
22057	Bielsa	01	228
22058	Bierge	01	180
22059	Biescas	01	581
22060	Binaced	01	566
22061	Binéfar	01	1307
22062	Bisaurri	01	126
22063	Biscarrués	01	135
22064	Blecua y Torres	01	134
22066	Boltaña	01	243
22067	Bonansa	01	51
22068	Borau	01	79
22069	Broto	01	256
22072	Caldearenas	01	185
22074	Campo	01	199
22075	Camporrells	01	192
22076	Canal de Berdún	01	269
22077	Candasnos	01	262
22078	Canfranc	01	97
22079	Capdesaso	01	98
22080	Capella	01	203
22081	Casbas de Huesca	01	347
22082	Castejón del Puente	01	215
22083	Castejón de Monegros	01	333
22084	Castejón de Sos	01	185
22085	Castelflorite	01	57
22086	Castiello de Jaca	01	92
22087	Castigaleu	01	45
22088	Castillazuelo	01	125
22089	Castillonroy	01	245
22090	Colungo	01	85
22094	Chalamera	01	86
22095	Chía	01	55
22096	Chimillas	01	71
22099	Esplús	01	238
22102	Estada	01	94
22103	Estadilla	01	330
22105	Estopiñán del Castillo	01	175
22106	Fago	01	77
22107	Fanlo	01	118
22109	Fiscal	01	200
22110	Fonz	01	518
22111	Foradada del Toscar	01	136
22112	Fraga	01	1466
22113	Fueva (La)	01	266
22114	Gistaín	01	55
22115	Grado (El)	01	360
22116	Grañén	01	608
22117	Graus	01	1108
22119	Gurrea de Gállego	01	753
22122	Hoz de Jaca	01	66
22124	Huerto	01	192
22125	Huesca	01	1072
22126	Ibieca	01	77
22127	Igriés	01	104
22128	Ilche	01	137
22129	Isábena	01	135
22130	Jaca	01	1109
22131	Jasa	01	112
22133	Labuerda	01	85
22135	Laluenga	01	150
22136	Lalueza	01	531
22137	Lanaja	01	741
22139	Laperdiguera	01	75
22141	Lascellas-Ponzano	01	143
22142	Lascuarre	01	108
22143	Laspaúles	01	160
22144	Laspuña	01	106
22149	Loarre	01	261
22150	Loporzano	01	211
22151	Loscorrales	01	63
22155	Monesma y Cajigar	01	60
22156	Monflorite-Lascasas	01	86
22157	Montanuy	01	178
22158	Monzón	01	2285
22160	Naval	01	138
22162	Novales	01	73
22163	Nueno	01	214
22164	Olvena	01	39
22165	Ontiñena	01	395
22167	Osso de Cinca	01	247
22168	Palo	01	38
22170	Panticosa	01	203
22172	Peñalba	01	238
22173	Peñas de Riglos (Las)	01	393
22174	Peralta de Alcofea	01	403
22175	Peralta de Calasanz	01	335
22176	Peraltilla	01	88
22177	Perarrúa	01	96
22178	Pertusa	01	98
22181	Piracés	01	46
22182	Plan	01	123
22184	Poleñino	01	113
22186	Pozán de Vero	01	139
22187	Puebla de Castro (La)	01	289
22188	Puente de Montañana	01	87
22189	Puértolas	01	90
22190	Pueyo de Araguás (El)	01	55
22193	Pueyo de Santa Cruz	01	149
22195	Quicena	01	51
22197	Robres	01	240
22199	Sabiñánigo	01	890
22200	Sahún	01	155
22201	Salas Altas	01	141
22202	Salas Bajas	01	104
22203	Salillas	01	78
22204	Sallent de Gállego	01	324
22205	San Esteban de Litera	01	443
22206	Sangarrén	01	121
22207	San Juan de Plan	01	44
22208	Santa Cilia	01	103
22209	Santa Cruz de la Serós	01	74
22212	Santaliestra y San Quílez	01	71
22213	Sariñena	01	1430
22214	Secastilla	01	68
22215	Seira	01	89
22217	Sena	01	330
22218	Senés de Alcubierre	01	37
22220	Sesa	01	138
22221	Sesué	01	79
22222	Siétamo	01	231
22223	Sopeira	01	60
22225	Tamarite de Litera	01	1054
22226	Tardienta	01	291
22227	Tella-Sin	01	83
22228	Tierz	01	64
22229	Tolva	01	156
22230	Torla	01	131
22232	Torralba de Aragón	01	71
22233	Torre la Ribera	01	49
22234	Torrente de Cinca	01	374
22235	Torres de Alcanadre	01	90
22236	Torres de Barbués	01	152
22239	Tramaced	01	45
22242	Valfarta	01	59
22243	Valle de Bardají	01	20
22244	Valle de Lierp	01	39
22245	Velilla de Cinca	01	224
22246	Veracruz	01	74
22247	Viacamp y Litera	01	23
22248	Vicién	01	48
22249	Villanova	01	98
22250	Villanúa	01	270
22251	Villanueva de Sigena	01	228
22252	Yebra de Basa	01	63
22253	Yésero	01	53
22254	Zaidín	01	517
22901	Valle de Hecho	01	463
22902	Puente la Reina de Jaca	01	126
22903	San Miguel del Cinca	01	396
22904	Sotonera (La)	01	666
22905	Lupiñén-Ortilla	01	192
22906	Santa María de Dulcis	01	97
22907	Aínsa-Sobrarbe	01	495
22908	Hoz y Costeán	01	150
22909	Vencillón	01	163
44001	Ababuj	01	76
44002	Abejuela	01	131
44003	Aguatón	01	32
44004	Aguaviva	01	486
44005	Aguilar del Alfambra	01	84
44006	Alacón	01	338
44007	Alba	01	219
44008	Albalate del Arzobispo	01	1016
44009	Albarracín	01	386
44010	Albentosa	01	235
44011	Alcaine	01	212
44012	Alcalá de la Selva	01	776
44013	Alcañiz	01	1696
44014	Alcorisa	01	916
44016	Alfambra	01	379
44017	Aliaga	01	422
44018	Almohaja	01	50
44019	Alobras	01	103
44020	Alpeñés	01	37
44021	Allepuz	01	164
44022	Alloza	01	497
44023	Allueva	01	58
44024	Anadón	01	56
44025	Andorra	01	1617
44026	Arcos de las Salinas	01	207
44027	Arens de Lledó	01	134
44028	Argente	01	159
44029	Ariño	01	498
44031	Azaila	01	160
44032	Bádenas	01	40
44033	Báguena	01	396
44034	Bañón	01	160
44035	Barrachina	01	184
44036	Bea	01	41
44037	Beceite	01	424
44038	Belmonte de San José	01	118
44039	Bello	01	335
44040	Berge	01	162
44041	Bezas	01	93
44042	Blancas	01	237
44043	Blesa	01	269
44044	Bordón	01	139
44045	Bronchales	01	338
44046	Bueña	01	78
44047	Burbáguena	01	268
44048	Cabra de Mora	01	74
44049	Calaceite	01	656
44050	Calamocha	01	1822
44051	Calanda	01	1004
44052	Calomarde	01	98
44053	Camañas	01	94
44054	Camarena de la Sierra	01	281
44055	Camarillas	01	167
44056	Caminreal	01	439
44059	Cantavieja	01	308
44060	Cañada de Benatanduz	01	74
44061	Cañada de Verich (La)	01	71
44062	Cañada Vellida	01	54
44063	Cañizar del Olivar	01	117
44064	Cascante del Río	01	186
44065	Castejón de Tornos	01	133
44066	Castel de Cabra	01	145
44067	Castelnou	01	128
44068	Castelserás	01	473
44070	Castellar (El)	01	94
44071	Castellote	01	677
44074	Cedrillas	01	259
44075	Celadas	01	166
44076	Cella	01	958
44077	Cerollera (La)	01	73
44080	Codoñera (La)	01	265
44082	Corbalán	01	91
44084	Cortes de Aragón	01	127
44085	Cosa	01	95
44086	Cretas	01	308
44087	Crivillén	01	167
44088	Cuba (La)	01	71
44089	Cubla	01	105
44090	Cucalón	01	140
44092	Cuervo (El)	01	131
44093	Cuevas de Almudén	01	56
44094	Cuevas Labradas	01	95
44096	Ejulve	01	233
44097	Escorihuela	01	178
44099	Escucha	01	261
44100	Estercuel	01	203
44101	Ferreruela de Huerva	01	69
44102	Fonfría	01	44
44103	Formiche Alto	01	175
44105	Fórnoles	01	149
44106	Fortanete	01	208
44107	Foz-Calanda	01	177
44108	Fresneda (La)	01	462
44109	Frías de Albarracín	01	144
44110	Fuenferrada	01	93
44111	Fuentes Calientes	01	97
44112	Fuentes Claras	01	390
44113	Fuentes de Rubielos	01	131
44114	Fuentespalda	01	199
44115	Galve	01	80
44116	Gargallo	01	128
44117	Gea de Albarracín	01	331
44118	Ginebrosa (La)	01	237
44119	Griegos	01	139
44120	Guadalaviar	01	153
44121	Gúdar	01	132
44122	Híjar	01	805
44123	Hinojosa de Jarque	01	100
44124	Hoz de la Vieja (La)	01	253
44125	Huesa del Común	01	220
44126	Iglesuela del Cid (La)	01	292
44127	Jabaloyas	01	139
44128	Jarque de la Val	01	70
44129	Jatiel	01	77
44130	Jorcas	01	86
44131	Josa	01	136
44132	Lagueruela	01	76
44133	Lanzuela	01	33
44135	Libros	01	167
44136	Lidón	01	72
44137	Linares de Mora	01	284
44138	Loscos	01	198
44141	Lledó	01	106
44142	Maicas	01	78
44143	Manzanera	01	631
44144	Martín del Río	01	216
44145	Mas de las Matas	01	633
44146	Mata de los Olmos (La)	01	153
44147	Mazaleón	01	368
44148	Mezquita de Jarque	01	80
44149	Mirambel	01	114
44150	Miravete de la Sierra	01	78
44151	Molinos	01	259
44152	Monforte de Moyuela	01	121
44153	Monreal del Campo	01	1002
44154	Monroyo	01	198
44155	Montalbán	01	552
44156	Monteagudo del Castillo	01	99
44157	Monterde de Albarracín	01	147
44158	Mora de Rubielos	01	774
44159	Moscardón	01	78
44160	Mosqueruela	01	416
44161	Muniesa	01	475
44163	Noguera de Albarracín	01	142
44164	Nogueras	01	84
44165	Nogueruelas	01	243
44167	Obón	01	250
44168	Odón	01	222
44169	Ojos Negros	01	473
44171	Olba	01	396
44172	Oliete	01	561
44173	Olmos (Los)	01	159
44174	Orihuela del Tremedal	01	365
44175	Orrios	01	122
44176	Palomar de Arroyos	01	172
44177	Pancrudo	01	194
44178	Parras de Castellote (Las)	01	203
44179	Peñarroya de Tastavins	01	368
44180	Peracense	01	113
44181	Peralejos	01	66
44182	Perales del Alfambra	01	180
44183	Pitarque	01	132
44184	Plou	01	73
44185	Pobo (El)	01	145
44187	Portellada (La)	01	189
44189	Pozondón	01	125
44190	Pozuel del Campo	01	156
44191	Puebla de Híjar (La)	01	742
44192	Puebla de Valverde (La)	01	369
44193	Puertomingalvo	01	182
44194	Ráfales	01	174
44195	Rillo	01	111
44196	Riodeva	01	196
44197	Ródenas	01	115
44198	Royuela	01	149
44199	Rubiales	01	50
44200	Rubielos de la Cérida	01	78
44201	Rubielos de Mora	01	544
44203	Salcedillo	01	33
44204	Saldón	01	92
44205	Samper de Calanda	01	652
44206	San Agustín	01	184
44207	San Martín del Río	01	280
44208	Santa Cruz de Nogueras	01	53
44209	Santa Eulalia	01	710
44210	Sarrión	01	648
44211	Segura de los Baños	01	90
44212	Seno	01	90
44213	Singra	01	94
44215	Terriente	01	187
44216	Teruel	01	3181
44217	Toril y Masegoso	01	91
44218	Tormón	01	68
44219	Tornos	01	255
44220	Torralba de los Sisones	01	140
44221	Torrecilla de Alcañiz	01	262
44222	Torrecilla del Rebollar	01	207
44223	Torre de Arcas	01	88
44224	Torre de las Arcas	01	88
44225	Torre del Compte	01	177
44226	Torrelacárcel	01	239
44227	Torre los Negros	01	121
44228	Torremocha de Jiloca	01	125
44229	Torres de Albarracín	01	133
44230	Torrevelilla	01	163
44231	Torrijas	01	165
44232	Torrijo del Campo	01	348
44234	Tramacastiel	01	167
44235	Tramacastilla	01	126
44236	Tronchón	01	123
44237	Urrea de Gaén	01	372
44238	Utrillas	01	505
44239	Valacloche	01	68
44240	Valbona	01	232
44241	Valdealgorfa	01	351
44243	Valdecuenca	01	81
44244	Valdelinares	01	134
44245	Valdeltormo	01	216
44246	Valderrobres	01	775
44247	Valjunquera	01	275
44249	Vallecillo (El)	01	78
44250	Veguillas de la Sierra	01	49
44251	Villafranca del Campo	01	271
44252	Villahermosa del Campo	01	61
44256	Villanueva del Rebollar de la Sierra	01	91
44257	Villar del Cobo	01	117
44258	Villar del Salz	01	97
44260	Villarluengo	01	162
44261	Villarquemado	01	496
44262	Villarroya de los Pinares	01	182
44263	Villastar	01	231
44264	Villel	01	322
44265	Vinaceite	01	182
44266	Visiedo	01	140
44267	Vivel del Río Martín	01	212
44268	Zoma (La)	01	18
50001	Abanto	01	142
50002	Acered	01	200
50003	Agón	01	108
50004	Aguarón	01	450
50005	Aguilón	01	234
50006	Ainzón	01	381
50007	Aladrén	01	147
50008	Alagón	01	1322
50009	Alarba	01	187
50010	Alberite de San Juan	01	53
50011	Albeta	01	63
50012	Alborge	01	98
50013	Alcalá de Ebro	01	175
50014	Alcalá de Moncayo	01	70
50015	Alconchel de Ariza	01	138
50016	Aldehuela de Liestos	01	94
50017	Alfajarín	01	645
50018	Alfamén	01	520
50019	Alforque	01	106
50020	Alhama de Aragón	01	421
50021	Almochuel	01	25
50022	Almolda (La)	01	309
50023	Almonacid de la Cuba	01	160
50024	Almonacid de la Sierra	01	456
50025	Almunia de Doña Godina (La)	01	1431
50026	Alpartir	01	284
50027	Ambel	01	210
50028	Anento	01	132
50029	Aniñón	01	393
50030	Añón de Moncayo	01	183
50031	Aranda de Moncayo	01	286
50032	Arándiga	01	416
50033	Ardisa	01	87
50034	Ariza	01	430
50035	Artieda	01	45
50036	Asín	01	97
50037	Atea	01	223
50038	Ateca	01	600
50039	Azuara	01	691
50040	Badules	01	87
50041	Bagüés	01	25
50042	Balconchán	01	40
50043	Bárboles	01	213
50044	Bardallur	01	184
50045	Belchite	01	804
50046	Belmonte de Gracián	01	179
50047	Berdejo	01	83
50048	Berrueco	01	41
50050	Bijuesca	01	219
50051	Biota	01	509
50052	Bisimbre	01	69
50053	Boquiñeni	01	352
50054	Bordalba	01	153
50055	Borja	01	1718
50056	Botorrita	01	218
50057	Brea de Aragón	01	442
50058	Bubierca	01	136
50059	Bujaraloz	01	334
50060	Bulbuente	01	176
50061	Bureta	01	130
50062	Burgo de Ebro (El)	01	540
50063	Buste (El)	01	84
50064	Cabañas de Ebro	01	224
50065	Cabolafuente	01	100
50066	Cadrete	01	837
50067	Calatayud	01	1487
50068	Calatorao	01	1135
50069	Calcena	01	93
50070	Calmarza	01	86
50071	Campillo de Aragón	01	215
50072	Carenas	01	395
50073	Cariñena	01	514
50074	Caspe	01	2046
50075	Castejón de Alarba	01	146
50076	Castejón de las Armas	01	114
50077	Castejón de Valdejasa	01	183
50078	Castiliscar	01	323
50079	Cervera de la Cañada	01	208
50080	Cerveruela	01	91
50081	Cetina	01	546
50082	Cimballa	01	169
50083	Cinco Olivas	01	118
50084	Clarés de Ribota	01	123
50085	Codo	01	278
50086	Codos	01	231
50087	Contamina	01	29
50088	Cosuenda	01	211
50089	Cuarte de Huerva	01	537
50090	Cubel	01	198
50091	Cuerlas (Las)	01	120
50092	Chiprana	01	330
50093	Chodes	01	105
50094	Daroca	01	684
50095	Ejea de los Caballeros	01	3436
50096	Embid de Ariza	01	114
50098	Encinacorba	01	190
50099	Épila	01	1758
50100	Erla	01	254
50101	Escatrón	01	854
50102	Fabara	01	552
50104	Farlete	01	183
50105	Fayón	01	203
50106	Fayos (Los)	01	99
50107	Figueruelas	01	344
50108	Fombuena	01	30
50109	Frago (El)	01	106
50110	Frasno (El)	01	415
50111	Fréscano	01	140
50113	Fuendejalón	01	387
50114	Fuendetodos	01	120
50115	Fuentes de Ebro	01	1069
50116	Fuentes de Jiloca	01	243
50117	Gallocanta	01	119
50118	Gallur	01	1065
50119	Gelsa	01	598
50120	Godojos	01	63
50121	Gotor	01	175
50122	Grisel	01	67
50123	Grisén	01	248
50124	Herrera de los Navarros	01	407
50125	Ibdes	01	439
50126	Illueca	01	410
50128	Isuerre	01	54
50129	Jaraba	01	198
50130	Jarque	01	305
50131	Jaulín	01	153
50132	Joyosa (La)	01	190
50133	Lagata	01	147
50134	Langa del Castillo	01	192
50135	Layana	01	109
50136	Lécera	01	563
50137	Leciñena	01	364
50138	Lechón	01	33
50139	Letux	01	271
50140	Litago	01	147
50141	Lituénigo	01	73
50142	Lobera de Onsella	01	32
50143	Longares	01	302
50144	Longás	01	43
50146	Lucena de Jalón	01	136
50147	Luceni	01	482
50148	Luesia	01	224
50149	Luesma	01	54
50150	Lumpiaque	01	543
50151	Luna	01	457
50152	Maella	01	993
50153	Magallón	01	598
50154	Mainar	01	127
50155	Malanquilla	01	108
50156	Maleján	01	151
50157	Malón	01	279
50159	Maluenda	01	468
50160	Mallén	01	1009
50161	Manchones	01	140
50162	Mara	01	181
50163	María de Huerva	01	618
50164	Mediana de Aragón	01	208
50165	Mequinenza	01	756
50166	Mesones de Isuela	01	220
50167	Mezalocha	01	148
50168	Mianos	01	32
50169	Miedes de Aragón	01	274
50170	Monegrillo	01	196
50171	Moneva	01	137
50172	Monreal de Ariza	01	155
50173	Monterde	01	246
50174	Montón	01	138
50175	Morata de Jalón	01	740
50176	Morata de Jiloca	01	214
50177	Morés	01	326
50178	Moros	01	373
50179	Moyuela	01	223
50180	Mozota	01	137
50181	Muel	01	471
50182	Muela (La)	01	1047
50183	Munébrega	01	300
50184	Murero	01	152
50185	Murillo de Gállego	01	129
50186	Navardún	01	40
50187	Nigüella	01	75
50188	Nombrevilla	01	52
50189	Nonaspe	01	615
50190	Novallas	01	431
50191	Novillas	01	295
50192	Nuévalos	01	239
50193	Nuez de Ebro	01	338
50194	Olvés	01	188
50195	Orcajo	01	63
50196	Orera	01	87
50197	Orés	01	113
50198	Oseja	01	71
50199	Osera de Ebro	01	256
50200	Paniza	01	331
50201	Paracuellos de Jiloca	01	256
50202	Paracuellos de la Ribera	01	342
50203	Pastriz	01	351
50204	Pedrola	01	917
50205	Pedrosas (Las)	01	66
50206	Perdiguera	01	223
50207	Piedratajada	01	84
50208	Pina de Ebro	01	704
50209	Pinseque	01	950
50210	Pintanos (Los)	01	60
50211	Plasencia de Jalón	01	180
50212	Pleitas	01	51
50213	Plenas	01	179
50214	Pomer	01	82
50215	Pozuel de Ariza	01	103
50216	Pozuelo de Aragón	01	159
50217	Pradilla de Ebro	01	275
50218	Puebla de Albortón	01	93
50219	Puebla de Alfindén (La)	01	1336
50220	Puendeluna	01	62
50221	Purujosa	01	31
50222	Quinto	01	885
50223	Remolinos	01	448
50224	Retascón	01	88
50225	Ricla	01	676
50227	Romanos	01	93
50228	Rueda de Jalón	01	201
50229	Ruesca	01	59
50230	Sádaba	01	576
50231	Salillas de Jalón	01	180
50232	Salvatierra de Esca	01	214
50233	Samper del Salz	01	116
50234	San Martín de la Virgen de Moncayo	01	104
50235	San Mateo de Gállego	01	916
50236	Santa Cruz de Grío	01	109
50237	Santa Cruz de Moncayo	01	104
50238	Santa Eulalia de Gállego	01	102
50239	Santed	01	76
50240	Sástago	01	697
50241	Saviñán	01	385
50242	Sediles	01	42
50243	Sestrica	01	297
50244	Sierra de Luna	01	157
50245	Sigüés	01	98
50246	Sisamón	01	166
50247	Sobradiel	01	279
50248	Sos del Rey Católico	01	392
50249	Tabuenca	01	292
50250	Talamantes	01	79
50251	Tarazona	01	1552
50252	Tauste	01	1581
50253	Terrer	01	248
50254	Tierga	01	121
50255	Tobed	01	232
50256	Torralba de los Frailes	01	175
50257	Torralba de Ribota	01	150
50258	Torralbilla	01	133
50259	Torrehermosa	01	104
50260	Torrelapaja	01	83
50261	Torrellas	01	177
50262	Torres de Berrellén	01	485
50263	Torrijo de la Cañada	01	387
50264	Tosos	01	222
50265	Trasmoz	01	78
50266	Trasobares	01	177
50267	Uncastillo	01	308
50268	Undués de Lerda	01	39
50269	Urrea de Jalón	01	232
50270	Urriés	01	70
50271	Used	01	307
50272	Utebo	01	1468
50273	Valdehorna	01	51
50274	Val de San Martín	01	89
50275	Valmadrid	01	77
50276	Valpalmas	01	114
50277	Valtorres	01	81
50278	Velilla de Ebro	01	233
50279	Velilla de Jiloca	01	109
50280	Vera de Moncayo	01	306
50281	Vierlas	01	78
50282	Vilueña (La)	01	56
50283	Villadoz	01	73
50284	Villafeliche	01	253
50285	Villafranca de Ebro	01	272
50286	Villalba de Perejil	01	46
50287	Villalengua	01	282
50288	Villanueva de Gállego	01	926
50289	Villanueva de Jiloca	01	128
50290	Villanueva de Huerva	01	377
50291	Villar de los Navarros	01	186
50292	Villarreal de Huerva	01	126
50293	Villarroya de la Sierra	01	360
50294	Villarroya del Campo	01	67
50295	Vistabella	01	160
50296	Zaida (La)	01	283
50297	Zaragoza	01	17667
50298	Zuera	01	1828
50901	Biel	01	150
50902	Marracos	01	61
22001	Abiego	02	8
22002	Abizanda	02	6
22003	Adahuesca	02	7
22004	Agüero	02	5
22006	Aísa	02	10
22007	Albalate de Cinca	02	33
22008	Albalatillo	02	11
22009	Albelda	02	44
22011	Albero Alto	02	2
22014	Alcalá de Gurrea	02	13
22015	Alcalá del Obispo	02	9
22016	Alcampell	02	9
22017	Alcolea de Cinca	02	27
22018	Alcubierre	02	10
22019	Alerre	02	4
22020	Alfántega	02	3
22021	Almudévar	02	40
22022	Almunia de San Juan	02	7
22023	Almuniente	02	5
22024	Alquézar	02	10
22025	Altorricón	02	23
22027	Angüés	02	8
22028	Ansó	02	24
22029	Antillón	02	1
22032	Aragüés del Puerto	02	7
22035	Arén	02	24
22036	Argavieso	02	1
22037	Arguis	02	3
22039	Ayerbe	02	56
22040	Azanuy-Alins	02	2
22041	Azara	02	6
22042	Azlor	02	4
22043	Baells	02	2
22044	Bailo	02	2
22046	Ballobar	02	21
22047	Banastás	02	1
22048	Barbastro	02	223
22049	Barbués	02	1
22050	Barbuñales	02	9
22051	Bárcabo	02	1
22052	Belver de Cinca	02	44
22053	Benabarre	02	43
22054	Benasque	02	41
22055	Berbegal	02	6
22057	Bielsa	02	16
22058	Bierge	02	10
22059	Biescas	02	82
22060	Binaced	02	29
22061	Binéfar	02	297
22063	Biscarrués	02	4
22064	Blecua y Torres	02	1
22066	Boltaña	02	38
22067	Bonansa	02	1
22068	Borau	02	2
22069	Broto	02	17
22072	Caldearenas	02	2
22074	Campo	02	8
22075	Camporrells	02	5
22076	Canal de Berdún	02	10
22077	Candasnos	02	6
22078	Canfranc	02	27
22079	Capdesaso	02	3
22080	Capella	02	13
22081	Casbas de Huesca	02	5
22082	Castejón del Puente	02	8
22083	Castejón de Monegros	02	9
22084	Castejón de Sos	02	20
22085	Castelflorite	02	4
22086	Castiello de Jaca	02	12
22087	Castigaleu	02	1
22088	Castillazuelo	02	6
22089	Castillonroy	02	11
22090	Colungo	02	9
22094	Chalamera	02	6
22095	Chía	02	1
22096	Chimillas	02	5
22099	Esplús	02	14
22102	Estada	02	6
22103	Estadilla	02	36
22105	Estopiñán del Castillo	02	3
22107	Fanlo	02	6
22109	Fiscal	02	10
22110	Fonz	02	67
22111	Foradada del Toscar	02	2
22112	Fraga	02	355
22113	Fueva (La)	02	11
22114	Gistaín	02	7
22115	Grado (El)	02	37
22116	Grañén	02	67
22117	Graus	02	82
22119	Gurrea de Gállego	02	32
22122	Hoz de Jaca	02	4
22124	Huerto	02	7
22125	Huesca	02	187
22126	Ibieca	02	2
22127	Igriés	02	6
22128	Ilche	02	4
22129	Isábena	02	7
22130	Jaca	02	164
22131	Jasa	02	13
22133	Labuerda	02	2
22135	Laluenga	02	9
22136	Lalueza	02	14
22137	Lanaja	02	41
22141	Lascellas-Ponzano	02	3
22142	Lascuarre	02	7
22143	Laspaúles	02	7
22144	Laspuña	02	3
22149	Loarre	02	16
22150	Loporzano	02	14
22151	Loscorrales	02	6
22155	Monesma y Cajigar	02	2
22157	Montanuy	02	9
22158	Monzón	02	233
22160	Naval	02	12
22162	Novales	02	1
22163	Nueno	02	3
22164	Olvena	02	1
22165	Ontiñena	02	12
22167	Osso de Cinca	02	21
22168	Palo	02	1
22170	Panticosa	02	22
22172	Peñalba	02	15
22173	Peñas de Riglos (Las)	02	21
22174	Peralta de Alcofea	02	8
22175	Peralta de Calasanz	02	6
22176	Peraltilla	02	4
22177	Perarrúa	02	1
22178	Pertusa	02	3
22182	Plan	02	5
22184	Poleñino	02	5
22186	Pozán de Vero	02	1
22187	Puebla de Castro (La)	02	6
22188	Puente de Montañana	02	4
22189	Puértolas	02	5
22190	Pueyo de Araguás (El)	02	3
22193	Pueyo de Santa Cruz	02	1
22195	Quicena	02	6
22197	Robres	02	20
22199	Sabiñánigo	02	138
22200	Sahún	02	19
22201	Salas Altas	02	8
22202	Salas Bajas	02	1
22203	Salillas	02	1
22204	Sallent de Gállego	02	45
22205	San Esteban de Litera	02	10
22206	Sangarrén	02	7
22207	San Juan de Plan	02	4
22208	Santa Cilia	02	2
22209	Santa Cruz de la Serós	02	1
22212	Santaliestra y San Quílez	02	4
22213	Sariñena	02	70
22214	Secastilla	02	4
22215	Seira	02	2
22217	Sena	02	9
22220	Sesa	02	7
22221	Sesué	02	2
22222	Siétamo	02	5
22223	Sopeira	02	2
22225	Tamarite de Litera	02	75
22226	Tardienta	02	61
22227	Tella-Sin	02	5
22228	Tierz	02	9
22229	Tolva	02	9
22230	Torla	02	13
22232	Torralba de Aragón	02	2
22233	Torre la Ribera	02	1
22234	Torrente de Cinca	02	47
22235	Torres de Alcanadre	02	1
22239	Tramaced	02	2
22244	Valle de Lierp	02	1
22245	Velilla de Cinca	02	12
22246	Veracruz	02	1
22247	Viacamp y Litera	02	1
22248	Vicién	02	8
22249	Villanova	02	3
22250	Villanúa	02	43
22251	Villanueva de Sigena	02	9
22252	Yebra de Basa	02	2
22253	Yésero	02	4
22254	Zaidín	02	53
22901	Valle de Hecho	02	40
22902	Puente la Reina de Jaca	02	3
22903	San Miguel del Cinca	02	19
22904	Sotonera (La)	02	23
22905	Lupiñén-Ortilla	02	10
22906	Santa María de Dulcis	02	5
22907	Aínsa-Sobrarbe	02	54
22908	Hoz y Costeán	02	1
22909	Vencillón	02	4
44001	Ababuj	02	8
44002	Abejuela	02	8
44003	Aguatón	02	1
44004	Aguaviva	02	16
44005	Aguilar del Alfambra	02	1
44006	Alacón	02	12
44007	Alba	02	5
44008	Albalate del Arzobispo	02	70
44009	Albarracín	02	61
44010	Albentosa	02	12
44011	Alcaine	02	1
44012	Alcalá de la Selva	02	62
44013	Alcañiz	02	202
44014	Alcorisa	02	126
44016	Alfambra	02	21
44017	Aliaga	02	40
44019	Alobras	02	3
44021	Allepuz	02	12
44022	Alloza	02	41
44025	Andorra	02	202
44026	Arcos de las Salinas	02	9
44027	Arens de Lledó	02	5
44028	Argente	02	2
44029	Ariño	02	27
44031	Azaila	02	3
44033	Báguena	02	3
44034	Bañón	02	1
44037	Beceite	02	28
44038	Belmonte de San José	02	6
44039	Bello	02	4
44040	Berge	02	11
44041	Bezas	02	3
44042	Blancas	02	4
44043	Blesa	02	6
44044	Bordón	02	9
44045	Bronchales	02	91
44046	Bueña	02	1
44047	Burbáguena	02	14
44048	Cabra de Mora	02	12
44049	Calaceite	02	48
44050	Calamocha	02	167
44051	Calanda	02	148
44052	Calomarde	02	3
44053	Camañas	02	2
44054	Camarena de la Sierra	02	10
44055	Camarillas	02	5
44056	Caminreal	02	13
44059	Cantavieja	02	33
44060	Cañada de Benatanduz	02	2
44061	Cañada de Verich (La)	02	6
44063	Cañizar del Olivar	02	8
44064	Cascante del Río	02	5
44065	Castejón de Tornos	02	1
44066	Castel de Cabra	02	4
44067	Castelnou	02	1
44068	Castelserás	02	23
44070	Castellar (El)	02	5
44071	Castellote	02	64
44074	Cedrillas	02	32
44075	Celadas	02	18
44076	Cella	02	128
44077	Cerollera (La)	02	5
44080	Codoñera (La)	02	13
44082	Corbalán	02	5
44084	Cortes de Aragón	02	4
44085	Cosa	02	2
44086	Cretas	02	19
44087	Crivillén	02	7
44088	Cuba (La)	02	3
44089	Cubla	02	2
44090	Cucalón	02	3
44092	Cuervo (El)	02	3
44093	Cuevas de Almudén	02	2
44094	Cuevas Labradas	02	3
44096	Ejulve	02	13
44097	Escorihuela	02	8
44099	Escucha	02	18
44100	Estercuel	02	21
44101	Ferreruela de Huerva	02	2
44103	Formiche Alto	02	16
44105	Fórnoles	02	3
44106	Fortanete	02	22
44107	Foz-Calanda	02	10
44108	Fresneda (La)	02	19
44109	Frías de Albarracín	02	11
44111	Fuentes Calientes	02	1
44112	Fuentes Claras	02	4
44113	Fuentes de Rubielos	02	3
44114	Fuentespalda	02	23
44115	Galve	02	3
44116	Gargallo	02	4
44117	Gea de Albarracín	02	12
44118	Ginebrosa (La)	02	6
44119	Griegos	02	7
44120	Guadalaviar	02	11
44121	Gúdar	02	10
44122	Híjar	02	92
44123	Hinojosa de Jarque	02	3
44124	Hoz de la Vieja (La)	02	3
44125	Huesa del Común	02	2
44126	Iglesuela del Cid (La)	02	19
44127	Jabaloyas	02	1
44128	Jarque de la Val	02	4
44129	Jatiel	02	2
44132	Lagueruela	02	1
44135	Libros	02	8
44136	Lidón	02	1
44137	Linares de Mora	02	18
44138	Loscos	02	2
44142	Maicas	02	2
44143	Manzanera	02	88
44144	Martín del Río	02	26
44145	Mas de las Matas	02	55
44146	Mata de los Olmos (La)	02	18
44147	Mazaleón	02	18
44148	Mezquita de Jarque	02	3
44149	Mirambel	02	1
44151	Molinos	02	21
44153	Monreal del Campo	02	62
44154	Monroyo	02	17
44155	Montalbán	02	49
44156	Monteagudo del Castillo	02	2
44157	Monterde de Albarracín	02	3
44158	Mora de Rubielos	02	67
44159	Moscardón	02	4
44160	Mosqueruela	02	42
44161	Muniesa	02	25
44163	Noguera de Albarracín	02	4
44165	Nogueruelas	02	15
44168	Odón	02	7
44169	Ojos Negros	02	10
44171	Olba	02	24
44172	Oliete	02	36
44173	Olmos (Los)	02	5
44174	Orihuela del Tremedal	02	48
44175	Orrios	02	1
44176	Palomar de Arroyos	02	3
44177	Pancrudo	02	3
44178	Parras de Castellote (Las)	02	3
44179	Peñarroya de Tastavins	02	23
44180	Peracense	02	2
44181	Peralejos	02	5
44182	Perales del Alfambra	02	15
44183	Pitarque	02	3
44184	Plou	02	5
44185	Pobo (El)	02	3
44187	Portellada (La)	02	12
44190	Pozuel del Campo	02	3
44191	Puebla de Híjar (La)	02	26
44192	Puebla de Valverde (La)	02	30
44193	Puertomingalvo	02	8
44194	Ráfales	02	3
44195	Rillo	02	3
44196	Riodeva	02	5
44197	Ródenas	02	1
44198	Royuela	02	7
44199	Rubiales	02	1
44200	Rubielos de la Cérida	02	2
44201	Rubielos de Mora	02	28
44205	Samper de Calanda	02	19
44206	San Agustín	02	7
44207	San Martín del Río	02	7
44209	Santa Eulalia	02	34
44210	Sarrión	02	64
44211	Segura de los Baños	02	1
44212	Seno	02	2
44213	Singra	02	4
44215	Terriente	02	1
44216	Teruel	02	391
44218	Tormón	02	1
44219	Tornos	02	4
44220	Torralba de los Sisones	02	2
44221	Torrecilla de Alcañiz	02	9
44222	Torrecilla del Rebollar	02	1
44223	Torre de Arcas	02	1
44224	Torre de las Arcas	02	6
44225	Torre del Compte	02	11
44226	Torrelacárcel	02	2
44229	Torres de Albarracín	02	4
44230	Torrevelilla	02	5
44231	Torrijas	02	9
44232	Torrijo del Campo	02	10
44234	Tramacastiel	02	4
44235	Tramacastilla	02	2
44236	Tronchón	02	2
44237	Urrea de Gaén	02	18
44238	Utrillas	02	68
44240	Valbona	02	9
44241	Valdealgorfa	02	34
44243	Valdecuenca	02	1
44244	Valdelinares	02	7
44245	Valdeltormo	02	13
44246	Valderrobres	02	112
44247	Valjunquera	02	12
44251	Villafranca del Campo	02	4
44252	Villahermosa del Campo	02	1
44257	Villar del Cobo	02	14
44260	Villarluengo	02	16
44261	Villarquemado	02	6
44262	Villarroya de los Pinares	02	6
44263	Villastar	02	11
44264	Villel	02	9
44265	Vinaceite	02	2
44266	Visiedo	02	5
44267	Vivel del Río Martín	02	2
44268	Zoma (La)	02	2
50001	Abanto	02	6
50002	Acered	02	2
50003	Agón	02	2
50004	Aguarón	02	20
50005	Aguilón	02	9
50006	Ainzón	02	132
50007	Aladrén	02	2
50008	Alagón	02	101
50009	Alarba	02	3
50010	Alberite de San Juan	02	12
50011	Albeta	02	8
50012	Alborge	02	2
50013	Alcalá de Ebro	02	1
50014	Alcalá de Moncayo	02	3
50015	Alconchel de Ariza	02	25
50016	Aldehuela de Liestos	02	4
50017	Alfajarín	02	37
50018	Alfamén	02	16
50019	Alforque	02	2
50020	Alhama de Aragón	02	80
50021	Almochuel	02	4
50022	Almolda (La)	02	16
50023	Almonacid de la Cuba	02	1
50024	Almonacid de la Sierra	02	19
50025	Almunia de Doña Godina (La)	02	183
50026	Alpartir	02	26
50027	Ambel	02	35
50028	Anento	02	6
50029	Aniñón	02	28
50030	Añón de Moncayo	02	7
50031	Aranda de Moncayo	02	11
50032	Arándiga	02	17
50033	Ardisa	02	7
50034	Ariza	02	64
50035	Artieda	02	3
50036	Asín	02	2
50037	Atea	02	8
50038	Ateca	02	78
50039	Azuara	02	19
50040	Badules	02	9
50042	Balconchán	02	1
50043	Bárboles	02	11
50044	Bardallur	02	6
50045	Belchite	02	64
50046	Belmonte de Gracián	02	9
50047	Berdejo	02	4
50048	Berrueco	02	1
50050	Bijuesca	02	19
50051	Biota	02	44
50052	Bisimbre	02	4
50053	Boquiñeni	02	35
50054	Bordalba	02	1
50055	Borja	02	153
50056	Botorrita	02	9
50057	Brea de Aragón	02	47
50058	Bubierca	02	5
50059	Bujaraloz	02	36
50060	Bulbuente	02	28
50061	Bureta	02	18
50062	Burgo de Ebro (El)	02	48
50063	Buste (El)	02	14
50064	Cabañas de Ebro	02	9
50065	Cabolafuente	02	4
50066	Cadrete	02	42
50067	Calatayud	02	134
50068	Calatorao	02	58
50069	Calcena	02	2
50070	Calmarza	02	3
50071	Campillo de Aragón	02	3
50072	Carenas	02	14
50073	Cariñena	02	73
50074	Caspe	02	315
50075	Castejón de Alarba	02	2
50076	Castejón de las Armas	02	6
50077	Castejón de Valdejasa	02	20
50078	Castiliscar	02	14
50079	Cervera de la Cañada	02	10
50080	Cerveruela	02	5
50081	Cetina	02	31
50082	Cimballa	02	5
50083	Cinco Olivas	02	1
50084	Clarés de Ribota	02	2
50085	Codo	02	2
50086	Codos	02	33
50087	Contamina	02	2
50088	Cosuenda	02	9
50089	Cuarte de Huerva	02	27
50090	Cubel	02	4
50091	Cuerlas (Las)	02	3
50092	Chiprana	02	20
50093	Chodes	02	3
50094	Daroca	02	84
50095	Ejea de los Caballeros	02	247
50096	Embid de Ariza	02	2
50098	Encinacorba	02	20
50099	Épila	02	93
50100	Erla	02	14
50101	Escatrón	02	146
50102	Fabara	02	48
50104	Farlete	02	5
50105	Fayón	02	17
50106	Fayos (Los)	02	11
50107	Figueruelas	02	27
50109	Frago (El)	02	5
50110	Frasno (El)	02	29
50111	Fréscano	02	9
50113	Fuendejalón	02	30
50114	Fuendetodos	02	1
50115	Fuentes de Ebro	02	234
50116	Fuentes de Jiloca	02	16
50117	Gallocanta	02	3
50118	Gallur	02	74
50119	Gelsa	02	17
50120	Godojos	02	3
50121	Gotor	02	15
50122	Grisel	02	5
50123	Grisén	02	19
50124	Herrera de los Navarros	02	23
50125	Ibdes	02	23
50126	Illueca	02	55
50128	Isuerre	02	3
50129	Jaraba	02	18
50130	Jarque	02	18
50131	Jaulín	02	10
50132	Joyosa (La)	02	4
50133	Lagata	02	2
50134	Langa del Castillo	02	5
50135	Layana	02	5
50136	Lécera	02	53
50137	Leciñena	02	109
50138	Lechón	02	4
50139	Letux	02	72
50140	Litago	02	9
50141	Lituénigo	02	4
50142	Lobera de Onsella	02	1
50143	Longares	02	20
50144	Longás	02	1
50146	Lucena de Jalón	02	6
50147	Luceni	02	37
50148	Luesia	02	20
50149	Luesma	02	3
50150	Lumpiaque	02	17
50151	Luna	02	69
50152	Maella	02	86
50153	Magallón	02	25
50154	Mainar	02	4
50155	Malanquilla	02	10
50156	Maleján	02	18
50157	Malón	02	12
50159	Maluenda	02	53
50160	Mallén	02	152
50161	Manchones	02	15
50162	Mara	02	6
50163	María de Huerva	02	20
50164	Mediana de Aragón	02	14
50165	Mequinenza	02	152
50166	Mesones de Isuela	02	19
50167	Mezalocha	02	5
50168	Mianos	02	4
50169	Miedes de Aragón	02	29
50170	Monegrillo	02	22
50171	Moneva	02	8
50172	Monreal de Ariza	02	20
50173	Monterde	02	14
50174	Montón	02	5
50175	Morata de Jalón	02	58
50176	Morata de Jiloca	02	18
50177	Morés	02	31
50178	Moros	02	32
50179	Moyuela	02	14
50180	Mozota	02	6
50181	Muel	02	40
50182	Muela (La)	02	91
50183	Munébrega	02	15
50184	Murero	02	8
50185	Murillo de Gállego	02	8
50186	Navardún	02	1
50187	Nigüella	02	6
50188	Nombrevilla	02	2
50189	Nonaspe	02	75
50190	Novallas	02	28
50191	Novillas	02	13
50192	Nuévalos	02	8
50193	Nuez de Ebro	02	4
50194	Olvés	02	2
50195	Orcajo	02	1
50196	Orera	02	9
50198	Oseja	02	3
50199	Osera de Ebro	02	10
50200	Paniza	02	37
50201	Paracuellos de Jiloca	02	9
50202	Paracuellos de la Ribera	02	27
50203	Pastriz	02	19
50204	Pedrola	02	86
50205	Pedrosas (Las)	02	3
50206	Perdiguera	02	32
50207	Piedratajada	02	8
50208	Pina de Ebro	02	162
50209	Pinseque	02	85
50210	Pintanos (Los)	02	5
50211	Plasencia de Jalón	02	10
50212	Pleitas	02	4
50213	Plenas	02	2
50214	Pomer	02	3
50215	Pozuel de Ariza	02	1
50216	Pozuelo de Aragón	02	3
50217	Pradilla de Ebro	02	25
50218	Puebla de Albortón	02	1
50219	Puebla de Alfindén (La)	02	57
50220	Puendeluna	02	5
50222	Quinto	02	77
50223	Remolinos	02	38
50224	Retascón	02	5
50225	Ricla	02	138
50227	Romanos	02	3
50228	Rueda de Jalón	02	6
50229	Ruesca	02	1
50230	Sádaba	02	93
50231	Salillas de Jalón	02	12
50232	Salvatierra de Esca	02	12
50233	Samper del Salz	02	1
50234	San Martín de la Virgen de Moncayo	02	14
50235	San Mateo de Gállego	02	76
50236	Santa Cruz de Grío	02	13
50237	Santa Cruz de Moncayo	02	5
50238	Santa Eulalia de Gállego	02	7
50240	Sástago	02	33
50241	Saviñán	02	50
50242	Sediles	02	4
50243	Sestrica	02	18
50244	Sierra de Luna	02	7
50245	Sigüés	02	10
50246	Sisamón	02	4
50247	Sobradiel	02	6
50248	Sos del Rey Católico	02	41
50249	Tabuenca	02	17
50250	Talamantes	02	4
50251	Tarazona	02	175
50252	Tauste	02	184
50253	Terrer	02	18
50254	Tierga	02	10
50255	Tobed	02	30
50256	Torralba de los Frailes	02	7
50257	Torralba de Ribota	02	4
50259	Torrehermosa	02	6
50260	Torrelapaja	02	4
50261	Torrellas	02	18
50262	Torres de Berrellén	02	28
50263	Torrijo de la Cañada	02	18
50264	Tosos	02	4
50265	Trasmoz	02	5
50266	Trasobares	02	23
50267	Uncastillo	02	62
50268	Undués de Lerda	02	7
50269	Urrea de Jalón	02	5
50270	Urriés	02	2
50271	Used	02	13
50272	Utebo	02	103
50274	Val de San Martín	02	6
50275	Valmadrid	02	1
50276	Valpalmas	02	11
50278	Velilla de Ebro	02	6
50279	Velilla de Jiloca	02	10
50280	Vera de Moncayo	02	20
50281	Vierlas	02	2
50282	Vilueña (La)	02	3
50283	Villadoz	02	5
50284	Villafeliche	02	8
50285	Villafranca de Ebro	02	16
50286	Villalba de Perejil	02	2
50287	Villalengua	02	19
50288	Villanueva de Gállego	02	83
50289	Villanueva de Jiloca	02	2
50290	Villanueva de Huerva	02	18
50291	Villar de los Navarros	02	7
50292	Villarreal de Huerva	02	5
50293	Villarroya de la Sierra	02	70
50294	Villarroya del Campo	02	2
50295	Vistabella	02	4
50296	Zaida (La)	02	11
50297	Zaragoza	02	1313
50298	Zuera	02	141
50901	Biel	02	16
50902	Marracos	02	10
22002	Abizanda	03	1
22007	Albalate de Cinca	03	7
22009	Albelda	03	2
22016	Alcampell	03	1
22017	Alcolea de Cinca	03	7
22018	Alcubierre	03	1
22021	Almudévar	03	15
22022	Almunia de San Juan	03	1
22024	Alquézar	03	1
22025	Altorricón	03	2
22028	Ansó	03	6
22032	Aragüés del Puerto	03	1
22035	Arén	03	2
22039	Ayerbe	03	24
22044	Bailo	03	2
22046	Ballobar	03	4
22048	Barbastro	03	160
22050	Barbuñales	03	3
22052	Belver de Cinca	03	8
22053	Benabarre	03	6
22054	Benasque	03	14
22057	Bielsa	03	15
22058	Bierge	03	1
22059	Biescas	03	25
22060	Binaced	03	4
22061	Binéfar	03	64
22066	Boltaña	03	14
22068	Borau	03	2
22069	Broto	03	4
22074	Campo	03	1
22075	Camporrells	03	3
22076	Canal de Berdún	03	1
22077	Candasnos	03	1
22078	Canfranc	03	5
22080	Capella	03	4
22081	Casbas de Huesca	03	1
22083	Castejón de Monegros	03	1
22084	Castejón de Sos	03	8
22086	Castiello de Jaca	03	3
22087	Castigaleu	03	1
22088	Castillazuelo	03	3
22090	Colungo	03	1
22096	Chimillas	03	1
22099	Esplús	03	6
22103	Estadilla	03	3
22107	Fanlo	03	1
22109	Fiscal	03	2
22110	Fonz	03	6
22112	Fraga	03	104
22113	Fueva (La)	03	1
22115	Grado (El)	03	5
22116	Grañén	03	8
22117	Graus	03	46
22119	Gurrea de Gállego	03	6
22125	Huesca	03	169
22127	Igriés	03	1
22129	Isábena	03	1
22130	Jaca	03	104
22131	Jasa	03	6
22133	Labuerda	03	2
22137	Lanaja	03	1
22142	Lascuarre	03	1
22143	Laspaúles	03	5
22144	Laspuña	03	3
22150	Loporzano	03	3
22158	Monzón	03	88
22160	Naval	03	3
22163	Nueno	03	1
22165	Ontiñena	03	1
22170	Panticosa	03	8
22172	Peñalba	03	1
22173	Peñas de Riglos (Las)	03	2
22174	Peralta de Alcofea	03	1
22175	Peralta de Calasanz	03	2
22176	Peraltilla	03	1
22182	Plan	03	5
22184	Poleñino	03	2
22189	Puértolas	03	1
22190	Pueyo de Araguás (El)	03	1
22197	Robres	03	2
22199	Sabiñánigo	03	48
22200	Sahún	03	4
22204	Sallent de Gállego	03	19
22205	San Esteban de Litera	03	2
22212	Santaliestra y San Quílez	03	2
22213	Sariñena	03	20
22215	Seira	03	2
22225	Tamarite de Litera	03	30
22226	Tardienta	03	16
22227	Tella-Sin	03	1
22230	Torla	03	2
22234	Torrente de Cinca	03	3
22245	Velilla de Cinca	03	1
22249	Villanova	03	2
22250	Villanúa	03	5
22253	Yésero	03	1
22254	Zaidín	03	6
22901	Valle de Hecho	03	9
22904	Sotonera (La)	03	3
22906	Santa María de Dulcis	03	1
22907	Aínsa-Sobrarbe	03	12
44004	Aguaviva	03	4
44005	Aguilar del Alfambra	03	1
44006	Alacón	03	1
44008	Albalate del Arzobispo	03	20
44009	Albarracín	03	11
44010	Albentosa	03	7
44012	Alcalá de la Selva	03	16
44013	Alcañiz	03	87
44014	Alcorisa	03	48
44016	Alfambra	03	6
44017	Aliaga	03	2
44022	Alloza	03	10
44025	Andorra	03	40
44026	Arcos de las Salinas	03	3
44029	Ariño	03	8
44036	Bea	03	2
44037	Beceite	03	3
44040	Berge	03	2
44041	Bezas	03	1
44044	Bordón	03	4
44045	Bronchales	03	42
44048	Cabra de Mora	03	3
44049	Calaceite	03	6
44050	Calamocha	03	41
44051	Calanda	03	41
44053	Camañas	03	1
44054	Camarena de la Sierra	03	2
44059	Cantavieja	03	3
44061	Cañada de Verich (La)	03	1
44066	Castel de Cabra	03	1
44068	Castelserás	03	2
44070	Castellar (El)	03	2
44071	Castellote	03	15
44074	Cedrillas	03	10
44075	Celadas	03	7
44076	Cella	03	17
44086	Cretas	03	2
44087	Crivillén	03	1
44094	Cuevas Labradas	03	1
44096	Ejulve	03	1
44099	Escucha	03	7
44100	Estercuel	03	2
44101	Ferreruela de Huerva	03	1
44103	Formiche Alto	03	3
44108	Fresneda (La)	03	1
44109	Frías de Albarracín	03	3
44113	Fuentes de Rubielos	03	1
44114	Fuentespalda	03	2
44116	Gargallo	03	3
44117	Gea de Albarracín	03	3
44120	Guadalaviar	03	4
44121	Gúdar	03	1
44122	Híjar	03	23
44123	Hinojosa de Jarque	03	1
44127	Jabaloyas	03	2
44128	Jarque de la Val	03	1
44137	Linares de Mora	03	8
44142	Maicas	03	1
44143	Manzanera	03	34
44144	Martín del Río	03	7
44145	Mas de las Matas	03	11
44146	Mata de los Olmos (La)	03	1
44147	Mazaleón	03	1
44150	Miravete de la Sierra	03	1
44151	Molinos	03	5
44153	Monreal del Campo	03	14
44154	Monroyo	03	1
44155	Montalbán	03	11
44158	Mora de Rubielos	03	42
44159	Moscardón	03	1
44160	Mosqueruela	03	15
44161	Muniesa	03	3
44163	Noguera de Albarracín	03	1
44165	Nogueruelas	03	1
44169	Ojos Negros	03	2
44171	Olba	03	6
44172	Oliete	03	1
44173	Olmos (Los)	03	1
44174	Orihuela del Tremedal	03	7
44176	Palomar de Arroyos	03	2
44179	Peñarroya de Tastavins	03	4
44183	Pitarque	03	2
44185	Pobo (El)	03	1
44191	Puebla de Híjar (La)	03	5
44192	Puebla de Valverde (La)	03	8
44193	Puertomingalvo	03	5
44196	Riodeva	03	1
44201	Rubielos de Mora	03	11
44205	Samper de Calanda	03	2
44206	San Agustín	03	3
44209	Santa Eulalia	03	8
44210	Sarrión	03	19
44212	Seno	03	1
44216	Teruel	03	261
44221	Torrecilla de Alcañiz	03	2
44229	Torres de Albarracín	03	3
44230	Torrevelilla	03	3
44231	Torrijas	03	1
44232	Torrijo del Campo	03	4
44234	Tramacastiel	03	2
44237	Urrea de Gaén	03	2
44238	Utrillas	03	31
44240	Valbona	03	4
44241	Valdealgorfa	03	3
44246	Valderrobres	03	36
44247	Valjunquera	03	1
44251	Villafranca del Campo	03	1
44252	Villahermosa del Campo	03	1
44260	Villarluengo	03	4
44264	Villel	03	3
50001	Abanto	03	1
50004	Aguarón	03	2
50005	Aguilón	03	1
50006	Ainzón	03	17
50008	Alagón	03	27
50011	Albeta	03	1
50017	Alfajarín	03	3
50020	Alhama de Aragón	03	20
50021	Almochuel	03	1
50022	Almolda (La)	03	3
50024	Almonacid de la Sierra	03	3
50025	Almunia de Doña Godina (La)	03	32
50026	Alpartir	03	5
50027	Ambel	03	9
50029	Aniñón	03	5
50031	Aranda de Moncayo	03	1
50033	Ardisa	03	1
50034	Ariza	03	22
50038	Ateca	03	27
50040	Badules	03	2
50043	Bárboles	03	1
50044	Bardallur	03	1
50045	Belchite	03	4
50046	Belmonte de Gracián	03	2
50050	Bijuesca	03	1
50051	Biota	03	3
50053	Boquiñeni	03	6
50055	Borja	03	58
50056	Botorrita	03	1
50057	Brea de Aragón	03	15
50059	Bujaraloz	03	4
50060	Bulbuente	03	7
50061	Bureta	03	1
50062	Burgo de Ebro (El)	03	11
50063	Buste (El)	03	2
50064	Cabañas de Ebro	03	1
50066	Cadrete	03	6
50067	Calatayud	03	97
50068	Calatorao	03	13
50071	Campillo de Aragón	03	1
50072	Carenas	03	5
50073	Cariñena	03	25
50074	Caspe	03	85
50078	Castiliscar	03	4
50079	Cervera de la Cañada	03	1
50081	Cetina	03	6
50085	Codo	03	1
50086	Codos	03	2
50088	Cosuenda	03	1
50089	Cuarte de Huerva	03	10
50090	Cubel	03	1
50092	Chiprana	03	1
50094	Daroca	03	42
50095	Ejea de los Caballeros	03	58
50098	Encinacorba	03	1
50099	Épila	03	18
50100	Erla	03	2
50101	Escatrón	03	12
50102	Fabara	03	6
50104	Farlete	03	1
50105	Fayón	03	2
50106	Fayos (Los)	03	3
50107	Figueruelas	03	4
50109	Frago (El)	03	3
50110	Frasno (El)	03	2
50113	Fuendejalón	03	3
50115	Fuentes de Ebro	03	37
50118	Gallur	03	19
50119	Gelsa	03	2
50121	Gotor	03	3
50124	Herrera de los Navarros	03	3
50125	Ibdes	03	11
50126	Illueca	03	15
50129	Jaraba	03	4
50130	Jarque	03	4
50135	Layana	03	1
50136	Lécera	03	3
50137	Leciñena	03	6
50139	Letux	03	2
50143	Longares	03	6
50147	Luceni	03	1
50148	Luesia	03	3
50151	Luna	03	4
50152	Maella	03	8
50153	Magallón	03	2
50157	Malón	03	4
50159	Maluenda	03	1
50160	Mallén	03	23
50161	Manchones	03	1
50162	Mara	03	1
50163	María de Huerva	03	6
50164	Mediana de Aragón	03	1
50165	Mequinenza	03	11
50166	Mesones de Isuela	03	2
50169	Miedes de Aragón	03	5
50172	Monreal de Ariza	03	4
50173	Monterde	03	2
50174	Montón	03	1
50175	Morata de Jalón	03	15
50176	Morata de Jiloca	03	3
50177	Morés	03	2
50178	Moros	03	6
50180	Mozota	03	1
50181	Muel	03	8
50182	Muela (La)	03	21
50183	Munébrega	03	1
50185	Murillo de Gállego	03	1
50187	Nigüella	03	2
50189	Nonaspe	03	10
50190	Novallas	03	10
50191	Novillas	03	3
50194	Olvés	03	2
50198	Oseja	03	1
50199	Osera de Ebro	03	1
50200	Paniza	03	9
50201	Paracuellos de Jiloca	03	1
50202	Paracuellos de la Ribera	03	2
50203	Pastriz	03	1
50204	Pedrola	03	17
50206	Perdiguera	03	3
50207	Piedratajada	03	1
50208	Pina de Ebro	03	17
50209	Pinseque	03	3
50211	Plasencia de Jalón	03	1
50213	Plenas	03	1
50215	Pozuel de Ariza	03	1
50217	Pradilla de Ebro	03	4
50219	Puebla de Alfindén (La)	03	11
50221	Purujosa	03	1
50222	Quinto	03	10
50223	Remolinos	03	3
50225	Ricla	03	26
50230	Sádaba	03	12
50234	San Martín de la Virgen de Moncayo	03	4
50235	San Mateo de Gállego	03	4
50236	Santa Cruz de Grío	03	4
50240	Sástago	03	4
50241	Saviñán	03	8
50242	Sediles	03	1
50243	Sestrica	03	1
50245	Sigüés	03	1
50248	Sos del Rey Católico	03	11
50249	Tabuenca	03	6
50251	Tarazona	03	94
50252	Tauste	03	51
50253	Terrer	03	1
50255	Tobed	03	5
50256	Torralba de los Frailes	03	2
50262	Torres de Berrellén	03	7
50263	Torrijo de la Cañada	03	3
50266	Trasobares	03	3
50267	Uncastillo	03	23
50272	Utebo	03	16
50274	Val de San Martín	03	1
50276	Valpalmas	03	2
50277	Valtorres	03	1
50278	Velilla de Ebro	03	1
50280	Vera de Moncayo	03	2
50285	Villafranca de Ebro	03	4
50287	Villalengua	03	6
50288	Villanueva de Gállego	03	13
50290	Villanueva de Huerva	03	2
50292	Villarreal de Huerva	03	1
50293	Villarroya de la Sierra	03	17
50295	Vistabella	03	1
50296	Zaida (La)	03	1
50297	Zaragoza	03	605
50298	Zuera	03	32
50901	Biel	03	6
50902	Marracos	03	1
22003	Adahuesca	04	1
22007	Albalate de Cinca	04	2
22009	Albelda	04	2
22014	Alcalá de Gurrea	04	1
22017	Alcolea de Cinca	04	1
22018	Alcubierre	04	2
22021	Almudévar	04	16
22022	Almunia de San Juan	04	3
22025	Altorricón	04	2
22028	Ansó	04	7
22035	Arén	04	2
22037	Arguis	04	1
22039	Ayerbe	04	8
22044	Bailo	04	2
22048	Barbastro	04	100
22052	Belver de Cinca	04	1
22053	Benabarre	04	11
22054	Benasque	04	20
22055	Berbegal	04	2
22057	Bielsa	04	4
22058	Bierge	04	1
22059	Biescas	04	24
22060	Binaced	04	5
22061	Binéfar	04	36
22066	Boltaña	04	6
22069	Broto	04	7
22074	Campo	04	1
22077	Candasnos	04	1
22078	Canfranc	04	3
22080	Capella	04	2
22084	Castejón de Sos	04	3
22086	Castiello de Jaca	04	6
22099	Esplús	04	1
22109	Fiscal	04	1
22110	Fonz	04	1
22111	Foradada del Toscar	04	1
22112	Fraga	04	49
22113	Fueva (La)	04	1
22115	Grado (El)	04	3
22116	Grañén	04	1
22117	Graus	04	8
22125	Huesca	04	120
22129	Isábena	04	2
22130	Jaca	04	62
22131	Jasa	04	1
22137	Lanaja	04	2
22158	Monzón	04	61
22160	Naval	04	1
22168	Palo	04	1
22170	Panticosa	04	7
22172	Peñalba	04	1
22189	Puértolas	04	1
22197	Robres	04	3
22199	Sabiñánigo	04	43
22200	Sahún	04	3
22204	Sallent de Gállego	04	19
22205	San Esteban de Litera	04	1
22206	Sangarrén	04	1
22207	San Juan de Plan	04	1
22213	Sariñena	04	12
22221	Sesué	04	1
22225	Tamarite de Litera	04	15
22226	Tardienta	04	31
22227	Tella-Sin	04	1
22230	Torla	04	3
22246	Veracruz	04	1
22249	Villanova	04	1
22250	Villanúa	04	3
22251	Villanueva de Sigena	04	4
22254	Zaidín	04	5
22901	Valle de Hecho	04	8
22903	San Miguel del Cinca	04	1
22905	Lupiñén-Ortilla	04	1
22907	Aínsa-Sobrarbe	04	11
44004	Aguaviva	04	1
44008	Albalate del Arzobispo	04	10
44009	Albarracín	04	12
44012	Alcalá de la Selva	04	5
44013	Alcañiz	04	57
44014	Alcorisa	04	14
44016	Alfambra	04	3
44017	Aliaga	04	7
44025	Andorra	04	39
44026	Arcos de las Salinas	04	1
44029	Ariño	04	1
44037	Beceite	04	1
44038	Belmonte de San José	04	1
44040	Berge	04	2
44044	Bordón	04	2
44045	Bronchales	04	23
44048	Cabra de Mora	04	1
44050	Calamocha	04	21
44051	Calanda	04	9
44052	Calomarde	04	1
44056	Caminreal	04	2
44059	Cantavieja	04	2
44062	Cañada Vellida	04	1
44066	Castel de Cabra	04	1
44068	Castelserás	04	2
44071	Castellote	04	7
44074	Cedrillas	04	3
44075	Celadas	04	4
44076	Cella	04	5
44086	Cretas	04	2
44092	Cuervo (El)	04	1
44099	Escucha	04	7
44100	Estercuel	04	1
44107	Foz-Calanda	04	1
44117	Gea de Albarracín	04	1
44118	Ginebrosa (La)	04	1
44120	Guadalaviar	04	1
44122	Híjar	04	12
44126	Iglesuela del Cid (La)	04	1
44137	Linares de Mora	04	4
44143	Manzanera	04	12
44144	Martín del Río	04	1
44145	Mas de las Matas	04	7
44147	Mazaleón	04	1
44151	Molinos	04	1
44153	Monreal del Campo	04	5
44155	Montalbán	04	4
44158	Mora de Rubielos	04	10
44160	Mosqueruela	04	1
44161	Muniesa	04	2
44165	Nogueruelas	04	1
44169	Ojos Negros	04	10
44171	Olba	04	1
44174	Orihuela del Tremedal	04	1
44181	Peralejos	04	1
44182	Perales del Alfambra	04	1
44191	Puebla de Híjar (La)	04	3
44192	Puebla de Valverde (La)	04	5
44198	Royuela	04	1
44201	Rubielos de Mora	04	11
44205	Samper de Calanda	04	1
44209	Santa Eulalia	04	2
44210	Sarrión	04	7
44216	Teruel	04	189
44221	Torrecilla de Alcañiz	04	2
44230	Torrevelilla	04	2
44231	Torrijas	04	1
44232	Torrijo del Campo	04	1
44238	Utrillas	04	14
44240	Valbona	04	1
44246	Valderrobres	04	17
44247	Valjunquera	04	1
44260	Villarluengo	04	1
44263	Villastar	04	1
44264	Villel	04	1
44265	Vinaceite	04	1
50004	Aguarón	04	1
50006	Ainzón	04	4
50007	Aladrén	04	1
50008	Alagón	04	18
50011	Albeta	04	1
50020	Alhama de Aragón	04	13
50024	Almonacid de la Sierra	04	1
50025	Almunia de Doña Godina (La)	04	25
50027	Ambel	04	1
50029	Aniñón	04	4
50032	Arándiga	04	1
50033	Ardisa	04	1
50034	Ariza	04	14
50035	Artieda	04	1
50038	Ateca	04	12
50039	Azuara	04	1
50043	Bárboles	04	2
50045	Belchite	04	8
50051	Biota	04	9
50055	Borja	04	25
50057	Brea de Aragón	04	34
50059	Bujaraloz	04	3
50060	Bulbuente	04	2
50062	Burgo de Ebro (El)	04	2
50066	Cadrete	04	4
50067	Calatayud	04	78
50068	Calatorao	04	9
50070	Calmarza	04	1
50073	Cariñena	04	12
50074	Caspe	04	31
50081	Cetina	04	4
50089	Cuarte de Huerva	04	8
50094	Daroca	04	18
50095	Ejea de los Caballeros	04	49
50098	Encinacorba	04	1
50099	Épila	04	12
50101	Escatrón	04	3
50102	Fabara	04	1
50107	Figueruelas	04	3
50109	Frago (El)	04	1
50110	Frasno (El)	04	6
50113	Fuendejalón	04	1
50115	Fuentes de Ebro	04	12
50116	Fuentes de Jiloca	04	1
50118	Gallur	04	10
50119	Gelsa	04	1
50121	Gotor	04	3
50124	Herrera de los Navarros	04	1
50125	Ibdes	04	2
50126	Illueca	04	21
50129	Jaraba	04	4
50130	Jarque	04	6
50136	Lécera	04	1
50143	Longares	04	4
50146	Lucena de Jalón	04	1
50148	Luesia	04	1
50151	Luna	04	2
50152	Maella	04	3
50153	Magallón	04	3
50155	Malanquilla	04	1
50156	Maleján	04	1
50159	Maluenda	04	11
50160	Mallén	04	8
50162	Mara	04	1
50163	María de Huerva	04	1
50165	Mequinenza	04	3
50166	Mesones de Isuela	04	1
50169	Miedes de Aragón	04	2
50173	Monterde	04	1
50175	Morata de Jalón	04	11
50176	Morata de Jiloca	04	2
50178	Moros	04	1
50180	Mozota	04	1
50181	Muel	04	1
50183	Munébrega	04	1
50189	Nonaspe	04	7
50190	Novallas	04	2
50192	Nuévalos	04	1
50199	Osera de Ebro	04	1
50202	Paracuellos de la Ribera	04	1
50203	Pastriz	04	1
50204	Pedrola	04	7
50207	Piedratajada	04	1
50208	Pina de Ebro	04	9
50209	Pinseque	04	1
50219	Puebla de Alfindén (La)	04	3
50222	Quinto	04	4
50223	Remolinos	04	2
50225	Ricla	04	10
50230	Sádaba	04	4
50231	Salillas de Jalón	04	1
50235	San Mateo de Gállego	04	3
50236	Santa Cruz de Grío	04	6
50241	Saviñán	04	5
50243	Sestrica	04	2
50245	Sigüés	04	2
50248	Sos del Rey Católico	04	3
50251	Tarazona	04	69
50252	Tauste	04	48
50253	Terrer	04	8
50256	Torralba de los Frailes	04	2
50262	Torres de Berrellén	04	8
50267	Uncastillo	04	5
50272	Utebo	04	28
50280	Vera de Moncayo	04	4
50284	Villafeliche	04	2
50285	Villafranca de Ebro	04	1
50288	Villanueva de Gállego	04	16
50292	Villarreal de Huerva	04	1
50293	Villarroya de la Sierra	04	9
50297	Zaragoza	04	848
50298	Zuera	04	32
22006	Aísa	05 a 09	22
22007	Albalate de Cinca	05 a 09	5
22014	Alcalá de Gurrea	05 a 09	1
22017	Alcolea de Cinca	05 a 09	25
22018	Alcubierre	05 a 09	1
22021	Almudévar	05 a 09	3
22024	Alquézar	05 a 09	1
22025	Altorricón	05 a 09	10
22027	Angüés	05 a 09	1
22028	Ansó	05 a 09	8
22032	Aragüés del Puerto	05 a 09	1
22035	Arén	05 a 09	2
22039	Ayerbe	05 a 09	29
22044	Bailo	05 a 09	1
22046	Ballobar	05 a 09	2
22048	Barbastro	05 a 09	160
22051	Bárcabo	05 a 09	1
22052	Belver de Cinca	05 a 09	3
22053	Benabarre	05 a 09	5
22054	Benasque	05 a 09	39
22057	Bielsa	05 a 09	4
22058	Bierge	05 a 09	1
22059	Biescas	05 a 09	66
22060	Binaced	05 a 09	2
22061	Binéfar	05 a 09	82
22066	Boltaña	05 a 09	25
22069	Broto	05 a 09	19
22074	Campo	05 a 09	5
22075	Camporrells	05 a 09	1
22077	Candasnos	05 a 09	1
22078	Canfranc	05 a 09	13
22084	Castejón de Sos	05 a 09	14
22086	Castiello de Jaca	05 a 09	14
22099	Esplús	05 a 09	3
22103	Estadilla	05 a 09	4
22110	Fonz	05 a 09	1
22112	Fraga	05 a 09	139
22115	Grado (El)	05 a 09	1
22116	Grañén	05 a 09	13
22117	Graus	05 a 09	76
22119	Gurrea de Gállego	05 a 09	6
22122	Hoz de Jaca	05 a 09	1
22125	Huesca	05 a 09	474
22130	Jaca	05 a 09	241
22133	Labuerda	05 a 09	1
22137	Lanaja	05 a 09	1
22143	Laspaúles	05 a 09	3
22149	Loarre	05 a 09	1
22158	Monzón	05 a 09	206
22160	Naval	05 a 09	1
22162	Novales	05 a 09	1
22170	Panticosa	05 a 09	46
22172	Peñalba	05 a 09	2
22173	Peñas de Riglos (Las)	05 a 09	1
22174	Peralta de Alcofea	05 a 09	1
22182	Plan	05 a 09	2
22189	Puértolas	05 a 09	4
22199	Sabiñánigo	05 a 09	167
22200	Sahún	05 a 09	4
22204	Sallent de Gállego	05 a 09	79
22213	Sariñena	05 a 09	22
22215	Seira	05 a 09	4
22221	Sesué	05 a 09	3
22225	Tamarite de Litera	05 a 09	55
22226	Tardienta	05 a 09	9
22227	Tella-Sin	05 a 09	6
22230	Torla	05 a 09	2
22234	Torrente de Cinca	05 a 09	3
22249	Villanova	05 a 09	2
22250	Villanúa	05 a 09	40
22253	Yésero	05 a 09	1
22254	Zaidín	05 a 09	13
22901	Valle de Hecho	05 a 09	15
22902	Puente la Reina de Jaca	05 a 09	3
22905	Lupiñén-Ortilla	05 a 09	1
22907	Aínsa-Sobrarbe	05 a 09	30
44004	Aguaviva	05 a 09	1
44008	Albalate del Arzobispo	05 a 09	26
44009	Albarracín	05 a 09	16
44012	Alcalá de la Selva	05 a 09	9
44013	Alcañiz	05 a 09	267
44014	Alcorisa	05 a 09	44
44016	Alfambra	05 a 09	1
44017	Aliaga	05 a 09	2
44022	Alloza	05 a 09	4
44025	Andorra	05 a 09	135
44026	Arcos de las Salinas	05 a 09	1
44029	Ariño	05 a 09	8
44042	Blancas	05 a 09	1
44045	Bronchales	05 a 09	8
44048	Cabra de Mora	05 a 09	1
44049	Calaceite	05 a 09	3
44050	Calamocha	05 a 09	63
44051	Calanda	05 a 09	44
44054	Camarena de la Sierra	05 a 09	1
44056	Caminreal	05 a 09	1
44059	Cantavieja	05 a 09	5
44068	Castelserás	05 a 09	1
44071	Castellote	05 a 09	4
44074	Cedrillas	05 a 09	3
44075	Celadas	05 a 09	5
44076	Cella	05 a 09	4
44099	Escucha	05 a 09	39
44103	Formiche Alto	05 a 09	2
44115	Galve	05 a 09	1
44122	Híjar	05 a 09	18
44126	Iglesuela del Cid (La)	05 a 09	1
44143	Manzanera	05 a 09	9
44144	Martín del Río	05 a 09	8
44145	Mas de las Matas	05 a 09	2
44151	Molinos	05 a 09	2
44153	Monreal del Campo	05 a 09	15
44155	Montalbán	05 a 09	27
44158	Mora de Rubielos	05 a 09	29
44160	Mosqueruela	05 a 09	5
44169	Ojos Negros	05 a 09	4
44171	Olba	05 a 09	1
44172	Oliete	05 a 09	1
44174	Orihuela del Tremedal	05 a 09	2
44176	Palomar de Arroyos	05 a 09	2
44182	Perales del Alfambra	05 a 09	1
44191	Puebla de Híjar (La)	05 a 09	6
44192	Puebla de Valverde (La)	05 a 09	2
44193	Puertomingalvo	05 a 09	1
44201	Rubielos de Mora	05 a 09	14
44205	Samper de Calanda	05 a 09	2
44209	Santa Eulalia	05 a 09	4
44210	Sarrión	05 a 09	5
44216	Teruel	05 a 09	498
44221	Torrecilla de Alcañiz	05 a 09	1
44230	Torrevelilla	05 a 09	1
44237	Urrea de Gaén	05 a 09	1
44238	Utrillas	05 a 09	51
44241	Valdealgorfa	05 a 09	1
44244	Valdelinares	05 a 09	2
44246	Valderrobres	05 a 09	13
44264	Villel	05 a 09	1
50004	Aguarón	05 a 09	1
50006	Ainzón	05 a 09	7
50008	Alagón	05 a 09	74
50017	Alfajarín	05 a 09	1
50020	Alhama de Aragón	05 a 09	14
50025	Almunia de Doña Godina (La)	05 a 09	59
50027	Ambel	05 a 09	3
50029	Aniñón	05 a 09	7
50033	Ardisa	05 a 09	1
50034	Ariza	05 a 09	23
50038	Ateca	05 a 09	32
50045	Belchite	05 a 09	1
50055	Borja	05 a 09	86
50057	Brea de Aragón	05 a 09	19
50059	Bujaraloz	05 a 09	2
50060	Bulbuente	05 a 09	3
50062	Burgo de Ebro (El)	05 a 09	11
50064	Cabañas de Ebro	05 a 09	4
50066	Cadrete	05 a 09	8
50067	Calatayud	05 a 09	231
50068	Calatorao	05 a 09	10
50072	Carenas	05 a 09	1
50073	Cariñena	05 a 09	60
50074	Caspe	05 a 09	69
50078	Castiliscar	05 a 09	2
50080	Cerveruela	05 a 09	1
50088	Cosuenda	05 a 09	2
50089	Cuarte de Huerva	05 a 09	10
50092	Chiprana	05 a 09	1
50094	Daroca	05 a 09	33
50095	Ejea de los Caballeros	05 a 09	309
50099	Épila	05 a 09	12
50101	Escatrón	05 a 09	1
50105	Fayón	05 a 09	1
50107	Figueruelas	05 a 09	10
50113	Fuendejalón	05 a 09	1
50115	Fuentes de Ebro	05 a 09	13
50118	Gallur	05 a 09	22
50121	Gotor	05 a 09	1
50126	Illueca	05 a 09	85
50129	Jaraba	05 a 09	1
50130	Jarque	05 a 09	4
50132	Joyosa (La)	05 a 09	1
50136	Lécera	05 a 09	1
50143	Longares	05 a 09	3
50148	Luesia	05 a 09	1
50151	Luna	05 a 09	7
50152	Maella	05 a 09	2
50153	Magallón	05 a 09	6
50157	Malón	05 a 09	1
50159	Maluenda	05 a 09	2
50160	Mallén	05 a 09	13
50163	María de Huerva	05 a 09	5
50165	Mequinenza	05 a 09	10
50169	Miedes de Aragón	05 a 09	1
50175	Morata de Jalón	05 a 09	11
50177	Morés	05 a 09	1
50178	Moros	05 a 09	1
50181	Muel	05 a 09	7
50182	Muela (La)	05 a 09	6
50183	Munébrega	05 a 09	1
50189	Nonaspe	05 a 09	3
50193	Nuez de Ebro	05 a 09	1
50200	Paniza	05 a 09	2
50201	Paracuellos de Jiloca	05 a 09	1
50203	Pastriz	05 a 09	1
50204	Pedrola	05 a 09	19
50208	Pina de Ebro	05 a 09	11
50219	Puebla de Alfindén (La)	05 a 09	13
50222	Quinto	05 a 09	5
50223	Remolinos	05 a 09	6
50225	Ricla	05 a 09	11
50230	Sádaba	05 a 09	23
50232	Salvatierra de Esca	05 a 09	1
50235	San Mateo de Gállego	05 a 09	15
50236	Santa Cruz de Grío	05 a 09	8
50240	Sástago	05 a 09	4
50241	Saviñán	05 a 09	3
50243	Sestrica	05 a 09	1
50245	Sigüés	05 a 09	1
50247	Sobradiel	05 a 09	1
50248	Sos del Rey Católico	05 a 09	4
50249	Tabuenca	05 a 09	3
50251	Tarazona	05 a 09	207
50252	Tauste	05 a 09	85
50253	Terrer	05 a 09	2
50262	Torres de Berrellén	05 a 09	5
50266	Trasobares	05 a 09	1
50267	Uncastillo	05 a 09	5
50271	Used	05 a 09	1
50272	Utebo	05 a 09	224
50280	Vera de Moncayo	05 a 09	1
50287	Villalengua	05 a 09	1
50288	Villanueva de Gállego	05 a 09	27
50290	Villanueva de Huerva	05 a 09	1
50293	Villarroya de la Sierra	05 a 09	5
50296	Zaida (La)	05 a 09	2
50297	Zaragoza	05 a 09	4755
50298	Zuera	05 a 09	44
50901	Biel	05 a 09	2
22006	Aísa	10 a 19	19
22017	Alcolea de Cinca	10 a 19	2
22021	Almudévar	10 a 19	1
22025	Altorricón	10 a 19	3
22028	Ansó	10 a 19	2
22035	Arén	10 a 19	1
22048	Barbastro	10 a 19	191
22054	Benasque	10 a 19	32
22057	Bielsa	10 a 19	1
22059	Biescas	10 a 19	43
22061	Binéfar	10 a 19	45
22066	Boltaña	10 a 19	5
22067	Bonansa	10 a 19	1
22069	Broto	10 a 19	4
22074	Campo	10 a 19	3
22078	Canfranc	10 a 19	14
22084	Castejón de Sos	10 a 19	4
22112	Fraga	10 a 19	81
22116	Grañén	10 a 19	3
22117	Graus	10 a 19	15
22119	Gurrea de Gállego	10 a 19	1
22125	Huesca	10 a 19	434
22130	Jaca	10 a 19	209
22133	Labuerda	10 a 19	1
22143	Laspaúles	10 a 19	2
22158	Monzón	10 a 19	130
22160	Naval	10 a 19	1
22167	Osso de Cinca	10 a 19	1
22170	Panticosa	10 a 19	8
22199	Sabiñánigo	10 a 19	111
22204	Sallent de Gállego	10 a 19	40
22213	Sariñena	10 a 19	14
22215	Seira	10 a 19	2
22221	Sesué	10 a 19	3
22225	Tamarite de Litera	10 a 19	8
22226	Tardienta	10 a 19	1
22227	Tella-Sin	10 a 19	1
22230	Torla	10 a 19	2
22249	Villanova	10 a 19	1
22250	Villanúa	10 a 19	18
22901	Valle de Hecho	10 a 19	2
22902	Puente la Reina de Jaca	10 a 19	1
22907	Aínsa-Sobrarbe	10 a 19	4
44004	Aguaviva	10 a 19	2
44008	Albalate del Arzobispo	10 a 19	2
44009	Albarracín	10 a 19	1
44012	Alcalá de la Selva	10 a 19	6
44013	Alcañiz	10 a 19	111
44014	Alcorisa	10 a 19	10
44017	Aliaga	10 a 19	1
44025	Andorra	10 a 19	15
44029	Ariño	10 a 19	1
44050	Calamocha	10 a 19	14
44051	Calanda	10 a 19	8
44054	Camarena de la Sierra	10 a 19	1
44056	Caminreal	10 a 19	1
44059	Cantavieja	10 a 19	1
44071	Castellote	10 a 19	2
44076	Cella	10 a 19	16
44099	Escucha	10 a 19	1
44122	Híjar	10 a 19	4
44145	Mas de las Matas	10 a 19	1
44153	Monreal del Campo	10 a 19	2
44155	Montalbán	10 a 19	12
44158	Mora de Rubielos	10 a 19	4
44191	Puebla de Híjar (La)	10 a 19	2
44201	Rubielos de Mora	10 a 19	2
44210	Sarrión	10 a 19	1
44216	Teruel	10 a 19	272
44238	Utrillas	10 a 19	38
44246	Valderrobres	10 a 19	1
50006	Ainzón	10 a 19	1
50008	Alagón	10 a 19	20
50020	Alhama de Aragón	10 a 19	1
50025	Almunia de Doña Godina (La)	10 a 19	21
50029	Aniñón	10 a 19	1
50034	Ariza	10 a 19	3
50038	Ateca	10 a 19	8
50045	Belchite	10 a 19	1
50050	Bijuesca	10 a 19	1
50055	Borja	10 a 19	20
50057	Brea de Aragón	10 a 19	13
50062	Burgo de Ebro (El)	10 a 19	2
50066	Cadrete	10 a 19	2
50067	Calatayud	10 a 19	174
50068	Calatorao	10 a 19	1
50073	Cariñena	10 a 19	8
50074	Caspe	10 a 19	38
50089	Cuarte de Huerva	10 a 19	20
50094	Daroca	10 a 19	19
50095	Ejea de los Caballeros	10 a 19	85
50099	Épila	10 a 19	4
50115	Fuentes de Ebro	10 a 19	7
50118	Gallur	10 a 19	11
50126	Illueca	10 a 19	19
50132	Joyosa (La)	10 a 19	1
50147	Luceni	10 a 19	1
50151	Luna	10 a 19	1
50153	Magallón	10 a 19	1
50159	Maluenda	10 a 19	1
50160	Mallén	10 a 19	2
50163	María de Huerva	10 a 19	2
50165	Mequinenza	10 a 19	1
50175	Morata de Jalón	10 a 19	2
50181	Muel	10 a 19	1
50192	Nuévalos	10 a 19	3
50199	Osera de Ebro	10 a 19	1
50204	Pedrola	10 a 19	4
50208	Pina de Ebro	10 a 19	2
50209	Pinseque	10 a 19	2
50219	Puebla de Alfindén (La)	10 a 19	3
50222	Quinto	10 a 19	1
50223	Remolinos	10 a 19	1
50225	Ricla	10 a 19	3
50235	San Mateo de Gállego	10 a 19	3
50240	Sástago	10 a 19	3
50241	Saviñán	10 a 19	2
50245	Sigüés	10 a 19	1
50248	Sos del Rey Católico	10 a 19	2
50251	Tarazona	10 a 19	86
50252	Tauste	10 a 19	26
50253	Terrer	10 a 19	2
50262	Torres de Berrellén	10 a 19	1
50272	Utebo	10 a 19	77
50285	Villafranca de Ebro	10 a 19	1
50288	Villanueva de Gállego	10 a 19	7
50297	Zaragoza	10 a 19	5772
50298	Zuera	10 a 19	12
50902	Marracos	10 a 19	1
22006	Aísa	20 a 39	7
22016	Alcampell	20 a 39	1
22048	Barbastro	20 a 39	47
22054	Benasque	20 a 39	21
22059	Biescas	20 a 39	19
22061	Binéfar	20 a 39	4
22066	Boltaña	20 a 39	1
22069	Broto	20 a 39	2
22078	Canfranc	20 a 39	5
22084	Castejón de Sos	20 a 39	2
22086	Castiello de Jaca	20 a 39	5
22112	Fraga	20 a 39	25
22117	Graus	20 a 39	5
22125	Huesca	20 a 39	279
22130	Jaca	20 a 39	107
22158	Monzón	20 a 39	23
22170	Panticosa	20 a 39	6
22199	Sabiñánigo	20 a 39	20
22200	Sahún	20 a 39	1
22204	Sallent de Gállego	20 a 39	19
22213	Sariñena	20 a 39	3
22225	Tamarite de Litera	20 a 39	5
22230	Torla	20 a 39	4
22250	Villanúa	20 a 39	18
22901	Valle de Hecho	20 a 39	1
44008	Albalate del Arzobispo	20 a 39	2
44009	Albarracín	20 a 39	1
44013	Alcañiz	20 a 39	23
44014	Alcorisa	20 a 39	1
44050	Calamocha	20 a 39	1
44076	Cella	20 a 39	1
44155	Montalbán	20 a 39	1
44210	Sarrión	20 a 39	1
44216	Teruel	20 a 39	61
50008	Alagón	20 a 39	2
50025	Almunia de Doña Godina (La)	20 a 39	3
50038	Ateca	20 a 39	2
50039	Azuara	20 a 39	2
50055	Borja	20 a 39	2
50066	Cadrete	20 a 39	1
50067	Calatayud	20 a 39	83
50068	Calatorao	20 a 39	1
50073	Cariñena	20 a 39	5
50074	Caspe	20 a 39	7
50089	Cuarte de Huerva	20 a 39	2
50095	Ejea de los Caballeros	20 a 39	11
50099	Épila	20 a 39	1
50115	Fuentes de Ebro	20 a 39	1
50126	Illueca	20 a 39	1
50163	María de Huerva	20 a 39	1
50181	Muel	20 a 39	1
50204	Pedrola	20 a 39	2
50208	Pina de Ebro	20 a 39	1
50219	Puebla de Alfindén (La)	20 a 39	1
50251	Tarazona	20 a 39	11
50252	Tauste	20 a 39	5
50272	Utebo	20 a 39	19
50288	Villanueva de Gállego	20 a 39	1
50297	Zaragoza	20 a 39	3268
50298	Zuera	20 a 39	1
22006	Aísa	40 o más	9
22048	Barbastro	40 o más	2
22054	Benasque	40 o más	12
22059	Biescas	40 o más	4
22066	Boltaña	40 o más	1
22078	Canfranc	40 o más	9
22099	Esplús	40 o más	1
22112	Fraga	40 o más	1
22115	Grado (El)	40 o más	1
22117	Graus	40 o más	1
22125	Huesca	40 o más	77
22130	Jaca	40 o más	53
22158	Monzón	40 o más	3
22170	Panticosa	40 o más	3
22199	Sabiñánigo	40 o más	3
22200	Sahún	40 o más	1
22204	Sallent de Gállego	40 o más	8
22250	Villanúa	40 o más	2
44013	Alcañiz	40 o más	1
44050	Calamocha	40 o más	1
44076	Cella	40 o más	1
44216	Teruel	40 o más	22
50055	Borja	40 o más	1
50067	Calatayud	40 o más	10
50073	Cariñena	40 o más	1
50089	Cuarte de Huerva	40 o más	1
50094	Daroca	40 o más	2
50099	Épila	40 o más	1
50251	Tarazona	40 o más	3
50272	Utebo	40 o más	5
50297	Zaragoza	40 o más	956
50298	Zuera	40 o más	2
22004	Agüero	Sin determinar	2
22006	Aísa	Sin determinar	1
22009	Albelda	Sin determinar	1
22021	Almudévar	Sin determinar	1
22025	Altorricón	Sin determinar	1
22027	Angüés	Sin determinar	1
22028	Ansó	Sin determinar	1
22039	Ayerbe	Sin determinar	1
22048	Barbastro	Sin determinar	13
22053	Benabarre	Sin determinar	1
22059	Biescas	Sin determinar	1
22060	Binaced	Sin determinar	1
22063	Biscarrués	Sin determinar	1
22072	Caldearenas	Sin determinar	1
22081	Casbas de Huesca	Sin determinar	1
22084	Castejón de Sos	Sin determinar	1
22099	Esplús	Sin determinar	1
22110	Fonz	Sin determinar	1
22112	Fraga	Sin determinar	1
22116	Grañén	Sin determinar	3
22117	Graus	Sin determinar	4
22125	Huesca	Sin determinar	26
22130	Jaca	Sin determinar	3
22137	Lanaja	Sin determinar	1
22158	Monzón	Sin determinar	6
22175	Peralta de Calasanz	Sin determinar	1
22195	Quicena	Sin determinar	2
22199	Sabiñánigo	Sin determinar	2
22204	Sallent de Gállego	Sin determinar	2
22213	Sariñena	Sin determinar	1
22214	Secastilla	Sin determinar	3
22225	Tamarite de Litera	Sin determinar	1
22230	Torla	Sin determinar	1
22233	Torre la Ribera	Sin determinar	2
22251	Villanueva de Sigena	Sin determinar	1
22907	Aínsa-Sobrarbe	Sin determinar	1
44008	Albalate del Arzobispo	Sin determinar	1
44009	Albarracín	Sin determinar	2
44013	Alcañiz	Sin determinar	4
44014	Alcorisa	Sin determinar	1
44025	Andorra	Sin determinar	1
44047	Burbáguena	Sin determinar	1
44051	Calanda	Sin determinar	1
44074	Cedrillas	Sin determinar	2
44117	Gea de Albarracín	Sin determinar	1
44122	Híjar	Sin determinar	2
44145	Mas de las Matas	Sin determinar	1
44160	Mosqueruela	Sin determinar	1
44165	Nogueruelas	Sin determinar	1
44193	Puertomingalvo	Sin determinar	1
44216	Teruel	Sin determinar	12
44238	Utrillas	Sin determinar	1
50004	Aguarón	Sin determinar	1
50006	Ainzón	Sin determinar	1
50008	Alagón	Sin determinar	5
50024	Almonacid de la Sierra	Sin determinar	1
50025	Almunia de Doña Godina (La)	Sin determinar	4
50030	Añón de Moncayo	Sin determinar	1
50038	Ateca	Sin determinar	1
50045	Belchite	Sin determinar	1
50055	Borja	Sin determinar	5
50057	Brea de Aragón	Sin determinar	1
50059	Bujaraloz	Sin determinar	1
50066	Cadrete	Sin determinar	1
50067	Calatayud	Sin determinar	9
50069	Calcena	Sin determinar	1
50074	Caspe	Sin determinar	2
50077	Castejón de Valdejasa	Sin determinar	1
50086	Codos	Sin determinar	1
50089	Cuarte de Huerva	Sin determinar	1
50094	Daroca	Sin determinar	2
50095	Ejea de los Caballeros	Sin determinar	3
50099	Épila	Sin determinar	3
50107	Figueruelas	Sin determinar	1
50123	Grisén	Sin determinar	1
50131	Jaulín	Sin determinar	1
50132	Joyosa (La)	Sin determinar	1
50143	Longares	Sin determinar	1
50144	Longás	Sin determinar	1
50148	Luesia	Sin determinar	2
50159	Maluenda	Sin determinar	1
50160	Mallén	Sin determinar	1
50163	María de Huerva	Sin determinar	1
50175	Morata de Jalón	Sin determinar	1
50181	Muel	Sin determinar	1
50182	Muela (La)	Sin determinar	1
50191	Novillas	Sin determinar	1
50199	Osera de Ebro	Sin determinar	1
50201	Paracuellos de Jiloca	Sin determinar	1
50204	Pedrola	Sin determinar	1
50209	Pinseque	Sin determinar	5
50222	Quinto	Sin determinar	1
50230	Sádaba	Sin determinar	3
50247	Sobradiel	Sin determinar	1
50251	Tarazona	Sin determinar	4
50252	Tauste	Sin determinar	3
50267	Uncastillo	Sin determinar	1
50272	Utebo	Sin determinar	1
50280	Vera de Moncayo	Sin determinar	1
50288	Villanueva de Gállego	Sin determinar	1
50296	Zaida (La)	Sin determinar	1
50297	Zaragoza	Sin determinar	182
50298	Zuera	Sin determinar	2