Año	Código de la provincia	Provincia	Unidades de trabajo que son jefes de explotación	Unidades de trabajo que son asalariados	Unidades de trabajo que son asalariados fijos	Unidades de trabajo que son asalariados eventuales	Unidades de trabajo que son mano de obra familiar	Unidades de trabajo que siendo mano de obra familiar son titulares explotación	Unidades de trabajo que siendo mano de obra familiar son cónyuges	Unidades de trabajo que siendo mano de obra familiar son otros diferentes
1989	22	Huesca	10530	2374	1767	594	13323	10192	956	2166
1989	44	Teruel	8970	953	561	381	11950	8781	1598	1539
1989	50	Zaragoza	16130	4707	2612	2081	19286	15123	1039	3108
1999	22	Huesca	9550,267	4090,791	2959,07	1131,721	10787,262	8347,873	1004,821	1434,568
1999	44	Teruel	6893,735	1620,079	1193,061	427,018	8419,131	6396,948	1190,776	831,407
1999	50	Zaragoza	13457,8	6736,692	4259,95	2476,742	14669,22	11649,471	1164,078	1855,671