Año	Código de la provincia	Provincia	Personas que son mano de obra familiar	Personas mano obra familiar sólo trabajan en la explotación	Personas mano obra familiar trabajan también en otra activ. lucrativa	Personas mano obra familiar trabajan en otra actividad como principal	Personas mano obra familiar trabajan en otra actividad como secundaria	Personas mano obra familiar titulares que sólo trabajan en la explotación	Personas mano obra familiar titulares que trabajan también en otra activ. lucrativa	Personas mano obra familiar titulares que trabajan en otra actividad como principal	Personas mano obra familiar titulares que trabajan en otra actividad como secundaria	Personas mano obra familiar cónyuges que sólo trabajan en la explotación	Personas mano obra familiar cónyuges que trabajan también en otra activ. Lucrativa	Personas mano obra familiar cónyuges que trabajan en otra actividad como principal	Personas mano obra familiar cónyuges que trabajan en otra actividad como secundaria	Personas mano obra familiar otros, que sólo trabajan en la explotación	Personas mano obra familiar otros, que  trabajan también en otra activ. lucrativa	Personas mano obra familiar otros,  trabajan en otra actividad como principal	Personas mano obra familiar otros, que trabajan en otra actividad como secundaria	Personas mano obra familiar con <25% trabajando en explotación	Personas mano obra familiar con >24,99 y <50% trabajando en explotación	Personas mano obra familiar con >49,99 y <75% trabajando en explotación	Personas mano obra familiar con >74,99 y <100% trabajando en explotación	Personas mano obra familiar con 100% trabajando en explotación
1989	22	Huesca	31528	22659	8869	7676	1193	15622	6645	5756	889	3587	321	274	47	3450	1903	1646	257	16115	3922	2037	1969	7485
1989	44	Teruel	35099	25915	9184	8077	1107	17553	7082	6208	874	5851	460	412	48	2511	1642	1457	185	21018	3875	2279	1664	6263
1989	50	Zaragoza	70360	43156	27204	24080	3124	31678	18892	16628	2264	5866	1015	900	115	5612	7297	6552	745	47471	7733	4216	3079	7861
1999	22	Huesca	28062	18673	9389	7950	1439	13113	6198	5045	1153	2788	886	784	102	2772	2305	2121	184	14801	3794	1744	2157	5171
1999	44	Teruel	25395	16637	8758	7939	819	11214	5565	4998	567	3654	1214	1090	124	1769	1979	1851	128	15134	3279	1377	1220	4111
1999	50	Zaragoza	57904	33213	24691	22960	1731	23699	14755	13426	1329	4804	2456	2302	154	4710	7480	7232	248	39611	6247	2348	2116	6154