Año	Provincia código	Provincia nombre	Tipo licencias código	Tipo licencias descripción	Licencias
2015	22	Huesca	OT	Operador de transporte (sin ámbito geográfico)	39
2015	22	Huesca	VD-N	Transporte público viajeros en autobús nacional	284
2015	22	Huesca	VS-N	Transporte público ambulancias nacional	9
2015	22	Huesca	VT-N	Transporte público de viajeros en turismo nacional	239
2015	22	Huesca	MDL-N	Transporte público mercancías ligeras nacional	228
2015	22	Huesca	MDP-N	Transporte público mercancías nacional	2292
2015	22	Huesca	MPC-N	Transporte privado mercancías nacional	871
2015	22	Huesca	VPC-N	Transporte privado de viajeros nacional	6
2015	22	Huesca	VTC-N	Transporte arrendamiento con conductor nacional	7
2015	22	Huesca	MDLE-N	Transporte público mercancías ligeras nacional empresa	134
2015	22	Huesca	MDPE-N	Transporte público mercancías nacional empresa	587
2015	22	Huesca	MPCE-N	Transporte privado mercancías nacional empresa	502
2015	22	Huesca	VSPC-N	Transporte privado ambulancias nacional	0
2015	22	Huesca	VD	Transporte público viajeros en autobús	9
2015	22	Huesca	XD-N	Transporte público mixtos	0
2015	22	Huesca	VSPCE-N	Transporte privado ambulancias nacional empresa	0
2015	22	Huesca	VSE-N	Transporte público ambulancias nacional empresa	1
2015	44	Teruel	OT	Operador de transporte (sin ámbito geográfico)	22
2015	44	Teruel	VD-N	Transporte público viajeros en autobús nacional	73
2015	44	Teruel	VS-N	Transporte público ambulancias nacional	21
2015	44	Teruel	VT-N	Transporte público de viajeros en turismo nacional	75
2015	44	Teruel	MDL-N	Transporte público mercancías ligeras nacional	147
2015	44	Teruel	MDP-N	Transporte público mercancías nacional	1431
2015	44	Teruel	MPC-N	Transporte privado mercancías nacional	645
2015	44	Teruel	VPC-N	Transporte privado de viajeros nacional	2
2015	44	Teruel	VTC-N	Transporte arrendamiento con conductor nacional	35
2015	44	Teruel	MDLE-N	Transporte público mercancías ligeras nacional empresa	84
2015	44	Teruel	MDPE-N	Transporte público mercancías nacional empresa	361
2015	44	Teruel	MPCE-N	Transporte privado mercancías nacional empresa	367
2015	44	Teruel	VSPC-N	Transporte privado ambulancias nacional	1
2015	44	Teruel	VD	Transporte público viajeros en autobús	0
2015	44	Teruel	XD-N	Transporte público mixtos	3
2015	44	Teruel	VSPCE-N	Transporte privado ambulancias nacional empresa	0
2015	44	Teruel	VSE-N	Transporte público ambulancias nacional empresa	2
2015	50	Zaragoza	OT	Operador de transporte (sin ámbito geográfico)	175
2015	50	Zaragoza	VD-N	Transporte público viajeros en autobús nacional	542
2015	50	Zaragoza	VS-N	Transporte público ambulancias nacional	6
2015	50	Zaragoza	VT-N	Transporte público de viajeros en turismo nacional	1927
2015	50	Zaragoza	MDL-N	Transporte público mercancías ligeras nacional	1620
2015	50	Zaragoza	MDP-N	Transporte público mercancías nacional	6768
2015	50	Zaragoza	MPC-N	Transporte privado mercancías nacional	1761
2015	50	Zaragoza	VPC-N	Transporte privado de viajeros nacional	21
2015	50	Zaragoza	VTC-N	Transporte arrendamiento con conductor nacional	133
2015	50	Zaragoza	MDLE-N	Transporte público mercancías ligeras nacional empresa	979
2015	50	Zaragoza	MDPE-N	Transporte público mercancías nacional empresa	1236
2015	50	Zaragoza	MPCE-N	Transporte privado mercancías nacional empresa	986
2015	50	Zaragoza	VSPC-N	Transporte privado ambulancias nacional	3
2015	50	Zaragoza	VD	Transporte público viajeros en autobús	0
2015	50	Zaragoza	XD-N	Transporte público mixtos	0
2015	50	Zaragoza	VSPCE-N	Transporte privado ambulancias nacional empresa	1
2015	50	Zaragoza	VSE-N	Transporte público ambulancias nacional empresa	1
2014	22	Huesca	OT	Operador de transporte (sin ámbito geográfico)	38
2014	22	Huesca	VD-N	Transporte público viajeros en autobús nacional	291
2014	22	Huesca	VS-N	Transporte público ambulancias nacional	9
2014	22	Huesca	VT-N	Transporte público de viajeros en turismo nacional	238
2014	22	Huesca	MDL-N	Transporte público mercancías ligeras nacional	216
2014	22	Huesca	MDP-N	Transporte público mercancías nacional	2317
2014	22	Huesca	MPC-N	Transporte privado mercancías nacional	842
2014	22	Huesca	VPC-N	Transporte privado de viajeros nacional	6
2014	22	Huesca	VTC-N	Transporte arrendamiento con conductor nacional	6
2014	22	Huesca	MDLE-N	Transporte público mercancías ligeras nacional empresa	129
2014	22	Huesca	MDPE-N	Transporte público mercancías nacional empresa	599
2014	22	Huesca	MPCE-N	Transporte privado mercancías nacional empresa	493
2014	22	Huesca	VSPC-N	Transporte privado ambulancias nacional	0
2014	22	Huesca	VD	Transporte público viajeros en autobús	9
2014	22	Huesca	XD-N	Transporte público mixtos	0
2014	22	Huesca	VSE-N	Transporte público ambulancias nacional empresa	1
2014	44	Teruel	OT	Operador de transporte (sin ámbito geográfico)	23
2014	44	Teruel	VD-N	Transporte público viajeros en autobús nacional	84
2014	44	Teruel	VS-N	Transporte público ambulancias nacional	19
2014	44	Teruel	VT-N	Transporte público de viajeros en turismo nacional	71
2014	44	Teruel	MDL-N	Transporte público mercancías ligeras nacional	144
2014	44	Teruel	MDP-N	Transporte público mercancías nacional	1415
2014	44	Teruel	MPC-N	Transporte privado mercancías nacional	656
2014	44	Teruel	VPC-N	Transporte privado de viajeros nacional	2
2014	44	Teruel	VTC-N	Transporte arrendamiento con conductor nacional	44
2014	44	Teruel	MDLE-N	Transporte público mercancías ligeras nacional empresa	83
2014	44	Teruel	MDPE-N	Transporte público mercancías nacional empresa	363
2014	44	Teruel	MPCE-N	Transporte privado mercancías nacional empresa	375
2014	44	Teruel	VSPC-N	Transporte privado ambulancias nacional	1
2014	44	Teruel	VD	Transporte público viajeros en autobús	0
2014	44	Teruel	XD-N	Transporte público mixtos	3
2014	44	Teruel	VSE-N	Transporte público ambulancias nacional empresa	2
2014	50	Zaragoza	OT	Operador de transporte (sin ámbito geográfico)	180
2014	50	Zaragoza	VD-N	Transporte público viajeros en autobús nacional	549
2014	50	Zaragoza	VS-N	Transporte público ambulancias nacional	15
2014	50	Zaragoza	VT-N	Transporte público de viajeros en turismo nacional	1918
2014	50	Zaragoza	MDL-N	Transporte público mercancías ligeras nacional	1560
2014	50	Zaragoza	MDP-N	Transporte público mercancías nacional	6557
2014	50	Zaragoza	MPC-N	Transporte privado mercancías nacional	1784
2014	50	Zaragoza	VPC-N	Transporte privado de viajeros nacional	20
2014	50	Zaragoza	VTC-N	Transporte arrendamiento con conductor nacional	120
2014	50	Zaragoza	MDLE-N	Transporte público mercancías ligeras nacional empresa	940
2014	50	Zaragoza	MDPE-N	Transporte público mercancías nacional empresa	1263
2014	50	Zaragoza	MPCE-N	Transporte privado mercancías nacional empresa	987
2014	50	Zaragoza	VSPC-N	Transporte privado ambulancias nacional	3
2014	50	Zaragoza	VD	Transporte público viajeros en autobús	0
2014	50	Zaragoza	XD-N	Transporte público mixtos	0
2014	50	Zaragoza	VSE-N	Transporte público ambulancias nacional empresa	0
2013	22	Huesca	OT	Operador de transporte (sin ámbito geográfico)	34
2013	22	Huesca	VD-N	Transporte público viajeros en autobús nacional	293
2013	22	Huesca	VS-N	Transporte público ambulancias nacional	30
2013	22	Huesca	VT-N	Transporte público de viajeros en turismo nacional	242
2013	22	Huesca	MDL-N	Transporte público mercancías ligeras nacional	219
2013	22	Huesca	MDP-N	Transporte público mercancías nacional	2300
2013	22	Huesca	MPC-N	Transporte privado mercancías nacional	877
2013	22	Huesca	VPC-N	Transporte privado de viajeros nacional	9
2013	22	Huesca	VTC-N	Transporte arrendamiento con conductor nacional	7
2013	22	Huesca	MDLE-N	Transporte público mercancías ligeras nacional empresa	128
2013	22	Huesca	MDPE-N	Transporte público mercancías nacional empresa	589
2013	22	Huesca	MPCE-N	Transporte privado mercancías nacional empresa	507
2013	22	Huesca	VSPC-N	Transporte privado ambulancias nacional	10
2013	22	Huesca	VD	Transporte público viajeros en autobús	9
2013	22	Huesca	XD-N	Transporte público mixtos	0
2013	22	Huesca	XD	Servicio público mixto-Mercancías y viajeros	0
2013	44	Teruel	OT	Operador de transporte (sin ámbito geográfico)	22
2013	44	Teruel	VD-N	Transporte público viajeros en autobús nacional	90
2013	44	Teruel	VS-N	Transporte público ambulancias nacional	17
2013	44	Teruel	VT-N	Transporte público de viajeros en turismo nacional	74
2013	44	Teruel	MDL-N	Transporte público mercancías ligeras nacional	142
2013	44	Teruel	MDP-N	Transporte público mercancías nacional	1473
2013	44	Teruel	MPC-N	Transporte privado mercancías nacional	701
2013	44	Teruel	VPC-N	Transporte privado de viajeros nacional	2
2013	44	Teruel	VTC-N	Transporte arrendamiento con conductor nacional	39
2013	44	Teruel	MDLE-N	Transporte público mercancías ligeras nacional empresa	82
2013	44	Teruel	MDPE-N	Transporte público mercancías nacional empresa	367
2013	44	Teruel	MPCE-N	Transporte privado mercancías nacional empresa	394
2013	44	Teruel	VSPC-N	Transporte privado ambulancias nacional	1
2013	44	Teruel	VD	Transporte público viajeros en autobús	0
2013	44	Teruel	XD-N	Transporte público mixtos	3
2013	44	Teruel	XD	Servicio público mixto-Mercancías y viajeros	0
2013	50	Zaragoza	OT	Operador de transporte (sin ámbito geográfico)	193
2013	50	Zaragoza	VD-N	Transporte público viajeros en autobús nacional	584
2013	50	Zaragoza	VS-N	Transporte público ambulancias nacional	263
2013	50	Zaragoza	VT-N	Transporte público de viajeros en turismo nacional	1931
2013	50	Zaragoza	MDL-N	Transporte público mercancías ligeras nacional	1514
2013	50	Zaragoza	MDP-N	Transporte público mercancías nacional	6629
2013	50	Zaragoza	MPC-N	Transporte privado mercancías nacional	1903
2013	50	Zaragoza	VPC-N	Transporte privado de viajeros nacional	23
2013	50	Zaragoza	VTC-N	Transporte arrendamiento con conductor nacional	140
2013	50	Zaragoza	MDLE-N	Transporte público mercancías ligeras nacional empresa	912
2013	50	Zaragoza	MDPE-N	Transporte público mercancías nacional empresa	1290
2013	50	Zaragoza	MPCE-N	Transporte privado mercancías nacional empresa	1061
2013	50	Zaragoza	VSPC-N	Transporte privado ambulancias nacional	17
2013	50	Zaragoza	VD	Transporte público viajeros en autobús	0
2013	50	Zaragoza	XD-N	Transporte público mixtos	0
2013	50	Zaragoza	XD	Servicio público mixto-Mercancías y viajeros	0
2012	22	Huesca	OT	Operador de transporte (sin ámbito geográfico)	38
2012	22	Huesca	VD-N	Transporte público viajeros en autobús nacional	293
2012	22	Huesca	VS-N	Transporte público ambulancias nacional	30
2012	22	Huesca	VT-N	Transporte público de viajeros en turismo nacional	247
2012	22	Huesca	MDL-N	Transporte público mercancías ligeras nacional	238
2012	22	Huesca	MDP-N	Transporte público mercancías nacional	2471
2012	22	Huesca	MPC-N	Transporte privado mercancías nacional	909
2012	22	Huesca	VPC-N	Transporte privado de viajeros nacional	9
2012	22	Huesca	VTC-N	Transporte arrendamiento con conductor nacional	2
2012	22	Huesca	MDLE-N	Transporte público mercancías ligeras nacional empresa	136
2012	22	Huesca	MDPE-N	Transporte público mercancías nacional empresa	618
2012	22	Huesca	MPCE-N	Transporte privado mercancías nacional empresa	519
2012	22	Huesca	VSPC-N	Transporte privado ambulancias nacional	11
2012	22	Huesca	VD	Transporte público viajeros en autobús	9
2012	22	Huesca	XD-N	Transporte público mixtos	0
2012	22	Huesca	XD	Servicio público mixto-Mercancías y viajeros	0
2012	44	Teruel	OT	Operador de transporte (sin ámbito geográfico)	20
2012	44	Teruel	VD-N	Transporte público viajeros en autobús nacional	93
2012	44	Teruel	VS-N	Transporte público ambulancias nacional	17
2012	44	Teruel	VT-N	Transporte público de viajeros en turismo nacional	83
2012	44	Teruel	MDL-N	Transporte público mercancías ligeras nacional	151
2012	44	Teruel	MDP-N	Transporte público mercancías nacional	1531
2012	44	Teruel	MPC-N	Transporte privado mercancías nacional	706
2012	44	Teruel	VPC-N	Transporte privado de viajeros nacional	3
2012	44	Teruel	VTC-N	Transporte arrendamiento con conductor nacional	41
2012	44	Teruel	MDLE-N	Transporte público mercancías ligeras nacional empresa	82
2012	44	Teruel	MDPE-N	Transporte público mercancías nacional empresa	380
2012	44	Teruel	MPCE-N	Transporte privado mercancías nacional empresa	395
2012	44	Teruel	VSPC-N	Transporte privado ambulancias nacional	1
2012	44	Teruel	VD	Transporte público viajeros en autobús	0
2012	44	Teruel	XD-N	Transporte público mixtos	3
2012	44	Teruel	XD	Servicio público mixto-Mercancías y viajeros	0
2012	50	Zaragoza	OT	Operador de transporte (sin ámbito geográfico)	191
2012	50	Zaragoza	VD-N	Transporte público viajeros en autobús nacional	597
2012	50	Zaragoza	VS-N	Transporte público ambulancias nacional	248
2012	50	Zaragoza	VT-N	Transporte público de viajeros en turismo nacional	1951
2012	50	Zaragoza	MDL-N	Transporte público mercancías ligeras nacional	1595
2012	50	Zaragoza	MDP-N	Transporte público mercancías nacional	6885
2012	50	Zaragoza	MPC-N	Transporte privado mercancías nacional	1949
2012	50	Zaragoza	VPC-N	Transporte privado de viajeros nacional	23
2012	50	Zaragoza	VTC-N	Transporte arrendamiento con conductor nacional	144
2012	50	Zaragoza	MDLE-N	Transporte público mercancías ligeras nacional empresa	961
2012	50	Zaragoza	MDPE-N	Transporte público mercancías nacional empresa	1337
2012	50	Zaragoza	MPCE-N	Transporte privado mercancías nacional empresa	1086
2012	50	Zaragoza	VSPC-N	Transporte privado ambulancias nacional	19
2012	50	Zaragoza	VD	Transporte público viajeros en autobús	0
2012	50	Zaragoza	XD-N	Transporte público mixtos	0
2012	50	Zaragoza	XD	Servicio público mixto-Mercancías y viajeros	0
2011	22	Huesca	OT	Operador de transporte (sin ámbito geográfico)	35
2011	22	Huesca	VD-N	Transporte público viajeros en autobús nacional	293
2011	22	Huesca	VS-N	Transporte público ambulancias nacional	31
2011	22	Huesca	VT-N	Transporte público de viajeros en turismo nacional	238
2011	22	Huesca	MDL-N	Transporte público mercancías ligeras nacional	247
2011	22	Huesca	MDP-N	Transporte público mercancías nacional	2639
2011	22	Huesca	MPC-N	Transporte privado mercancías nacional	918
2011	22	Huesca	VPC-N	Transporte privado de viajeros nacional	10
2011	22	Huesca	VTC-N	Transporte arrendamiento con conductor nacional	5
2011	22	Huesca	MDLE-N	Transporte público mercancías ligeras nacional empresa	144
2011	22	Huesca	MDPE-N	Transporte público mercancías nacional empresa	622
2011	22	Huesca	MPCE-N	Transporte privado mercancías nacional empresa	526
2011	22	Huesca	VSPC-N	Transporte privado ambulancias nacional	11
2011	22	Huesca	VD	Transporte público viajeros en autobús	9
2011	22	Huesca	XD-N	Transporte público mixtos	0
2011	22	Huesca	XD	Servicio público mixto-Mercancías y viajeros	0
2011	44	Teruel	OT	Operador de transporte (sin ámbito geográfico)	23
2011	44	Teruel	VD-N	Transporte público viajeros en autobús nacional	85
2011	44	Teruel	VS-N	Transporte público ambulancias nacional	21
2011	44	Teruel	VT-N	Transporte público de viajeros en turismo nacional	82
2011	44	Teruel	MDL-N	Transporte público mercancías ligeras nacional	167
2011	44	Teruel	MDP-N	Transporte público mercancías nacional	1594
2011	44	Teruel	MPC-N	Transporte privado mercancías nacional	726
2011	44	Teruel	VPC-N	Transporte privado de viajeros nacional	3
2011	44	Teruel	VTC-N	Transporte arrendamiento con conductor nacional	41
2011	44	Teruel	MDLE-N	Transporte público mercancías ligeras nacional empresa	92
2011	44	Teruel	MDPE-N	Transporte público mercancías nacional empresa	380
2011	44	Teruel	MPCE-N	Transporte privado mercancías nacional empresa	394
2011	44	Teruel	VSPC-N	Transporte privado ambulancias nacional	1
2011	44	Teruel	VD	Transporte público viajeros en autobús	0
2011	44	Teruel	XD-N	Transporte público mixtos	0
2011	44	Teruel	XD	Servicio público mixto-Mercancías y viajeros	3
2011	50	Zaragoza	OT	Operador de transporte (sin ámbito geográfico)	207
2011	50	Zaragoza	VD-N	Transporte público viajeros en autobús nacional	602
2011	50	Zaragoza	VS-N	Transporte público ambulancias nacional	262
2011	50	Zaragoza	VT-N	Transporte público de viajeros en turismo nacional	1949
2011	50	Zaragoza	MDL-N	Transporte público mercancías ligeras nacional	1787
2011	50	Zaragoza	MDP-N	Transporte público mercancías nacional	7369
2011	50	Zaragoza	MPC-N	Transporte privado mercancías nacional	2011
2011	50	Zaragoza	VPC-N	Transporte privado de viajeros nacional	24
2011	50	Zaragoza	VTC-N	Transporte arrendamiento con conductor nacional	142
2011	50	Zaragoza	MDLE-N	Transporte público mercancías ligeras nacional empresa	1030
2011	50	Zaragoza	MDPE-N	Transporte público mercancías nacional empresa	1407
2011	50	Zaragoza	MPCE-N	Transporte privado mercancías nacional empresa	1121
2011	50	Zaragoza	VSPC-N	Transporte privado ambulancias nacional	19
2011	50	Zaragoza	VD	Transporte público viajeros en autobús	0
2011	50	Zaragoza	XD-N	Transporte público mixtos	0
2011	50	Zaragoza	XD	Servicio público mixto-Mercancías y viajeros	0
2010	22	Huesca	OT	Operador de transporte (sin ámbito geográfico)	32
2010	22	Huesca	VD-N	Transporte público viajeros en autobús nacional	295
2010	22	Huesca	VS-N	Transporte público ambulancias nacional	34
2010	22	Huesca	VT-N	Transporte público de viajeros en turismo nacional	229
2010	22	Huesca	MDL-N	Transporte público mercancías ligeras nacional	256
2010	22	Huesca	MDP-N	Transporte público mercancías nacional	2657
2010	22	Huesca	MPC-N	Transporte privado mercancías nacional	960
2010	22	Huesca	VPC-N	Transporte privado de viajeros nacional	11
2010	22	Huesca	VTC-N	Transporte arrendamiento con conductor nacional	4
2010	22	Huesca	MDLE-N	Transporte público mercancías ligeras nacional empresa	155
2010	22	Huesca	MDPE-N	Transporte público mercancías nacional empresa	628
2010	22	Huesca	MPCE-N	Transporte privado mercancías nacional empresa	552
2010	22	Huesca	VSPC-N	Transporte privado ambulancias nacional	16
2010	44	Teruel	OT	Operador de transporte (sin ámbito geográfico)	25
2010	44	Teruel	VD-N	Transporte público viajeros en autobús nacional	95
2010	44	Teruel	VS-N	Transporte público ambulancias nacional	22
2010	44	Teruel	VT-N	Transporte público de viajeros en turismo nacional	82
2010	44	Teruel	MDL-N	Transporte público mercancías ligeras nacional	175
2010	44	Teruel	MDP-N	Transporte público mercancías nacional	1628
2010	44	Teruel	MPC-N	Transporte privado mercancías nacional	730
2010	44	Teruel	VPC-N	Transporte privado de viajeros nacional	22
2010	44	Teruel	VTC-N	Transporte arrendamiento con conductor nacional	48
2010	44	Teruel	MDLE-N	Transporte público mercancías ligeras nacional empresa	171
2010	44	Teruel	MDPE-N	Transporte público mercancías nacional empresa	377
2010	44	Teruel	MPCE-N	Transporte privado mercancías nacional empresa	322
2010	44	Teruel	VSPC-N	Transporte privado ambulancias nacional	0
2010	50	Zaragoza	OT	Operador de transporte (sin ámbito geográfico)	201
2010	50	Zaragoza	VD-N	Transporte público viajeros en autobús nacional	655
2010	50	Zaragoza	VS-N	Transporte público ambulancias nacional	210
2010	50	Zaragoza	VT-N	Transporte público de viajeros en turismo nacional	1929
2010	50	Zaragoza	MDL-N	Transporte público mercancías ligeras nacional	1857
2010	50	Zaragoza	MDP-N	Transporte público mercancías nacional	7379
2010	50	Zaragoza	MPC-N	Transporte privado mercancías nacional	2191
2010	50	Zaragoza	VPC-N	Transporte privado de viajeros nacional	22
2010	50	Zaragoza	VTC-N	Transporte arrendamiento con conductor nacional	130
2010	50	Zaragoza	MDLE-N	Transporte público mercancías ligeras nacional empresa	1089
2010	50	Zaragoza	MDPE-N	Transporte público mercancías nacional empresa	1433
2010	50	Zaragoza	MPCE-N	Transporte privado mercancías nacional empresa	1203
2010	50	Zaragoza	VSPC-N	Transporte privado ambulancias nacional	25