Año	Tipo de vehículo	Tipo de vehículo (orden)	Cantidad
2000	Autobuses	4	1501
2000	Camiones y furgonetas	3	115543
2000	Motocicletas	2	30533
2000	Otros vehículos	6	15753
2000	Tractores industriales	5	5509
2000	Turismos	1	458862
2001	Autobuses	4	1510
2001	Camiones y furgonetas	3	120016
2001	Motocicletas	2	31345
2001	Otros vehículos	6	17551
2001	Tractores industriales	5	5953
2001	Turismos	1	472364
2002	Autobuses	4	1580
2002	Camiones y furgonetas	3	124122
2002	Motocicletas	2	32226
2002	Otros vehículos	6	19608
2002	Tractores industriales	5	6386
2002	Turismos	1	484241
2003	Autobuses	4	1534
2003	Camiones y furgonetas	3	127454
2003	Motocicletas	2	32167
2003	Otros vehículos	6	21587
2003	Tractores industriales	5	6743
2003	Turismos	1	487054
2004	Autobuses	4	1581
2004	Camiones y furgonetas	3	134762
2004	Motocicletas	2	34166
2004	Otros vehículos	6	24347
2004	Tractores industriales	5	7146
2004	Turismos	1	503996
2005	Autobuses	4	1602
2005	Camiones y furgonetas	3	144857
2005	Ciclomotores	7	56472
2005	Motocicletas	2	38458
2005	Otros vehículos	6	27655
2005	Tractores industriales	5	7634
2005	Turismos	1	519912
2006	Autobuses	4	1658
2006	Camiones y furgonetas	3	156786
2006	Ciclomotores	7	57842
2006	Motocicletas	2	44718
2006	Otros vehículos	6	31053
2006	Tractores industriales	5	8195
2006	Turismos	1	550479
2007	Autobuses	4	1711
2007	Camiones y furgonetas	3	169534
2007	Ciclomotores	7	59073
2007	Motocicletas	2	50609
2007	Otros vehículos	6	33460
2007	Tractores industriales	5	8920
2007	Turismos	1	563990
2008	Autobuses	4	1722
2008	Camiones y furgonetas	3	175806
2008	Ciclomotores	7	58741
2008	Motocicletas	2	55614
2008	Otros vehículos	6	34499
2008	Tractores industriales	5	8942
2008	Turismos	1	577546
2009	Autobuses	4	1690
2009	Camiones y furgonetas	3	165969
2009	Ciclomotores	7	57730
2009	Motocicletas	2	58261
2009	Otros vehículos	6	35024
2009	Tractores industriales	5	8654
2009	Turismos	1	573107
2010	Autobuses	4	1673
2010	Camiones y furgonetas	3	159945
2010	Ciclomotores	7	56545
2010	Motocicletas	2	60790
2010	Otros vehículos	6	35833
2010	Tractores industriales	5	8520
2010	Turismos	1	573660
2011	Autobuses	4	1652
2011	Camiones y furgonetas	3	152911
2011	Ciclomotores	7	55240
2011	Motocicletas	2	63029
2011	Otros vehículos	6	36854
2011	Tractores industriales	5	8311
2011	Turismos	1	571842
2012	Autobuses	4	1603
2012	Camiones y furgonetas	3	150708
2012	Ciclomotores	7	53839
2012	Motocicletas	2	64381
2012	Otros vehículos	6	37466
2012	Tractores industriales	5	8020
2012	Turismos	1	571765
2013	Autobuses	4	1545
2013	Camiones y furgonetas	3	147648
2013	Ciclomotores	7	52391
2013	Motocicletas	2	65212
2013	Otros vehículos	6	38154
2013	Tractores industriales	5	7784
2013	Turismos	1	565991
2014	Autobuses	4	1507
2014	Camiones y furgonetas	3	145606
2014	Ciclomotores	7	51285
2014	Motocicletas	2	67198
2014	Otros vehículos	6	39394
2014	Tractores industriales	5	8125
2014	Turismos	1	567011