Municipio código	Municipio nombre	Plazas garaje	Número de edificios
22001	Abiego	00	120
22001	Abiego	01	29
22001	Abiego	02	33
22001	Abiego	03 a 05	4
22002	Abizanda	00	81
22002	Abizanda	01	1
22002	Abizanda	02	3
22002	Abizanda	03 a 05	4
22003	Adahuesca	00	84
22003	Adahuesca	01	8
22003	Adahuesca	02	20
22003	Adahuesca	03 a 05	4
22004	Agüero	00	178
22004	Agüero	01	24
22004	Agüero	02	10
22004	Agüero	06 a 10	1
22006	Aísa	00	157
22006	Aísa	01	9
22006	Aísa	03 a 05	1
22006	Aísa	06 a 10	20
22006	Aísa	11 a 20	13
22006	Aísa	21 a 50	7
22006	Aísa	50 o más	1
22007	Albalate de Cinca	00	214
22007	Albalate de Cinca	01	117
22007	Albalate de Cinca	02	60
22007	Albalate de Cinca	03 a 05	19
22008	Albalatillo	00	80
22008	Albalatillo	01	24
22008	Albalatillo	02	17
22008	Albalatillo	03 a 05	5
22009	Albelda	00	182
22009	Albelda	01	144
22009	Albelda	02	99
22009	Albelda	03 a 05	10
22011	Albero Alto	00	31
22011	Albero Alto	01	11
22011	Albero Alto	02	5
22011	Albero Alto	03 a 05	3
22012	Albero Bajo	00	32
22012	Albero Bajo	01	6
22012	Albero Bajo	02	4
22012	Albero Bajo	03 a 05	2
22013	Alberuela de Tubo	00	80
22013	Alberuela de Tubo	01	34
22013	Alberuela de Tubo	02	20
22013	Alberuela de Tubo	03 a 05	2
22014	Alcalá de Gurrea	00	153
22014	Alcalá de Gurrea	01	52
22014	Alcalá de Gurrea	02	11
22015	Alcalá del Obispo	00	172
22015	Alcalá del Obispo	01	63
22015	Alcalá del Obispo	02	20
22015	Alcalá del Obispo	03 a 05	10
22015	Alcalá del Obispo	06 a 10	1
22016	Alcampell	00	242
22016	Alcampell	01	185
22016	Alcampell	02	65
22016	Alcampell	03 a 05	10
22017	Alcolea de Cinca	00	228
22017	Alcolea de Cinca	01	40
22017	Alcolea de Cinca	02	74
22017	Alcolea de Cinca	03 a 05	61
22017	Alcolea de Cinca	06 a 10	5
22018	Alcubierre	00	190
22018	Alcubierre	01	38
22018	Alcubierre	02	24
22018	Alcubierre	03 a 05	13
22019	Alerre	00	19
22019	Alerre	01	21
22019	Alerre	02	19
22019	Alerre	03 a 05	5
22020	Alfántega	00	48
22020	Alfántega	01	16
22020	Alfántega	02	4
22020	Alfántega	03 a 05	4
22021	Almudévar	00	509
22021	Almudévar	01	280
22021	Almudévar	02	178
22021	Almudévar	03 a 05	37
22021	Almudévar	06 a 10	3
22022	Almunia de San Juan	00	190
22022	Almunia de San Juan	01	113
22022	Almunia de San Juan	02	37
22022	Almunia de San Juan	03 a 05	9
22023	Almuniente	00	159
22023	Almuniente	01	76
22023	Almuniente	02	14
22023	Almuniente	03 a 05	8
22024	Alquézar	00	149
22024	Alquézar	01	17
22024	Alquézar	02	29
22024	Alquézar	03 a 05	7
22025	Altorricón	00	236
22025	Altorricón	01	103
22025	Altorricón	02	160
22025	Altorricón	03 a 05	52
22025	Altorricón	06 a 10	4
22027	Angüés	00	243
22027	Angüés	01	72
22027	Angüés	02	3
22027	Angüés	03 a 05	1
22028	Ansó	00	269
22028	Ansó	01	56
22028	Ansó	02	2
22028	Ansó	03 a 05	5
22028	Ansó	06 a 10	5
22028	Ansó	11 a 20	1
22029	Antillón	00	54
22029	Antillón	01	12
22029	Antillón	02	2
22032	Aragüés del Puerto	00	122
22032	Aragüés del Puerto	01	11
22035	Arén	00	217
22035	Arén	01	7
22035	Arén	02	4
22035	Arén	03 a 05	1
22036	Argavieso	00	35
22036	Argavieso	01	19
22036	Argavieso	02	7
22036	Argavieso	03 a 05	5
22037	Arguis	00	50
22037	Arguis	01	5
22037	Arguis	02	5
22039	Ayerbe	00	435
22039	Ayerbe	01	80
22039	Ayerbe	02	14
22039	Ayerbe	03 a 05	4
22040	Azanuy-Alins	00	156
22040	Azanuy-Alins	01	42
22040	Azanuy-Alins	02	2
22041	Azara	00	56
22041	Azara	01	10
22041	Azara	02	22
22041	Azara	03 a 05	6
22041	Azara	06 a 10	1
22042	Azlor	00	68
22042	Azlor	01	16
22042	Azlor	02	17
22042	Azlor	03 a 05	2
22043	Baells	00	74
22043	Baells	01	10
22043	Baells	02	10
22043	Baells	03 a 05	3
22044	Bailo	00	116
22044	Bailo	01	30
22044	Bailo	02	12
22044	Bailo	03 a 05	1
22045	Baldellou	00	108
22045	Baldellou	01	11
22045	Baldellou	02	22
22045	Baldellou	03 a 05	2
22046	Ballobar	00	282
22046	Ballobar	01	123
22046	Ballobar	02	50
22046	Ballobar	03 a 05	12
22046	Ballobar	06 a 10	1
22046	Ballobar	11 a 20	1
22047	Banastás	00	26
22047	Banastás	01	15
22047	Banastás	02	20
22047	Banastás	03 a 05	7
22048	Barbastro	00	1185
22048	Barbastro	01	339
22048	Barbastro	02	307
22048	Barbastro	03 a 05	83
22048	Barbastro	06 a 10	24
22048	Barbastro	11 a 20	68
22048	Barbastro	21 a 50	34
22049	Barbués	00	39
22049	Barbués	01	12
22049	Barbués	02	6
22049	Barbués	03 a 05	2
22050	Barbuñales	00	61
22050	Barbuñales	01	25
22050	Barbuñales	02	1
22051	Bárcabo	00	58
22051	Bárcabo	01	2
22051	Bárcabo	02	3
22051	Bárcabo	03 a 05	2
22051	Bárcabo	06 a 10	1
22052	Belver de Cinca	00	305
22052	Belver de Cinca	01	33
22052	Belver de Cinca	02	116
22052	Belver de Cinca	03 a 05	83
22052	Belver de Cinca	06 a 10	1
22053	Benabarre	00	328
22053	Benabarre	01	168
22053	Benabarre	02	51
22053	Benabarre	03 a 05	14
22053	Benabarre	06 a 10	4
22054	Benasque	00	381
22054	Benasque	01	38
22054	Benasque	02	13
22054	Benasque	03 a 05	6
22054	Benasque	06 a 10	21
22054	Benasque	11 a 20	9
22054	Benasque	21 a 50	4
22054	Benasque	50 o más	1
22055	Berbegal	00	193
22055	Berbegal	01	54
22055	Berbegal	02	24
22055	Berbegal	03 a 05	1
22057	Bielsa	00	163
22057	Bielsa	01	30
22057	Bielsa	02	57
22057	Bielsa	03 a 05	12
22057	Bielsa	06 a 10	6
22058	Bierge	00	192
22058	Bierge	02	1
22059	Biescas	00	605
22059	Biescas	01	150
22059	Biescas	02	35
22059	Biescas	03 a 05	7
22059	Biescas	06 a 10	34
22059	Biescas	11 a 20	14
22060	Binaced	00	265
22060	Binaced	01	120
22060	Binaced	02	129
22060	Binaced	03 a 05	87
22060	Binaced	06 a 10	6
22061	Binéfar	00	1794
22061	Binéfar	01	15
22061	Binéfar	02	8
22061	Binéfar	03 a 05	9
22061	Binéfar	06 a 10	5
22061	Binéfar	11 a 20	2
22061	Binéfar	21 a 50	2
22062	Bisaurri	00	97
22062	Bisaurri	01	14
22062	Bisaurri	02	10
22062	Bisaurri	03 a 05	5
22063	Biscarrués	00	87
22063	Biscarrués	01	40
22063	Biscarrués	02	8
22063	Biscarrués	03 a 05	5
22064	Blecua y Torres	00	79
22064	Blecua y Torres	01	53
22064	Blecua y Torres	02	1
22064	Blecua y Torres	03 a 05	2
22066	Boltaña	00	223
22066	Boltaña	01	48
22066	Boltaña	02	29
22066	Boltaña	03 a 05	15
22066	Boltaña	06 a 10	14
22066	Boltaña	11 a 20	2
22066	Boltaña	21 a 50	2
22067	Bonansa	00	41
22067	Bonansa	01	2
22067	Bonansa	02	6
22067	Bonansa	03 a 05	3
22067	Bonansa	06 a 10	1
22068	Borau	00	78
22068	Borau	01	3
22068	Borau	02	2
22069	Broto	00	266
22069	Broto	01	22
22069	Broto	02	10
22069	Broto	03 a 05	3
22069	Broto	06 a 10	8
22072	Caldearenas	00	158
22072	Caldearenas	01	14
22072	Caldearenas	02	13
22072	Caldearenas	03 a 05	3
22074	Campo	00	152
22074	Campo	01	60
22074	Campo	02	1
22074	Campo	06 a 10	2
22074	Campo	11 a 20	2
22075	Camporrells	00	151
22075	Camporrells	01	20
22075	Camporrells	02	17
22075	Camporrells	03 a 05	13
22076	Canal de Berdún	00	180
22076	Canal de Berdún	01	65
22076	Canal de Berdún	02	32
22076	Canal de Berdún	03 a 05	3
22077	Candasnos	00	109
22077	Candasnos	01	57
22077	Candasnos	02	80
22077	Candasnos	03 a 05	24
22077	Candasnos	21 a 50	1
22078	Canfranc	00	151
22078	Canfranc	01	6
22078	Canfranc	02	4
22078	Canfranc	03 a 05	2
22078	Canfranc	06 a 10	2
22078	Canfranc	11 a 20	4
22078	Canfranc	21 a 50	3
22078	Canfranc	50 o más	1
22079	Capdesaso	00	74
22079	Capdesaso	01	27
22080	Capella	00	118
22080	Capella	01	30
22080	Capella	02	53
22080	Capella	03 a 05	20
22080	Capella	06 a 10	1
22081	Casbas de Huesca	00	323
22081	Casbas de Huesca	01	26
22081	Casbas de Huesca	02	5
22082	Castejón del Puente	00	135
22082	Castejón del Puente	01	40
22082	Castejón del Puente	02	38
22082	Castejón del Puente	03 a 05	8
22082	Castejón del Puente	06 a 10	2
22083	Castejón de Monegros	00	162
22083	Castejón de Monegros	01	109
22083	Castejón de Monegros	02	60
22083	Castejón de Monegros	03 a 05	12
22084	Castejón de Sos	00	170
22084	Castejón de Sos	01	38
22084	Castejón de Sos	02	16
22084	Castejón de Sos	03 a 05	5
22084	Castejón de Sos	06 a 10	2
22084	Castejón de Sos	11 a 20	2
22084	Castejón de Sos	21 a 50	4
22085	Castelflorite	00	34
22085	Castelflorite	01	17
22085	Castelflorite	02	8
22085	Castelflorite	03 a 05	2
22086	Castiello de Jaca	00	82
22086	Castiello de Jaca	01	31
22086	Castiello de Jaca	03 a 05	8
22086	Castiello de Jaca	06 a 10	11
22087	Castigaleu	00	24
22087	Castigaleu	01	10
22087	Castigaleu	02	12
22087	Castigaleu	03 a 05	1
22088	Castillazuelo	00	73
22088	Castillazuelo	01	50
22088	Castillazuelo	02	10
22088	Castillazuelo	03 a 05	1
22089	Castillonroy	00	122
22089	Castillonroy	01	40
22089	Castillonroy	02	64
22089	Castillonroy	03 a 05	23
22089	Castillonroy	06 a 10	7
22090	Colungo	00	87
22090	Colungo	01	3
22090	Colungo	02	4
22090	Colungo	03 a 05	1
22094	Chalamera	00	47
22094	Chalamera	01	27
22094	Chalamera	02	14
22094	Chalamera	03 a 05	4
22095	Chía	00	44
22095	Chía	01	7
22095	Chía	02	3
22095	Chía	03 a 05	2
22096	Chimillas	00	34
22096	Chimillas	01	21
22096	Chimillas	02	20
22096	Chimillas	03 a 05	2
22099	Esplús	00	189
22099	Esplús	01	50
22099	Esplús	02	20
22099	Esplús	03 a 05	3
22099	Esplús	06 a 10	2
22102	Estada	00	47
22102	Estada	01	15
22102	Estada	02	26
22102	Estada	03 a 05	12
22103	Estadilla	00	137
22103	Estadilla	01	79
22103	Estadilla	02	99
22103	Estadilla	03 a 05	54
22103	Estadilla	06 a 10	2
22103	Estadilla	11 a 20	2
22105	Estopiñán del Castillo	00	134
22105	Estopiñán del Castillo	01	31
22105	Estopiñán del Castillo	02	12
22105	Estopiñán del Castillo	03 a 05	1
22106	Fago	00	61
22106	Fago	01	16
22107	Fanlo	00	125
22109	Fiscal	00	190
22109	Fiscal	01	17
22109	Fiscal	02	6
22110	Fonz	00	380
22110	Fonz	01	161
22110	Fonz	02	48
22110	Fonz	03 a 05	5
22111	Foradada del Toscar	00	113
22111	Foradada del Toscar	01	21
22111	Foradada del Toscar	02	5
22112	Fraga	00	983
22112	Fraga	01	394
22112	Fraga	02	422
22112	Fraga	03 a 05	326
22112	Fraga	06 a 10	70
22112	Fraga	11 a 20	15
22112	Fraga	21 a 50	9
22112	Fraga	50 o más	2
22113	Fueva (La)	00	202
22113	Fueva (La)	01	45
22113	Fueva (La)	02	25
22113	Fueva (La)	03 a 05	7
22114	Gistaín	00	60
22114	Gistaín	01	1
22114	Gistaín	02	1
22115	Grado (El)	00	330
22115	Grado (El)	01	52
22115	Grado (El)	02	15
22115	Grado (El)	03 a 05	10
22116	Grañén	00	468
22116	Grañén	01	129
22116	Grañén	02	100
22116	Grañén	03 a 05	2
22116	Grañén	06 a 10	1
22116	Grañén	11 a 20	2
22116	Grañén	21 a 50	1
22117	Graus	00	957
22117	Graus	01	226
22117	Graus	02	100
22117	Graus	03 a 05	19
22117	Graus	06 a 10	20
22117	Graus	11 a 20	16
22117	Graus	21 a 50	4
22117	Graus	50 o más	3
22119	Gurrea de Gállego	00	436
22119	Gurrea de Gállego	01	334
22119	Gurrea de Gállego	02	23
22119	Gurrea de Gállego	03 a 05	5
22122	Hoz de Jaca	00	41
22122	Hoz de Jaca	01	28
22122	Hoz de Jaca	02	2
22124	Huerto	00	112
22124	Huerto	01	29
22124	Huerto	02	44
22124	Huerto	03 a 05	13
22124	Huerto	06 a 10	1
22125	Huesca	00	2037
22125	Huesca	01	213
22125	Huesca	02	74
22125	Huesca	03 a 05	39
22125	Huesca	06 a 10	40
22125	Huesca	11 a 20	223
22125	Huesca	21 a 50	180
22125	Huesca	50 o más	32
22126	Ibieca	00	52
22126	Ibieca	01	26
22126	Ibieca	02	1
22127	Igriés	00	53
22127	Igriés	01	38
22127	Igriés	02	18
22127	Igriés	03 a 05	2
22128	Ilche	00	103
22128	Ilche	01	13
22128	Ilche	02	12
22128	Ilche	03 a 05	12
22128	Ilche	06 a 10	1
22129	Isábena	00	113
22129	Isábena	01	26
22129	Isábena	02	6
22130	Jaca	00	1421
22130	Jaca	01	255
22130	Jaca	02	110
22130	Jaca	03 a 05	30
22130	Jaca	06 a 10	62
22130	Jaca	11 a 20	87
22130	Jaca	21 a 50	72
22130	Jaca	50 o más	15
22131	Jasa	00	117
22131	Jasa	01	13
22131	Jasa	02	2
22133	Labuerda	00	63
22133	Labuerda	01	22
22133	Labuerda	02	3
22133	Labuerda	03 a 05	2
22133	Labuerda	06 a 10	1
22135	Laluenga	00	77
22135	Laluenga	01	74
22135	Laluenga	02	8
22136	Lalueza	00	284
22136	Lalueza	01	128
22136	Lalueza	02	111
22136	Lalueza	03 a 05	21
22136	Lalueza	11 a 20	1
22137	Lanaja	00	481
22137	Lanaja	01	304
22137	Lanaja	03 a 05	2
22139	Laperdiguera	00	43
22139	Laperdiguera	01	31
22139	Laperdiguera	02	1
22141	Lascellas-Ponzano	00	98
22141	Lascellas-Ponzano	01	46
22141	Lascellas-Ponzano	02	1
22141	Lascellas-Ponzano	03 a 05	1
22142	Lascuarre	00	65
22142	Lascuarre	01	9
22142	Lascuarre	02	34
22142	Lascuarre	03 a 05	8
22143	Laspaúles	00	128
22143	Laspaúles	01	19
22143	Laspaúles	02	26
22143	Laspaúles	03 a 05	3
22143	Laspaúles	06 a 10	1
22144	Laspuña	00	71
22144	Laspuña	01	31
22144	Laspuña	02	7
22144	Laspuña	03 a 05	3
22149	Loarre	00	165
22149	Loarre	01	64
22149	Loarre	02	42
22149	Loarre	03 a 05	7
22150	Loporzano	00	157
22150	Loporzano	01	39
22150	Loporzano	02	27
22150	Loporzano	03 a 05	5
22151	Loscorrales	00	52
22151	Loscorrales	01	9
22151	Loscorrales	02	6
22151	Loscorrales	03 a 05	2
22155	Monesma y Cajigar	00	51
22155	Monesma y Cajigar	01	4
22155	Monesma y Cajigar	02	7
22156	Monflorite-Lascasas	00	18
22156	Monflorite-Lascasas	01	12
22156	Monflorite-Lascasas	02	37
22156	Monflorite-Lascasas	03 a 05	19
22157	Montanuy	00	156
22157	Montanuy	01	15
22157	Montanuy	02	13
22157	Montanuy	03 a 05	3
22158	Monzón	00	1473
22158	Monzón	01	891
22158	Monzón	02	413
22158	Monzón	03 a 05	143
22158	Monzón	06 a 10	49
22158	Monzón	11 a 20	48
22158	Monzón	21 a 50	13
22158	Monzón	50 o más	5
22160	Naval	00	107
22160	Naval	01	28
22160	Naval	02	16
22160	Naval	03 a 05	5
22162	Novales	00	44
22162	Novales	01	21
22162	Novales	02	3
22162	Novales	03 a 05	7
22163	Nueno	00	93
22163	Nueno	01	76
22163	Nueno	02	47
22163	Nueno	03 a 05	2
22164	Olvena	00	33
22164	Olvena	01	7
22165	Ontiñena	00	246
22165	Ontiñena	01	85
22165	Ontiñena	02	61
22165	Ontiñena	03 a 05	16
22167	Osso de Cinca	00	123
22167	Osso de Cinca	01	30
22167	Osso de Cinca	02	65
22167	Osso de Cinca	03 a 05	50
22167	Osso de Cinca	06 a 10	1
22168	Palo	00	24
22168	Palo	01	14
22168	Palo	02	1
22168	Palo	03 a 05	1
22170	Panticosa	00	235
22170	Panticosa	01	44
22170	Panticosa	02	5
22170	Panticosa	03 a 05	3
22170	Panticosa	06 a 10	9
22170	Panticosa	11 a 20	3
22170	Panticosa	21 a 50	3
22170	Panticosa	50 o más	1
22172	Peñalba	00	112
22172	Peñalba	01	37
22172	Peñalba	02	60
22172	Peñalba	03 a 05	42
22172	Peñalba	06 a 10	6
22173	Peñas de Riglos (Las)	00	364
22173	Peñas de Riglos (Las)	01	37
22173	Peñas de Riglos (Las)	02	15
22173	Peñas de Riglos (Las)	03 a 05	1
22174	Peralta de Alcofea	00	242
22174	Peralta de Alcofea	01	89
22174	Peralta de Alcofea	02	72
22174	Peralta de Alcofea	03 a 05	10
22175	Peralta de Calasanz	00	257
22175	Peralta de Calasanz	01	51
22175	Peralta de Calasanz	02	28
22175	Peralta de Calasanz	03 a 05	8
22176	Peraltilla	00	77
22176	Peraltilla	01	11
22176	Peraltilla	02	2
22176	Peraltilla	03 a 05	2
22176	Peraltilla	06 a 10	1
22177	Perarrúa	00	70
22177	Perarrúa	01	23
22177	Perarrúa	02	4
22178	Pertusa	00	76
22178	Pertusa	01	25
22181	Piracés	00	26
22181	Piracés	01	6
22181	Piracés	02	8
22181	Piracés	03 a 05	6
22182	Plan	00	122
22182	Plan	01	7
22182	Plan	02	3
22182	Plan	03 a 05	3
22184	Poleñino	00	82
22184	Poleñino	01	18
22184	Poleñino	02	10
22184	Poleñino	03 a 05	10
22186	Pozán de Vero	00	90
22186	Pozán de Vero	01	43
22186	Pozán de Vero	02	7
22187	Puebla de Castro (La)	00	152
22187	Puebla de Castro (La)	01	133
22187	Puebla de Castro (La)	02	8
22187	Puebla de Castro (La)	03 a 05	1
22187	Puebla de Castro (La)	11 a 20	1
22188	Puente de Montañana	00	80
22188	Puente de Montañana	01	5
22188	Puente de Montañana	02	6
22189	Puértolas	00	74
22189	Puértolas	01	14
22189	Puértolas	02	8
22189	Puértolas	03 a 05	1
22189	Puértolas	06 a 10	4
22190	Pueyo de Araguás (El)	00	35
22190	Pueyo de Araguás (El)	01	12
22190	Pueyo de Araguás (El)	02	6
22190	Pueyo de Araguás (El)	03 a 05	6
22193	Pueyo de Santa Cruz	00	63
22193	Pueyo de Santa Cruz	01	56
22193	Pueyo de Santa Cruz	02	27
22193	Pueyo de Santa Cruz	03 a 05	4
22195	Quicena	00	31
22195	Quicena	01	15
22195	Quicena	02	10
22195	Quicena	03 a 05	3
22197	Robres	00	105
22197	Robres	01	51
22197	Robres	02	70
22197	Robres	03 a 05	38
22197	Robres	06 a 10	1
22199	Sabiñánigo	00	958
22199	Sabiñánigo	01	356
22199	Sabiñánigo	02	69
22199	Sabiñánigo	03 a 05	18
22199	Sabiñánigo	06 a 10	13
22199	Sabiñánigo	11 a 20	6
22199	Sabiñánigo	21 a 50	1
22199	Sabiñánigo	50 o más	1
22200	Sahún	00	152
22200	Sahún	01	28
22200	Sahún	02	4
22200	Sahún	03 a 05	3
22201	Salas Altas	00	67
22201	Salas Altas	01	29
22201	Salas Altas	02	30
22201	Salas Altas	03 a 05	20
22201	Salas Altas	06 a 10	3
22202	Salas Bajas	00	67
22202	Salas Bajas	01	18
22202	Salas Bajas	02	14
22202	Salas Bajas	03 a 05	6
22203	Salillas	00	56
22203	Salillas	01	5
22203	Salillas	02	13
22203	Salillas	03 a 05	5
22204	Sallent de Gállego	00	327
22204	Sallent de Gállego	01	102
22204	Sallent de Gállego	02	29
22204	Sallent de Gállego	03 a 05	23
22204	Sallent de Gállego	06 a 10	43
22204	Sallent de Gállego	11 a 20	19
22204	Sallent de Gállego	21 a 50	11
22204	Sallent de Gállego	50 o más	1
22205	San Esteban de Litera	00	264
22205	San Esteban de Litera	01	69
22205	San Esteban de Litera	02	70
22205	San Esteban de Litera	03 a 05	53
22206	Sangarrén	00	104
22206	Sangarrén	01	11
22206	Sangarrén	02	10
22206	Sangarrén	03 a 05	4
22207	San Juan de Plan	00	44
22207	San Juan de Plan	01	3
22207	San Juan de Plan	02	2
22208	Santa Cilia	00	62
22208	Santa Cilia	01	40
22208	Santa Cilia	02	3
22209	Santa Cruz de la Serós	00	52
22209	Santa Cruz de la Serós	01	22
22209	Santa Cruz de la Serós	02	1
22212	Santaliestra y San Quílez	00	59
22212	Santaliestra y San Quílez	01	8
22212	Santaliestra y San Quílez	02	10
22213	Sariñena	00	994
22213	Sariñena	01	289
22213	Sariñena	02	238
22213	Sariñena	03 a 05	43
22213	Sariñena	06 a 10	7
22213	Sariñena	11 a 20	1
22214	Secastilla	00	68
22214	Secastilla	01	7
22215	Seira	00	69
22215	Seira	01	17
22215	Seira	02	7
22215	Seira	03 a 05	1
22215	Seira	06 a 10	5
22217	Sena	00	243
22217	Sena	01	68
22217	Sena	02	26
22217	Sena	03 a 05	2
22218	Senés de Alcubierre	00	31
22218	Senés de Alcubierre	01	5
22218	Senés de Alcubierre	06 a 10	1
22220	Sesa	00	89
22220	Sesa	01	29
22220	Sesa	02	19
22220	Sesa	03 a 05	7
22220	Sesa	06 a 10	1
22221	Sesué	00	47
22221	Sesué	01	37
22221	Sesué	02	1
22221	Sesué	03 a 05	1
22221	Sesué	11 a 20	2
22222	Siétamo	00	177
22222	Siétamo	01	33
22222	Siétamo	02	15
22222	Siétamo	03 a 05	11
22223	Sopeira	00	54
22223	Sopeira	01	7
22223	Sopeira	02	1
22225	Tamarite de Litera	00	663
22225	Tamarite de Litera	01	339
22225	Tamarite de Litera	02	184
22225	Tamarite de Litera	03 a 05	42
22225	Tamarite de Litera	06 a 10	10
22225	Tamarite de Litera	11 a 20	5
22226	Tardienta	00	233
22226	Tardienta	01	88
22226	Tardienta	02	34
22226	Tardienta	03 a 05	52
22226	Tardienta	06 a 10	1
22226	Tardienta	11 a 20	1
22227	Tella-Sin	00	69
22227	Tella-Sin	01	13
22227	Tella-Sin	02	5
22227	Tella-Sin	03 a 05	6
22227	Tella-Sin	06 a 10	3
22227	Tella-Sin	11 a 20	1
22228	Tierz	00	28
22228	Tierz	01	23
22228	Tierz	02	16
22228	Tierz	03 a 05	5
22228	Tierz	06 a 10	1
22229	Tolva	00	81
22229	Tolva	01	36
22229	Tolva	02	36
22229	Tolva	03 a 05	11
22229	Tolva	06 a 10	1
22230	Torla	00	146
22230	Torla	01	10
22230	Torla	02	2
22232	Torralba de Aragón	00	58
22232	Torralba de Aragón	01	14
22232	Torralba de Aragón	02	1
22233	Torre la Ribera	00	43
22233	Torre la Ribera	01	8
22233	Torre la Ribera	02	1
22234	Torrente de Cinca	00	132
22234	Torrente de Cinca	01	112
22234	Torrente de Cinca	02	116
22234	Torrente de Cinca	03 a 05	66
22234	Torrente de Cinca	06 a 10	1
22235	Torres de Alcanadre	00	53
22235	Torres de Alcanadre	01	26
22235	Torres de Alcanadre	02	12
22236	Torres de Barbués	00	54
22236	Torres de Barbués	01	52
22236	Torres de Barbués	02	41
22236	Torres de Barbués	03 a 05	5
22239	Tramaced	00	27
22239	Tramaced	01	11
22239	Tramaced	02	8
22239	Tramaced	03 a 05	1
22242	Valfarta	00	27
22242	Valfarta	01	10
22242	Valfarta	02	17
22242	Valfarta	03 a 05	5
22243	Valle de Bardají	00	12
22243	Valle de Bardají	01	4
22243	Valle de Bardají	02	4
22244	Valle de Lierp	00	31
22244	Valle de Lierp	01	5
22244	Valle de Lierp	02	4
22245	Velilla de Cinca	00	112
22245	Velilla de Cinca	01	42
22245	Velilla de Cinca	02	62
22245	Velilla de Cinca	03 a 05	21
22246	Veracruz	00	65
22246	Veracruz	01	10
22246	Veracruz	02	1
22247	Viacamp y Litera	00	15
22247	Viacamp y Litera	01	6
22247	Viacamp y Litera	02	1
22247	Viacamp y Litera	03 a 05	2
22248	Vicién	00	54
22248	Vicién	01	2
22249	Villanova	00	45
22249	Villanova	01	50
22249	Villanova	02	6
22249	Villanova	03 a 05	5
22249	Villanova	11 a 20	1
22250	Villanúa	00	131
22250	Villanúa	01	190
22250	Villanúa	02	12
22250	Villanúa	03 a 05	6
22250	Villanúa	06 a 10	42
22250	Villanúa	11 a 20	6
22250	Villanúa	21 a 50	12
22251	Villanueva de Sigena	00	103
22251	Villanueva de Sigena	01	98
22251	Villanueva de Sigena	02	34
22251	Villanueva de Sigena	03 a 05	7
22252	Yebra de Basa	00	37
22252	Yebra de Basa	01	27
22252	Yebra de Basa	02	1
22253	Yésero	00	41
22253	Yésero	01	13
22253	Yésero	02	5
22254	Zaidín	00	313
22254	Zaidín	01	178
22254	Zaidín	02	72
22254	Zaidín	03 a 05	24
22254	Zaidín	06 a 10	7
22901	Valle de Hecho	00	431
22901	Valle de Hecho	01	84
22901	Valle de Hecho	02	14
22901	Valle de Hecho	03 a 05	5
22901	Valle de Hecho	06 a 10	4
22902	Puente la Reina de Jaca	00	89
22902	Puente la Reina de Jaca	01	31
22902	Puente la Reina de Jaca	02	11
22902	Puente la Reina de Jaca	03 a 05	2
22903	San Miguel del Cinca	00	265
22903	San Miguel del Cinca	01	59
22903	San Miguel del Cinca	02	60
22903	San Miguel del Cinca	03 a 05	29
22903	San Miguel del Cinca	06 a 10	3
22904	Sotonera (La)	00	472
22904	Sotonera (La)	01	161
22904	Sotonera (La)	02	43
22904	Sotonera (La)	03 a 05	15
22904	Sotonera (La)	06 a 10	1
22905	Lupiñén-Ortilla	00	126
22905	Lupiñén-Ortilla	01	50
22905	Lupiñén-Ortilla	02	15
22905	Lupiñén-Ortilla	03 a 05	13
22906	Santa María de Dulcis	00	76
22906	Santa María de Dulcis	01	12
22906	Santa María de Dulcis	02	9
22906	Santa María de Dulcis	03 a 05	6
22907	Aínsa-Sobrarbe	00	400
22907	Aínsa-Sobrarbe	01	133
22907	Aínsa-Sobrarbe	02	49
22907	Aínsa-Sobrarbe	03 a 05	12
22907	Aínsa-Sobrarbe	06 a 10	12
22907	Aínsa-Sobrarbe	11 a 20	1
22908	Hoz y Costeán	00	129
22908	Hoz y Costeán	01	9
22908	Hoz y Costeán	02	10
22908	Hoz y Costeán	03 a 05	3
22909	Vencillón	00	14
22909	Vencillón	01	17
22909	Vencillón	02	66
22909	Vencillón	03 a 05	70
44001	Ababuj	00	84
44002	Abejuela	00	134
44002	Abejuela	01	3
44002	Abejuela	02	1
44002	Abejuela	03 a 05	1
44003	Aguatón	00	32
44003	Aguatón	01	1
44004	Aguaviva	00	293
44004	Aguaviva	01	154
44004	Aguaviva	02	49
44004	Aguaviva	03 a 05	13
44004	Aguaviva	06 a 10	1
44005	Aguilar del Alfambra	00	86
44006	Alacón	00	275
44006	Alacón	01	45
44006	Alacón	02	21
44006	Alacón	03 a 05	10
44007	Alba	00	196
44007	Alba	01	14
44007	Alba	02	13
44007	Alba	03 a 05	1
44008	Albalate del Arzobispo	00	872
44008	Albalate del Arzobispo	01	150
44008	Albalate del Arzobispo	02	65
44008	Albalate del Arzobispo	03 a 05	45
44008	Albalate del Arzobispo	06 a 10	13
44008	Albalate del Arzobispo	11 a 20	2
44009	Albarracín	00	370
44009	Albarracín	01	61
44009	Albarracín	02	41
44009	Albarracín	03 a 05	17
44009	Albarracín	11 a 20	1
44010	Albentosa	00	238
44010	Albentosa	01	11
44010	Albentosa	02	1
44010	Albentosa	03 a 05	3
44010	Albentosa	06 a 10	1
44011	Alcaine	00	213
44012	Alcalá de la Selva	00	722
44012	Alcalá de la Selva	01	134
44012	Alcalá de la Selva	02	13
44012	Alcalá de la Selva	03 a 05	4
44012	Alcalá de la Selva	06 a 10	1
44013	Alcañiz	00	1439
44013	Alcañiz	01	591
44013	Alcañiz	02	189
44013	Alcañiz	03 a 05	53
44013	Alcañiz	06 a 10	98
44013	Alcañiz	11 a 20	64
44013	Alcañiz	21 a 50	13
44013	Alcañiz	50 o más	1
44014	Alcorisa	00	570
44014	Alcorisa	01	379
44014	Alcorisa	02	148
44014	Alcorisa	03 a 05	39
44014	Alcorisa	06 a 10	20
44014	Alcorisa	11 a 20	4
44016	Alfambra	00	217
44016	Alfambra	01	109
44016	Alfambra	02	45
44016	Alfambra	03 a 05	36
44016	Alfambra	06 a 10	3
44017	Aliaga	00	417
44017	Aliaga	01	52
44017	Aliaga	02	4
44017	Aliaga	03 a 05	1
44018	Almohaja	00	48
44018	Almohaja	01	1
44018	Almohaja	02	1
44019	Alobras	00	83
44019	Alobras	01	19
44019	Alobras	02	4
44020	Alpeñés	00	17
44020	Alpeñés	01	13
44020	Alpeñés	02	6
44020	Alpeñés	03 a 05	1
44021	Allepuz	00	136
44021	Allepuz	01	39
44021	Allepuz	02	1
44022	Alloza	00	369
44022	Alloza	01	96
44022	Alloza	02	54
44022	Alloza	03 a 05	26
44022	Alloza	06 a 10	5
44022	Alloza	11 a 20	2
44023	Allueva	00	58
44024	Anadón	00	53
44024	Anadón	02	1
44024	Anadón	03 a 05	2
44025	Andorra	00	1120
44025	Andorra	01	599
44025	Andorra	02	259
44025	Andorra	03 a 05	54
44025	Andorra	06 a 10	15
44025	Andorra	11 a 20	1
44025	Andorra	21 a 50	1
44026	Arcos de las Salinas	00	186
44026	Arcos de las Salinas	01	26
44026	Arcos de las Salinas	02	8
44026	Arcos de las Salinas	03 a 05	1
44027	Arens de Lledó	00	73
44027	Arens de Lledó	01	64
44027	Arens de Lledó	02	2
44028	Argente	00	96
44028	Argente	01	39
44028	Argente	02	20
44028	Argente	03 a 05	3
44028	Argente	06 a 10	3
44029	Ariño	00	388
44029	Ariño	01	143
44029	Ariño	02	11
44029	Ariño	03 a 05	1
44031	Azaila	00	92
44031	Azaila	01	48
44031	Azaila	02	23
44032	Bádenas	00	27
44032	Bádenas	01	13
44033	Báguena	00	336
44033	Báguena	01	32
44033	Báguena	02	24
44033	Báguena	03 a 05	7
44034	Bañón	00	136
44034	Bañón	01	18
44034	Bañón	02	7
44035	Barrachina	00	138
44035	Barrachina	01	29
44035	Barrachina	02	11
44035	Barrachina	03 a 05	6
44036	Bea	00	25
44036	Bea	01	10
44036	Bea	02	7
44036	Bea	03 a 05	1
44037	Beceite	00	368
44037	Beceite	01	55
44037	Beceite	02	27
44037	Beceite	03 a 05	6
44038	Belmonte de San José	00	94
44038	Belmonte de San José	01	21
44038	Belmonte de San José	02	9
44038	Belmonte de San José	03 a 05	1
44039	Bello	00	213
44039	Bello	01	98
44039	Bello	02	20
44039	Bello	03 a 05	8
44040	Berge	00	140
44040	Berge	01	25
44040	Berge	02	9
44040	Berge	03 a 05	3
44041	Bezas	00	86
44041	Bezas	01	8
44041	Bezas	02	3
44042	Blancas	00	198
44042	Blancas	01	32
44042	Blancas	02	11
44042	Blancas	03 a 05	1
44043	Blesa	00	246
44043	Blesa	01	25
44043	Blesa	02	4
44044	Bordón	00	127
44044	Bordón	01	14
44044	Bordón	02	8
44044	Bordón	03 a 05	5
44045	Bronchales	00	323
44045	Bronchales	01	49
44045	Bronchales	02	80
44045	Bronchales	03 a 05	48
44045	Bronchales	06 a 10	2
44046	Bueña	00	58
44046	Bueña	01	15
44046	Bueña	02	4
44046	Bueña	03 a 05	2
44047	Burbáguena	00	182
44047	Burbáguena	01	95
44047	Burbáguena	02	6
44048	Cabra de Mora	00	74
44048	Cabra de Mora	01	11
44048	Cabra de Mora	02	5
44048	Cabra de Mora	06 a 10	1
44049	Calaceite	00	401
44049	Calaceite	01	151
44049	Calaceite	02	101
44049	Calaceite	03 a 05	56
44049	Calaceite	06 a 10	4
44050	Calamocha	00	1379
44050	Calamocha	01	510
44050	Calamocha	02	173
44050	Calamocha	03 a 05	30
44050	Calamocha	06 a 10	25
44050	Calamocha	11 a 20	13
44051	Calanda	00	569
44051	Calanda	01	300
44051	Calanda	02	245
44051	Calanda	03 a 05	125
44051	Calanda	06 a 10	11
44051	Calanda	11 a 20	5
44052	Calomarde	00	72
44052	Calomarde	01	25
44052	Calomarde	02	5
44053	Camañas	00	62
44053	Camañas	01	22
44053	Camañas	02	6
44053	Camañas	03 a 05	7
44054	Camarena de la Sierra	00	268
44054	Camarena de la Sierra	01	22
44054	Camarena de la Sierra	02	2
44054	Camarena de la Sierra	03 a 05	1
44054	Camarena de la Sierra	06 a 10	1
44054	Camarena de la Sierra	21 a 50	1
44055	Camarillas	00	172
44056	Caminreal	00	284
44056	Caminreal	01	111
44056	Caminreal	02	41
44056	Caminreal	03 a 05	17
44056	Caminreal	06 a 10	3
44059	Cantavieja	00	185
44059	Cantavieja	01	81
44059	Cantavieja	02	36
44059	Cantavieja	03 a 05	41
44059	Cantavieja	06 a 10	9
44060	Cañada de Benatanduz	00	35
44060	Cañada de Benatanduz	01	17
44060	Cañada de Benatanduz	02	12
44060	Cañada de Benatanduz	03 a 05	9
44060	Cañada de Benatanduz	06 a 10	2
44060	Cañada de Benatanduz	11 a 20	1
44061	Cañada de Verich (La)	00	66
44061	Cañada de Verich (La)	01	11
44061	Cañada de Verich (La)	02	1
44062	Cañada Vellida	00	39
44062	Cañada Vellida	01	3
44062	Cañada Vellida	02	6
44062	Cañada Vellida	03 a 05	7
44063	Cañizar del Olivar	00	103
44063	Cañizar del Olivar	01	14
44063	Cañizar del Olivar	02	5
44063	Cañizar del Olivar	03 a 05	3
44064	Cascante del Río	00	158
44064	Cascante del Río	01	14
44064	Cascante del Río	02	15
44064	Cascante del Río	03 a 05	4
44065	Castejón de Tornos	00	105
44065	Castejón de Tornos	01	29
44066	Castel de Cabra	00	108
44066	Castel de Cabra	01	14
44066	Castel de Cabra	02	15
44066	Castel de Cabra	03 a 05	13
44066	Castel de Cabra	06 a 10	1
44067	Castelnou	00	94
44067	Castelnou	01	31
44067	Castelnou	02	2
44067	Castelnou	03 a 05	2
44068	Castelserás	00	280
44068	Castelserás	01	161
44068	Castelserás	02	59
44068	Castelserás	06 a 10	1
44070	Castellar (El)	00	101
44071	Castellote	00	577
44071	Castellote	01	104
44071	Castellote	02	53
44071	Castellote	03 a 05	32
44071	Castellote	06 a 10	3
44074	Cedrillas	00	215
44074	Cedrillas	01	50
44074	Cedrillas	02	27
44074	Cedrillas	03 a 05	14
44074	Cedrillas	06 a 10	2
44074	Cedrillas	11 a 20	1
44075	Celadas	00	97
44075	Celadas	01	101
44075	Celadas	02	1
44075	Celadas	03 a 05	1
44076	Cella	00	683
44076	Cella	01	187
44076	Cella	02	228
44076	Cella	03 a 05	28
44076	Cella	06 a 10	1
44076	Cella	11 a 20	3
44077	Cerollera (La)	00	63
44077	Cerollera (La)	01	11
44077	Cerollera (La)	02	4
44080	Codoñera (La)	00	117
44080	Codoñera (La)	01	76
44080	Codoñera (La)	02	70
44080	Codoñera (La)	03 a 05	15
44082	Corbalán	00	72
44082	Corbalán	01	21
44082	Corbalán	02	2
44082	Corbalán	03 a 05	1
44084	Cortes de Aragón	00	118
44084	Cortes de Aragón	01	5
44084	Cortes de Aragón	02	3
44084	Cortes de Aragón	03 a 05	5
44085	Cosa	00	80
44085	Cosa	01	10
44085	Cosa	02	7
44086	Cretas	00	207
44086	Cretas	01	122
44086	Cretas	02	2
44087	Crivillén	00	162
44087	Crivillén	01	7
44087	Crivillén	02	3
44087	Crivillén	03 a 05	2
44087	Crivillén	06 a 10	1
44088	Cuba (La)	00	54
44088	Cuba (La)	01	11
44088	Cuba (La)	02	9
44089	Cubla	00	77
44089	Cubla	01	26
44089	Cubla	02	4
44090	Cucalón	00	108
44090	Cucalón	01	33
44090	Cucalón	02	2
44092	Cuervo (El)	00	117
44092	Cuervo (El)	01	10
44092	Cuervo (El)	02	6
44092	Cuervo (El)	03 a 05	2
44093	Cuevas de Almudén	00	35
44093	Cuevas de Almudén	01	9
44093	Cuevas de Almudén	02	14
44094	Cuevas Labradas	00	51
44094	Cuevas Labradas	01	31
44094	Cuevas Labradas	02	11
44094	Cuevas Labradas	03 a 05	5
44094	Cuevas Labradas	06 a 10	1
44096	Ejulve	00	173
44096	Ejulve	01	54
44096	Ejulve	02	12
44096	Ejulve	03 a 05	8
44097	Escorihuela	00	123
44097	Escorihuela	01	44
44097	Escorihuela	02	11
44097	Escorihuela	03 a 05	8
44099	Escucha	00	283
44099	Escucha	01	36
44099	Escucha	02	6
44099	Escucha	03 a 05	2
44099	Escucha	06 a 10	5
44099	Escucha	11 a 20	1
44100	Estercuel	00	144
44100	Estercuel	01	59
44100	Estercuel	02	21
44100	Estercuel	03 a 05	3
44101	Ferreruela de Huerva	00	60
44101	Ferreruela de Huerva	01	8
44101	Ferreruela de Huerva	02	4
44102	Fonfría	00	42
44102	Fonfría	01	1
44102	Fonfría	03 a 05	1
44103	Formiche Alto	00	196
44105	Fórnoles	00	121
44105	Fórnoles	01	28
44105	Fórnoles	02	1
44105	Fórnoles	03 a 05	2
44106	Fortanete	00	125
44106	Fortanete	01	47
44106	Fortanete	02	42
44106	Fortanete	03 a 05	16
44107	Foz-Calanda	00	101
44107	Foz-Calanda	01	70
44107	Foz-Calanda	02	17
44108	Fresneda (La)	00	299
44108	Fresneda (La)	01	127
44108	Fresneda (La)	02	49
44108	Fresneda (La)	03 a 05	7
44109	Frías de Albarracín	00	112
44109	Frías de Albarracín	01	40
44109	Frías de Albarracín	02	6
44110	Fuenferrada	00	86
44110	Fuenferrada	01	2
44110	Fuenferrada	02	3
44110	Fuenferrada	03 a 05	2
44111	Fuentes Calientes	00	66
44111	Fuentes Calientes	01	24
44111	Fuentes Calientes	02	7
44111	Fuentes Calientes	03 a 05	1
44112	Fuentes Claras	00	244
44112	Fuentes Claras	01	83
44112	Fuentes Claras	02	55
44112	Fuentes Claras	03 a 05	12
44113	Fuentes de Rubielos	00	132
44113	Fuentes de Rubielos	01	1
44113	Fuentes de Rubielos	02	1
44113	Fuentes de Rubielos	03 a 05	1
44114	Fuentespalda	00	129
44114	Fuentespalda	01	51
44114	Fuentespalda	02	27
44114	Fuentespalda	03 a 05	16
44114	Fuentespalda	06 a 10	1
44115	Galve	00	52
44115	Galve	01	7
44115	Galve	02	13
44115	Galve	03 a 05	10
44115	Galve	06 a 10	2
44116	Gargallo	00	106
44116	Gargallo	01	15
44116	Gargallo	02	11
44116	Gargallo	03 a 05	3
44117	Gea de Albarracín	00	236
44117	Gea de Albarracín	01	59
44117	Gea de Albarracín	02	36
44117	Gea de Albarracín	03 a 05	13
44117	Gea de Albarracín	06 a 10	4
44118	Ginebrosa (La)	00	154
44118	Ginebrosa (La)	01	70
44118	Ginebrosa (La)	02	12
44118	Ginebrosa (La)	03 a 05	7
44118	Ginebrosa (La)	06 a 10	1
44119	Griegos	00	95
44119	Griegos	01	45
44119	Griegos	02	6
44120	Guadalaviar	00	100
44120	Guadalaviar	01	17
44120	Guadalaviar	02	45
44120	Guadalaviar	03 a 05	6
44120	Guadalaviar	06 a 10	1
44121	Gúdar	00	117
44121	Gúdar	01	23
44121	Gúdar	02	2
44121	Gúdar	03 a 05	1
44122	Híjar	00	558
44122	Híjar	01	248
44122	Híjar	02	108
44122	Híjar	03 a 05	28
44122	Híjar	06 a 10	13
44122	Híjar	11 a 20	1
44123	Hinojosa de Jarque	00	73
44123	Hinojosa de Jarque	01	18
44123	Hinojosa de Jarque	02	13
44124	Hoz de la Vieja (La)	00	227
44124	Hoz de la Vieja (La)	01	20
44124	Hoz de la Vieja (La)	02	5
44124	Hoz de la Vieja (La)	03 a 05	4
44125	Huesa del Común	00	217
44125	Huesa del Común	01	5
44126	Iglesuela del Cid (La)	00	268
44126	Iglesuela del Cid (La)	01	21
44126	Iglesuela del Cid (La)	02	20
44126	Iglesuela del Cid (La)	03 a 05	4
44127	Jabaloyas	00	108
44127	Jabaloyas	01	29
44127	Jabaloyas	02	3
44127	Jabaloyas	03 a 05	2
44128	Jarque de la Val	00	50
44128	Jarque de la Val	01	11
44128	Jarque de la Val	02	14
44129	Jatiel	00	58
44129	Jatiel	01	20
44129	Jatiel	02	1
44130	Jorcas	00	86
44131	Josa	00	112
44131	Josa	01	12
44131	Josa	02	7
44131	Josa	03 a 05	5
44132	Lagueruela	00	58
44132	Lagueruela	01	17
44132	Lagueruela	02	2
44133	Lanzuela	00	31
44133	Lanzuela	01	2
44135	Libros	00	143
44135	Libros	01	28
44135	Libros	02	1
44135	Libros	03 a 05	3
44136	Lidón	00	46
44136	Lidón	01	19
44136	Lidón	02	5
44136	Lidón	03 a 05	2
44136	Lidón	06 a 10	1
44137	Linares de Mora	00	266
44137	Linares de Mora	01	41
44137	Linares de Mora	02	5
44137	Linares de Mora	03 a 05	2
44138	Loscos	00	171
44138	Loscos	01	18
44138	Loscos	02	9
44138	Loscos	03 a 05	2
44141	Lledó	00	77
44141	Lledó	01	28
44141	Lledó	02	1
44142	Maicas	00	75
44142	Maicas	01	3
44142	Maicas	02	3
44143	Manzanera	00	652
44143	Manzanera	01	98
44143	Manzanera	02	17
44143	Manzanera	03 a 05	7
44144	Martín del Río	00	170
44144	Martín del Río	01	48
44144	Martín del Río	02	28
44144	Martín del Río	03 a 05	8
44144	Martín del Río	06 a 10	4
44145	Mas de las Matas	00	350
44145	Mas de las Matas	01	301
44145	Mas de las Matas	02	48
44145	Mas de las Matas	03 a 05	11
44146	Mata de los Olmos (La)	00	102
44146	Mata de los Olmos (La)	01	28
44146	Mata de los Olmos (La)	02	35
44146	Mata de los Olmos (La)	03 a 05	7
44147	Mazaleón	00	220
44147	Mazaleón	01	153
44147	Mazaleón	02	13
44147	Mazaleón	03 a 05	2
44148	Mezquita de Jarque	00	31
44148	Mezquita de Jarque	01	27
44148	Mezquita de Jarque	02	20
44148	Mezquita de Jarque	03 a 05	5
44149	Mirambel	00	84
44149	Mirambel	01	24
44149	Mirambel	02	5
44149	Mirambel	03 a 05	2
44150	Miravete de la Sierra	00	68
44150	Miravete de la Sierra	01	11
44151	Molinos	00	207
44151	Molinos	01	52
44151	Molinos	02	24
44151	Molinos	03 a 05	5
44152	Monforte de Moyuela	00	93
44152	Monforte de Moyuela	01	27
44152	Monforte de Moyuela	03 a 05	1
44153	Monreal del Campo	00	658
44153	Monreal del Campo	01	257
44153	Monreal del Campo	02	133
44153	Monreal del Campo	03 a 05	41
44153	Monreal del Campo	06 a 10	10
44153	Monreal del Campo	11 a 20	1
44154	Monroyo	00	109
44154	Monroyo	01	74
44154	Monroyo	02	30
44154	Monroyo	03 a 05	3
44155	Montalbán	00	525
44155	Montalbán	01	46
44155	Montalbán	02	63
44155	Montalbán	03 a 05	12
44155	Montalbán	06 a 10	7
44155	Montalbán	11 a 20	2
44155	Montalbán	21 a 50	1
44156	Monteagudo del Castillo	00	101
44157	Monterde de Albarracín	00	88
44157	Monterde de Albarracín	01	43
44157	Monterde de Albarracín	02	18
44157	Monterde de Albarracín	03 a 05	1
44158	Mora de Rubielos	00	617
44158	Mora de Rubielos	01	132
44158	Mora de Rubielos	02	127
44158	Mora de Rubielos	03 a 05	38
44158	Mora de Rubielos	06 a 10	12
44159	Moscardón	00	69
44159	Moscardón	01	13
44159	Moscardón	02	1
44160	Mosqueruela	00	232
44160	Mosqueruela	01	125
44160	Mosqueruela	02	100
44160	Mosqueruela	03 a 05	21
44160	Mosqueruela	06 a 10	1
44160	Mosqueruela	11 a 20	1
44161	Muniesa	00	396
44161	Muniesa	01	71
44161	Muniesa	02	32
44161	Muniesa	03 a 05	6
44163	Noguera de Albarracín	00	97
44163	Noguera de Albarracín	01	46
44163	Noguera de Albarracín	02	3
44163	Noguera de Albarracín	03 a 05	1
44164	Nogueras	00	84
44165	Nogueruelas	00	223
44165	Nogueruelas	01	33
44165	Nogueruelas	02	4
44165	Nogueruelas	03 a 05	1
44167	Obón	00	234
44167	Obón	01	15
44167	Obón	02	1
44168	Odón	00	160
44168	Odón	01	40
44168	Odón	02	18
44168	Odón	03 a 05	11
44169	Ojos Negros	00	306
44169	Ojos Negros	01	102
44169	Ojos Negros	02	66
44169	Ojos Negros	03 a 05	25
44171	Olba	00	427
44171	Olba	01	1
44172	Oliete	00	503
44172	Oliete	01	74
44172	Oliete	02	17
44172	Oliete	03 a 05	5
44173	Olmos (Los)	00	125
44173	Olmos (Los)	01	28
44173	Olmos (Los)	02	10
44173	Olmos (Los)	03 a 05	2
44174	Orihuela del Tremedal	00	319
44174	Orihuela del Tremedal	01	69
44174	Orihuela del Tremedal	02	30
44174	Orihuela del Tremedal	03 a 05	5
44175	Orrios	00	77
44175	Orrios	01	17
44175	Orrios	02	21
44175	Orrios	03 a 05	8
44176	Palomar de Arroyos	00	148
44176	Palomar de Arroyos	01	11
44176	Palomar de Arroyos	02	13
44176	Palomar de Arroyos	03 a 05	5
44176	Palomar de Arroyos	06 a 10	2
44177	Pancrudo	00	155
44177	Pancrudo	01	25
44177	Pancrudo	02	16
44177	Pancrudo	03 a 05	1
44178	Parras de Castellote (Las)	00	161
44178	Parras de Castellote (Las)	01	43
44178	Parras de Castellote (Las)	02	2
44179	Peñarroya de Tastavins	00	288
44179	Peñarroya de Tastavins	01	74
44179	Peñarroya de Tastavins	02	19
44179	Peñarroya de Tastavins	03 a 05	13
44179	Peñarroya de Tastavins	06 a 10	1
44180	Peracense	00	103
44180	Peracense	01	8
44180	Peracense	02	4
44181	Peralejos	00	49
44181	Peralejos	01	12
44181	Peralejos	02	5
44181	Peralejos	03 a 05	5
44181	Peralejos	06 a 10	1
44182	Perales del Alfambra	00	113
44182	Perales del Alfambra	01	24
44182	Perales del Alfambra	02	34
44182	Perales del Alfambra	03 a 05	21
44182	Perales del Alfambra	06 a 10	5
44183	Pitarque	00	126
44183	Pitarque	01	7
44183	Pitarque	02	3
44183	Pitarque	03 a 05	1
44184	Plou	00	74
44184	Plou	01	4
44185	Pobo (El)	00	149
44187	Portellada (La)	00	86
44187	Portellada (La)	01	83
44187	Portellada (La)	02	27
44187	Portellada (La)	03 a 05	5
44189	Pozondón	00	106
44189	Pozondón	01	19
44190	Pozuel del Campo	00	127
44190	Pozuel del Campo	01	22
44190	Pozuel del Campo	02	9
44190	Pozuel del Campo	03 a 05	1
44191	Puebla de Híjar (La)	00	436
44191	Puebla de Híjar (La)	01	268
44191	Puebla de Híjar (La)	02	59
44191	Puebla de Híjar (La)	03 a 05	17
44191	Puebla de Híjar (La)	06 a 10	3
44191	Puebla de Híjar (La)	11 a 20	1
44192	Puebla de Valverde (La)	00	274
44192	Puebla de Valverde (La)	01	85
44192	Puebla de Valverde (La)	02	37
44192	Puebla de Valverde (La)	03 a 05	15
44192	Puebla de Valverde (La)	06 a 10	3
44193	Puertomingalvo	00	155
44193	Puertomingalvo	01	24
44193	Puertomingalvo	02	15
44193	Puertomingalvo	03 a 05	3
44194	Ráfales	00	109
44194	Ráfales	01	61
44194	Ráfales	02	6
44194	Ráfales	03 a 05	1
44195	Rillo	00	73
44195	Rillo	01	34
44195	Rillo	02	4
44195	Rillo	03 a 05	3
44196	Riodeva	00	191
44196	Riodeva	01	11
44197	Ródenas	00	79
44197	Ródenas	01	36
44197	Ródenas	02	1
44198	Royuela	00	106
44198	Royuela	01	45
44198	Royuela	02	6
44199	Rubiales	00	47
44199	Rubiales	01	4
44200	Rubielos de la Cérida	00	77
44200	Rubielos de la Cérida	01	3
44201	Rubielos de Mora	00	596
44201	Rubielos de Mora	01	13
44201	Rubielos de Mora	03 a 05	1
44203	Salcedillo	00	32
44203	Salcedillo	02	1
44204	Saldón	00	89
44204	Saldón	01	3
44205	Samper de Calanda	00	385
44205	Samper de Calanda	01	228
44205	Samper de Calanda	02	52
44205	Samper de Calanda	03 a 05	10
44205	Samper de Calanda	06 a 10	1
44206	San Agustín	00	194
44207	San Martín del Río	00	249
44207	San Martín del Río	01	34
44207	San Martín del Río	02	4
44208	Santa Cruz de Nogueras	00	42
44208	Santa Cruz de Nogueras	01	11
44209	Santa Eulalia	00	579
44209	Santa Eulalia	01	167
44209	Santa Eulalia	02	9
44209	Santa Eulalia	03 a 05	1
44209	Santa Eulalia	06 a 10	1
44209	Santa Eulalia	11 a 20	1
44210	Sarrión	00	478
44210	Sarrión	01	103
44210	Sarrión	02	122
44210	Sarrión	03 a 05	37
44210	Sarrión	06 a 10	4
44210	Sarrión	11 a 20	1
44211	Segura de los Baños	00	86
44211	Segura de los Baños	01	4
44211	Segura de los Baños	02	1
44212	Seno	00	70
44212	Seno	01	11
44212	Seno	02	9
44212	Seno	03 a 05	3
44213	Singra	00	78
44213	Singra	01	11
44213	Singra	02	9
44215	Terriente	00	157
44215	Terriente	01	27
44215	Terriente	02	4
44216	Teruel	00	2643
44216	Teruel	01	915
44216	Teruel	02	863
44216	Teruel	03 a 05	210
44216	Teruel	06 a 10	108
44216	Teruel	11 a 20	80
44216	Teruel	21 a 50	58
44216	Teruel	50 o más	10
44217	Toril y Masegoso	00	87
44217	Toril y Masegoso	01	3
44217	Toril y Masegoso	02	1
44218	Tormón	00	63
44218	Tormón	01	6
44219	Tornos	00	171
44219	Tornos	01	84
44219	Tornos	02	4
44220	Torralba de los Sisones	00	73
44220	Torralba de los Sisones	01	42
44220	Torralba de los Sisones	02	21
44220	Torralba de los Sisones	03 a 05	5
44220	Torralba de los Sisones	06 a 10	1
44221	Torrecilla de Alcañiz	00	131
44221	Torrecilla de Alcañiz	01	145
44222	Torrecilla del Rebollar	00	138
44222	Torrecilla del Rebollar	01	32
44222	Torrecilla del Rebollar	02	28
44222	Torrecilla del Rebollar	03 a 05	10
44223	Torre de Arcas	00	57
44223	Torre de Arcas	01	26
44223	Torre de Arcas	02	6
44224	Torre de las Arcas	00	93
44224	Torre de las Arcas	02	1
44225	Torre del Compte	00	126
44225	Torre del Compte	01	15
44225	Torre del Compte	02	40
44225	Torre del Compte	03 a 05	7
44226	Torrelacárcel	00	216
44226	Torrelacárcel	01	16
44226	Torrelacárcel	02	9
44227	Torre los Negros	00	90
44227	Torre los Negros	01	17
44227	Torre los Negros	02	10
44227	Torre los Negros	03 a 05	3
44227	Torre los Negros	06 a 10	1
44228	Torremocha de Jiloca	00	117
44228	Torremocha de Jiloca	01	4
44228	Torremocha de Jiloca	02	4
44229	Torres de Albarracín	00	85
44229	Torres de Albarracín	01	50
44229	Torres de Albarracín	02	5
44230	Torrevelilla	00	121
44230	Torrevelilla	01	31
44230	Torrevelilla	02	18
44230	Torrevelilla	03 a 05	4
44231	Torrijas	00	151
44231	Torrijas	01	13
44231	Torrijas	02	11
44231	Torrijas	03 a 05	1
44232	Torrijo del Campo	00	187
44232	Torrijo del Campo	01	108
44232	Torrijo del Campo	02	50
44232	Torrijo del Campo	03 a 05	18
44234	Tramacastiel	00	151
44234	Tramacastiel	01	21
44234	Tramacastiel	02	1
44235	Tramacastilla	00	85
44235	Tramacastilla	01	38
44235	Tramacastilla	02	5
44236	Tronchón	00	97
44236	Tronchón	01	26
44236	Tronchón	02	2
44237	Urrea de Gaén	00	278
44237	Urrea de Gaén	01	80
44237	Urrea de Gaén	02	28
44237	Urrea de Gaén	03 a 05	6
44237	Urrea de Gaén	06 a 10	1
44238	Utrillas	00	532
44238	Utrillas	01	124
44238	Utrillas	02	35
44238	Utrillas	03 a 05	10
44238	Utrillas	06 a 10	6
44238	Utrillas	11 a 20	1
44239	Valacloche	00	65
44239	Valacloche	01	3
44240	Valbona	00	175
44240	Valbona	01	52
44240	Valbona	02	17
44240	Valbona	03 a 05	2
44241	Valdealgorfa	00	217
44241	Valdealgorfa	01	115
44241	Valdealgorfa	02	43
44241	Valdealgorfa	03 a 05	13
44241	Valdealgorfa	06 a 10	1
44243	Valdecuenca	00	75
44243	Valdecuenca	01	6
44243	Valdecuenca	02	1
44244	Valdelinares	00	131
44244	Valdelinares	01	9
44244	Valdelinares	02	3
44245	Valdeltormo	00	128
44245	Valdeltormo	01	65
44245	Valdeltormo	02	31
44245	Valdeltormo	03 a 05	5
44246	Valderrobres	00	537
44246	Valderrobres	01	297
44246	Valderrobres	02	94
44246	Valderrobres	03 a 05	24
44246	Valderrobres	06 a 10	2
44247	Valjunquera	00	113
44247	Valjunquera	01	92
44247	Valjunquera	02	44
44247	Valjunquera	03 a 05	37
44247	Valjunquera	06 a 10	3
44249	Vallecillo (El)	00	65
44249	Vallecillo (El)	01	3
44249	Vallecillo (El)	02	10
44250	Veguillas de la Sierra	00	35
44250	Veguillas de la Sierra	01	9
44250	Veguillas de la Sierra	02	5
44251	Villafranca del Campo	00	209
44251	Villafranca del Campo	01	61
44251	Villafranca del Campo	02	3
44251	Villafranca del Campo	03 a 05	3
44252	Villahermosa del Campo	00	47
44252	Villahermosa del Campo	01	11
44252	Villahermosa del Campo	02	3
44252	Villahermosa del Campo	03 a 05	2
44256	Villanueva del Rebollar de la Sierra	00	85
44256	Villanueva del Rebollar de la Sierra	01	2
44256	Villanueva del Rebollar de la Sierra	02	3
44256	Villanueva del Rebollar de la Sierra	03 a 05	1
44257	Villar del Cobo	00	91
44257	Villar del Cobo	01	33
44257	Villar del Cobo	02	7
44258	Villar del Salz	00	68
44258	Villar del Salz	01	23
44258	Villar del Salz	02	4
44258	Villar del Salz	03 a 05	2
44260	Villarluengo	00	159
44260	Villarluengo	01	8
44260	Villarluengo	02	11
44260	Villarluengo	03 a 05	4
44260	Villarluengo	06 a 10	1
44261	Villarquemado	00	359
44261	Villarquemado	01	115
44261	Villarquemado	02	28
44262	Villarroya de los Pinares	00	140
44262	Villarroya de los Pinares	01	42
44262	Villarroya de los Pinares	02	6
44263	Villastar	00	132
44263	Villastar	01	91
44263	Villastar	02	19
44263	Villastar	03 a 05	1
44264	Villel	00	224
44264	Villel	01	73
44264	Villel	02	27
44264	Villel	03 a 05	11
44264	Villel	06 a 10	1
44265	Vinaceite	00	130
44265	Vinaceite	01	36
44265	Vinaceite	02	17
44265	Vinaceite	03 a 05	1
44265	Vinaceite	06 a 10	1
44266	Visiedo	00	85
44266	Visiedo	01	30
44266	Visiedo	02	20
44266	Visiedo	03 a 05	8
44266	Visiedo	06 a 10	2
44267	Vivel del Río Martín	00	203
44267	Vivel del Río Martín	01	5
44267	Vivel del Río Martín	02	5
44267	Vivel del Río Martín	03 a 05	1
44268	Zoma (La)	00	18
44268	Zoma (La)	01	1
44268	Zoma (La)	02	1
50001	Abanto	00	110
50001	Abanto	01	33
50001	Abanto	02	4
50001	Abanto	03 a 05	2
50002	Acered	00	156
50002	Acered	01	29
50002	Acered	02	13
50002	Acered	03 a 05	2
50002	Acered	06 a 10	2
50003	Agón	00	70
50003	Agón	01	29
50003	Agón	02	8
50003	Agón	03 a 05	3
50004	Aguarón	00	310
50004	Aguarón	01	159
50004	Aguarón	02	5
50004	Aguarón	03 a 05	1
50005	Aguilón	00	232
50005	Aguilón	01	11
50005	Aguilón	02	1
50006	Ainzón	00	303
50006	Ainzón	01	146
50006	Ainzón	02	84
50006	Ainzón	03 a 05	9
50006	Ainzón	06 a 10	1
50007	Aladrén	00	148
50007	Aladrén	01	2
50008	Alagón	00	849
50008	Alagón	01	541
50008	Alagón	02	113
50008	Alagón	03 a 05	22
50008	Alagón	06 a 10	32
50008	Alagón	11 a 20	8
50008	Alagón	21 a 50	4
50009	Alarba	00	183
50009	Alarba	01	7
50010	Alberite de San Juan	00	47
50010	Alberite de San Juan	01	12
50010	Alberite de San Juan	02	4
50010	Alberite de San Juan	03 a 05	2
50011	Albeta	00	53
50011	Albeta	01	6
50011	Albeta	02	7
50011	Albeta	03 a 05	6
50011	Albeta	06 a 10	1
50012	Alborge	00	37
50012	Alborge	01	63
50013	Alcalá de Ebro	00	113
50013	Alcalá de Ebro	01	49
50013	Alcalá de Ebro	02	10
50013	Alcalá de Ebro	03 a 05	4
50014	Alcalá de Moncayo	00	59
50014	Alcalá de Moncayo	01	7
50014	Alcalá de Moncayo	03 a 05	7
50015	Alconchel de Ariza	00	155
50015	Alconchel de Ariza	01	8
50016	Aldehuela de Liestos	00	67
50016	Aldehuela de Liestos	01	29
50016	Aldehuela de Liestos	02	1
50016	Aldehuela de Liestos	03 a 05	1
50017	Alfajarín	00	211
50017	Alfajarín	01	210
50017	Alfajarín	02	249
50017	Alfajarín	03 a 05	16
50018	Alfamén	00	305
50018	Alfamén	01	125
50018	Alfamén	02	59
50018	Alfamén	03 a 05	46
50018	Alfamén	06 a 10	1
50019	Alforque	00	96
50019	Alforque	02	8
50019	Alforque	03 a 05	4
50020	Alhama de Aragón	00	390
50020	Alhama de Aragón	01	118
50020	Alhama de Aragón	02	22
50020	Alhama de Aragón	03 a 05	17
50020	Alhama de Aragón	06 a 10	1
50020	Alhama de Aragón	11 a 20	1
50021	Almochuel	00	19
50021	Almochuel	01	8
50021	Almochuel	02	3
50022	Almolda (La)	00	120
50022	Almolda (La)	01	137
50022	Almolda (La)	02	52
50022	Almolda (La)	03 a 05	18
50022	Almolda (La)	06 a 10	1
50023	Almonacid de la Cuba	00	116
50023	Almonacid de la Cuba	01	32
50023	Almonacid de la Cuba	02	13
50024	Almonacid de la Sierra	00	397
50024	Almonacid de la Sierra	01	76
50024	Almonacid de la Sierra	02	5
50024	Almonacid de la Sierra	03 a 05	2
50025	Almunia de Doña Godina (La)	00	1029
50025	Almunia de Doña Godina (La)	01	532
50025	Almunia de Doña Godina (La)	02	152
50025	Almunia de Doña Godina (La)	03 a 05	25
50025	Almunia de Doña Godina (La)	06 a 10	7
50025	Almunia de Doña Godina (La)	11 a 20	13
50026	Alpartir	00	237
50026	Alpartir	01	39
50026	Alpartir	02	36
50026	Alpartir	03 a 05	3
50027	Ambel	00	215
50027	Ambel	01	34
50027	Ambel	02	6
50027	Ambel	03 a 05	3
50028	Anento	00	112
50028	Anento	01	25
50028	Anento	02	1
50029	Aniñón	00	303
50029	Aniñón	01	129
50029	Aniñón	02	2
50029	Aniñón	03 a 05	1
50029	Aniñón	06 a 10	2
50029	Aniñón	21 a 50	1
50030	Añón de Moncayo	00	177
50030	Añón de Moncayo	01	8
50030	Añón de Moncayo	02	5
50030	Añón de Moncayo	03 a 05	1
50031	Aranda de Moncayo	00	287
50031	Aranda de Moncayo	01	6
50031	Aranda de Moncayo	02	3
50031	Aranda de Moncayo	03 a 05	2
50032	Arándiga	00	364
50032	Arándiga	01	49
50032	Arándiga	02	21
50033	Ardisa	00	81
50033	Ardisa	01	9
50033	Ardisa	02	4
50033	Ardisa	03 a 05	2
50033	Ardisa	06 a 10	1
50034	Ariza	00	481
50034	Ariza	01	43
50034	Ariza	02	19
50034	Ariza	03 a 05	6
50034	Ariza	06 a 10	5
50034	Ariza	11 a 20	2
50035	Artieda	00	37
50035	Artieda	01	10
50035	Artieda	02	2
50036	Asín	00	96
50036	Asín	01	3
50037	Atea	00	184
50037	Atea	01	22
50037	Atea	02	17
50037	Atea	03 a 05	7
50037	Atea	06 a 10	1
50038	Ateca	00	562
50038	Ateca	01	125
50038	Ateca	02	51
50038	Ateca	03 a 05	14
50038	Ateca	06 a 10	5
50038	Ateca	11 a 20	3
50039	Azuara	00	642
50039	Azuara	01	52
50039	Azuara	02	15
50039	Azuara	03 a 05	4
50040	Badules	00	75
50040	Badules	01	15
50040	Badules	02	8
50041	Bagüés	00	24
50041	Bagüés	01	1
50042	Balconchán	00	37
50042	Balconchán	01	3
50042	Balconchán	02	1
50043	Bárboles	00	170
50043	Bárboles	01	49
50043	Bárboles	02	6
50043	Bárboles	03 a 05	2
50044	Bardallur	00	165
50044	Bardallur	01	22
50044	Bardallur	02	4
50045	Belchite	00	204
50045	Belchite	01	673
50045	Belchite	02	6
50046	Belmonte de Gracián	00	153
50046	Belmonte de Gracián	01	31
50046	Belmonte de Gracián	02	3
50046	Belmonte de Gracián	03 a 05	3
50047	Berdejo	00	87
50048	Berrueco	00	18
50048	Berrueco	01	20
50048	Berrueco	02	3
50048	Berrueco	03 a 05	1
50050	Bijuesca	00	240
50051	Biota	00	345
50051	Biota	01	181
50051	Biota	02	27
50051	Biota	03 a 05	8
50051	Biota	06 a 10	3
50051	Biota	11 a 20	1
50052	Bisimbre	00	47
50052	Bisimbre	01	17
50052	Bisimbre	02	5
50052	Bisimbre	03 a 05	4
50053	Boquiñeni	00	209
50053	Boquiñeni	01	90
50053	Boquiñeni	02	72
50053	Boquiñeni	03 a 05	22
50054	Bordalba	00	139
50054	Bordalba	01	13
50054	Bordalba	02	2
50055	Borja	00	1167
50055	Borja	01	724
50055	Borja	02	127
50055	Borja	03 a 05	23
50055	Borja	06 a 10	13
50055	Borja	11 a 20	2
50055	Borja	21 a 50	12
50056	Botorrita	00	125
50056	Botorrita	01	89
50056	Botorrita	02	13
50056	Botorrita	03 a 05	1
50057	Brea de Aragón	00	544
50057	Brea de Aragón	01	12
50057	Brea de Aragón	02	5
50057	Brea de Aragón	03 a 05	8
50057	Brea de Aragón	06 a 10	1
50057	Brea de Aragón	21 a 50	1
50058	Bubierca	00	136
50058	Bubierca	01	3
50058	Bubierca	02	2
50059	Bujaraloz	00	141
50059	Bujaraloz	01	131
50059	Bujaraloz	02	91
50059	Bujaraloz	03 a 05	17
50060	Bulbuente	00	180
50060	Bulbuente	01	34
50060	Bulbuente	02	2
50061	Bureta	00	119
50061	Bureta	01	27
50061	Bureta	02	3
50062	Burgo de Ebro (El)	00	313
50062	Burgo de Ebro (El)	01	195
50062	Burgo de Ebro (El)	02	95
50062	Burgo de Ebro (El)	03 a 05	11
50063	Buste (El)	00	57
50063	Buste (El)	01	26
50063	Buste (El)	02	9
50063	Buste (El)	03 a 05	8
50064	Cabañas de Ebro	00	136
50064	Cabañas de Ebro	01	100
50064	Cabañas de Ebro	03 a 05	1
50064	Cabañas de Ebro	06 a 10	1
50065	Cabolafuente	00	101
50065	Cabolafuente	02	3
50066	Cadrete	00	566
50066	Cadrete	01	287
50066	Cadrete	02	46
50066	Cadrete	03 a 05	2
50067	Calatayud	00	2006
50067	Calatayud	01	212
50067	Calatayud	02	9
50067	Calatayud	03 a 05	5
50067	Calatayud	06 a 10	19
50067	Calatayud	11 a 20	19
50067	Calatayud	21 a 50	22
50067	Calatayud	50 o más	11
50068	Calatorao	00	653
50068	Calatorao	01	480
50068	Calatorao	02	81
50068	Calatorao	03 a 05	7
50068	Calatorao	06 a 10	4
50068	Calatorao	11 a 20	1
50068	Calatorao	50 o más	1
50069	Calcena	00	89
50069	Calcena	01	4
50069	Calcena	02	3
50070	Calmarza	00	90
50071	Campillo de Aragón	00	197
50071	Campillo de Aragón	01	13
50071	Campillo de Aragón	02	9
50072	Carenas	00	378
50072	Carenas	01	34
50072	Carenas	02	3
50073	Cariñena	00	401
50073	Cariñena	01	139
50073	Cariñena	02	107
50073	Cariñena	03 a 05	31
50073	Cariñena	06 a 10	12
50073	Cariñena	11 a 20	5
50073	Cariñena	21 a 50	3
50074	Caspe	00	1844
50074	Caspe	01	644
50074	Caspe	02	56
50074	Caspe	03 a 05	23
50074	Caspe	06 a 10	7
50074	Caspe	11 a 20	8
50074	Caspe	21 a 50	11
50075	Castejón de Alarba	00	147
50075	Castejón de Alarba	01	1
50076	Castejón de las Armas	00	101
50076	Castejón de las Armas	01	7
50076	Castejón de las Armas	02	9
50076	Castejón de las Armas	03 a 05	3
50077	Castejón de Valdejasa	00	152
50077	Castejón de Valdejasa	01	38
50077	Castejón de Valdejasa	02	12
50077	Castejón de Valdejasa	03 a 05	2
50078	Castiliscar	00	284
50078	Castiliscar	01	21
50078	Castiliscar	02	29
50078	Castiliscar	03 a 05	8
50078	Castiliscar	06 a 10	1
50079	Cervera de la Cañada	00	181
50079	Cervera de la Cañada	01	22
50079	Cervera de la Cañada	02	10
50079	Cervera de la Cañada	03 a 05	6
50080	Cerveruela	00	96
50080	Cerveruela	01	1
50081	Cetina	00	435
50081	Cetina	01	48
50081	Cetina	02	84
50081	Cetina	03 a 05	18
50081	Cetina	06 a 10	2
50082	Cimballa	00	136
50082	Cimballa	01	23
50082	Cimballa	02	14
50082	Cimballa	03 a 05	1
50083	Cinco Olivas	00	88
50083	Cinco Olivas	01	21
50083	Cinco Olivas	02	5
50083	Cinco Olivas	03 a 05	5
50084	Clarés de Ribota	00	125
50085	Codo	00	152
50085	Codo	01	129
50086	Codos	00	248
50086	Codos	01	14
50086	Codos	02	5
50087	Contamina	00	27
50087	Contamina	01	1
50087	Contamina	02	2
50087	Contamina	03 a 05	1
50088	Cosuenda	00	198
50088	Cosuenda	01	14
50088	Cosuenda	02	6
50088	Cosuenda	03 a 05	5
50089	Cuarte de Huerva	00	468
50089	Cuarte de Huerva	01	74
50089	Cuarte de Huerva	02	25
50089	Cuarte de Huerva	03 a 05	35
50089	Cuarte de Huerva	06 a 10	4
50089	Cuarte de Huerva	11 a 20	8
50089	Cuarte de Huerva	21 a 50	2
50090	Cubel	00	188
50090	Cubel	01	6
50090	Cubel	02	8
50090	Cubel	03 a 05	1
50091	Cuerlas (Las)	00	35
50091	Cuerlas (Las)	01	83
50091	Cuerlas (Las)	02	5
50092	Chiprana	00	236
50092	Chiprana	01	99
50092	Chiprana	02	16
50092	Chiprana	03 a 05	1
50093	Chodes	00	72
50093	Chodes	01	23
50093	Chodes	02	13
50094	Daroca	00	650
50094	Daroca	01	112
50094	Daroca	02	99
50094	Daroca	03 a 05	15
50094	Daroca	06 a 10	4
50094	Daroca	11 a 20	4
50095	Ejea de los Caballeros	00	2715
50095	Ejea de los Caballeros	01	1127
50095	Ejea de los Caballeros	02	187
50095	Ejea de los Caballeros	03 a 05	55
50095	Ejea de los Caballeros	06 a 10	75
50095	Ejea de los Caballeros	11 a 20	33
50095	Ejea de los Caballeros	21 a 50	6
50096	Embid de Ariza	00	107
50096	Embid de Ariza	01	5
50096	Embid de Ariza	02	4
50098	Encinacorba	00	203
50098	Encinacorba	01	7
50098	Encinacorba	02	1
50098	Encinacorba	03 a 05	1
50099	Épila	00	911
50099	Épila	01	828
50099	Épila	02	153
50099	Épila	03 a 05	4
50099	Épila	06 a 10	6
50100	Erla	00	185
50100	Erla	01	43
50100	Erla	02	31
50100	Erla	03 a 05	10
50100	Erla	06 a 10	1
50101	Escatrón	00	822
50101	Escatrón	01	160
50101	Escatrón	02	28
50101	Escatrón	03 a 05	5
50101	Escatrón	21 a 50	1
50102	Fabara	00	311
50102	Fabara	01	120
50102	Fabara	02	129
50102	Fabara	03 a 05	43
50102	Fabara	06 a 10	4
50104	Farlete	00	132
50104	Farlete	01	36
50104	Farlete	02	18
50104	Farlete	03 a 05	3
50105	Fayón	00	105
50105	Fayón	01	104
50105	Fayón	02	13
50105	Fayón	03 a 05	1
50106	Fayos (Los)	00	98
50106	Fayos (Los)	01	13
50106	Fayos (Los)	02	1
50106	Fayos (Los)	06 a 10	1
50107	Figueruelas	00	137
50107	Figueruelas	01	168
50107	Figueruelas	02	62
50107	Figueruelas	03 a 05	15
50107	Figueruelas	06 a 10	7
50108	Fombuena	00	25
50108	Fombuena	02	2
50108	Fombuena	03 a 05	3
50109	Frago (El)	00	107
50109	Frago (El)	01	6
50109	Frago (El)	02	2
50110	Frasno (El)	00	332
50110	Frasno (El)	01	92
50110	Frasno (El)	02	27
50110	Frasno (El)	03 a 05	1
50111	Fréscano	00	69
50111	Fréscano	01	52
50111	Fréscano	02	26
50111	Fréscano	03 a 05	2
50113	Fuendejalón	00	199
50113	Fuendejalón	01	190
50113	Fuendejalón	02	31
50113	Fuendejalón	03 a 05	1
50113	Fuendejalón	11 a 20	1
50114	Fuendetodos	00	69
50114	Fuendetodos	01	17
50114	Fuendetodos	02	33
50114	Fuendetodos	03 a 05	2
50115	Fuentes de Ebro	00	754
50115	Fuentes de Ebro	01	497
50115	Fuentes de Ebro	02	95
50115	Fuentes de Ebro	03 a 05	20
50115	Fuentes de Ebro	06 a 10	5
50115	Fuentes de Ebro	11 a 20	1
50115	Fuentes de Ebro	21 a 50	1
50116	Fuentes de Jiloca	00	226
50116	Fuentes de Jiloca	01	30
50116	Fuentes de Jiloca	02	4
50117	Gallocanta	00	30
50117	Gallocanta	01	87
50117	Gallocanta	02	5
50118	Gallur	00	672
50118	Gallur	01	468
50118	Gallur	02	55
50118	Gallur	03 a 05	4
50118	Gallur	06 a 10	1
50118	Gallur	11 a 20	1
50119	Gelsa	00	252
50119	Gelsa	01	227
50119	Gelsa	02	101
50119	Gelsa	03 a 05	38
50120	Godojos	00	56
50120	Godojos	01	3
50120	Godojos	02	6
50120	Godojos	03 a 05	1
50121	Gotor	00	145
50121	Gotor	01	31
50121	Gotor	02	17
50121	Gotor	03 a 05	4
50122	Grisel	00	60
50122	Grisel	01	12
50123	Grisén	00	157
50123	Grisén	01	109
50123	Grisén	02	1
50123	Grisén	03 a 05	1
50124	Herrera de los Navarros	00	393
50124	Herrera de los Navarros	01	23
50124	Herrera de los Navarros	02	16
50124	Herrera de los Navarros	03 a 05	2
50125	Ibdes	00	388
50125	Ibdes	01	77
50125	Ibdes	02	7
50125	Ibdes	03 a 05	3
50126	Illueca	00	525
50126	Illueca	01	36
50126	Illueca	02	12
50126	Illueca	03 a 05	6
50126	Illueca	06 a 10	17
50126	Illueca	11 a 20	8
50126	Illueca	21 a 50	2
50128	Isuerre	00	42
50128	Isuerre	01	3
50128	Isuerre	02	9
50128	Isuerre	03 a 05	3
50129	Jaraba	00	223
50129	Jaraba	01	2
50130	Jarque	00	267
50130	Jarque	01	53
50130	Jarque	02	14
50130	Jarque	03 a 05	3
50131	Jaulín	00	90
50131	Jaulín	01	46
50131	Jaulín	02	27
50131	Jaulín	03 a 05	1
50132	Joyosa (La)	00	123
50132	Joyosa (La)	01	69
50132	Joyosa (La)	02	4
50132	Joyosa (La)	03 a 05	1
50133	Lagata	00	94
50133	Lagata	01	32
50133	Lagata	02	18
50133	Lagata	03 a 05	5
50134	Langa del Castillo	00	146
50134	Langa del Castillo	01	30
50134	Langa del Castillo	02	18
50134	Langa del Castillo	03 a 05	3
50135	Layana	00	98
50135	Layana	01	8
50135	Layana	02	8
50135	Layana	03 a 05	1
50136	Lécera	00	265
50136	Lécera	01	351
50136	Lécera	02	5
50137	Leciñena	00	153
50137	Leciñena	01	203
50137	Leciñena	02	94
50137	Leciñena	03 a 05	27
50137	Leciñena	06 a 10	2
50138	Lechón	00	23
50138	Lechón	01	9
50138	Lechón	02	2
50138	Lechón	03 a 05	3
50139	Letux	00	167
50139	Letux	01	122
50139	Letux	02	47
50139	Letux	03 a 05	7
50139	Letux	06 a 10	1
50139	Letux	11 a 20	1
50140	Litago	00	122
50140	Litago	01	26
50140	Litago	02	6
50140	Litago	03 a 05	2
50141	Lituénigo	00	68
50141	Lituénigo	01	1
50141	Lituénigo	02	6
50141	Lituénigo	03 a 05	2
50142	Lobera de Onsella	00	31
50142	Lobera de Onsella	01	1
50142	Lobera de Onsella	02	1
50143	Longares	00	194
50143	Longares	01	64
50143	Longares	02	55
50143	Longares	03 a 05	19
50143	Longares	06 a 10	4
50144	Longás	00	45
50146	Lucena de Jalón	00	82
50146	Lucena de Jalón	01	28
50146	Lucena de Jalón	02	32
50146	Lucena de Jalón	03 a 05	1
50147	Luceni	00	288
50147	Luceni	01	138
50147	Luceni	02	77
50147	Luceni	03 a 05	13
50147	Luceni	06 a 10	5
50148	Luesia	00	215
50148	Luesia	01	17
50148	Luesia	02	11
50148	Luesia	03 a 05	7
50148	Luesia	06 a 10	1
50149	Luesma	00	47
50149	Luesma	01	9
50149	Luesma	03 a 05	1
50150	Lumpiaque	00	304
50150	Lumpiaque	01	180
50150	Lumpiaque	02	74
50150	Lumpiaque	03 a 05	2
50151	Luna	00	407
50151	Luna	01	116
50151	Luna	02	16
50151	Luna	03 a 05	1
50152	Maella	00	572
50152	Maella	01	187
50152	Maella	02	219
50152	Maella	03 a 05	102
50152	Maella	06 a 10	12
50153	Magallón	00	300
50153	Magallón	01	298
50153	Magallón	02	35
50153	Magallón	03 a 05	2
50154	Mainar	00	76
50154	Mainar	01	22
50154	Mainar	02	21
50154	Mainar	03 a 05	12
50155	Malanquilla	00	119
50156	Maleján	00	104
50156	Maleján	01	33
50156	Maleján	02	21
50156	Maleján	03 a 05	10
50156	Maleján	06 a 10	2
50157	Malón	00	213
50157	Malón	01	82
50157	Malón	02	1
50159	Maluenda	00	409
50159	Maluenda	01	116
50159	Maluenda	02	4
50159	Maluenda	03 a 05	6
50159	Maluenda	06 a 10	1
50159	Maluenda	11 a 20	1
50160	Mallén	00	457
50160	Mallén	01	508
50160	Mallén	02	204
50160	Mallén	03 a 05	30
50160	Mallén	06 a 10	7
50160	Mallén	11 a 20	2
50161	Manchones	00	130
50161	Manchones	01	21
50161	Manchones	02	4
50161	Manchones	03 a 05	1
50162	Mara	00	133
50162	Mara	01	15
50162	Mara	02	27
50162	Mara	03 a 05	14
50163	María de Huerva	00	278
50163	María de Huerva	01	316
50163	María de Huerva	02	58
50163	María de Huerva	06 a 10	2
50164	Mediana de Aragón	00	90
50164	Mediana de Aragón	01	57
50164	Mediana de Aragón	02	72
50164	Mediana de Aragón	03 a 05	3
50164	Mediana de Aragón	06 a 10	1
50165	Mequinenza	00	337
50165	Mequinenza	01	330
50165	Mequinenza	02	244
50165	Mequinenza	03 a 05	15
50165	Mequinenza	06 a 10	5
50165	Mequinenza	11 a 20	2
50166	Mesones de Isuela	00	205
50166	Mesones de Isuela	01	36
50166	Mesones de Isuela	02	1
50167	Mezalocha	00	133
50167	Mezalocha	01	10
50167	Mezalocha	02	10
50168	Mianos	00	22
50168	Mianos	01	10
50168	Mianos	02	3
50168	Mianos	03 a 05	1
50169	Miedes de Aragón	00	274
50169	Miedes de Aragón	01	22
50169	Miedes de Aragón	02	14
50169	Miedes de Aragón	03 a 05	1
50170	Monegrillo	00	149
50170	Monegrillo	01	43
50170	Monegrillo	02	17
50170	Monegrillo	03 a 05	8
50170	Monegrillo	06 a 10	1
50171	Moneva	00	122
50171	Moneva	01	17
50171	Moneva	02	6
50172	Monreal de Ariza	00	152
50172	Monreal de Ariza	01	9
50172	Monreal de Ariza	02	14
50172	Monreal de Ariza	03 a 05	4
50173	Monterde	00	229
50173	Monterde	01	20
50173	Monterde	02	9
50173	Monterde	03 a 05	3
50173	Monterde	06 a 10	2
50174	Montón	00	123
50174	Montón	01	16
50174	Montón	02	5
50175	Morata de Jalón	00	601
50175	Morata de Jalón	01	203
50175	Morata de Jalón	02	17
50175	Morata de Jalón	03 a 05	14
50175	Morata de Jalón	06 a 10	2
50175	Morata de Jalón	11 a 20	1
50176	Morata de Jiloca	00	219
50176	Morata de Jiloca	01	12
50176	Morata de Jiloca	02	4
50176	Morata de Jiloca	03 a 05	2
50177	Morés	00	291
50177	Morés	01	62
50177	Morés	02	5
50177	Morés	03 a 05	2
50178	Moros	00	358
50178	Moros	01	12
50178	Moros	02	37
50178	Moros	03 a 05	6
50179	Moyuela	00	232
50179	Moyuela	02	3
50179	Moyuela	03 a 05	2
50180	Mozota	00	72
50180	Mozota	01	67
50180	Mozota	02	5
50180	Mozota	21 a 50	1
50181	Muel	00	431
50181	Muel	01	49
50181	Muel	02	33
50181	Muel	03 a 05	14
50181	Muel	06 a 10	3
50182	Muela (La)	00	1155
50182	Muela (La)	01	7
50182	Muela (La)	02	1
50182	Muela (La)	06 a 10	3
50183	Munébrega	00	258
50183	Munébrega	01	34
50183	Munébrega	02	26
50184	Murero	00	139
50184	Murero	01	12
50184	Murero	02	5
50184	Murero	03 a 05	4
50185	Murillo de Gállego	00	123
50185	Murillo de Gállego	01	9
50185	Murillo de Gállego	02	3
50185	Murillo de Gállego	03 a 05	3
50186	Navardún	00	35
50186	Navardún	01	1
50186	Navardún	02	3
50186	Navardún	03 a 05	2
50187	Nigüella	00	74
50187	Nigüella	01	9
50188	Nombrevilla	00	38
50188	Nombrevilla	01	15
50188	Nombrevilla	02	1
50189	Nonaspe	00	659
50189	Nonaspe	01	49
50189	Nonaspe	02	2
50190	Novallas	00	389
50190	Novallas	01	78
50190	Novallas	02	4
50191	Novillas	00	239
50191	Novillas	01	53
50191	Novillas	02	20
50192	Nuévalos	00	121
50192	Nuévalos	01	115
50192	Nuévalos	02	11
50192	Nuévalos	03 a 05	2
50192	Nuévalos	06 a 10	1
50192	Nuévalos	21 a 50	1
50193	Nuez de Ebro	00	241
50193	Nuez de Ebro	01	63
50193	Nuez de Ebro	02	39
50194	Olvés	00	185
50194	Olvés	01	7
50195	Orcajo	00	54
50195	Orcajo	01	6
50195	Orcajo	02	4
50196	Orera	00	68
50196	Orera	01	28
50197	Orés	00	104
50197	Orés	01	8
50197	Orés	02	1
50198	Oseja	00	75
50199	Osera de Ebro	00	241
50199	Osera de Ebro	01	27
50199	Osera de Ebro	02	2
50200	Paniza	00	315
50200	Paniza	01	41
50200	Paniza	02	20
50200	Paniza	03 a 05	3
50201	Paracuellos de Jiloca	00	225
50201	Paracuellos de Jiloca	01	27
50201	Paracuellos de Jiloca	02	12
50201	Paracuellos de Jiloca	03 a 05	4
50202	Paracuellos de la Ribera	00	341
50202	Paracuellos de la Ribera	01	23
50202	Paracuellos de la Ribera	02	7
50202	Paracuellos de la Ribera	03 a 05	1
50203	Pastriz	00	83
50203	Pastriz	01	210
50203	Pastriz	02	77
50203	Pastriz	03 a 05	3
50204	Pedrola	00	629
50204	Pedrola	01	257
50204	Pedrola	02	131
50204	Pedrola	03 a 05	28
50204	Pedrola	06 a 10	6
50204	Pedrola	11 a 20	2
50205	Pedrosas (Las)	00	48
50205	Pedrosas (Las)	01	21
50206	Perdiguera	00	120
50206	Perdiguera	01	136
50206	Perdiguera	02	1
50206	Perdiguera	03 a 05	1
50207	Piedratajada	00	69
50207	Piedratajada	01	20
50207	Piedratajada	02	3
50207	Piedratajada	03 a 05	2
50208	Pina de Ebro	00	392
50208	Pina de Ebro	01	391
50208	Pina de Ebro	02	105
50208	Pina de Ebro	03 a 05	18
50209	Pinseque	00	605
50209	Pinseque	01	338
50209	Pinseque	02	94
50209	Pinseque	03 a 05	6
50209	Pinseque	06 a 10	1
50209	Pinseque	11 a 20	1
50209	Pinseque	21 a 50	1
50210	Pintanos (Los)	00	56
50210	Pintanos (Los)	01	9
50211	Plasencia de Jalón	00	134
50211	Plasencia de Jalón	01	44
50211	Plasencia de Jalón	02	7
50211	Plasencia de Jalón	03 a 05	6
50212	Pleitas	00	11
50212	Pleitas	01	34
50212	Pleitas	02	8
50212	Pleitas	03 a 05	2
50213	Plenas	00	175
50213	Plenas	01	2
50213	Plenas	02	4
50213	Plenas	03 a 05	1
50214	Pomer	00	84
50214	Pomer	02	1
50215	Pozuel de Ariza	00	102
50215	Pozuel de Ariza	01	3
50216	Pozuelo de Aragón	00	107
50216	Pozuelo de Aragón	01	52
50216	Pozuelo de Aragón	02	3
50217	Pradilla de Ebro	00	182
50217	Pradilla de Ebro	01	50
50217	Pradilla de Ebro	02	71
50217	Pradilla de Ebro	03 a 05	1
50218	Puebla de Albortón	00	85
50218	Puebla de Albortón	01	6
50218	Puebla de Albortón	02	2
50218	Puebla de Albortón	03 a 05	1
50219	Puebla de Alfindén (La)	00	984
50219	Puebla de Alfindén (La)	01	369
50219	Puebla de Alfindén (La)	02	65
50219	Puebla de Alfindén (La)	03 a 05	3
50219	Puebla de Alfindén (La)	06 a 10	2
50219	Puebla de Alfindén (La)	11 a 20	1
50220	Puendeluna	00	50
50220	Puendeluna	01	16
50220	Puendeluna	02	1
50221	Purujosa	00	32
50222	Quinto	00	548
50222	Quinto	01	331
50222	Quinto	02	94
50222	Quinto	03 a 05	8
50222	Quinto	06 a 10	2
50223	Remolinos	00	362
50223	Remolinos	01	72
50223	Remolinos	02	42
50223	Remolinos	03 a 05	17
50223	Remolinos	06 a 10	4
50223	Remolinos	11 a 20	1
50224	Retascón	00	67
50224	Retascón	01	14
50224	Retascón	02	12
50225	Ricla	00	786
50225	Ricla	01	63
50225	Ricla	02	10
50225	Ricla	03 a 05	4
50225	Ricla	06 a 10	1
50227	Romanos	00	55
50227	Romanos	01	35
50227	Romanos	02	6
50228	Rueda de Jalón	00	206
50228	Rueda de Jalón	01	1
50229	Ruesca	00	44
50229	Ruesca	01	16
50230	Sádaba	00	449
50230	Sádaba	01	155
50230	Sádaba	02	84
50230	Sádaba	03 a 05	22
50230	Sádaba	06 a 10	1
50231	Salillas de Jalón	00	125
50231	Salillas de Jalón	01	30
50231	Salillas de Jalón	02	32
50231	Salillas de Jalón	03 a 05	6
50232	Salvatierra de Esca	00	161
50232	Salvatierra de Esca	01	45
50232	Salvatierra de Esca	02	17
50232	Salvatierra de Esca	03 a 05	4
50233	Samper del Salz	00	99
50233	Samper del Salz	01	10
50233	Samper del Salz	02	7
50233	Samper del Salz	03 a 05	1
50234	San Martín de la Virgen de Moncayo	00	119
50234	San Martín de la Virgen de Moncayo	02	3
50235	San Mateo de Gállego	00	523
50235	San Mateo de Gállego	01	411
50235	San Mateo de Gállego	02	66
50235	San Mateo de Gállego	03 a 05	11
50235	San Mateo de Gállego	06 a 10	6
50236	Santa Cruz de Grío	00	130
50236	Santa Cruz de Grío	01	9
50236	Santa Cruz de Grío	02	1
50237	Santa Cruz de Moncayo	00	82
50237	Santa Cruz de Moncayo	01	25
50237	Santa Cruz de Moncayo	02	1
50237	Santa Cruz de Moncayo	03 a 05	1
50238	Santa Eulalia de Gállego	00	84
50238	Santa Eulalia de Gállego	01	11
50238	Santa Eulalia de Gállego	02	9
50238	Santa Eulalia de Gállego	03 a 05	5
50239	Santed	00	27
50239	Santed	01	46
50239	Santed	02	3
50240	Sástago	00	326
50240	Sástago	01	306
50240	Sástago	02	89
50240	Sástago	03 a 05	17
50240	Sástago	06 a 10	3
50241	Saviñán	00	356
50241	Saviñán	01	80
50241	Saviñán	02	14
50241	Saviñán	03 a 05	3
50242	Sediles	00	33
50242	Sediles	01	6
50242	Sediles	02	5
50242	Sediles	03 a 05	3
50243	Sestrica	00	265
50243	Sestrica	01	27
50243	Sestrica	02	16
50243	Sestrica	03 a 05	11
50244	Sierra de Luna	00	89
50244	Sierra de Luna	01	60
50244	Sierra de Luna	02	13
50244	Sierra de Luna	03 a 05	2
50245	Sigüés	00	84
50245	Sigüés	01	24
50245	Sigüés	02	4
50245	Sigüés	03 a 05	1
50246	Sisamón	00	167
50246	Sisamón	01	2
50246	Sisamón	02	1
50247	Sobradiel	00	108
50247	Sobradiel	01	111
50247	Sobradiel	02	53
50247	Sobradiel	03 a 05	13
50247	Sobradiel	06 a 10	2
50248	Sos del Rey Católico	00	359
50248	Sos del Rey Católico	01	41
50248	Sos del Rey Católico	02	33
50248	Sos del Rey Católico	03 a 05	19
50248	Sos del Rey Católico	06 a 10	1
50249	Tabuenca	00	316
50249	Tabuenca	01	2
50250	Talamantes	00	83
50251	Tarazona	00	1714
50251	Tarazona	01	373
50251	Tarazona	02	32
50251	Tarazona	03 a 05	20
50251	Tarazona	06 a 10	40
50251	Tarazona	11 a 20	18
50251	Tarazona	21 a 50	3
50251	Tarazona	50 o más	1
50252	Tauste	00	921
50252	Tauste	01	937
50252	Tauste	02	68
50252	Tauste	03 a 05	32
50252	Tauste	06 a 10	7
50252	Tauste	11 a 20	10
50252	Tauste	21 a 50	8
50253	Terrer	00	248
50253	Terrer	01	21
50253	Terrer	02	9
50253	Terrer	03 a 05	1
50254	Tierga	00	103
50254	Tierga	01	26
50254	Tierga	02	2
50255	Tobed	00	208
50255	Tobed	01	47
50255	Tobed	02	10
50255	Tobed	03 a 05	2
50256	Torralba de los Frailes	00	129
50256	Torralba de los Frailes	01	50
50256	Torralba de los Frailes	02	5
50256	Torralba de los Frailes	03 a 05	2
50257	Torralba de Ribota	00	128
50257	Torralba de Ribota	01	17
50257	Torralba de Ribota	02	6
50257	Torralba de Ribota	03 a 05	3
50258	Torralbilla	00	109
50258	Torralbilla	01	21
50258	Torralbilla	02	3
50259	Torrehermosa	00	107
50259	Torrehermosa	01	2
50259	Torrehermosa	02	1
50260	Torrelapaja	00	74
50260	Torrelapaja	01	10
50260	Torrelapaja	02	3
50261	Torrellas	00	145
50261	Torrellas	01	49
50261	Torrellas	02	1
50262	Torres de Berrellén	00	392
50262	Torres de Berrellén	01	85
50262	Torres de Berrellén	02	47
50262	Torres de Berrellén	03 a 05	8
50262	Torres de Berrellén	06 a 10	1
50262	Torres de Berrellén	11 a 20	1
50263	Torrijo de la Cañada	00	391
50263	Torrijo de la Cañada	01	13
50263	Torrijo de la Cañada	02	3
50263	Torrijo de la Cañada	03 a 05	1
50264	Tosos	00	214
50264	Tosos	01	4
50264	Tosos	02	3
50264	Tosos	03 a 05	5
50265	Trasmoz	00	74
50265	Trasmoz	01	8
50265	Trasmoz	02	1
50266	Trasobares	00	203
50266	Trasobares	01	1
50267	Uncastillo	00	315
50267	Uncastillo	01	58
50267	Uncastillo	02	21
50267	Uncastillo	03 a 05	9
50267	Uncastillo	06 a 10	1
50268	Undués de Lerda	00	35
50268	Undués de Lerda	01	6
50268	Undués de Lerda	02	4
50268	Undués de Lerda	03 a 05	1
50269	Urrea de Jalón	00	174
50269	Urrea de Jalón	01	36
50269	Urrea de Jalón	02	24
50269	Urrea de Jalón	03 a 05	3
50270	Urriés	00	66
50270	Urriés	02	3
50270	Urriés	03 a 05	3
50271	Used	00	219
50271	Used	01	32
50271	Used	02	31
50271	Used	03 a 05	26
50271	Used	06 a 10	11
50271	Used	11 a 20	2
50272	Utebo	00	1008
50272	Utebo	01	603
50272	Utebo	02	142
50272	Utebo	03 a 05	10
50272	Utebo	06 a 10	94
50272	Utebo	11 a 20	63
50272	Utebo	21 a 50	11
50272	Utebo	50 o más	10
50273	Valdehorna	00	43
50273	Valdehorna	01	5
50273	Valdehorna	02	3
50274	Val de San Martín	00	60
50274	Val de San Martín	01	32
50274	Val de San Martín	02	2
50274	Val de San Martín	03 a 05	2
50275	Valmadrid	00	56
50275	Valmadrid	01	22
50276	Valpalmas	00	89
50276	Valpalmas	01	26
50276	Valpalmas	02	9
50276	Valpalmas	03 a 05	3
50277	Valtorres	00	65
50277	Valtorres	01	17
50278	Velilla de Ebro	00	156
50278	Velilla de Ebro	01	36
50278	Velilla de Ebro	02	31
50278	Velilla de Ebro	03 a 05	17
50279	Velilla de Jiloca	00	90
50279	Velilla de Jiloca	01	18
50279	Velilla de Jiloca	02	11
50280	Vera de Moncayo	00	222
50280	Vera de Moncayo	01	62
50280	Vera de Moncayo	02	31
50280	Vera de Moncayo	03 a 05	18
50280	Vera de Moncayo	06 a 10	1
50281	Vierlas	00	48
50281	Vierlas	01	30
50281	Vierlas	02	2
50282	Vilueña (La)	00	54
50282	Vilueña (La)	01	5
50283	Villadoz	00	71
50283	Villadoz	01	3
50283	Villadoz	02	4
50284	Villafeliche	00	220
50284	Villafeliche	01	42
50284	Villafeliche	02	1
50285	Villafranca de Ebro	00	247
50285	Villafranca de Ebro	01	35
50285	Villafranca de Ebro	02	11
50285	Villafranca de Ebro	03 a 05	1
50286	Villalba de Perejil	00	47
50286	Villalba de Perejil	01	1
50287	Villalengua	00	278
50287	Villalengua	01	13
50287	Villalengua	02	11
50287	Villalengua	03 a 05	6
50288	Villanueva de Gállego	00	414
50288	Villanueva de Gállego	01	485
50288	Villanueva de Gállego	02	164
50288	Villanueva de Gállego	03 a 05	9
50288	Villanueva de Gállego	11 a 20	2
50289	Villanueva de Jiloca	00	91
50289	Villanueva de Jiloca	01	29
50289	Villanueva de Jiloca	02	9
50289	Villanueva de Jiloca	03 a 05	1
50290	Villanueva de Huerva	00	221
50290	Villanueva de Huerva	01	117
50290	Villanueva de Huerva	02	54
50290	Villanueva de Huerva	03 a 05	6
50291	Villar de los Navarros	00	125
50291	Villar de los Navarros	01	24
50291	Villar de los Navarros	02	34
50291	Villar de los Navarros	03 a 05	10
50292	Villarreal de Huerva	00	98
50292	Villarreal de Huerva	01	23
50292	Villarreal de Huerva	02	9
50292	Villarreal de Huerva	03 a 05	3
50293	Villarroya de la Sierra	00	354
50293	Villarroya de la Sierra	01	85
50293	Villarroya de la Sierra	02	19
50293	Villarroya de la Sierra	03 a 05	3
50294	Villarroya del Campo	00	63
50294	Villarroya del Campo	01	5
50294	Villarroya del Campo	02	1
50295	Vistabella	00	137
50295	Vistabella	01	27
50295	Vistabella	02	1
50296	Zaida (La)	00	190
50296	Zaida (La)	01	77
50296	Zaida (La)	02	24
50296	Zaida (La)	03 a 05	7
50297	Zaragoza	00	22779
50297	Zaragoza	01	5295
50297	Zaragoza	02	2501
50297	Zaragoza	03 a 05	336
50297	Zaragoza	06 a 10	829
50297	Zaragoza	11 a 20	1383
50297	Zaragoza	21 a 50	1595
50297	Zaragoza	50 o más	648
50298	Zuera	00	799
50298	Zuera	01	903
50298	Zuera	02	334
50298	Zuera	03 a 05	36
50298	Zuera	06 a 10	12
50298	Zuera	11 a 20	5
50298	Zuera	21 a 50	5
50901	Biel	00	141
50901	Biel	01	17
50901	Biel	02	14
50901	Biel	03 a 05	1
50901	Biel	06 a 10	1
50902	Marracos	00	56
50902	Marracos	01	17