Año	Código	Comarca 	VAB	Sector VAB código	Sector VAB descripción
2007	01	La Jacetania	9929,6	10	Agricultura
2007	01	La Jacetania	5849,1	21	Energía
2007	01	La Jacetania	10518,6	22	Industria
2007	01	La Jacetania	50575,5	30	Construcción
2007	01	La Jacetania	215719,6	40	Servicios
2007	02	Alto Gállego	2842,9	10	Agricultura
2007	02	Alto Gállego	20319	21	Energía
2007	02	Alto Gállego	44699,5	22	Industria
2007	02	Alto Gállego	52086,2	30	Construcción
2007	02	Alto Gállego	189757,3	40	Servicios
2007	03	Sobrarbe	7658,3	10	Agricultura
2007	03	Sobrarbe	12205,1	21	Energía
2007	03	Sobrarbe	2283,4	22	Industria
2007	03	Sobrarbe	24479,8	30	Construcción
2007	03	Sobrarbe	81313	40	Servicios
2007	04	La Ribagorza	27425,1	10	Agricultura
2007	04	La Ribagorza	23835,6	21	Energía
2007	04	La Ribagorza	16371	22	Industria
2007	04	La Ribagorza	40641,5	30	Construcción
2007	04	La Ribagorza	135760,6	40	Servicios
2007	05	Cinco Villas	114136,4	10	Agricultura
2007	05	Cinco Villas	17498,5	21	Energía
2007	05	Cinco Villas	154483,1	22	Industria
2007	05	Cinco Villas	124732,8	30	Construcción
2007	05	Cinco Villas	183322	40	Servicios
2007	06	Hoya de Huesca / Plana de Uesca	78798,6	10	Agricultura
2007	06	Hoya de Huesca / Plana de Uesca	23266,4	21	Energía
2007	06	Hoya de Huesca / Plana de Uesca	102677,5	22	Industria
2007	06	Hoya de Huesca / Plana de Uesca	225004,3	30	Construcción
2007	06	Hoya de Huesca / Plana de Uesca	1138397,9	40	Servicios
2007	07	Somontano de Barbastro	47404,7	10	Agricultura
2007	07	Somontano de Barbastro	14274,6	21	Energía
2007	07	Somontano de Barbastro	107247,7	22	Industria
2007	07	Somontano de Barbastro	62486,9	30	Construcción
2007	07	Somontano de Barbastro	229831,4	40	Servicios
2007	08	Cinca Medio	80567,1	10	Agricultura
2007	08	Cinca Medio	13726,8	21	Energía
2007	08	Cinca Medio	150073,9	22	Industria
2007	08	Cinca Medio	82061,4	30	Construcción
2007	08	Cinca Medio	174278	40	Servicios
2007	09	La Litera / La Llitera	119864,9	10	Agricultura
2007	09	La Litera / La Llitera	6959,7	21	Energía
2007	09	La Litera / La Llitera	90329,7	22	Industria
2007	09	La Litera / La Llitera	69251,2	30	Construcción
2007	09	La Litera / La Llitera	162573,8	40	Servicios
2007	10	Los Monegros	183165,4	10	Agricultura
2007	10	Los Monegros	10309,7	21	Energía
2007	10	Los Monegros	20592,4	22	Industria
2007	10	Los Monegros	68350,3	30	Construcción
2007	10	Los Monegros	94108,6	40	Servicios
2007	11	Bajo Cinca / Baix Cinca	129621,7	10	Agricultura
2007	11	Bajo Cinca / Baix Cinca	19338,9	21	Energía
2007	11	Bajo Cinca / Baix Cinca	165450,4	22	Industria
2007	11	Bajo Cinca / Baix Cinca	58092,9	30	Construcción
2007	11	Bajo Cinca / Baix Cinca	199975	40	Servicios
2007	12	Tarazona y el Moncayo	7366,9	10	Agricultura
2007	12	Tarazona y el Moncayo	4990,5	21	Energía
2007	12	Tarazona y el Moncayo	85737,7	22	Industria
2007	12	Tarazona y el Moncayo	26629,5	30	Construcción
2007	12	Tarazona y el Moncayo	92130,4	40	Servicios
2007	13	Campo de Borja	34419,7	10	Agricultura
2007	13	Campo de Borja	19406,6	21	Energía
2007	13	Campo de Borja	55910,9	22	Industria
2007	13	Campo de Borja	35031,7	30	Construcción
2007	13	Campo de Borja	86062,3	40	Servicios
2007	14	Aranda	3591,6	10	Agricultura
2007	14	Aranda	3345,7	21	Energía
2007	14	Aranda	26904,5	22	Industria
2007	14	Aranda	12501,7	30	Construcción
2007	14	Aranda	32344,4	40	Servicios
2007	15	Ribera Alta del Ebro	28036,9	10	Agricultura
2007	15	Ribera Alta del Ebro	34263,6	21	Energía
2007	15	Ribera Alta del Ebro	832713,5	22	Industria
2007	15	Ribera Alta del Ebro	90363,1	30	Construcción
2007	15	Ribera Alta del Ebro	275752,4	40	Servicios
2007	16	Valdejalón	55659,3	10	Agricultura
2007	16	Valdejalón	39740,1	21	Energía
2007	16	Valdejalón	265225,7	22	Industria
2007	16	Valdejalón	76614	30	Construcción
2007	16	Valdejalón	216962,1	40	Servicios
2007	17	D.C. Zaragoza	64163,1	10	Agricultura
2007	17	D.C. Zaragoza	235831,6	21	Energía
2007	17	D.C. Zaragoza	3203742,2	22	Industria
2007	17	D.C. Zaragoza	1947711,2	30	Construcción
2007	17	D.C. Zaragoza	12079419,9	40	Servicios
2007	18	Ribera Baja del Ebro	30717	10	Agricultura
2007	18	Ribera Baja del Ebro	11536,6	21	Energía
2007	18	Ribera Baja del Ebro	108636,3	22	Industria
2007	18	Ribera Baja del Ebro	19763,4	30	Construcción
2007	18	Ribera Baja del Ebro	56199,9	40	Servicios
2007	19	Bajo Aragón-Caspe / Baix Aragó-Casp	46958,5	10	Agricultura
2007	19	Bajo Aragón-Caspe / Baix Aragó-Casp	2584,2	21	Energía
2007	19	Bajo Aragón-Caspe / Baix Aragó-Casp	18897,8	22	Industria
2007	19	Bajo Aragón-Caspe / Baix Aragó-Casp	25706	30	Construcción
2007	19	Bajo Aragón-Caspe / Baix Aragó-Casp	84975,9	40	Servicios
2007	20	Comunidad de Calatayud	42704,9	10	Agricultura
2007	20	Comunidad de Calatayud	14639	21	Energía
2007	20	Comunidad de Calatayud	96333	22	Industria
2007	20	Comunidad de Calatayud	74130,3	30	Construcción
2007	20	Comunidad de Calatayud	308505,4	40	Servicios
2007	21	Campo de Cariñena	29475,2	10	Agricultura
2007	21	Campo de Cariñena	17512,7	21	Energía
2007	21	Campo de Cariñena	83361,7	22	Industria
2007	21	Campo de Cariñena	15469,3	30	Construcción
2007	21	Campo de Cariñena	52603,2	40	Servicios
2007	22	Campo de Belchite	21720,4	10	Agricultura
2007	22	Campo de Belchite	12856,8	21	Energía
2007	22	Campo de Belchite	13269,6	22	Industria
2007	22	Campo de Belchite	5862,2	30	Construcción
2007	22	Campo de Belchite	19295,9	40	Servicios
2007	23	Bajo Martín	21074,3	10	Agricultura
2007	23	Bajo Martín	59207,6	21	Energía
2007	23	Bajo Martín	52740,1	22	Industria
2007	23	Bajo Martín	15509,5	30	Construcción
2007	23	Bajo Martín	40061,7	40	Servicios
2007	24	Campo de Daroca	41704	10	Agricultura
2007	24	Campo de Daroca	910,2	21	Energía
2007	24	Campo de Daroca	8141,5	22	Industria
2007	24	Campo de Daroca	6701,5	30	Construcción
2007	24	Campo de Daroca	40310,1	40	Servicios
2007	25	Jiloca	40491,2	10	Agricultura
2007	25	Jiloca	4942,5	21	Energía
2007	25	Jiloca	59422,3	22	Industria
2007	25	Jiloca	29378,2	30	Construcción
2007	25	Jiloca	65955,7	40	Servicios
2007	26	Cuencas Mineras	8624,2	10	Agricultura
2007	26	Cuencas Mineras	16508,4	21	Energía
2007	26	Cuencas Mineras	27714,6	22	Industria
2007	26	Cuencas Mineras	11819,1	30	Construcción
2007	26	Cuencas Mineras	40356,5	40	Servicios
2007	27	Andorra-Sierra de Arcos	6005,5	10	Agricultura
2007	27	Andorra-Sierra de Arcos	237630,8	21	Energía
2007	27	Andorra-Sierra de Arcos	18383,4	22	Industria
2007	27	Andorra-Sierra de Arcos	35243,4	30	Construcción
2007	27	Andorra-Sierra de Arcos	66659,3	40	Servicios
2007	28	Bajo Aragón	41746,3	10	Agricultura
2007	28	Bajo Aragón	9222	21	Energía
2007	28	Bajo Aragón	75587	22	Industria
2007	28	Bajo Aragón	104827,3	30	Construcción
2007	28	Bajo Aragón	242275,9	40	Servicios
2007	29	Comunidad de Teruel	27561,3	10	Agricultura
2007	29	Comunidad de Teruel	13741,7	21	Energía
2007	29	Comunidad de Teruel	150364,8	22	Industria
2007	29	Comunidad de Teruel	132494,3	30	Construcción
2007	29	Comunidad de Teruel	734096,9	40	Servicios
2007	30	Maestrazgo	7023,8	10	Agricultura
2007	30	Maestrazgo	1069,9	21	Energía
2007	30	Maestrazgo	3317,1	22	Industria
2007	30	Maestrazgo	7936,8	30	Construcción
2007	30	Maestrazgo	20230,2	40	Servicios
2007	31	Sierra de Albarracín	3032	10	Agricultura
2007	31	Sierra de Albarracín	847,4	21	Energía
2007	31	Sierra de Albarracín	3600,4	22	Industria
2007	31	Sierra de Albarracín	12458	30	Construcción
2007	31	Sierra de Albarracín	31459,6	40	Servicios
2007	32	Gúdar-Javalambre	4865,9	10	Agricultura
2007	32	Gúdar-Javalambre	5100,9	21	Energía
2007	32	Gúdar-Javalambre	28280,2	22	Industria
2007	32	Gúdar-Javalambre	34457,7	30	Construcción
2007	32	Gúdar-Javalambre	60367,6	40	Servicios
2007	33	Matarraña / Matarranya	34598,5	10	Agricultura
2007	33	Matarraña / Matarranya	2620,8	21	Energía
2007	33	Matarraña / Matarranya	15386,5	22	Industria
2007	33	Matarraña / Matarranya	20470,9	30	Construcción
2007	33	Matarraña / Matarranya	44764	40	Servicios
2006	01	La Jacetania	8222,6	10	Agricultura
2006	01	La Jacetania	5011,8	21	Energía
2006	01	La Jacetania	13916,5	22	Industria
2006	01	La Jacetania	51095	30	Construcción
2006	01	La Jacetania	200573,5	40	Servicios
2006	02	Alto Gállego	2319,5	10	Agricultura
2006	02	Alto Gállego	14286,5	21	Energía
2006	02	Alto Gállego	68182,4	22	Industria
2006	02	Alto Gállego	47633	30	Construcción
2006	02	Alto Gállego	158223	40	Servicios
2006	03	Sobrarbe	6916,3	10	Agricultura
2006	03	Sobrarbe	8510,9	21	Energía
2006	03	Sobrarbe	2624,6	22	Industria
2006	03	Sobrarbe	24442,7	30	Construcción
2006	03	Sobrarbe	67338,9	40	Servicios
2006	04	La Ribagorza	25089,5	10	Agricultura
2006	04	La Ribagorza	23839,9	21	Energía
2006	04	La Ribagorza	10917,5	22	Industria
2006	04	La Ribagorza	38528,6	30	Construcción
2006	04	La Ribagorza	122934,4	40	Servicios
2006	05	Cinco Villas	97819,6	10	Agricultura
2006	05	Cinco Villas	13774,8	21	Energía
2006	05	Cinco Villas	129603,2	22	Industria
2006	05	Cinco Villas	114410,4	30	Construcción
2006	05	Cinco Villas	164915,1	40	Servicios
2006	06	Hoya de Huesca / Plana de Uesca	68282	10	Agricultura
2006	06	Hoya de Huesca / Plana de Uesca	19187,3	21	Energía
2006	06	Hoya de Huesca / Plana de Uesca	99467,8	22	Industria
2006	06	Hoya de Huesca / Plana de Uesca	193514,5	30	Construcción
2006	06	Hoya de Huesca / Plana de Uesca	1105156,6	40	Servicios
2006	07	Somontano de Barbastro	41205,7	10	Agricultura
2006	07	Somontano de Barbastro	11693,6	21	Energía
2006	07	Somontano de Barbastro	91182,2	22	Industria
2006	07	Somontano de Barbastro	56971,6	30	Construcción
2006	07	Somontano de Barbastro	216768,9	40	Servicios
2006	08	Cinca Medio	69673	10	Agricultura
2006	08	Cinca Medio	7767,5	21	Energía
2006	08	Cinca Medio	76817,7	22	Industria
2006	08	Cinca Medio	75310,5	30	Construcción
2006	08	Cinca Medio	156371,1	40	Servicios
2006	09	La Litera / La Llitera	109880,4	10	Agricultura
2006	09	La Litera / La Llitera	8088,6	21	Energía
2006	09	La Litera / La Llitera	94093,9	22	Industria
2006	09	La Litera / La Llitera	61464,3	30	Construcción
2006	09	La Litera / La Llitera	146375,4	40	Servicios
2006	10	Los Monegros	163132,1	10	Agricultura
2006	10	Los Monegros	7766,3	21	Energía
2006	10	Los Monegros	21411	22	Industria
2006	10	Los Monegros	55409,8	30	Construcción
2006	10	Los Monegros	81521,4	40	Servicios
2006	11	Bajo Cinca / Baix Cinca	108412,7	10	Agricultura
2006	11	Bajo Cinca / Baix Cinca	19154,5	21	Energía
2006	11	Bajo Cinca / Baix Cinca	98337	22	Industria
2006	11	Bajo Cinca / Baix Cinca	51959,2	30	Construcción
2006	11	Bajo Cinca / Baix Cinca	177806,9	40	Servicios
2006	12	Tarazona y el Moncayo	6205,5	10	Agricultura
2006	12	Tarazona y el Moncayo	4330,4	21	Energía
2006	12	Tarazona y el Moncayo	67377	22	Industria
2006	12	Tarazona y el Moncayo	22407,6	30	Construcción
2006	12	Tarazona y el Moncayo	100740,2	40	Servicios
2006	13	Campo de Borja	28945,1	10	Agricultura
2006	13	Campo de Borja	15023,8	21	Energía
2006	13	Campo de Borja	44177,2	22	Industria
2006	13	Campo de Borja	30855,3	30	Construcción
2006	13	Campo de Borja	85517,2	40	Servicios
2006	14	Aranda	2874,2	10	Agricultura
2006	14	Aranda	2682,6	21	Energía
2006	14	Aranda	20205,7	22	Industria
2006	14	Aranda	11334	30	Construcción
2006	14	Aranda	31072,9	40	Servicios
2006	15	Ribera Alta del Ebro	23668,6	10	Agricultura
2006	15	Ribera Alta del Ebro	32935,7	21	Energía
2006	15	Ribera Alta del Ebro	733055,3	22	Industria
2006	15	Ribera Alta del Ebro	70840,7	30	Construcción
2006	15	Ribera Alta del Ebro	233245,6	40	Servicios
2006	16	Valdejalón	45250,2	10	Agricultura
2006	16	Valdejalón	33475,2	21	Energía
2006	16	Valdejalón	237958,4	22	Industria
2006	16	Valdejalón	67681,5	30	Construcción
2006	16	Valdejalón	187216,3	40	Servicios
2006	17	D.C. Zaragoza	53744	10	Agricultura
2006	17	D.C. Zaragoza	209992	21	Energía
2006	17	D.C. Zaragoza	3137799,8	22	Industria
2006	17	D.C. Zaragoza	1735080,2	30	Construcción
2006	17	D.C. Zaragoza	11130254,5	40	Servicios
2006	18	Ribera Baja del Ebro	25959,8	10	Agricultura
2006	18	Ribera Baja del Ebro	10546,8	21	Energía
2006	18	Ribera Baja del Ebro	55404,6	22	Industria
2006	18	Ribera Baja del Ebro	27094,7	30	Construcción
2006	18	Ribera Baja del Ebro	48626,7	40	Servicios
2006	19	Bajo Aragón-Caspe / Baix Aragó-Casp	39955,7	10	Agricultura
2006	19	Bajo Aragón-Caspe / Baix Aragó-Casp	2218,4	21	Energía
2006	19	Bajo Aragón-Caspe / Baix Aragó-Casp	20019,1	22	Industria
2006	19	Bajo Aragón-Caspe / Baix Aragó-Casp	22561,2	30	Construcción
2006	19	Bajo Aragón-Caspe / Baix Aragó-Casp	72666,6	40	Servicios
2006	20	Comunidad de Calatayud	33750,3	10	Agricultura
2006	20	Comunidad de Calatayud	10722,5	21	Energía
2006	20	Comunidad de Calatayud	102388,4	22	Industria
2006	20	Comunidad de Calatayud	60797,9	30	Construcción
2006	20	Comunidad de Calatayud	291891,7	40	Servicios
2006	21	Campo de Cariñena	22987,1	10	Agricultura
2006	21	Campo de Cariñena	14480,4	21	Energía
2006	21	Campo de Cariñena	64697,8	22	Industria
2006	21	Campo de Cariñena	16029,3	30	Construcción
2006	21	Campo de Cariñena	45017,2	40	Servicios
2006	22	Campo de Belchite	18837,6	10	Agricultura
2006	22	Campo de Belchite	7710,7	21	Energía
2006	22	Campo de Belchite	27530,6	22	Industria
2006	22	Campo de Belchite	5774,7	30	Construcción
2006	22	Campo de Belchite	16801,8	40	Servicios
2006	23	Bajo Martín	18979	10	Agricultura
2006	23	Bajo Martín	35451,9	21	Energía
2006	23	Bajo Martín	38216,7	22	Industria
2006	23	Bajo Martín	19950,5	30	Construcción
2006	23	Bajo Martín	35954,7	40	Servicios
2006	24	Campo de Daroca	37399	10	Agricultura
2006	24	Campo de Daroca	792,6	21	Energía
2006	24	Campo de Daroca	7739	22	Industria
2006	24	Campo de Daroca	5962,3	30	Construcción
2006	24	Campo de Daroca	33264,1	40	Servicios
2006	25	Jiloca	35325,7	10	Agricultura
2006	25	Jiloca	3666,2	21	Energía
2006	25	Jiloca	50315,2	22	Industria
2006	25	Jiloca	26047,4	30	Construcción
2006	25	Jiloca	55457,9	40	Servicios
2006	26	Cuencas Mineras	7217,4	10	Agricultura
2006	26	Cuencas Mineras	25775,5	21	Energía
2006	26	Cuencas Mineras	28969,1	22	Industria
2006	26	Cuencas Mineras	12027,4	30	Construcción
2006	26	Cuencas Mineras	37164,4	40	Servicios
2006	27	Andorra-Sierra de Arcos	5099,7	10	Agricultura
2006	27	Andorra-Sierra de Arcos	206977,9	21	Energía
2006	27	Andorra-Sierra de Arcos	21776	22	Industria
2006	27	Andorra-Sierra de Arcos	32318,3	30	Construcción
2006	27	Andorra-Sierra de Arcos	58183,1	40	Servicios
2006	28	Bajo Aragón	36045	10	Agricultura
2006	28	Bajo Aragón	10851,4	21	Energía
2006	28	Bajo Aragón	64986,3	22	Industria
2006	28	Bajo Aragón	93737,6	30	Construcción
2006	28	Bajo Aragón	226887	40	Servicios
2006	29	Comunidad de Teruel	22981,4	10	Agricultura
2006	29	Comunidad de Teruel	16645,7	21	Energía
2006	29	Comunidad de Teruel	125087,8	22	Industria
2006	29	Comunidad de Teruel	116902,1	30	Construcción
2006	29	Comunidad de Teruel	714523,3	40	Servicios
2006	30	Maestrazgo	6546,4	10	Agricultura
2006	30	Maestrazgo	1010,1	21	Energía
2006	30	Maestrazgo	3285,5	22	Industria
2006	30	Maestrazgo	7297,1	30	Construcción
2006	30	Maestrazgo	17649,7	40	Servicios
2006	31	Sierra de Albarracín	2496,5	10	Agricultura
2006	31	Sierra de Albarracín	621,2	21	Energía
2006	31	Sierra de Albarracín	4602,8	22	Industria
2006	31	Sierra de Albarracín	11526	30	Construcción
2006	31	Sierra de Albarracín	27966,3	40	Servicios
2006	32	Gúdar-Javalambre	4189,1	10	Agricultura
2006	32	Gúdar-Javalambre	3395,9	21	Energía
2006	32	Gúdar-Javalambre	8659,3	22	Industria
2006	32	Gúdar-Javalambre	31662,6	30	Construcción
2006	32	Gúdar-Javalambre	56581	40	Servicios
2006	33	Matarraña / Matarranya	31999,2	10	Agricultura
2006	33	Matarraña / Matarranya	2022	21	Energía
2006	33	Matarraña / Matarranya	19605,6	22	Industria
2006	33	Matarraña / Matarranya	17630,4	30	Construcción
2006	33	Matarraña / Matarranya	39852,5	40	Servicios
2005	01	La Jacetania	8044,6	10	Agricultura
2005	01	La Jacetania	5340,6	21	Energía
2005	01	La Jacetania	10058	22	Industria
2005	01	La Jacetania	49466,9	30	Construcción
2005	01	La Jacetania	184627,3	40	Servicios
2005	02	Alto Gállego	2272,5	10	Agricultura
2005	02	Alto Gállego	17913	21	Energía
2005	02	Alto Gállego	65319,4	22	Industria
2005	02	Alto Gállego	40458,3	30	Construcción
2005	02	Alto Gállego	146609,4	40	Servicios
2005	03	Sobrarbe	6713,9	10	Agricultura
2005	03	Sobrarbe	10829,5	21	Energía
2005	03	Sobrarbe	1760,8	22	Industria
2005	03	Sobrarbe	21833,5	30	Construcción
2005	03	Sobrarbe	60037,2	40	Servicios
2005	04	La Ribagorza	24328	10	Agricultura
2005	04	La Ribagorza	22486,9	21	Energía
2005	04	La Ribagorza	14475,1	22	Industria
2005	04	La Ribagorza	35108,3	30	Construcción
2005	04	La Ribagorza	111641,8	40	Servicios
2005	05	Cinco Villas	95398,7	10	Agricultura
2005	05	Cinco Villas	15002	21	Energía
2005	05	Cinco Villas	74467,3	22	Industria
2005	05	Cinco Villas	101640,2	30	Construcción
2005	05	Cinco Villas	149875,4	40	Servicios
2005	06	Hoya de Huesca / Plana de Uesca	66525,7	10	Agricultura
2005	06	Hoya de Huesca / Plana de Uesca	19161,1	21	Energía
2005	06	Hoya de Huesca / Plana de Uesca	120492,5	22	Industria
2005	06	Hoya de Huesca / Plana de Uesca	160214,5	30	Construcción
2005	06	Hoya de Huesca / Plana de Uesca	1032034,8	40	Servicios
2005	07	Somontano de Barbastro	40134,6	10	Agricultura
2005	07	Somontano de Barbastro	15915,7	21	Energía
2005	07	Somontano de Barbastro	125385,8	22	Industria
2005	07	Somontano de Barbastro	49493,8	30	Construcción
2005	07	Somontano de Barbastro	199749,6	40	Servicios
2005	08	Cinca Medio	67893,3	10	Agricultura
2005	08	Cinca Medio	8410,8	21	Energía
2005	08	Cinca Medio	85139,4	22	Industria
2005	08	Cinca Medio	66382,4	30	Construcción
2005	08	Cinca Medio	146355,3	40	Servicios
2005	09	La Litera / La Llitera	106526,7	10	Agricultura
2005	09	La Litera / La Llitera	8440,3	21	Energía
2005	09	La Litera / La Llitera	62401,3	22	Industria
2005	09	La Litera / La Llitera	54919,6	30	Construcción
2005	09	La Litera / La Llitera	129040,3	40	Servicios
2005	10	Los Monegros	158549,2	10	Agricultura
2005	10	Los Monegros	8868,2	21	Energía
2005	10	Los Monegros	20324,8	22	Industria
2005	10	Los Monegros	52386,3	30	Construcción
2005	10	Los Monegros	74385,4	40	Servicios
2005	11	Bajo Cinca / Baix Cinca	105967,2	10	Agricultura
2005	11	Bajo Cinca / Baix Cinca	18210,4	21	Energía
2005	11	Bajo Cinca / Baix Cinca	62614,1	22	Industria
2005	11	Bajo Cinca / Baix Cinca	48415,4	30	Construcción
2005	11	Bajo Cinca / Baix Cinca	165153,5	40	Servicios
2005	12	Tarazona y el Moncayo	6061,5	10	Agricultura
2005	12	Tarazona y el Moncayo	4966,2	21	Energía
2005	12	Tarazona y el Moncayo	70990,5	22	Industria
2005	12	Tarazona y el Moncayo	19609,5	30	Construcción
2005	12	Tarazona y el Moncayo	89018,2	40	Servicios
2005	13	Campo de Borja	28277,9	10	Agricultura
2005	13	Campo de Borja	12143,6	21	Energía
2005	13	Campo de Borja	51424,4	22	Industria
2005	13	Campo de Borja	24269,5	30	Construcción
2005	13	Campo de Borja	80996,2	40	Servicios
2005	14	Aranda	2821,1	10	Agricultura
2005	14	Aranda	2402,1	21	Energía
2005	14	Aranda	29336,9	22	Industria
2005	14	Aranda	9831,1	30	Construcción
2005	14	Aranda	29906,1	40	Servicios
2005	15	Ribera Alta del Ebro	23114,8	10	Agricultura
2005	15	Ribera Alta del Ebro	32525	21	Energía
2005	15	Ribera Alta del Ebro	617733,5	22	Industria
2005	15	Ribera Alta del Ebro	56222,9	30	Construcción
2005	15	Ribera Alta del Ebro	199253,8	40	Servicios
2005	16	Valdejalón	44347,8	10	Agricultura
2005	16	Valdejalón	34296	21	Energía
2005	16	Valdejalón	184295,6	22	Industria
2005	16	Valdejalón	59775,6	30	Construcción
2005	16	Valdejalón	166780,7	40	Servicios
2005	17	D.C. Zaragoza	52524,5	10	Agricultura
2005	17	D.C. Zaragoza	231932,9	21	Energía
2005	17	D.C. Zaragoza	3011847,4	22	Industria
2005	17	D.C. Zaragoza	1542654	30	Construcción
2005	17	D.C. Zaragoza	10437312,8	40	Servicios
2005	18	Ribera Baja del Ebro	25349,8	10	Agricultura
2005	18	Ribera Baja del Ebro	11331,9	21	Energía
2005	18	Ribera Baja del Ebro	51138,4	22	Industria
2005	18	Ribera Baja del Ebro	24107,7	30	Construcción
2005	18	Ribera Baja del Ebro	43109,5	40	Servicios
2005	19	Bajo Aragón-Caspe / Baix Aragó-Casp	38992,5	10	Agricultura
2005	19	Bajo Aragón-Caspe / Baix Aragó-Casp	2536,4	21	Energía
2005	19	Bajo Aragón-Caspe / Baix Aragó-Casp	15495,9	22	Industria
2005	19	Bajo Aragón-Caspe / Baix Aragó-Casp	20379,1	30	Construcción
2005	19	Bajo Aragón-Caspe / Baix Aragó-Casp	66707,8	40	Servicios
2005	20	Comunidad de Calatayud	33167,8	10	Agricultura
2005	20	Comunidad de Calatayud	10609,6	21	Energía
2005	20	Comunidad de Calatayud	98980,7	22	Industria
2005	20	Comunidad de Calatayud	48379,6	30	Construcción
2005	20	Comunidad de Calatayud	272187,6	40	Servicios
2005	21	Campo de Cariñena	22620	10	Agricultura
2005	21	Campo de Cariñena	10903	21	Energía
2005	21	Campo de Cariñena	56929	22	Industria
2005	21	Campo de Cariñena	14390,7	30	Construcción
2005	21	Campo de Cariñena	38146,8	40	Servicios
2005	22	Campo de Belchite	18351,7	10	Agricultura
2005	22	Campo de Belchite	4930,2	21	Energía
2005	22	Campo de Belchite	25293,2	22	Industria
2005	22	Campo de Belchite	4904,9	30	Construcción
2005	22	Campo de Belchite	14549,6	40	Servicios
2005	23	Bajo Martín	18427,9	10	Agricultura
2005	23	Bajo Martín	3063,5	21	Energía
2005	23	Bajo Martín	35509,2	22	Industria
2005	23	Bajo Martín	16975,1	30	Construcción
2005	23	Bajo Martín	31679,1	40	Servicios
2005	24	Campo de Daroca	36326,4	10	Agricultura
2005	24	Campo de Daroca	997,4	21	Energía
2005	24	Campo de Daroca	8807	22	Industria
2005	24	Campo de Daroca	5427,3	30	Construcción
2005	24	Campo de Daroca	32572	40	Servicios
2005	25	Jiloca	34396,2	10	Agricultura
2005	25	Jiloca	3834,2	21	Energía
2005	25	Jiloca	43951,3	22	Industria
2005	25	Jiloca	23238,8	30	Construcción
2005	25	Jiloca	48413	40	Servicios
2005	26	Cuencas Mineras	7054,2	10	Agricultura
2005	26	Cuencas Mineras	26990,6	21	Energía
2005	26	Cuencas Mineras	27112,4	22	Industria
2005	26	Cuencas Mineras	10435,8	30	Construcción
2005	26	Cuencas Mineras	30772,6	40	Servicios
2005	27	Andorra-Sierra de Arcos	4977,7	10	Agricultura
2005	27	Andorra-Sierra de Arcos	218674,2	21	Energía
2005	27	Andorra-Sierra de Arcos	18647,5	22	Industria
2005	27	Andorra-Sierra de Arcos	29075	30	Construcción
2005	27	Andorra-Sierra de Arcos	52608,2	40	Servicios
2005	28	Bajo Aragón	35129,3	10	Agricultura
2005	28	Bajo Aragón	15006,1	21	Energía
2005	28	Bajo Aragón	53024,5	22	Industria
2005	28	Bajo Aragón	80154,8	30	Construcción
2005	28	Bajo Aragón	206730,8	40	Servicios
2005	29	Comunidad de Teruel	22469,4	10	Agricultura
2005	29	Comunidad de Teruel	19646,4	21	Energía
2005	29	Comunidad de Teruel	114071	22	Industria
2005	29	Comunidad de Teruel	97875	30	Construcción
2005	29	Comunidad de Teruel	667882,4	40	Servicios
2005	30	Maestrazgo	6337,7	10	Agricultura
2005	30	Maestrazgo	1260,3	21	Energía
2005	30	Maestrazgo	2139,5	22	Industria
2005	30	Maestrazgo	5825,2	30	Construcción
2005	30	Maestrazgo	15503,8	40	Servicios
2005	31	Sierra de Albarracín	2443,7	10	Agricultura
2005	31	Sierra de Albarracín	649,6	21	Energía
2005	31	Sierra de Albarracín	2905,1	22	Industria
2005	31	Sierra de Albarracín	7573,8	30	Construcción
2005	31	Sierra de Albarracín	24602,3	40	Servicios
2005	32	Gúdar-Javalambre	4083,7	10	Agricultura
2005	32	Gúdar-Javalambre	2914,9	21	Energía
2005	32	Gúdar-Javalambre	13136,3	22	Industria
2005	32	Gúdar-Javalambre	28197,5	30	Construcción
2005	32	Gúdar-Javalambre	48279	40	Servicios
2005	33	Matarraña / Matarranya	30999,1	10	Agricultura
2005	33	Matarraña / Matarranya	2037,7	21	Energía
2005	33	Matarraña / Matarranya	16494	22	Industria
2005	33	Matarraña / Matarranya	15558	30	Construcción
2005	33	Matarraña / Matarranya	34962,5	40	Servicios
2004	01	La Jacetania	11594,9	10	Agricultura
2004	01	La Jacetania	5871,3	21	Energía
2004	01	La Jacetania	8521,6	22	Industria
2004	01	La Jacetania	37921,5	30	Construcción
2004	01	La Jacetania	169277	40	Servicios
2004	02	Alto Gállego	5506,5	10	Agricultura
2004	02	Alto Gállego	16795,4	21	Energía
2004	02	Alto Gállego	58458	22	Industria
2004	02	Alto Gállego	32265,6	30	Construcción
2004	02	Alto Gállego	131020,5	40	Servicios
2004	03	Sobrarbe	9565	10	Agricultura
2004	03	Sobrarbe	12768,5	21	Energía
2004	03	Sobrarbe	1796	22	Industria
2004	03	Sobrarbe	17906	30	Construcción
2004	03	Sobrarbe	53058,4	40	Servicios
2004	04	La Ribagorza	33917,7	10	Agricultura
2004	04	La Ribagorza	24584,3	21	Energía
2004	04	La Ribagorza	11437,2	22	Industria
2004	04	La Ribagorza	30246,8	30	Construcción
2004	04	La Ribagorza	102161,7	40	Servicios
2004	05	Cinco Villas	105466,3	10	Agricultura
2004	05	Cinco Villas	13197,7	21	Energía
2004	05	Cinco Villas	78647,8	22	Industria
2004	05	Cinco Villas	86562,4	30	Construcción
2004	05	Cinco Villas	136048,7	40	Servicios
2004	06	Hoya de Huesca / Plana de Uesca	80842,9	10	Agricultura
2004	06	Hoya de Huesca / Plana de Uesca	16838,8	21	Energía
2004	06	Hoya de Huesca / Plana de Uesca	111768	22	Industria
2004	06	Hoya de Huesca / Plana de Uesca	128528,5	30	Construcción
2004	06	Hoya de Huesca / Plana de Uesca	980650,1	40	Servicios
2004	07	Somontano de Barbastro	48306,9	10	Agricultura
2004	07	Somontano de Barbastro	17402,9	21	Energía
2004	07	Somontano de Barbastro	95284,5	22	Industria
2004	07	Somontano de Barbastro	41073,9	30	Construcción
2004	07	Somontano de Barbastro	171487,3	40	Servicios
2004	08	Cinca Medio	66540,3	10	Agricultura
2004	08	Cinca Medio	8194,2	21	Energía
2004	08	Cinca Medio	95613,9	22	Industria
2004	08	Cinca Medio	56169	30	Construcción
2004	08	Cinca Medio	135436,9	40	Servicios
2004	09	La Litera / La Llitera	104590	10	Agricultura
2004	09	La Litera / La Llitera	9137,4	21	Energía
2004	09	La Litera / La Llitera	51587,7	22	Industria
2004	09	La Litera / La Llitera	46537,2	30	Construcción
2004	09	La Litera / La Llitera	112724,7	40	Servicios
2004	10	Los Monegros	151775,4	10	Agricultura
2004	10	Los Monegros	7996	21	Energía
2004	10	Los Monegros	32272,3	22	Industria
2004	10	Los Monegros	42438,2	30	Construcción
2004	10	Los Monegros	67934,3	40	Servicios
2004	11	Bajo Cinca / Baix Cinca	112185,3	10	Agricultura
2004	11	Bajo Cinca / Baix Cinca	24824,1	21	Energía
2004	11	Bajo Cinca / Baix Cinca	70996,4	22	Industria
2004	11	Bajo Cinca / Baix Cinca	43211,1	30	Construcción
2004	11	Bajo Cinca / Baix Cinca	147850,1	40	Servicios
2004	12	Tarazona y el Moncayo	13092,7	10	Agricultura
2004	12	Tarazona y el Moncayo	4467,3	21	Energía
2004	12	Tarazona y el Moncayo	82708,6	22	Industria
2004	12	Tarazona y el Moncayo	17267,1	30	Construcción
2004	12	Tarazona y el Moncayo	81735,5	40	Servicios
2004	13	Campo de Borja	31893	10	Agricultura
2004	13	Campo de Borja	10037,4	21	Energía
2004	13	Campo de Borja	44803,4	22	Industria
2004	13	Campo de Borja	18771,9	30	Construcción
2004	13	Campo de Borja	75124,5	40	Servicios
2004	14	Aranda	3760,1	10	Agricultura
2004	14	Aranda	2466,6	21	Energía
2004	14	Aranda	35919,9	22	Industria
2004	14	Aranda	8875,4	30	Construcción
2004	14	Aranda	28244,7	40	Servicios
2004	15	Ribera Alta del Ebro	26575,3	10	Agricultura
2004	15	Ribera Alta del Ebro	33654,3	21	Energía
2004	15	Ribera Alta del Ebro	579733,2	22	Industria
2004	15	Ribera Alta del Ebro	46396,7	30	Construcción
2004	15	Ribera Alta del Ebro	181357	40	Servicios
2004	16	Valdejalón	52894,2	10	Agricultura
2004	16	Valdejalón	29497,4	21	Energía
2004	16	Valdejalón	189180,7	22	Industria
2004	16	Valdejalón	45154,5	30	Construcción
2004	16	Valdejalón	146882	40	Servicios
2004	17	D.C. Zaragoza	63405,1	10	Agricultura
2004	17	D.C. Zaragoza	210619,4	21	Energía
2004	17	D.C. Zaragoza	2799807	22	Industria
2004	17	D.C. Zaragoza	1303975,4	30	Construcción
2004	17	D.C. Zaragoza	9747425,4	40	Servicios
2004	18	Ribera Baja del Ebro	28794,3	10	Agricultura
2004	18	Ribera Baja del Ebro	12584,6	21	Energía
2004	18	Ribera Baja del Ebro	47804,8	22	Industria
2004	18	Ribera Baja del Ebro	21327,6	30	Construcción
2004	18	Ribera Baja del Ebro	40548,3	40	Servicios
2004	19	Bajo Aragón-Caspe / Baix Aragó-Casp	48394,6	10	Agricultura
2004	19	Bajo Aragón-Caspe / Baix Aragó-Casp	2369,7	21	Energía
2004	19	Bajo Aragón-Caspe / Baix Aragó-Casp	19984,7	22	Industria
2004	19	Bajo Aragón-Caspe / Baix Aragó-Casp	18170,2	30	Construcción
2004	19	Bajo Aragón-Caspe / Baix Aragó-Casp	58034,9	40	Servicios
2004	20	Comunidad de Calatayud	40423,4	10	Agricultura
2004	20	Comunidad de Calatayud	7832,8	21	Energía
2004	20	Comunidad de Calatayud	102702,3	22	Industria
2004	20	Comunidad de Calatayud	38717,3	30	Construcción
2004	20	Comunidad de Calatayud	241302,8	40	Servicios
2004	21	Campo de Cariñena	27000,7	10	Agricultura
2004	21	Campo de Cariñena	8857,5	21	Energía
2004	21	Campo de Cariñena	60536,9	22	Industria
2004	21	Campo de Cariñena	10138	30	Construcción
2004	21	Campo de Cariñena	34076,6	40	Servicios
2004	22	Campo de Belchite	22587,8	10	Agricultura
2004	22	Campo de Belchite	1062,7	21	Energía
2004	22	Campo de Belchite	22410,7	22	Industria
2004	22	Campo de Belchite	3869,9	30	Construcción
2004	22	Campo de Belchite	12857,2	40	Servicios
2004	23	Bajo Martín	20303,2	10	Agricultura
2004	23	Bajo Martín	3092,6	21	Energía
2004	23	Bajo Martín	34104,8	22	Industria
2004	23	Bajo Martín	12222,8	30	Construcción
2004	23	Bajo Martín	27234	40	Servicios
2004	24	Campo de Daroca	36761,7	10	Agricultura
2004	24	Campo de Daroca	893,3	21	Energía
2004	24	Campo de Daroca	8813,4	22	Industria
2004	24	Campo de Daroca	4757,4	30	Construcción
2004	24	Campo de Daroca	29583,8	40	Servicios
2004	25	Jiloca	44009	10	Agricultura
2004	25	Jiloca	3177	21	Energía
2004	25	Jiloca	48246,4	22	Industria
2004	25	Jiloca	21461,6	30	Construcción
2004	25	Jiloca	42457	40	Servicios
2004	26	Cuencas Mineras	9659,6	10	Agricultura
2004	26	Cuencas Mineras	18001,1	21	Energía
2004	26	Cuencas Mineras	28407,8	22	Industria
2004	26	Cuencas Mineras	8343,8	30	Construcción
2004	26	Cuencas Mineras	30836	40	Servicios
2004	27	Andorra-Sierra de Arcos	6660,7	10	Agricultura
2004	27	Andorra-Sierra de Arcos	215913,8	21	Energía
2004	27	Andorra-Sierra de Arcos	26603,3	22	Industria
2004	27	Andorra-Sierra de Arcos	25294	30	Construcción
2004	27	Andorra-Sierra de Arcos	49093,1	40	Servicios
2004	28	Bajo Aragón	45666,2	10	Agricultura
2004	28	Bajo Aragón	9688,2	21	Energía
2004	28	Bajo Aragón	55701,6	22	Industria
2004	28	Bajo Aragón	67524	30	Construcción
2004	28	Bajo Aragón	176059,7	40	Servicios
2004	29	Comunidad de Teruel	29953,4	10	Agricultura
2004	29	Comunidad de Teruel	17393,1	21	Energía
2004	29	Comunidad de Teruel	111570,1	22	Industria
2004	29	Comunidad de Teruel	83624,4	30	Construcción
2004	29	Comunidad de Teruel	629453,7	40	Servicios
2004	30	Maestrazgo	7516	10	Agricultura
2004	30	Maestrazgo	1005,2	21	Energía
2004	30	Maestrazgo	3900,6	22	Industria
2004	30	Maestrazgo	4780,1	30	Construcción
2004	30	Maestrazgo	14107,2	40	Servicios
2004	31	Sierra de Albarracín	3946,4	10	Agricultura
2004	31	Sierra de Albarracín	608,8	21	Energía
2004	31	Sierra de Albarracín	1926,8	22	Industria
2004	31	Sierra de Albarracín	5658,7	30	Construcción
2004	31	Sierra de Albarracín	22913,7	40	Servicios
2004	32	Gúdar-Javalambre	6488,4	10	Agricultura
2004	32	Gúdar-Javalambre	5636,2	21	Energía
2004	32	Gúdar-Javalambre	8856,9	22	Industria
2004	32	Gúdar-Javalambre	22834,3	30	Construcción
2004	32	Gúdar-Javalambre	43057,4	40	Servicios
2004	33	Matarraña / Matarranya	35788,2	10	Agricultura
2004	33	Matarraña / Matarranya	1826,4	21	Energía
2004	33	Matarraña / Matarranya	15980,3	22	Industria
2004	33	Matarraña / Matarranya	11851,7	30	Construcción
2004	33	Matarraña / Matarranya	29189,2	40	Servicios
2003	01	La Jacetania	13935,9	10	Agricultura
2003	01	La Jacetania	6976,3	21	Energía
2003	01	La Jacetania	9172,8	22	Industria
2003	01	La Jacetania	32268	30	Construcción
2003	01	La Jacetania	156957,5	40	Servicios
2003	02	Alto Gállego	8477,5	10	Agricultura
2003	02	Alto Gállego	20779,9	21	Energía
2003	02	Alto Gállego	69339,5	22	Industria
2003	02	Alto Gállego	25483,1	30	Construcción
2003	02	Alto Gállego	112976,2	40	Servicios
2003	03	Sobrarbe	11820	10	Agricultura
2003	03	Sobrarbe	16670,5	21	Energía
2003	03	Sobrarbe	4044	22	Industria
2003	03	Sobrarbe	14617,4	30	Construcción
2003	03	Sobrarbe	48075,5	40	Servicios
2003	04	La Ribagorza	41745,6	10	Agricultura
2003	04	La Ribagorza	29125,4	21	Energía
2003	04	La Ribagorza	12463,4	22	Industria
2003	04	La Ribagorza	24650,2	30	Construcción
2003	04	La Ribagorza	92025,7	40	Servicios
2003	05	Cinco Villas	102594,8	10	Agricultura
2003	05	Cinco Villas	11891,3	21	Energía
2003	05	Cinco Villas	85836,5	22	Industria
2003	05	Cinco Villas	77396,3	30	Construcción
2003	05	Cinco Villas	125476,7	40	Servicios
2003	06	Hoya de Huesca / Plana de Uesca	87164,1	10	Agricultura
2003	06	Hoya de Huesca / Plana de Uesca	15560,4	21	Energía
2003	06	Hoya de Huesca / Plana de Uesca	105393,5	22	Industria
2003	06	Hoya de Huesca / Plana de Uesca	111734,7	30	Construcción
2003	06	Hoya de Huesca / Plana de Uesca	904071,5	40	Servicios
2003	07	Somontano de Barbastro	51576,9	10	Agricultura
2003	07	Somontano de Barbastro	17841,6	21	Energía
2003	07	Somontano de Barbastro	102120,9	22	Industria
2003	07	Somontano de Barbastro	39006,8	30	Construcción
2003	07	Somontano de Barbastro	164973,6	40	Servicios
2003	08	Cinca Medio	56386,2	10	Agricultura
2003	08	Cinca Medio	7599,1	21	Energía
2003	08	Cinca Medio	74292,4	22	Industria
2003	08	Cinca Medio	49842,8	30	Construcción
2003	08	Cinca Medio	127228,6	40	Servicios
2003	09	La Litera / La Llitera	94414	10	Agricultura
2003	09	La Litera / La Llitera	8419,5	21	Energía
2003	09	La Litera / La Llitera	63963,3	22	Industria
2003	09	La Litera / La Llitera	41459,8	30	Construcción
2003	09	La Litera / La Llitera	97316,6	40	Servicios
2003	10	Los Monegros	128967,9	10	Agricultura
2003	10	Los Monegros	7834,1	21	Energía
2003	10	Los Monegros	15224,4	22	Industria
2003	10	Los Monegros	36715	30	Construcción
2003	10	Los Monegros	64136,9	40	Servicios
2003	11	Bajo Cinca / Baix Cinca	101368,9	10	Agricultura
2003	11	Bajo Cinca / Baix Cinca	23900,5	21	Energía
2003	11	Bajo Cinca / Baix Cinca	64564,4	22	Industria
2003	11	Bajo Cinca / Baix Cinca	36707,6	30	Construcción
2003	11	Bajo Cinca / Baix Cinca	135754,1	40	Servicios
2003	12	Tarazona y el Moncayo	19018,3	10	Agricultura
2003	12	Tarazona y el Moncayo	4219,9	21	Energía
2003	12	Tarazona y el Moncayo	77200,8	22	Industria
2003	12	Tarazona y el Moncayo	16170,8	30	Construcción
2003	12	Tarazona y el Moncayo	76151,1	40	Servicios
2003	13	Campo de Borja	31279,7	10	Agricultura
2003	13	Campo de Borja	7832,1	21	Energía
2003	13	Campo de Borja	76126	22	Industria
2003	13	Campo de Borja	15451,2	30	Construcción
2003	13	Campo de Borja	66782,3	40	Servicios
2003	14	Aranda	4111,6	10	Agricultura
2003	14	Aranda	2694	21	Energía
2003	14	Aranda	28669,6	22	Industria
2003	14	Aranda	7883,2	30	Construcción
2003	14	Aranda	25261,3	40	Servicios
2003	15	Ribera Alta del Ebro	26476,1	10	Agricultura
2003	15	Ribera Alta del Ebro	31524,6	21	Energía
2003	15	Ribera Alta del Ebro	677363,6	22	Industria
2003	15	Ribera Alta del Ebro	39424,2	30	Construcción
2003	15	Ribera Alta del Ebro	161681	40	Servicios
2003	16	Valdejalón	53388,2	10	Agricultura
2003	16	Valdejalón	25890,1	21	Energía
2003	16	Valdejalón	155741	22	Industria
2003	16	Valdejalón	37882,9	30	Construcción
2003	16	Valdejalón	125030,1	40	Servicios
2003	17	D.C. Zaragoza	65963,7	10	Agricultura
2003	17	D.C. Zaragoza	195762,5	21	Energía
2003	17	D.C. Zaragoza	2638731,7	22	Industria
2003	17	D.C. Zaragoza	1123461,7	30	Construcción
2003	17	D.C. Zaragoza	9168847,3	40	Servicios
2003	18	Ribera Baja del Ebro	28480,4	10	Agricultura
2003	18	Ribera Baja del Ebro	14542,9	21	Energía
2003	18	Ribera Baja del Ebro	43892,9	22	Industria
2003	18	Ribera Baja del Ebro	18998,4	30	Construcción
2003	18	Ribera Baja del Ebro	37150,2	40	Servicios
2003	19	Bajo Aragón-Caspe / Baix Aragó-Casp	52127,1	10	Agricultura
2003	19	Bajo Aragón-Caspe / Baix Aragó-Casp	2323,9	21	Energía
2003	19	Bajo Aragón-Caspe / Baix Aragó-Casp	26298	22	Industria
2003	19	Bajo Aragón-Caspe / Baix Aragó-Casp	15743,7	30	Construcción
2003	19	Bajo Aragón-Caspe / Baix Aragó-Casp	52068,7	40	Servicios
2003	20	Comunidad de Calatayud	40782,3	10	Agricultura
2003	20	Comunidad de Calatayud	7962,1	21	Energía
2003	20	Comunidad de Calatayud	89941,6	22	Industria
2003	20	Comunidad de Calatayud	34217,7	30	Construcción
2003	20	Comunidad de Calatayud	225468,1	40	Servicios
2003	21	Campo de Cariñena	26335	10	Agricultura
2003	21	Campo de Cariñena	5446,5	21	Energía
2003	21	Campo de Cariñena	53882,8	22	Industria
2003	21	Campo de Cariñena	8491,7	30	Construcción
2003	21	Campo de Cariñena	31013,9	40	Servicios
2003	22	Campo de Belchite	24663	10	Agricultura
2003	22	Campo de Belchite	889	21	Energía
2003	22	Campo de Belchite	22507,9	22	Industria
2003	22	Campo de Belchite	3667,5	30	Construcción
2003	22	Campo de Belchite	12505,6	40	Servicios
2003	23	Bajo Martín	20677	10	Agricultura
2003	23	Bajo Martín	3377,5	21	Energía
2003	23	Bajo Martín	25045,9	22	Industria
2003	23	Bajo Martín	10091,7	30	Construcción
2003	23	Bajo Martín	23442,8	40	Servicios
2003	24	Campo de Daroca	34101,1	10	Agricultura
2003	24	Campo de Daroca	806,6	21	Energía
2003	24	Campo de Daroca	8869,8	22	Industria
2003	24	Campo de Daroca	4845,6	30	Construcción
2003	24	Campo de Daroca	27616,1	40	Servicios
2003	25	Jiloca	49743	10	Agricultura
2003	25	Jiloca	2674,5	21	Energía
2003	25	Jiloca	31548,8	22	Industria
2003	25	Jiloca	17535,8	30	Construcción
2003	25	Jiloca	40114,4	40	Servicios
2003	26	Cuencas Mineras	11217,6	10	Agricultura
2003	26	Cuencas Mineras	17916,9	21	Energía
2003	26	Cuencas Mineras	23579,8	22	Industria
2003	26	Cuencas Mineras	7442,3	30	Construcción
2003	26	Cuencas Mineras	28476,7	40	Servicios
2003	27	Andorra-Sierra de Arcos	7600,4	10	Agricultura
2003	27	Andorra-Sierra de Arcos	206746,9	21	Energía
2003	27	Andorra-Sierra de Arcos	20937,1	22	Industria
2003	27	Andorra-Sierra de Arcos	21545,7	30	Construcción
2003	27	Andorra-Sierra de Arcos	45787,5	40	Servicios
2003	28	Bajo Aragón	51585	10	Agricultura
2003	28	Bajo Aragón	8792	21	Energía
2003	28	Bajo Aragón	52659,2	22	Industria
2003	28	Bajo Aragón	57758,7	30	Construcción
2003	28	Bajo Aragón	159376,7	40	Servicios
2003	29	Comunidad de Teruel	34143,3	10	Agricultura
2003	29	Comunidad de Teruel	14551,4	21	Energía
2003	29	Comunidad de Teruel	100823,9	22	Industria
2003	29	Comunidad de Teruel	71402,8	30	Construcción
2003	29	Comunidad de Teruel	596917,5	40	Servicios
2003	30	Maestrazgo	8242,5	10	Agricultura
2003	30	Maestrazgo	903,4	21	Energía
2003	30	Maestrazgo	2096,5	22	Industria
2003	30	Maestrazgo	4095,6	30	Construcción
2003	30	Maestrazgo	12082,4	40	Servicios
2003	31	Sierra de Albarracín	5063,2	10	Agricultura
2003	31	Sierra de Albarracín	599,1	21	Energía
2003	31	Sierra de Albarracín	3121,8	22	Industria
2003	31	Sierra de Albarracín	4636	30	Construcción
2003	31	Sierra de Albarracín	18950,6	40	Servicios
2003	32	Gúdar-Javalambre	8385,9	10	Agricultura
2003	32	Gúdar-Javalambre	5897,7	21	Energía
2003	32	Gúdar-Javalambre	13616,9	22	Industria
2003	32	Gúdar-Javalambre	19365	30	Construcción
2003	32	Gúdar-Javalambre	38073,8	40	Servicios
2003	33	Matarraña / Matarranya	38644,5	10	Agricultura
2003	33	Matarraña / Matarranya	1798,5	21	Energía
2003	33	Matarraña / Matarranya	19067,5	22	Industria
2003	33	Matarraña / Matarranya	9965,1	30	Construcción
2003	33	Matarraña / Matarranya	25123	40	Servicios
2002	01	La Jacetania	13014,7	10	Agricultura
2002	01	La Jacetania	7769,9	21	Energía
2002	01	La Jacetania	8347,8	22	Industria
2002	01	La Jacetania	29144,7	30	Construcción
2002	01	La Jacetania	147283,4	40	Servicios
2002	02	Alto Gállego	8511,3	10	Agricultura
2002	02	Alto Gállego	13940,6	21	Energía
2002	02	Alto Gállego	58442,1	22	Industria
2002	02	Alto Gállego	21641,5	30	Construcción
2002	02	Alto Gállego	100084,2	40	Servicios
2002	03	Sobrarbe	13524,5	10	Agricultura
2002	03	Sobrarbe	11361	21	Energía
2002	03	Sobrarbe	3104,9	22	Industria
2002	03	Sobrarbe	13066,1	30	Construcción
2002	03	Sobrarbe	45310,4	40	Servicios
2002	04	La Ribagorza	46455,8	10	Agricultura
2002	04	La Ribagorza	32858,9	21	Energía
2002	04	La Ribagorza	10761,5	22	Industria
2002	04	La Ribagorza	21345,7	30	Construcción
2002	04	La Ribagorza	86480,4	40	Servicios
2002	05	Cinco Villas	93789,6	10	Agricultura
2002	05	Cinco Villas	9090,4	21	Energía
2002	05	Cinco Villas	85592,3	22	Industria
2002	05	Cinco Villas	65151,5	30	Construcción
2002	05	Cinco Villas	113877,3	40	Servicios
2002	06	Hoya de Huesca / Plana de Uesca	83703,5	10	Agricultura
2002	06	Hoya de Huesca / Plana de Uesca	11481,4	21	Energía
2002	06	Hoya de Huesca / Plana de Uesca	113077,1	22	Industria
2002	06	Hoya de Huesca / Plana de Uesca	96795,9	30	Construcción
2002	06	Hoya de Huesca / Plana de Uesca	850516,9	40	Servicios
2002	07	Somontano de Barbastro	51688,1	10	Agricultura
2002	07	Somontano de Barbastro	14627,2	21	Energía
2002	07	Somontano de Barbastro	99076,8	22	Industria
2002	07	Somontano de Barbastro	37288,1	30	Construcción
2002	07	Somontano de Barbastro	156565,9	40	Servicios
2002	08	Cinca Medio	46662,7	10	Agricultura
2002	08	Cinca Medio	6974,1	21	Energía
2002	08	Cinca Medio	104376,5	22	Industria
2002	08	Cinca Medio	46085	30	Construcción
2002	08	Cinca Medio	116349,1	40	Servicios
2002	09	La Litera / La Llitera	90644,9	10	Agricultura
2002	09	La Litera / La Llitera	7681,5	21	Energía
2002	09	La Litera / La Llitera	56150,6	22	Industria
2002	09	La Litera / La Llitera	38383,6	30	Construcción
2002	09	La Litera / La Llitera	90245,3	40	Servicios
2002	10	Los Monegros	108740,7	10	Agricultura
2002	10	Los Monegros	8636,2	21	Energía
2002	10	Los Monegros	11728	22	Industria
2002	10	Los Monegros	31889,9	30	Construcción
2002	10	Los Monegros	62052,9	40	Servicios
2002	11	Bajo Cinca / Baix Cinca	85845,1	10	Agricultura
2002	11	Bajo Cinca / Baix Cinca	12784,1	21	Energía
2002	11	Bajo Cinca / Baix Cinca	60439,1	22	Industria
2002	11	Bajo Cinca / Baix Cinca	35065,1	30	Construcción
2002	11	Bajo Cinca / Baix Cinca	125524,7	40	Servicios
2002	12	Tarazona y el Moncayo	25359,8	10	Agricultura
2002	12	Tarazona y el Moncayo	3921,5	21	Energía
2002	12	Tarazona y el Moncayo	65788,4	22	Industria
2002	12	Tarazona y el Moncayo	15041,3	30	Construcción
2002	12	Tarazona y el Moncayo	73741,2	40	Servicios
2002	13	Campo de Borja	26841,6	10	Agricultura
2002	13	Campo de Borja	6952,7	21	Energía
2002	13	Campo de Borja	37453,2	22	Industria
2002	13	Campo de Borja	14109,9	30	Construcción
2002	13	Campo de Borja	60065,9	40	Servicios
2002	14	Aranda	4215,1	10	Agricultura
2002	14	Aranda	2877,2	21	Energía
2002	14	Aranda	34401,5	22	Industria
2002	14	Aranda	7832,7	30	Construcción
2002	14	Aranda	23745,3	40	Servicios
2002	15	Ribera Alta del Ebro	25660,3	10	Agricultura
2002	15	Ribera Alta del Ebro	24232,8	21	Energía
2002	15	Ribera Alta del Ebro	543775,7	22	Industria
2002	15	Ribera Alta del Ebro	33054,5	30	Construcción
2002	15	Ribera Alta del Ebro	148968,4	40	Servicios
2002	16	Valdejalón	45612,8	10	Agricultura
2002	16	Valdejalón	31404,1	21	Energía
2002	16	Valdejalón	135191,9	22	Industria
2002	16	Valdejalón	33167,8	30	Construcción
2002	16	Valdejalón	114951,4	40	Servicios
2002	17	D.C. Zaragoza	63766	10	Agricultura
2002	17	D.C. Zaragoza	182715,4	21	Energía
2002	17	D.C. Zaragoza	2650316,2	22	Industria
2002	17	D.C. Zaragoza	1011284,2	30	Construcción
2002	17	D.C. Zaragoza	8580892,3	40	Servicios
2002	18	Ribera Baja del Ebro	25931,4	10	Agricultura
2002	18	Ribera Baja del Ebro	16453,4	21	Energía
2002	18	Ribera Baja del Ebro	40354,9	22	Industria
2002	18	Ribera Baja del Ebro	16532,1	30	Construcción
2002	18	Ribera Baja del Ebro	38279	40	Servicios
2002	19	Bajo Aragón-Caspe / Baix Aragó-Casp	53456,4	10	Agricultura
2002	19	Bajo Aragón-Caspe / Baix Aragó-Casp	2452,4	21	Energía
2002	19	Bajo Aragón-Caspe / Baix Aragó-Casp	23658,9	22	Industria
2002	19	Bajo Aragón-Caspe / Baix Aragó-Casp	14765,8	30	Construcción
2002	19	Bajo Aragón-Caspe / Baix Aragó-Casp	48214,2	40	Servicios
2002	20	Comunidad de Calatayud	33250,3	10	Agricultura
2002	20	Comunidad de Calatayud	7955,2	21	Energía
2002	20	Comunidad de Calatayud	104335,7	22	Industria
2002	20	Comunidad de Calatayud	32434,2	30	Construcción
2002	20	Comunidad de Calatayud	216145,7	40	Servicios
2002	21	Campo de Cariñena	20693,7	10	Agricultura
2002	21	Campo de Cariñena	3930,6	21	Energía
2002	21	Campo de Cariñena	55762,8	22	Industria
2002	21	Campo de Cariñena	7418,8	30	Construcción
2002	21	Campo de Cariñena	30058,5	40	Servicios
2002	22	Campo de Belchite	23588,1	10	Agricultura
2002	22	Campo de Belchite	1028,3	21	Energía
2002	22	Campo de Belchite	20746,5	22	Industria
2002	22	Campo de Belchite	3769,1	30	Construcción
2002	22	Campo de Belchite	11367,2	40	Servicios
2002	23	Bajo Martín	18558,1	10	Agricultura
2002	23	Bajo Martín	3642,7	21	Energía
2002	23	Bajo Martín	19769,9	22	Industria
2002	23	Bajo Martín	8917,5	30	Construcción
2002	23	Bajo Martín	20703,5	40	Servicios
2002	24	Campo de Daroca	27158,2	10	Agricultura
2002	24	Campo de Daroca	717,7	21	Energía
2002	24	Campo de Daroca	8855,1	22	Industria
2002	24	Campo de Daroca	4807,3	30	Construcción
2002	24	Campo de Daroca	28786,7	40	Servicios
2002	25	Jiloca	49558,9	10	Agricultura
2002	25	Jiloca	2785,7	21	Energía
2002	25	Jiloca	28940,1	22	Industria
2002	25	Jiloca	13457,7	30	Construcción
2002	25	Jiloca	36030,9	40	Servicios
2002	26	Cuencas Mineras	10862,1	10	Agricultura
2002	26	Cuencas Mineras	22303,3	21	Energía
2002	26	Cuencas Mineras	29319,9	22	Industria
2002	26	Cuencas Mineras	6660,8	30	Construcción
2002	26	Cuencas Mineras	24971	40	Servicios
2002	27	Andorra-Sierra de Arcos	8243,4	10	Agricultura
2002	27	Andorra-Sierra de Arcos	211625	21	Energía
2002	27	Andorra-Sierra de Arcos	16239	22	Industria
2002	27	Andorra-Sierra de Arcos	19943,7	30	Construcción
2002	27	Andorra-Sierra de Arcos	42141,4	40	Servicios
2002	28	Bajo Aragón	55159,6	10	Agricultura
2002	28	Bajo Aragón	12303,8	21	Energía
2002	28	Bajo Aragón	41463,7	22	Industria
2002	28	Bajo Aragón	52548,9	30	Construcción
2002	28	Bajo Aragón	149844,1	40	Servicios
2002	29	Comunidad de Teruel	30790,1	10	Agricultura
2002	29	Comunidad de Teruel	16134,6	21	Energía
2002	29	Comunidad de Teruel	120146,4	22	Industria
2002	29	Comunidad de Teruel	60260	30	Construcción
2002	29	Comunidad de Teruel	556458	40	Servicios
2002	30	Maestrazgo	9826,9	10	Agricultura
2002	30	Maestrazgo	925,6	21	Energía
2002	30	Maestrazgo	1605,1	22	Industria
2002	30	Maestrazgo	3481,9	30	Construcción
2002	30	Maestrazgo	11043,2	40	Servicios
2002	31	Sierra de Albarracín	5140,8	10	Agricultura
2002	31	Sierra de Albarracín	573,5	21	Energía
2002	31	Sierra de Albarracín	4887,7	22	Industria
2002	31	Sierra de Albarracín	3973	30	Construcción
2002	31	Sierra de Albarracín	17495,8	40	Servicios
2002	32	Gúdar-Javalambre	9184,3	10	Agricultura
2002	32	Gúdar-Javalambre	5857,9	21	Energía
2002	32	Gúdar-Javalambre	7177,7	22	Industria
2002	32	Gúdar-Javalambre	16791,9	30	Construcción
2002	32	Gúdar-Javalambre	36372,7	40	Servicios
2002	33	Matarraña / Matarranya	39393	10	Agricultura
2002	33	Matarraña / Matarranya	1653,8	21	Energía
2002	33	Matarraña / Matarranya	13630,4	22	Industria
2002	33	Matarraña / Matarranya	8951,8	30	Construcción
2002	33	Matarraña / Matarranya	22331,1	40	Servicios
2001	01	La Jacetania	14711,5	10	Agricultura
2001	01	La Jacetania	6142,9	21	Energía
2001	01	La Jacetania	8823,1	22	Industria
2001	01	La Jacetania	24165,8	30	Construcción
2001	01	La Jacetania	141661,7	40	Servicios
2001	02	Alto Gállego	10205	10	Agricultura
2001	02	Alto Gállego	20269,5	21	Energía
2001	02	Alto Gállego	63271	22	Industria
2001	02	Alto Gállego	19053,5	30	Construcción
2001	02	Alto Gállego	90775,6	40	Servicios
2001	03	Sobrarbe	12694,9	10	Agricultura
2001	03	Sobrarbe	15867,6	21	Energía
2001	03	Sobrarbe	2234,7	22	Industria
2001	03	Sobrarbe	10559,2	30	Construcción
2001	03	Sobrarbe	40498,4	40	Servicios
2001	04	La Ribagorza	44796,8	10	Agricultura
2001	04	La Ribagorza	27954,6	21	Energía
2001	04	La Ribagorza	13136	22	Industria
2001	04	La Ribagorza	18798	30	Construcción
2001	04	La Ribagorza	79840,2	40	Servicios
2001	05	Cinco Villas	92138,1	10	Agricultura
2001	05	Cinco Villas	9287,1	21	Energía
2001	05	Cinco Villas	70729,3	22	Industria
2001	05	Cinco Villas	54909,4	30	Construcción
2001	05	Cinco Villas	103661,4	40	Servicios
2001	06	Hoya de Huesca / Plana de Uesca	85420	10	Agricultura
2001	06	Hoya de Huesca / Plana de Uesca	12053,5	21	Energía
2001	06	Hoya de Huesca / Plana de Uesca	92788	22	Industria
2001	06	Hoya de Huesca / Plana de Uesca	81691,3	30	Construcción
2001	06	Hoya de Huesca / Plana de Uesca	795126,1	40	Servicios
2001	07	Somontano de Barbastro	50115,2	10	Agricultura
2001	07	Somontano de Barbastro	17072,7	21	Energía
2001	07	Somontano de Barbastro	89540,3	22	Industria
2001	07	Somontano de Barbastro	33181,8	30	Construcción
2001	07	Somontano de Barbastro	141223,5	40	Servicios
2001	08	Cinca Medio	43823,8	10	Agricultura
2001	08	Cinca Medio	6926,4	21	Energía
2001	08	Cinca Medio	90122,9	22	Industria
2001	08	Cinca Medio	40103,7	30	Construcción
2001	08	Cinca Medio	104729,3	40	Servicios
2001	09	La Litera / La Llitera	79285,9	10	Agricultura
2001	09	La Litera / La Llitera	5371,9	21	Energía
2001	09	La Litera / La Llitera	49288,1	22	Industria
2001	09	La Litera / La Llitera	32790,4	30	Construcción
2001	09	La Litera / La Llitera	82094,5	40	Servicios
2001	10	Los Monegros	101035,4	10	Agricultura
2001	10	Los Monegros	2926,4	21	Energía
2001	10	Los Monegros	24863,5	22	Industria
2001	10	Los Monegros	26893,1	30	Construcción
2001	10	Los Monegros	57111,4	40	Servicios
2001	11	Bajo Cinca / Baix Cinca	84403,8	10	Agricultura
2001	11	Bajo Cinca / Baix Cinca	21934,4	21	Energía
2001	11	Bajo Cinca / Baix Cinca	107580,9	22	Industria
2001	11	Bajo Cinca / Baix Cinca	31588,4	30	Construcción
2001	11	Bajo Cinca / Baix Cinca	115972,8	40	Servicios
2001	12	Tarazona y el Moncayo	22133,2	10	Agricultura
2001	12	Tarazona y el Moncayo	2960,9	21	Energía
2001	12	Tarazona y el Moncayo	35620,3	22	Industria
2001	12	Tarazona y el Moncayo	12986,3	30	Construcción
2001	12	Tarazona y el Moncayo	59179,8	40	Servicios
2001	13	Campo de Borja	28294,2	10	Agricultura
2001	13	Campo de Borja	5267,9	21	Energía
2001	13	Campo de Borja	27221,2	22	Industria
2001	13	Campo de Borja	13187,5	30	Construcción
2001	13	Campo de Borja	56801,3	40	Servicios
2001	14	Aranda	4039,6	10	Agricultura
2001	14	Aranda	2773,7	21	Energía
2001	14	Aranda	33753,8	22	Industria
2001	14	Aranda	6881,7	30	Construcción
2001	14	Aranda	22915,6	40	Servicios
2001	15	Ribera Alta del Ebro	24223,4	10	Agricultura
2001	15	Ribera Alta del Ebro	20997,6	21	Energía
2001	15	Ribera Alta del Ebro	441830,2	22	Industria
2001	15	Ribera Alta del Ebro	29113,6	30	Construcción
2001	15	Ribera Alta del Ebro	131701,5	40	Servicios
2001	16	Valdejalón	49394,6	10	Agricultura
2001	16	Valdejalón	15147	21	Energía
2001	16	Valdejalón	115548,9	22	Industria
2001	16	Valdejalón	29434,5	30	Construcción
2001	16	Valdejalón	98646,5	40	Servicios
2001	17	D.C. Zaragoza	62613,9	10	Agricultura
2001	17	D.C. Zaragoza	180375,7	21	Energía
2001	17	D.C. Zaragoza	2558340,6	22	Industria
2001	17	D.C. Zaragoza	886103,8	30	Construcción
2001	17	D.C. Zaragoza	7972186,8	40	Servicios
2001	18	Ribera Baja del Ebro	25936,1	10	Agricultura
2001	18	Ribera Baja del Ebro	17755,9	21	Energía
2001	18	Ribera Baja del Ebro	42783,6	22	Industria
2001	18	Ribera Baja del Ebro	13692,9	30	Construcción
2001	18	Ribera Baja del Ebro	36790,5	40	Servicios
2001	19	Bajo Aragón-Caspe / Baix Aragó-Casp	50871	10	Agricultura
2001	19	Bajo Aragón-Caspe / Baix Aragó-Casp	2145,6	21	Energía
2001	19	Bajo Aragón-Caspe / Baix Aragó-Casp	15179,4	22	Industria
2001	19	Bajo Aragón-Caspe / Baix Aragó-Casp	12780,9	30	Construcción
2001	19	Bajo Aragón-Caspe / Baix Aragó-Casp	43058,4	40	Servicios
2001	20	Comunidad de Calatayud	37654	10	Agricultura
2001	20	Comunidad de Calatayud	8277,5	21	Energía
2001	20	Comunidad de Calatayud	92878,6	22	Industria
2001	20	Comunidad de Calatayud	28833,2	30	Construcción
2001	20	Comunidad de Calatayud	197977,8	40	Servicios
2001	21	Campo de Cariñena	23554,7	10	Agricultura
2001	21	Campo de Cariñena	2658,8	21	Energía
2001	21	Campo de Cariñena	42936,8	22	Industria
2001	21	Campo de Cariñena	6848,6	30	Construcción
2001	21	Campo de Cariñena	25915,8	40	Servicios
2001	22	Campo de Belchite	24407,9	10	Agricultura
2001	22	Campo de Belchite	1285,4	21	Energía
2001	22	Campo de Belchite	26245,8	22	Industria
2001	22	Campo de Belchite	3107,6	30	Construcción
2001	22	Campo de Belchite	9775,7	40	Servicios
2001	23	Bajo Martín	19458,4	10	Agricultura
2001	23	Bajo Martín	3731,8	21	Energía
2001	23	Bajo Martín	14174,5	22	Industria
2001	23	Bajo Martín	7187,8	30	Construcción
2001	23	Bajo Martín	17409,7	40	Servicios
2001	24	Campo de Daroca	29520,3	10	Agricultura
2001	24	Campo de Daroca	707,8	21	Energía
2001	24	Campo de Daroca	9343	22	Industria
2001	24	Campo de Daroca	3916,8	30	Construcción
2001	24	Campo de Daroca	22296,3	40	Servicios
2001	25	Jiloca	50459,9	10	Agricultura
2001	25	Jiloca	2629,5	21	Energía
2001	25	Jiloca	26337,4	22	Industria
2001	25	Jiloca	12762,2	30	Construcción
2001	25	Jiloca	32191,5	40	Servicios
2001	26	Cuencas Mineras	11570,5	10	Agricultura
2001	26	Cuencas Mineras	17090,4	21	Energía
2001	26	Cuencas Mineras	30364,3	22	Industria
2001	26	Cuencas Mineras	6502,3	30	Construcción
2001	26	Cuencas Mineras	24362,7	40	Servicios
2001	27	Andorra-Sierra de Arcos	7728	10	Agricultura
2001	27	Andorra-Sierra de Arcos	162639,3	21	Energía
2001	27	Andorra-Sierra de Arcos	8186,2	22	Industria
2001	27	Andorra-Sierra de Arcos	16341,9	30	Construcción
2001	27	Andorra-Sierra de Arcos	37940,7	40	Servicios
2001	28	Bajo Aragón	52161	10	Agricultura
2001	28	Bajo Aragón	15227,2	21	Energía
2001	28	Bajo Aragón	42942,1	22	Industria
2001	28	Bajo Aragón	46982,7	30	Construcción
2001	28	Bajo Aragón	135297,3	40	Servicios
2001	29	Comunidad de Teruel	34816	10	Agricultura
2001	29	Comunidad de Teruel	10588,8	21	Energía
2001	29	Comunidad de Teruel	91084,7	22	Industria
2001	29	Comunidad de Teruel	55416	30	Construcción
2001	29	Comunidad de Teruel	518381,5	40	Servicios
2001	30	Maestrazgo	8180	10	Agricultura
2001	30	Maestrazgo	2334,4	21	Energía
2001	30	Maestrazgo	1421	22	Industria
2001	30	Maestrazgo	3040,5	30	Construcción
2001	30	Maestrazgo	9690	40	Servicios
2001	31	Sierra de Albarracín	5551,8	10	Agricultura
2001	31	Sierra de Albarracín	568,4	21	Energía
2001	31	Sierra de Albarracín	6345,8	22	Industria
2001	31	Sierra de Albarracín	3539,9	30	Construcción
2001	31	Sierra de Albarracín	15130	40	Servicios
2001	32	Gúdar-Javalambre	9236,3	10	Agricultura
2001	32	Gúdar-Javalambre	3432,9	21	Energía
2001	32	Gúdar-Javalambre	19813,4	22	Industria
2001	32	Gúdar-Javalambre	14704,4	30	Construcción
2001	32	Gúdar-Javalambre	32615,9	40	Servicios
2001	33	Matarraña / Matarranya	38071,9	10	Agricultura
2001	33	Matarraña / Matarranya	1624,8	21	Energía
2001	33	Matarraña / Matarranya	13462,8	22	Industria
2001	33	Matarraña / Matarranya	8009,3	30	Construcción
2001	33	Matarraña / Matarranya	20020	40	Servicios
2000	01	La Jacetania	15184,5	10	Agricultura
2000	01	La Jacetania	5544,2	21	Energía
2000	01	La Jacetania	12161	22	Industria
2000	01	La Jacetania	21249,2	30	Construcción
2000	01	La Jacetania	128979,3	40	Servicios
2000	02	Alto Gállego	5942,8	10	Agricultura
2000	02	Alto Gállego	12364,3	21	Energía
2000	02	Alto Gállego	51003,2	22	Industria
2000	02	Alto Gállego	15685,4	30	Construcción
2000	02	Alto Gállego	82536,9	40	Servicios
2000	03	Sobrarbe	11955,6	10	Agricultura
2000	03	Sobrarbe	11892,2	21	Energía
2000	03	Sobrarbe	2201,2	22	Industria
2000	03	Sobrarbe	8935,3	30	Construcción
2000	03	Sobrarbe	35639,1	40	Servicios
2000	04	La Ribagorza	30845,2	10	Agricultura
2000	04	La Ribagorza	16061,9	21	Energía
2000	04	La Ribagorza	10951,6	22	Industria
2000	04	La Ribagorza	17032,9	30	Construcción
2000	04	La Ribagorza	69596,2	40	Servicios
2000	05	Cinco Villas	88316,7	10	Agricultura
2000	05	Cinco Villas	11507,2	21	Energía
2000	05	Cinco Villas	68949,5	22	Industria
2000	05	Cinco Villas	46730,8	30	Construcción
2000	05	Cinco Villas	96711,4	40	Servicios
2000	06	Hoya de Huesca / Plana de Uesca	79660,8	10	Agricultura
2000	06	Hoya de Huesca / Plana de Uesca	13774,2	21	Energía
2000	06	Hoya de Huesca / Plana de Uesca	98801,1	22	Industria
2000	06	Hoya de Huesca / Plana de Uesca	71703,1	30	Construcción
2000	06	Hoya de Huesca / Plana de Uesca	757349,4	40	Servicios
2000	07	Somontano de Barbastro	48906,4	10	Agricultura
2000	07	Somontano de Barbastro	14649,9	21	Energía
2000	07	Somontano de Barbastro	88808	22	Industria
2000	07	Somontano de Barbastro	29580,1	30	Construcción
2000	07	Somontano de Barbastro	130414,3	40	Servicios
2000	08	Cinca Medio	51831,7	10	Agricultura
2000	08	Cinca Medio	6076,5	21	Energía
2000	08	Cinca Medio	81545,3	22	Industria
2000	08	Cinca Medio	34549,6	30	Construcción
2000	08	Cinca Medio	95888	40	Servicios
2000	09	La Litera / La Llitera	107843,8	10	Agricultura
2000	09	La Litera / La Llitera	5398,9	21	Energía
2000	09	La Litera / La Llitera	64322,2	22	Industria
2000	09	La Litera / La Llitera	28487	30	Construcción
2000	09	La Litera / La Llitera	71620,2	40	Servicios
2000	10	Los Monegros	96584,2	10	Agricultura
2000	10	Los Monegros	2743	21	Energía
2000	10	Los Monegros	16099,3	22	Industria
2000	10	Los Monegros	23011,5	30	Construcción
2000	10	Los Monegros	50137,6	40	Servicios
2000	11	Bajo Cinca / Baix Cinca	89444,2	10	Agricultura
2000	11	Bajo Cinca / Baix Cinca	22405,7	21	Energía
2000	11	Bajo Cinca / Baix Cinca	81187,8	22	Industria
2000	11	Bajo Cinca / Baix Cinca	26638,3	30	Construcción
2000	11	Bajo Cinca / Baix Cinca	107967,9	40	Servicios
2000	12	Tarazona y el Moncayo	11894,5	10	Agricultura
2000	12	Tarazona y el Moncayo	3033,7	21	Energía
2000	12	Tarazona y el Moncayo	45262,3	22	Industria
2000	12	Tarazona y el Moncayo	11799,4	30	Construcción
2000	12	Tarazona y el Moncayo	54596,4	40	Servicios
2000	13	Campo de Borja	23472	10	Agricultura
2000	13	Campo de Borja	3673,5	21	Energía
2000	13	Campo de Borja	29378,2	22	Industria
2000	13	Campo de Borja	11816,5	30	Construcción
2000	13	Campo de Borja	53415,4	40	Servicios
2000	14	Aranda	5684,3	10	Agricultura
2000	14	Aranda	2763,4	21	Energía
2000	14	Aranda	35419,4	22	Industria
2000	14	Aranda	6026,6	30	Construcción
2000	14	Aranda	19850,8	40	Servicios
2000	15	Ribera Alta del Ebro	26337,3	10	Agricultura
2000	15	Ribera Alta del Ebro	19404,4	21	Energía
2000	15	Ribera Alta del Ebro	475073	22	Industria
2000	15	Ribera Alta del Ebro	25142,4	30	Construcción
2000	15	Ribera Alta del Ebro	112518,3	40	Servicios
2000	16	Valdejalón	40362,4	10	Agricultura
2000	16	Valdejalón	12239,7	21	Energía
2000	16	Valdejalón	110673,7	22	Industria
2000	16	Valdejalón	26008,7	30	Construcción
2000	16	Valdejalón	90364,9	40	Servicios
2000	17	D.C. Zaragoza	67528,5	10	Agricultura
2000	17	D.C. Zaragoza	167854,8	21	Energía
2000	17	D.C. Zaragoza	2384374,8	22	Industria
2000	17	D.C. Zaragoza	781492,6	30	Construcción
2000	17	D.C. Zaragoza	7347436	40	Servicios
2000	18	Ribera Baja del Ebro	28315,5	10	Agricultura
2000	18	Ribera Baja del Ebro	11486,6	21	Energía
2000	18	Ribera Baja del Ebro	41315,2	22	Industria
2000	18	Ribera Baja del Ebro	9311	30	Construcción
2000	18	Ribera Baja del Ebro	39141,8	40	Servicios
2000	19	Bajo Aragón-Caspe / Baix Aragó-Casp	37750,4	10	Agricultura
2000	19	Bajo Aragón-Caspe / Baix Aragó-Casp	2123,9	21	Energía
2000	19	Bajo Aragón-Caspe / Baix Aragó-Casp	21173,7	22	Industria
2000	19	Bajo Aragón-Caspe / Baix Aragó-Casp	11653,4	30	Construcción
2000	19	Bajo Aragón-Caspe / Baix Aragó-Casp	40730,6	40	Servicios
2000	20	Comunidad de Calatayud	44182,7	10	Agricultura
2000	20	Comunidad de Calatayud	6533,1	21	Energía
2000	20	Comunidad de Calatayud	73047,1	22	Industria
2000	20	Comunidad de Calatayud	26677	30	Construcción
2000	20	Comunidad de Calatayud	185007,9	40	Servicios
2000	21	Campo de Cariñena	18250,5	10	Agricultura
2000	21	Campo de Cariñena	2592,1	21	Energía
2000	21	Campo de Cariñena	55034,3	22	Industria
2000	21	Campo de Cariñena	7956,9	30	Construcción
2000	21	Campo de Cariñena	23012,4	40	Servicios
2000	22	Campo de Belchite	20086,4	10	Agricultura
2000	22	Campo de Belchite	1627,1	21	Energía
2000	22	Campo de Belchite	32400,5	22	Industria
2000	22	Campo de Belchite	2616,7	30	Construcción
2000	22	Campo de Belchite	9386,7	40	Servicios
2000	23	Bajo Martín	16668,9	10	Agricultura
2000	23	Bajo Martín	3954,3	21	Energía
2000	23	Bajo Martín	16816,8	22	Industria
2000	23	Bajo Martín	6195,3	30	Construcción
2000	23	Bajo Martín	15709,7	40	Servicios
2000	24	Campo de Daroca	23691,6	10	Agricultura
2000	24	Campo de Daroca	700,6	21	Energía
2000	24	Campo de Daroca	6426,5	22	Industria
2000	24	Campo de Daroca	3018,4	30	Construcción
2000	24	Campo de Daroca	16052,1	40	Servicios
2000	25	Jiloca	32295,3	10	Agricultura
2000	25	Jiloca	2241,8	21	Energía
2000	25	Jiloca	29928,1	22	Industria
2000	25	Jiloca	11557	30	Construcción
2000	25	Jiloca	28752,9	40	Servicios
2000	26	Cuencas Mineras	10555,4	10	Agricultura
2000	26	Cuencas Mineras	23797,8	21	Energía
2000	26	Cuencas Mineras	30639,7	22	Industria
2000	26	Cuencas Mineras	5864	30	Construcción
2000	26	Cuencas Mineras	25187	40	Servicios
2000	27	Andorra-Sierra de Arcos	5267,4	10	Agricultura
2000	27	Andorra-Sierra de Arcos	217259,7	21	Energía
2000	27	Andorra-Sierra de Arcos	7792,1	22	Industria
2000	27	Andorra-Sierra de Arcos	14142,9	30	Construcción
2000	27	Andorra-Sierra de Arcos	35759,8	40	Servicios
2000	28	Bajo Aragón	37069,5	10	Agricultura
2000	28	Bajo Aragón	7108,8	21	Energía
2000	28	Bajo Aragón	42684,8	22	Industria
2000	28	Bajo Aragón	41080,2	30	Construcción
2000	28	Bajo Aragón	123432,1	40	Servicios
2000	29	Comunidad de Teruel	29153,9	10	Agricultura
2000	29	Comunidad de Teruel	12610	21	Energía
2000	29	Comunidad de Teruel	105429,6	22	Industria
2000	29	Comunidad de Teruel	51007,7	30	Construcción
2000	29	Comunidad de Teruel	485372	40	Servicios
2000	30	Maestrazgo	5073,3	10	Agricultura
2000	30	Maestrazgo	1228,5	21	Energía
2000	30	Maestrazgo	1304,6	22	Industria
2000	30	Maestrazgo	2626,5	30	Construcción
2000	30	Maestrazgo	9289	40	Servicios
2000	31	Sierra de Albarracín	6695	10	Agricultura
2000	31	Sierra de Albarracín	546,4	21	Energía
2000	31	Sierra de Albarracín	2936,4	22	Industria
2000	31	Sierra de Albarracín	3430,4	30	Construcción
2000	31	Sierra de Albarracín	13617,2	40	Servicios
2000	32	Gúdar-Javalambre	9608,8	10	Agricultura
2000	32	Gúdar-Javalambre	2689,8	21	Energía
2000	32	Gúdar-Javalambre	8101	22	Industria
2000	32	Gúdar-Javalambre	12796,8	30	Construcción
2000	32	Gúdar-Javalambre	29718,3	40	Servicios
2000	33	Matarraña / Matarranya	17470,6	10	Agricultura
2000	33	Matarraña / Matarranya	1351,2	21	Energía
2000	33	Matarraña / Matarranya	12078,7	22	Industria
2000	33	Matarraña / Matarranya	6865,5	30	Construcción
2000	33	Matarraña / Matarranya	17220,8	40	Servicios