Año	Código de la provincia	Provincia	Personas que son mano de obra familiar	Personas que son mano de obra familiar hombres	Personas que son mano de obra familiar mujeres	Personas que son mano de obra familiar <35 años	Personas que son mano de obra familiar de 35 a 45 años	Personas que son mano de obra familiar de 55 a 64 años	Personas que son mano de obra familiar de más de 65 años
1989	22	Huesca	31528	25160	6368	5740	11364	8264	6160
1989	44	Teruel	35099	24889	10210	4457	11851	10601	8190
1989	50	Zaragoza	70360	56545	13815	11335	25299	19044	14682
1999	22	Huesca	28062	21579	6483	4601	10717	5656	7088
1999	44	Teruel	25395	17979	7416	3119	9430	5900	6946
1999	50	Zaragoza	57904	44385	13519	9262	21148	12547	14947