Año	Provincia código	Provincia nombre	Sector código	Sector	Rama código	Rama de actividad	Número de actividades
2009	22	Huesca	1	Agricultura, ganadería y pesca	01	Agricultura, ganadería, silvicultura y pesca (cnae 01, 02, 03)	3612
2009	22	Huesca	2	Industria y energía	02	Industrias extractivas (cnae 05, 06, 07, 08, 09)	75
2009	22	Huesca	2	Industria y energía	03	Industria de la alimentación, bebidas y tabaco (cnae 10, 11, 12)	433
2009	22	Huesca	2	Industria y energía	04	Industria textil, confección de prendas de vestir, cuero y calzado (cnae 13, 14, 15)	122
2009	22	Huesca	2	Industria y energía	05	Industria de la madera y corcho, papel y artes gráficas (cnae 16, 17, 18)	290
2009	22	Huesca	2	Industria y energía	06	Coquerías y refino de petróleo; industria química; productos farmacéuticos (cnae 19, 20, 21)	74
2009	22	Huesca	2	Industria y energía	07	Fabricación de productos de caucho y plástico y de otros minerales no metálicos (cnae 22, 23)	167
2009	22	Huesca	2	Industria y energía	08	Metalurgia y fabricación de productos metálicos, excepto maquinaria y equipo (cnae 24, 25)	518
2009	22	Huesca	2	Industria y energía	09	Fabricación de productos informáticos, electrónicos y ópticos; material y equipo eléctrico; maquinaria y equipo (cnae 26, 27, 28)	133
2009	22	Huesca	2	Industria y energía	10	Fabricación de material de transporte (cnae 29, 30)	50
2009	22	Huesca	2	Industria y energía	11	Fabricación de muebles; otras industrias manufactureras y reparación e instalación de maquinaria y equipo (cnae 31, 32, 33)	253
2009	22	Huesca	2	Industria y energía	12	Suministro de energía eléctrica, gas, vapor y aire acondicionado (cnae 35)	482
2009	22	Huesca	2	Industria y energía	13	Suministro de agua, actividades de saneamiento, gestión de residuos y descontaminación (cnae 36, 37, 38, 39)	107
2009	22	Huesca	3	Construcción	14	Construcción (cnae 41, 42, 43)	6237
2009	22	Huesca	4	Servicios	15	Comercio al por mayor y al por menor; reparación de vehículos de motor y motocicletas (cnae 45, 46, 47)	8119
2009	22	Huesca	4	Servicios	16	Transporte y almacenamiento (cnae 49, 50, 51, 52, 53)	1441
2009	22	Huesca	4	Servicios	17	Hostelería (cnae 55, 56)	3838
2009	22	Huesca	4	Servicios	18	Información y comunicaciones (cnae 58, 59, 60, 61, 62, 63)	336
2009	22	Huesca	4	Servicios	19	Actividades financieras y de seguros (cnae 64, 65, 66)	872
2009	22	Huesca	4	Servicios	20	Actividades inmobiliarias (cnae 68)	2517
2009	22	Huesca	4	Servicios	21	Actividades profesionales, científicas y técnicas (cnae 69, 70, 71, 72, 73, 74, 75)	2265
2009	22	Huesca	4	Servicios	22	Actividades administrativas y servicios auxliares (cnae 77, 78, 79, 80, 81, 82)	1348
2009	22	Huesca	4	Servicios	23	Educación (cnae 85)	805
2009	22	Huesca	4	Servicios	24	Actividades sanitarias y de servicios sociales (cnae 86, 87, 88)	586
2009	22	Huesca	4	Servicios	25	Actividades artísticas, recreativas y de entretenimiento (cnae 90, 91, 92, 93)	675
2009	22	Huesca	4	Servicios	26	Otros servicios (cnae 94, 95, 96)	1268
2009	44	Teruel	1	Agricultura, ganadería y pesca	01	Agricultura, ganadería, silvicultura y pesca (cnae 01, 02, 03)	1334
2009	44	Teruel	2	Industria y energía	02	Industrias extractivas (cnae 05, 06, 07, 08, 09)	148
2009	44	Teruel	2	Industria y energía	03	Industria de la alimentación, bebidas y tabaco (cnae 10, 11, 12)	448
2009	44	Teruel	2	Industria y energía	04	Industria textil, confección de prendas de vestir, cuero y calzado (cnae 13, 14, 15)	61
2009	44	Teruel	2	Industria y energía	05	Industria de la madera y corcho, papel y artes gráficas (cnae 16, 17, 18)	238
2009	44	Teruel	2	Industria y energía	06	Coquerías y refino de petróleo; industria química; productos farmacéuticos (cnae 19, 20, 21)	22
2009	44	Teruel	2	Industria y energía	07	Fabricación de productos de caucho y plástico y de otros minerales no metálicos (cnae 22, 23)	138
2009	44	Teruel	2	Industria y energía	08	Metalurgia y fabricación de productos metálicos, excepto maquinaria y equipo (cnae 24, 25)	242
2009	44	Teruel	2	Industria y energía	09	Fabricación de productos informáticos, electrónicos y ópticos; material y equipo eléctrico; maquinaria y equipo (cnae 26, 27, 28)	51
2009	44	Teruel	2	Industria y energía	10	Fabricación de material de transporte (cnae 29, 30)	24
2009	44	Teruel	2	Industria y energía	11	Fabricación de muebles; otras industrias manufactureras y reparación e instalación de maquinaria y equipo (cnae 31, 32, 33)	125
2009	44	Teruel	2	Industria y energía	12	Suministro de energía eléctrica, gas, vapor y aire acondicionado (cnae 35)	344
2009	44	Teruel	2	Industria y energía	13	Suministro de agua, actividades de saneamiento, gestión de residuos y descontaminación (cnae 36, 37, 38, 39)	68
2009	44	Teruel	3	Construcción	14	Construcción (cnae 41, 42, 43)	3936
2009	44	Teruel	4	Servicios	15	Comercio al por mayor y al por menor; reparación de vehículos de motor y motocicletas (cnae 45, 46, 47)	4645
2009	44	Teruel	4	Servicios	16	Transporte y almacenamiento (cnae 49, 50, 51, 52, 53)	922
2009	44	Teruel	4	Servicios	17	Hostelería (cnae 55, 56)	2083
2009	44	Teruel	4	Servicios	18	Información y comunicaciones (cnae 58, 59, 60, 61, 62, 63)	159
2009	44	Teruel	4	Servicios	19	Actividades financieras y de seguros (cnae 64, 65, 66)	545
2009	44	Teruel	4	Servicios	20	Actividades inmobiliarias (cnae 68)	1052
2009	44	Teruel	4	Servicios	21	Actividades profesionales, científicas y técnicas (cnae 69, 70, 71, 72, 73, 74, 75)	1096
2009	44	Teruel	4	Servicios	22	Actividades administrativas y servicios auxliares (cnae 77, 78, 79, 80, 81, 82)	651
2009	44	Teruel	4	Servicios	23	Educación (cnae 85)	307
2009	44	Teruel	4	Servicios	24	Actividades sanitarias y de servicios sociales (cnae 86, 87, 88)	264
2009	44	Teruel	4	Servicios	25	Actividades artísticas, recreativas y de entretenimiento (cnae 90, 91, 92, 93)	345
2009	44	Teruel	4	Servicios	26	Otros servicios (cnae 94, 95, 96)	697
2009	50	Zaragoza	1	Agricultura, ganadería y pesca	01	Agricultura, ganadería, silvicultura y pesca (cnae 01, 02, 03)	2703
2009	50	Zaragoza	2	Industria y energía	02	Industrias extractivas (cnae 05, 06, 07, 08, 09)	184
2009	50	Zaragoza	2	Industria y energía	03	Industria de la alimentación, bebidas y tabaco (cnae 10, 11, 12)	881
2009	50	Zaragoza	2	Industria y energía	04	Industria textil, confección de prendas de vestir, cuero y calzado (cnae 13, 14, 15)	778
2009	50	Zaragoza	2	Industria y energía	05	Industria de la madera y corcho, papel y artes gráficas (cnae 16, 17, 18)	815
2009	50	Zaragoza	2	Industria y energía	06	Coquerías y refino de petróleo; industria química; productos farmacéuticos (cnae 19, 20, 21)	149
2009	50	Zaragoza	2	Industria y energía	07	Fabricación de productos de caucho y plástico y de otros minerales no metálicos (cnae 22, 23)	529
2009	50	Zaragoza	2	Industria y energía	08	Metalurgia y fabricación de productos metálicos, excepto maquinaria y equipo (cnae 24, 25)	1813
2009	50	Zaragoza	2	Industria y energía	09	Fabricación de productos informáticos, electrónicos y ópticos; material y equipo eléctrico; maquinaria y equipo (cnae 26, 27, 28)	828
2009	50	Zaragoza	2	Industria y energía	10	Fabricación de material de transporte (cnae 29, 30)	222
2009	50	Zaragoza	2	Industria y energía	11	Fabricación de muebles; otras industrias manufactureras y reparación e instalación de maquinaria y equipo (cnae 31, 32, 33)	1271
2009	50	Zaragoza	2	Industria y energía	12	Suministro de energía eléctrica, gas, vapor y aire acondicionado (cnae 35)	882
2009	50	Zaragoza	2	Industria y energía	13	Suministro de agua, actividades de saneamiento, gestión de residuos y descontaminación (cnae 36, 37, 38, 39)	266
2009	50	Zaragoza	3	Construcción	14	Construcción (cnae 41, 42, 43)	19126
2009	50	Zaragoza	4	Servicios	15	Comercio al por mayor y al por menor; reparación de vehículos de motor y motocicletas (cnae 45, 46, 47)	25143
2009	50	Zaragoza	4	Servicios	16	Transporte y almacenamiento (cnae 49, 50, 51, 52, 53)	6685
2009	50	Zaragoza	4	Servicios	17	Hostelería (cnae 55, 56)	7747
2009	50	Zaragoza	4	Servicios	18	Información y comunicaciones (cnae 58, 59, 60, 61, 62, 63)	1594
2009	50	Zaragoza	4	Servicios	19	Actividades financieras y de seguros (cnae 64, 65, 66)	3278
2009	50	Zaragoza	4	Servicios	20	Actividades inmobiliarias (cnae 68)	10174
2009	50	Zaragoza	4	Servicios	21	Actividades profesionales, científicas y técnicas (cnae 69, 70, 71, 72, 73, 74, 75)	11068
2009	50	Zaragoza	4	Servicios	22	Actividades administrativas y servicios auxliares (cnae 77, 78, 79, 80, 81, 82)	5317
2009	50	Zaragoza	4	Servicios	23	Educación (cnae 85)	2273
2009	50	Zaragoza	4	Servicios	24	Actividades sanitarias y de servicios sociales (cnae 86, 87, 88)	3166
2009	50	Zaragoza	4	Servicios	25	Actividades artísticas, recreativas y de entretenimiento (cnae 90, 91, 92, 93)	2249
2009	50	Zaragoza	4	Servicios	26	Otros servicios (cnae 94, 95, 96)	4623
2010	22	Huesca	1	Agricultura, ganadería y pesca	01	Agricultura, ganadería, silvicultura y pesca (cnae 01, 02, 03)	3421
2010	22	Huesca	2	Industria y energía	02	Industrias extractivas (cnae 05, 06, 07, 08, 09)	69
2010	22	Huesca	2	Industria y energía	03	Industria de la alimentación, bebidas y tabaco (cnae 10, 11, 12)	438
2010	22	Huesca	2	Industria y energía	04	Industria textil, confección de prendas de vestir, cuero y calzado (cnae 13, 14, 15)	109
2010	22	Huesca	2	Industria y energía	05	Industria de la madera y corcho, papel y artes gráficas (cnae 16, 17, 18)	280
2010	22	Huesca	2	Industria y energía	06	Coquerías y refino de petróleo; industria química; productos farmacéuticos (cnae 19, 20, 21)	80
2010	22	Huesca	2	Industria y energía	07	Fabricación de productos de caucho y plástico y de otros minerales no metálicos (cnae 22, 23)	169
2010	22	Huesca	2	Industria y energía	08	Metalurgia y fabricación de productos metálicos, excepto maquinaria y equipo (cnae 24, 25)	505
2010	22	Huesca	2	Industria y energía	09	Fabricación de productos informáticos, electrónicos y ópticos; material y equipo eléctrico; maquinaria y equipo (cnae 26, 27, 28)	139
2010	22	Huesca	2	Industria y energía	10	Fabricación de material de transporte (cnae 29, 30)	56
2010	22	Huesca	2	Industria y energía	11	Fabricación de muebles; otras industrias manufactureras y reparación e instalación de maquinaria y equipo (cnae 31, 32, 33)	253
2010	22	Huesca	2	Industria y energía	12	Suministro de energía eléctrica, gas, vapor y aire acondicionado (cnae 35)	499
2010	22	Huesca	2	Industria y energía	13	Suministro de agua, actividades de saneamiento, gestión de residuos y descontaminación (cnae 36, 37, 38, 39)	111
2010	22	Huesca	3	Construcción	14	Construcción (cnae 41, 42, 43)	5767
2010	22	Huesca	4	Servicios	15	Comercio al por mayor y al por menor; reparación de vehículos de motor y motocicletas (cnae 45, 46, 47)	9033
2010	22	Huesca	4	Servicios	16	Transporte y almacenamiento (cnae 49, 50, 51, 52, 53)	1430
2010	22	Huesca	4	Servicios	17	Hostelería (cnae 55, 56)	3866
2010	22	Huesca	4	Servicios	18	Información y comunicaciones (cnae 58, 59, 60, 61, 62, 63)	342
2010	22	Huesca	4	Servicios	19	Actividades financieras y de seguros (cnae 64, 65, 66)	707
2010	22	Huesca	4	Servicios	20	Actividades inmobiliarias (cnae 68)	2634
2010	22	Huesca	4	Servicios	21	Actividades profesionales, científicas y técnicas (cnae 69, 70, 71, 72, 73, 74, 75)	2248
2010	22	Huesca	4	Servicios	22	Actividades administrativas y servicios auxliares (cnae 77, 78, 79, 80, 81, 82)	1333
2010	22	Huesca	4	Servicios	23	Educación (cnae 85)	735
2010	22	Huesca	4	Servicios	24	Actividades sanitarias y de servicios sociales (cnae 86, 87, 88)	462
2010	22	Huesca	4	Servicios	25	Actividades artísticas, recreativas y de entretenimiento (cnae 90, 91, 92, 93)	677
2010	22	Huesca	4	Servicios	26	Otros servicios (cnae 94, 95, 96)	1276
2010	44	Teruel	1	Agricultura, ganadería y pesca	01	Agricultura, ganadería, silvicultura y pesca (cnae 01, 02, 03)	1306
2010	44	Teruel	2	Industria y energía	02	Industrias extractivas (cnae 05, 06, 07, 08, 09)	148
2010	44	Teruel	2	Industria y energía	03	Industria de la alimentación, bebidas y tabaco (cnae 10, 11, 12)	445
2010	44	Teruel	2	Industria y energía	04	Industria textil, confección de prendas de vestir, cuero y calzado (cnae 13, 14, 15)	60
2010	44	Teruel	2	Industria y energía	05	Industria de la madera y corcho, papel y artes gráficas (cnae 16, 17, 18)	239
2010	44	Teruel	2	Industria y energía	06	Coquerías y refino de petróleo; industria química; productos farmacéuticos (cnae 19, 20, 21)	24
2010	44	Teruel	2	Industria y energía	07	Fabricación de productos de caucho y plástico y de otros minerales no metálicos (cnae 22, 23)	140
2010	44	Teruel	2	Industria y energía	08	Metalurgia y fabricación de productos metálicos, excepto maquinaria y equipo (cnae 24, 25)	258
2010	44	Teruel	2	Industria y energía	09	Fabricación de productos informáticos, electrónicos y ópticos; material y equipo eléctrico; maquinaria y equipo (cnae 26, 27, 28)	52
2010	44	Teruel	2	Industria y energía	10	Fabricación de material de transporte (cnae 29, 30)	25
2010	44	Teruel	2	Industria y energía	11	Fabricación de muebles; otras industrias manufactureras y reparación e instalación de maquinaria y equipo (cnae 31, 32, 33)	124
2010	44	Teruel	2	Industria y energía	12	Suministro de energía eléctrica, gas, vapor y aire acondicionado (cnae 35)	392
2010	44	Teruel	2	Industria y energía	13	Suministro de agua, actividades de saneamiento, gestión de residuos y descontaminación (cnae 36, 37, 38, 39)	68
2010	44	Teruel	3	Construcción	14	Construcción (cnae 41, 42, 43)	3733
2010	44	Teruel	4	Servicios	15	Comercio al por mayor y al por menor; reparación de vehículos de motor y motocicletas (cnae 45, 46, 47)	5194
2010	44	Teruel	4	Servicios	16	Transporte y almacenamiento (cnae 49, 50, 51, 52, 53)	873
2010	44	Teruel	4	Servicios	17	Hostelería (cnae 55, 56)	2081
2010	44	Teruel	4	Servicios	18	Información y comunicaciones (cnae 58, 59, 60, 61, 62, 63)	171
2010	44	Teruel	4	Servicios	19	Actividades financieras y de seguros (cnae 64, 65, 66)	424
2010	44	Teruel	4	Servicios	20	Actividades inmobiliarias (cnae 68)	1180
2010	44	Teruel	4	Servicios	21	Actividades profesionales, científicas y técnicas (cnae 69, 70, 71, 72, 73, 74, 75)	1085
2010	44	Teruel	4	Servicios	22	Actividades administrativas y servicios auxliares (cnae 77, 78, 79, 80, 81, 82)	659
2010	44	Teruel	4	Servicios	23	Educación (cnae 85)	281
2010	44	Teruel	4	Servicios	24	Actividades sanitarias y de servicios sociales (cnae 86, 87, 88)	230
2010	44	Teruel	4	Servicios	25	Actividades artísticas, recreativas y de entretenimiento (cnae 90, 91, 92, 93)	337
2010	44	Teruel	4	Servicios	26	Otros servicios (cnae 94, 95, 96)	675
2010	50	Zaragoza	1	Agricultura, ganadería y pesca	01	Agricultura, ganadería, silvicultura y pesca (cnae 01, 02, 03)	2498
2010	50	Zaragoza	2	Industria y energía	02	Industrias extractivas (cnae 05, 06, 07, 08, 09)	178
2010	50	Zaragoza	2	Industria y energía	03	Industria de la alimentación, bebidas y tabaco (cnae 10, 11, 12)	882
2010	50	Zaragoza	2	Industria y energía	04	Industria textil, confección de prendas de vestir, cuero y calzado (cnae 13, 14, 15)	714
2010	50	Zaragoza	2	Industria y energía	05	Industria de la madera y corcho, papel y artes gráficas (cnae 16, 17, 18)	808
2010	50	Zaragoza	2	Industria y energía	06	Coquerías y refino de petróleo; industria química; productos farmacéuticos (cnae 19, 20, 21)	154
2010	50	Zaragoza	2	Industria y energía	07	Fabricación de productos de caucho y plástico y de otros minerales no metálicos (cnae 22, 23)	516
2010	50	Zaragoza	2	Industria y energía	08	Metalurgia y fabricación de productos metálicos, excepto maquinaria y equipo (cnae 24, 25)	1703
2010	50	Zaragoza	2	Industria y energía	09	Fabricación de productos informáticos, electrónicos y ópticos; material y equipo eléctrico; maquinaria y equipo (cnae 26, 27, 28)	791
2010	50	Zaragoza	2	Industria y energía	10	Fabricación de material de transporte (cnae 29, 30)	218
2010	50	Zaragoza	2	Industria y energía	11	Fabricación de muebles; otras industrias manufactureras y reparación e instalación de maquinaria y equipo (cnae 31, 32, 33)	1219
2010	50	Zaragoza	2	Industria y energía	12	Suministro de energía eléctrica, gas, vapor y aire acondicionado (cnae 35)	1006
2010	50	Zaragoza	2	Industria y energía	13	Suministro de agua, actividades de saneamiento, gestión de residuos y descontaminación (cnae 36, 37, 38, 39)	251
2010	50	Zaragoza	3	Construcción	14	Construcción (cnae 41, 42, 43)	16431
2010	50	Zaragoza	4	Servicios	15	Comercio al por mayor y al por menor; reparación de vehículos de motor y motocicletas (cnae 45, 46, 47)	28384
2010	50	Zaragoza	4	Servicios	16	Transporte y almacenamiento (cnae 49, 50, 51, 52, 53)	6408
2010	50	Zaragoza	4	Servicios	17	Hostelería (cnae 55, 56)	7638
2010	50	Zaragoza	4	Servicios	18	Información y comunicaciones (cnae 58, 59, 60, 61, 62, 63)	1657
2010	50	Zaragoza	4	Servicios	19	Actividades financieras y de seguros (cnae 64, 65, 66)	2470
2010	50	Zaragoza	4	Servicios	20	Actividades inmobiliarias (cnae 68)	10476
2010	50	Zaragoza	4	Servicios	21	Actividades profesionales, científicas y técnicas (cnae 69, 70, 71, 72, 73, 74, 75)	10541
2010	50	Zaragoza	4	Servicios	22	Actividades administrativas y servicios auxliares (cnae 77, 78, 79, 80, 81, 82)	5151
2010	50	Zaragoza	4	Servicios	23	Educación (cnae 85)	2121
2010	50	Zaragoza	4	Servicios	24	Actividades sanitarias y de servicios sociales (cnae 86, 87, 88)	2226
2010	50	Zaragoza	4	Servicios	25	Actividades artísticas, recreativas y de entretenimiento (cnae 90, 91, 92, 93)	2170
2010	50	Zaragoza	4	Servicios	26	Otros servicios (cnae 94, 95, 96)	4570
2011	22	Huesca	1	Agricultura, ganadería y pesca	01	Agricultura, ganadería, silvicultura y pesca (cnae 01, 02, 03)	3633
2011	22	Huesca	2	Industria y energía	02	Industrias extractivas (cnae 05, 06, 07, 08, 09)	70
2011	22	Huesca	2	Industria y energía	03	Industria de la alimentación, bebidas y tabaco (cnae 10, 11, 12)	453
2011	22	Huesca	2	Industria y energía	04	Industria textil, confección de prendas de vestir, cuero y calzado (cnae 13, 14, 15)	116
2011	22	Huesca	2	Industria y energía	05	Industria de la madera y corcho, papel y artes gráficas (cnae 16, 17, 18)	288
2011	22	Huesca	2	Industria y energía	06	Coquerías y refino de petróleo; industria química; productos farmacéuticos (cnae 19, 20, 21)	79
2011	22	Huesca	2	Industria y energía	07	Fabricación de productos de caucho y plástico y de otros minerales no metálicos (cnae 22, 23)	177
2011	22	Huesca	2	Industria y energía	08	Metalurgia y fabricación de productos metálicos, excepto maquinaria y equipo (cnae 24, 25)	535
2011	22	Huesca	2	Industria y energía	09	Fabricación de productos informáticos, electrónicos y ópticos; material y equipo eléctrico; maquinaria y equipo (cnae 26, 27, 28)	144
2011	22	Huesca	2	Industria y energía	10	Fabricación de material de transporte (cnae 29, 30)	54
2011	22	Huesca	2	Industria y energía	11	Fabricación de muebles; otras industrias manufactureras y reparación e instalación de maquinaria y equipo (cnae 31, 32, 33)	272
2011	22	Huesca	2	Industria y energía	12	Suministro de energía eléctrica, gas, vapor y aire acondicionado (cnae 35)	450
2011	22	Huesca	2	Industria y energía	13	Suministro de agua, actividades de saneamiento, gestión de residuos y descontaminación (cnae 36, 37, 38, 39)	136
2011	22	Huesca	3	Construcción	14	Construcción (cnae 41, 42, 43)	6049
2011	22	Huesca	4	Servicios	15	Comercio al por mayor y al por menor; reparación de vehículos de motor y motocicletas (cnae 45, 46, 47)	9614
2011	22	Huesca	4	Servicios	16	Transporte y almacenamiento (cnae 49, 50, 51, 52, 53)	1464
2011	22	Huesca	4	Servicios	17	Hostelería (cnae 55, 56)	4139
2011	22	Huesca	4	Servicios	18	Información y comunicaciones (cnae 58, 59, 60, 61, 62, 63)	385
2011	22	Huesca	4	Servicios	19	Actividades financieras y de seguros (cnae 64, 65, 66)	877
2011	22	Huesca	4	Servicios	20	Actividades inmobiliarias (cnae 68)	2893
2011	22	Huesca	4	Servicios	21	Actividades profesionales, científicas y técnicas (cnae 69, 70, 71, 72, 73, 74, 75)	2341
2011	22	Huesca	4	Servicios	22	Actividades administrativas y servicios auxliares (cnae 77, 78, 79, 80, 81, 82)	1444
2011	22	Huesca	4	Servicios	23	Educación (cnae 85)	939
2011	22	Huesca	4	Servicios	24	Actividades sanitarias y de servicios sociales (cnae 86, 87, 88)	576
2011	22	Huesca	4	Servicios	25	Actividades artísticas, recreativas y de entretenimiento (cnae 90, 91, 92, 93)	771
2011	22	Huesca	4	Servicios	26	Otros servicios (cnae 94, 95, 96)	1308
2011	44	Teruel	1	Agricultura, ganadería y pesca	01	Agricultura, ganadería, silvicultura y pesca (cnae 01, 02, 03)	1424
2011	44	Teruel	2	Industria y energía	02	Industrias extractivas (cnae 05, 06, 07, 08, 09)	157
2011	44	Teruel	2	Industria y energía	03	Industria de la alimentación, bebidas y tabaco (cnae 10, 11, 12)	448
2011	44	Teruel	2	Industria y energía	04	Industria textil, confección de prendas de vestir, cuero y calzado (cnae 13, 14, 15)	67
2011	44	Teruel	2	Industria y energía	05	Industria de la madera y corcho, papel y artes gráficas (cnae 16, 17, 18)	242
2011	44	Teruel	2	Industria y energía	06	Coquerías y refino de petróleo; industria química; productos farmacéuticos (cnae 19, 20, 21)	25
2011	44	Teruel	2	Industria y energía	07	Fabricación de productos de caucho y plástico y de otros minerales no metálicos (cnae 22, 23)	153
2011	44	Teruel	2	Industria y energía	08	Metalurgia y fabricación de productos metálicos, excepto maquinaria y equipo (cnae 24, 25)	261
2011	44	Teruel	2	Industria y energía	09	Fabricación de productos informáticos, electrónicos y ópticos; material y equipo eléctrico; maquinaria y equipo (cnae 26, 27, 28)	56
2011	44	Teruel	2	Industria y energía	10	Fabricación de material de transporte (cnae 29, 30)	25
2011	44	Teruel	2	Industria y energía	11	Fabricación de muebles; otras industrias manufactureras y reparación e instalación de maquinaria y equipo (cnae 31, 32, 33)	130
2011	44	Teruel	2	Industria y energía	12	Suministro de energía eléctrica, gas, vapor y aire acondicionado (cnae 35)	375
2011	44	Teruel	2	Industria y energía	13	Suministro de agua, actividades de saneamiento, gestión de residuos y descontaminación (cnae 36, 37, 38, 39)	90
2011	44	Teruel	3	Construcción	14	Construcción (cnae 41, 42, 43)	3716
2011	44	Teruel	4	Servicios	15	Comercio al por mayor y al por menor; reparación de vehículos de motor y motocicletas (cnae 45, 46, 47)	5359
2011	44	Teruel	4	Servicios	16	Transporte y almacenamiento (cnae 49, 50, 51, 52, 53)	919
2011	44	Teruel	4	Servicios	17	Hostelería (cnae 55, 56)	2242
2011	44	Teruel	4	Servicios	18	Información y comunicaciones (cnae 58, 59, 60, 61, 62, 63)	190
2011	44	Teruel	4	Servicios	19	Actividades financieras y de seguros (cnae 64, 65, 66)	521
2011	44	Teruel	4	Servicios	20	Actividades inmobiliarias (cnae 68)	1176
2011	44	Teruel	4	Servicios	21	Actividades profesionales, científicas y técnicas (cnae 69, 70, 71, 72, 73, 74, 75)	1123
2011	44	Teruel	4	Servicios	22	Actividades administrativas y servicios auxliares (cnae 77, 78, 79, 80, 81, 82)	698
2011	44	Teruel	4	Servicios	23	Educación (cnae 85)	356
2011	44	Teruel	4	Servicios	24	Actividades sanitarias y de servicios sociales (cnae 86, 87, 88)	290
2011	44	Teruel	4	Servicios	25	Actividades artísticas, recreativas y de entretenimiento (cnae 90, 91, 92, 93)	402
2011	44	Teruel	4	Servicios	26	Otros servicios (cnae 94, 95, 96)	703
2011	50	Zaragoza	1	Agricultura, ganadería y pesca	01	Agricultura, ganadería, silvicultura y pesca (cnae 01, 02, 03)	2830
2011	50	Zaragoza	2	Industria y energía	02	Industrias extractivas (cnae 05, 06, 07, 08, 09)	169
2011	50	Zaragoza	2	Industria y energía	03	Industria de la alimentación, bebidas y tabaco (cnae 10, 11, 12)	921
2011	50	Zaragoza	2	Industria y energía	04	Industria textil, confección de prendas de vestir, cuero y calzado (cnae 13, 14, 15)	784
2011	50	Zaragoza	2	Industria y energía	05	Industria de la madera y corcho, papel y artes gráficas (cnae 16, 17, 18)	859
2011	50	Zaragoza	2	Industria y energía	06	Coquerías y refino de petróleo; industria química; productos farmacéuticos (cnae 19, 20, 21)	180
2011	50	Zaragoza	2	Industria y energía	07	Fabricación de productos de caucho y plástico y de otros minerales no metálicos (cnae 22, 23)	529
2011	50	Zaragoza	2	Industria y energía	08	Metalurgia y fabricación de productos metálicos, excepto maquinaria y equipo (cnae 24, 25)	1821
2011	50	Zaragoza	2	Industria y energía	09	Fabricación de productos informáticos, electrónicos y ópticos; material y equipo eléctrico; maquinaria y equipo (cnae 26, 27, 28)	873
2011	50	Zaragoza	2	Industria y energía	10	Fabricación de material de transporte (cnae 29, 30)	231
2011	50	Zaragoza	2	Industria y energía	11	Fabricación de muebles; otras industrias manufactureras y reparación e instalación de maquinaria y equipo (cnae 31, 32, 33)	1331
2011	50	Zaragoza	2	Industria y energía	12	Suministro de energía eléctrica, gas, vapor y aire acondicionado (cnae 35)	1107
2011	50	Zaragoza	2	Industria y energía	13	Suministro de agua, actividades de saneamiento, gestión de residuos y descontaminación (cnae 36, 37, 38, 39)	319
2011	50	Zaragoza	3	Construcción	14	Construcción (cnae 41, 42, 43)	17833
2011	50	Zaragoza	4	Servicios	15	Comercio al por mayor y al por menor; reparación de vehículos de motor y motocicletas (cnae 45, 46, 47)	30885
2011	50	Zaragoza	4	Servicios	16	Transporte y almacenamiento (cnae 49, 50, 51, 52, 53)	6679
2011	50	Zaragoza	4	Servicios	17	Hostelería (cnae 55, 56)	8863
2011	50	Zaragoza	4	Servicios	18	Información y comunicaciones (cnae 58, 59, 60, 61, 62, 63)	1870
2011	50	Zaragoza	4	Servicios	19	Actividades financieras y de seguros (cnae 64, 65, 66)	3356
2011	50	Zaragoza	4	Servicios	20	Actividades inmobiliarias (cnae 68)	11232
2011	50	Zaragoza	4	Servicios	21	Actividades profesionales, científicas y técnicas (cnae 69, 70, 71, 72, 73, 74, 75)	11430
2011	50	Zaragoza	4	Servicios	22	Actividades administrativas y servicios auxliares (cnae 77, 78, 79, 80, 81, 82)	5874
2011	50	Zaragoza	4	Servicios	23	Educación (cnae 85)	2919
2011	50	Zaragoza	4	Servicios	24	Actividades sanitarias y de servicios sociales (cnae 86, 87, 88)	2805
2011	50	Zaragoza	4	Servicios	25	Actividades artísticas, recreativas y de entretenimiento (cnae 90, 91, 92, 93)	2524
2011	50	Zaragoza	4	Servicios	26	Otros servicios (cnae 94, 95, 96)	4975
2012	22	Huesca	1	Agricultura, ganadería y pesca	01	Agricultura, ganadería, silvicultura y pesca (cnae 01, 02, 03)	3618
2012	22	Huesca	2	Industria y energía	02	Industrias extractivas (cnae 05, 06, 07, 08, 09)	62
2012	22	Huesca	2	Industria y energía	03	Industria de la alimentación, bebidas y tabaco (cnae 10, 11, 12)	448
2012	22	Huesca	2	Industria y energía	04	Industria textil, confección de prendas de vestir, cuero y calzado (cnae 13, 14, 15)	103
2012	22	Huesca	2	Industria y energía	05	Industria de la madera y corcho, papel y artes gráficas (cnae 16, 17, 18)	275
2012	22	Huesca	2	Industria y energía	06	Coquerías y refino de petróleo; industria química; productos farmacéuticos (cnae 19, 20, 21)	79
2012	22	Huesca	2	Industria y energía	07	Fabricación de productos de caucho y plástico y de otros minerales no metálicos (cnae 22, 23)	159
2012	22	Huesca	2	Industria y energía	08	Metalurgia y fabricación de productos metálicos, excepto maquinaria y equipo (cnae 24, 25)	496
2012	22	Huesca	2	Industria y energía	09	Fabricación de productos informáticos, electrónicos y ópticos; material y equipo eléctrico; maquinaria y equipo (cnae 26, 27, 28)	135
2012	22	Huesca	2	Industria y energía	10	Fabricación de material de transporte (cnae 29, 30)	57
2012	22	Huesca	2	Industria y energía	11	Fabricación de muebles; otras industrias manufactureras y reparación e instalación de maquinaria y equipo (cnae 31, 32, 33)	251
2012	22	Huesca	2	Industria y energía	12	Suministro de energía eléctrica, gas, vapor y aire acondicionado (cnae 35)	450
2012	22	Huesca	2	Industria y energía	13	Suministro de agua, actividades de saneamiento, gestión de residuos y descontaminación (cnae 36, 37, 38, 39)	141
2012	22	Huesca	3	Construcción	14	Construcción (cnae 41, 42, 43)	5080
2012	22	Huesca	4	Servicios	15	Comercio al por mayor y al por menor; reparación de vehículos de motor y motocicletas (cnae 45, 46, 47)	9114
2012	22	Huesca	4	Servicios	16	Transporte y almacenamiento (cnae 49, 50, 51, 52, 53)	1374
2012	22	Huesca	4	Servicios	17	Hostelería (cnae 55, 56)	3648
2012	22	Huesca	4	Servicios	18	Información y comunicaciones (cnae 58, 59, 60, 61, 62, 63)	356
2012	22	Huesca	4	Servicios	19	Actividades financieras y de seguros (cnae 64, 65, 66)	841
2012	22	Huesca	4	Servicios	20	Actividades inmobiliarias (cnae 68)	2837
2012	22	Huesca	4	Servicios	21	Actividades profesionales, científicas y técnicas (cnae 69, 70, 71, 72, 73, 74, 75)	2182
2012	22	Huesca	4	Servicios	22	Actividades administrativas y servicios auxliares (cnae 77, 78, 79, 80, 81, 82)	1450
2012	22	Huesca	4	Servicios	23	Educación (cnae 85)	871
2012	22	Huesca	4	Servicios	24	Actividades sanitarias y de servicios sociales (cnae 86, 87, 88)	613
2012	22	Huesca	4	Servicios	25	Actividades artísticas, recreativas y de entretenimiento (cnae 90, 91, 92, 93)	725
2012	22	Huesca	4	Servicios	26	Otros servicios (cnae 94, 95, 96)	1251
2012	44	Teruel	1	Agricultura, ganadería y pesca	01	Agricultura, ganadería, silvicultura y pesca (cnae 01, 02, 03)	1367
2012	44	Teruel	2	Industria y energía	02	Industrias extractivas (cnae 05, 06, 07, 08, 09)	145
2012	44	Teruel	2	Industria y energía	03	Industria de la alimentación, bebidas y tabaco (cnae 10, 11, 12)	431
2012	44	Teruel	2	Industria y energía	04	Industria textil, confección de prendas de vestir, cuero y calzado (cnae 13, 14, 15)	64
2012	44	Teruel	2	Industria y energía	05	Industria de la madera y corcho, papel y artes gráficas (cnae 16, 17, 18)	231
2012	44	Teruel	2	Industria y energía	06	Coquerías y refino de petróleo; industria química; productos farmacéuticos (cnae 19, 20, 21)	34
2012	44	Teruel	2	Industria y energía	07	Fabricación de productos de caucho y plástico y de otros minerales no metálicos (cnae 22, 23)	139
2012	44	Teruel	2	Industria y energía	08	Metalurgia y fabricación de productos metálicos, excepto maquinaria y equipo (cnae 24, 25)	236
2012	44	Teruel	2	Industria y energía	09	Fabricación de productos informáticos, electrónicos y ópticos; material y equipo eléctrico; maquinaria y equipo (cnae 26, 27, 28)	54
2012	44	Teruel	2	Industria y energía	10	Fabricación de material de transporte (cnae 29, 30)	24
2012	44	Teruel	2	Industria y energía	11	Fabricación de muebles; otras industrias manufactureras y reparación e instalación de maquinaria y equipo (cnae 31, 32, 33)	122
2012	44	Teruel	2	Industria y energía	12	Suministro de energía eléctrica, gas, vapor y aire acondicionado (cnae 35)	354
2012	44	Teruel	2	Industria y energía	13	Suministro de agua, actividades de saneamiento, gestión de residuos y descontaminación (cnae 36, 37, 38, 39)	111
2012	44	Teruel	3	Construcción	14	Construcción (cnae 41, 42, 43)	3308
2012	44	Teruel	4	Servicios	15	Comercio al por mayor y al por menor; reparación de vehículos de motor y motocicletas (cnae 45, 46, 47)	5091
2012	44	Teruel	4	Servicios	16	Transporte y almacenamiento (cnae 49, 50, 51, 52, 53)	862
2012	44	Teruel	4	Servicios	17	Hostelería (cnae 55, 56)	1981
2012	44	Teruel	4	Servicios	18	Información y comunicaciones (cnae 58, 59, 60, 61, 62, 63)	180
2012	44	Teruel	4	Servicios	19	Actividades financieras y de seguros (cnae 64, 65, 66)	518
2012	44	Teruel	4	Servicios	20	Actividades inmobiliarias (cnae 68)	1167
2012	44	Teruel	4	Servicios	21	Actividades profesionales, científicas y técnicas (cnae 69, 70, 71, 72, 73, 74, 75)	1041
2012	44	Teruel	4	Servicios	22	Actividades administrativas y servicios auxliares (cnae 77, 78, 79, 80, 81, 82)	660
2012	44	Teruel	4	Servicios	23	Educación (cnae 85)	373
2012	44	Teruel	4	Servicios	24	Actividades sanitarias y de servicios sociales (cnae 86, 87, 88)	312
2012	44	Teruel	4	Servicios	25	Actividades artísticas, recreativas y de entretenimiento (cnae 90, 91, 92, 93)	353
2012	44	Teruel	4	Servicios	26	Otros servicios (cnae 94, 95, 96)	677
2012	50	Zaragoza	1	Agricultura, ganadería y pesca	01	Agricultura, ganadería, silvicultura y pesca (cnae 01, 02, 03)	2789
2012	50	Zaragoza	2	Industria y energía	02	Industrias extractivas (cnae 05, 06, 07, 08, 09)	147
2012	50	Zaragoza	2	Industria y energía	03	Industria de la alimentación, bebidas y tabaco (cnae 10, 11, 12)	882
2012	50	Zaragoza	2	Industria y energía	04	Industria textil, confección de prendas de vestir, cuero y calzado (cnae 13, 14, 15)	707
2012	50	Zaragoza	2	Industria y energía	05	Industria de la madera y corcho, papel y artes gráficas (cnae 16, 17, 18)	769
2012	50	Zaragoza	2	Industria y energía	06	Coquerías y refino de petróleo; industria química; productos farmacéuticos (cnae 19, 20, 21)	181
2012	50	Zaragoza	2	Industria y energía	07	Fabricación de productos de caucho y plástico y de otros minerales no metálicos (cnae 22, 23)	494
2012	50	Zaragoza	2	Industria y energía	08	Metalurgia y fabricación de productos metálicos, excepto maquinaria y equipo (cnae 24, 25)	1630
2012	50	Zaragoza	2	Industria y energía	09	Fabricación de productos informáticos, electrónicos y ópticos; material y equipo eléctrico; maquinaria y equipo (cnae 26, 27, 28)	803
2012	50	Zaragoza	2	Industria y energía	10	Fabricación de material de transporte (cnae 29, 30)	214
2012	50	Zaragoza	2	Industria y energía	11	Fabricación de muebles; otras industrias manufactureras y reparación e instalación de maquinaria y equipo (cnae 31, 32, 33)	1237
2012	50	Zaragoza	2	Industria y energía	12	Suministro de energía eléctrica, gas, vapor y aire acondicionado (cnae 35)	1089
2012	50	Zaragoza	2	Industria y energía	13	Suministro de agua, actividades de saneamiento, gestión de residuos y descontaminación (cnae 36, 37, 38, 39)	313
2012	50	Zaragoza	3	Construcción	14	Construcción (cnae 41, 42, 43)	14796
2012	50	Zaragoza	4	Servicios	15	Comercio al por mayor y al por menor; reparación de vehículos de motor y motocicletas (cnae 45, 46, 47)	29241
2012	50	Zaragoza	4	Servicios	16	Transporte y almacenamiento (cnae 49, 50, 51, 52, 53)	6178
2012	50	Zaragoza	4	Servicios	17	Hostelería (cnae 55, 56)	7792
2012	50	Zaragoza	4	Servicios	18	Información y comunicaciones (cnae 58, 59, 60, 61, 62, 63)	1698
2012	50	Zaragoza	4	Servicios	19	Actividades financieras y de seguros (cnae 64, 65, 66)	3089
2012	50	Zaragoza	4	Servicios	20	Actividades inmobiliarias (cnae 68)	11141
2012	50	Zaragoza	4	Servicios	21	Actividades profesionales, científicas y técnicas (cnae 69, 70, 71, 72, 73, 74, 75)	10639
2012	50	Zaragoza	4	Servicios	22	Actividades administrativas y servicios auxliares (cnae 77, 78, 79, 80, 81, 82)	5498
2012	50	Zaragoza	4	Servicios	23	Educación (cnae 85)	2881
2012	50	Zaragoza	4	Servicios	24	Actividades sanitarias y de servicios sociales (cnae 86, 87, 88)	3109
2012	50	Zaragoza	4	Servicios	25	Actividades artísticas, recreativas y de entretenimiento (cnae 90, 91, 92, 93)	2272
2012	50	Zaragoza	4	Servicios	26	Otros servicios (cnae 94, 95, 96)	4670
2013	22	Huesca	1	Agricultura, ganadería y pesca	01	Agricultura, ganadería, silvicultura y pesca (cnae 01, 02, 03)	3900
2013	22	Huesca	2	Industria y energía	02	Industrias extractivas (cnae 05, 06, 07, 08, 09)	66
2013	22	Huesca	2	Industria y energía	03	Industria de la alimentación, bebidas y tabaco (cnae 10, 11, 12)	479
2013	22	Huesca	2	Industria y energía	04	Industria textil, confección de prendas de vestir, cuero y calzado (cnae 13, 14, 15)	126
2013	22	Huesca	2	Industria y energía	05	Industria de la madera y corcho, papel y artes gráficas (cnae 16, 17, 18)	292
2013	22	Huesca	2	Industria y energía	06	Coquerías y refino de petróleo; industria química; productos farmacéuticos (cnae 19, 20, 21)	82
2013	22	Huesca	2	Industria y energía	07	Fabricación de productos de caucho y plástico y de otros minerales no metálicos (cnae 22, 23)	164
2013	22	Huesca	2	Industria y energía	08	Metalurgia y fabricación de productos metálicos, excepto maquinaria y equipo (cnae 24, 25)	524
2013	22	Huesca	2	Industria y energía	09	Fabricación de productos informáticos, electrónicos y ópticos; material y equipo eléctrico; maquinaria y equipo (cnae 26, 27, 28)	140
2013	22	Huesca	2	Industria y energía	10	Fabricación de material de transporte (cnae 29, 30)	55
2013	22	Huesca	2	Industria y energía	11	Fabricación de muebles; otras industrias manufactureras y reparación e instalación de maquinaria y equipo (cnae 31, 32, 33)	281
2013	22	Huesca	2	Industria y energía	12	Suministro de energía eléctrica, gas, vapor y aire acondicionado (cnae 35)	453
2013	22	Huesca	2	Industria y energía	13	Suministro de agua, actividades de saneamiento, gestión de residuos y descontaminación (cnae 36, 37, 38, 39)	164
2013	22	Huesca	3	Construcción	14	Construcción (cnae 41, 42, 43)	5754
2013	22	Huesca	4	Servicios	15	Comercio al por mayor y al por menor; reparación de vehículos de motor y motocicletas (cnae 45, 46, 47)	10164
2013	22	Huesca	4	Servicios	16	Transporte y almacenamiento (cnae 49, 50, 51, 52, 53)	1454
2013	22	Huesca	4	Servicios	17	Hostelería (cnae 55, 56)	4276
2013	22	Huesca	4	Servicios	18	Información y comunicaciones (cnae 58, 59, 60, 61, 62, 63)	432
2013	22	Huesca	4	Servicios	19	Actividades financieras y de seguros (cnae 64, 65, 66)	970
2013	22	Huesca	4	Servicios	20	Actividades inmobiliarias (cnae 68)	3246
2013	22	Huesca	4	Servicios	21	Actividades profesionales, científicas y técnicas (cnae 69, 70, 71, 72, 73, 74, 75)	2609
2013	22	Huesca	4	Servicios	22	Actividades administrativas y servicios auxliares (cnae 77, 78, 79, 80, 81, 82)	1722
2013	22	Huesca	4	Servicios	23	Educación (cnae 85)	1236
2013	22	Huesca	4	Servicios	24	Actividades sanitarias y de servicios sociales (cnae 86, 87, 88)	798
2013	22	Huesca	4	Servicios	25	Actividades artísticas, recreativas y de entretenimiento (cnae 90, 91, 92, 93)	989
2013	22	Huesca	4	Servicios	26	Otros servicios (cnae 94, 95, 96)	1433
2013	44	Teruel	1	Agricultura, ganadería y pesca	01	Agricultura, ganadería, silvicultura y pesca (cnae 01, 02, 03)	1478
2013	44	Teruel	2	Industria y energía	02	Industrias extractivas (cnae 05, 06, 07, 08, 09)	151
2013	44	Teruel	2	Industria y energía	03	Industria de la alimentación, bebidas y tabaco (cnae 10, 11, 12)	458
2013	44	Teruel	2	Industria y energía	04	Industria textil, confección de prendas de vestir, cuero y calzado (cnae 13, 14, 15)	66
2013	44	Teruel	2	Industria y energía	05	Industria de la madera y corcho, papel y artes gráficas (cnae 16, 17, 18)	244
2013	44	Teruel	2	Industria y energía	06	Coquerías y refino de petróleo; industria química; productos farmacéuticos (cnae 19, 20, 21)	33
2013	44	Teruel	2	Industria y energía	07	Fabricación de productos de caucho y plástico y de otros minerales no metálicos (cnae 22, 23)	149
2013	44	Teruel	2	Industria y energía	08	Metalurgia y fabricación de productos metálicos, excepto maquinaria y equipo (cnae 24, 25)	258
2013	44	Teruel	2	Industria y energía	09	Fabricación de productos informáticos, electrónicos y ópticos; material y equipo eléctrico; maquinaria y equipo (cnae 26, 27, 28)	57
2013	44	Teruel	2	Industria y energía	10	Fabricación de material de transporte (cnae 29, 30)	24
2013	44	Teruel	2	Industria y energía	11	Fabricación de muebles; otras industrias manufactureras y reparación e instalación de maquinaria y equipo (cnae 31, 32, 33)	126
2013	44	Teruel	2	Industria y energía	12	Suministro de energía eléctrica, gas, vapor y aire acondicionado (cnae 35)	360
2013	44	Teruel	2	Industria y energía	13	Suministro de agua, actividades de saneamiento, gestión de residuos y descontaminación (cnae 36, 37, 38, 39)	139
2013	44	Teruel	3	Construcción	14	Construcción (cnae 41, 42, 43)	3637
2013	44	Teruel	4	Servicios	15	Comercio al por mayor y al por menor; reparación de vehículos de motor y motocicletas (cnae 45, 46, 47)	5734
2013	44	Teruel	4	Servicios	16	Transporte y almacenamiento (cnae 49, 50, 51, 52, 53)	905
2013	44	Teruel	4	Servicios	17	Hostelería (cnae 55, 56)	2388
2013	44	Teruel	4	Servicios	18	Información y comunicaciones (cnae 58, 59, 60, 61, 62, 63)	211
2013	44	Teruel	4	Servicios	19	Actividades financieras y de seguros (cnae 64, 65, 66)	579
2013	44	Teruel	4	Servicios	20	Actividades inmobiliarias (cnae 68)	1297
2013	44	Teruel	4	Servicios	21	Actividades profesionales, científicas y técnicas (cnae 69, 70, 71, 72, 73, 74, 75)	1223
2013	44	Teruel	4	Servicios	22	Actividades administrativas y servicios auxliares (cnae 77, 78, 79, 80, 81, 82)	754
2013	44	Teruel	4	Servicios	23	Educación (cnae 85)	532
2013	44	Teruel	4	Servicios	24	Actividades sanitarias y de servicios sociales (cnae 86, 87, 88)	389
2013	44	Teruel	4	Servicios	25	Actividades artísticas, recreativas y de entretenimiento (cnae 90, 91, 92, 93)	439
2013	44	Teruel	4	Servicios	26	Otros servicios (cnae 94, 95, 96)	772
2013	50	Zaragoza	1	Agricultura, ganadería y pesca	01	Agricultura, ganadería, silvicultura y pesca (cnae 01, 02, 03)	3099
2013	50	Zaragoza	2	Industria y energía	02	Industrias extractivas (cnae 05, 06, 07, 08, 09)	145
2013	50	Zaragoza	2	Industria y energía	03	Industria de la alimentación, bebidas y tabaco (cnae 10, 11, 12)	938
2013	50	Zaragoza	2	Industria y energía	04	Industria textil, confección de prendas de vestir, cuero y calzado (cnae 13, 14, 15)	801
2013	50	Zaragoza	2	Industria y energía	05	Industria de la madera y corcho, papel y artes gráficas (cnae 16, 17, 18)	854
2013	50	Zaragoza	2	Industria y energía	06	Coquerías y refino de petróleo; industria química; productos farmacéuticos (cnae 19, 20, 21)	187
2013	50	Zaragoza	2	Industria y energía	07	Fabricación de productos de caucho y plástico y de otros minerales no metálicos (cnae 22, 23)	509
2013	50	Zaragoza	2	Industria y energía	08	Metalurgia y fabricación de productos metálicos, excepto maquinaria y equipo (cnae 24, 25)	1688
2013	50	Zaragoza	2	Industria y energía	09	Fabricación de productos informáticos, electrónicos y ópticos; material y equipo eléctrico; maquinaria y equipo (cnae 26, 27, 28)	833
2013	50	Zaragoza	2	Industria y energía	10	Fabricación de material de transporte (cnae 29, 30)	227
2013	50	Zaragoza	2	Industria y energía	11	Fabricación de muebles; otras industrias manufactureras y reparación e instalación de maquinaria y equipo (cnae 31, 32, 33)	1358
2013	50	Zaragoza	2	Industria y energía	12	Suministro de energía eléctrica, gas, vapor y aire acondicionado (cnae 35)	1093
2013	50	Zaragoza	2	Industria y energía	13	Suministro de agua, actividades de saneamiento, gestión de residuos y descontaminación (cnae 36, 37, 38, 39)	395
2013	50	Zaragoza	3	Construcción	14	Construcción (cnae 41, 42, 43)	16923
2013	50	Zaragoza	4	Servicios	15	Comercio al por mayor y al por menor; reparación de vehículos de motor y motocicletas (cnae 45, 46, 47)	33578
2013	50	Zaragoza	4	Servicios	16	Transporte y almacenamiento (cnae 49, 50, 51, 52, 53)	6641
2013	50	Zaragoza	4	Servicios	17	Hostelería (cnae 55, 56)	9337
2013	50	Zaragoza	4	Servicios	18	Información y comunicaciones (cnae 58, 59, 60, 61, 62, 63)	2103
2013	50	Zaragoza	4	Servicios	19	Actividades financieras y de seguros (cnae 64, 65, 66)	3679
2013	50	Zaragoza	4	Servicios	20	Actividades inmobiliarias (cnae 68)	12489
2013	50	Zaragoza	4	Servicios	21	Actividades profesionales, científicas y técnicas (cnae 69, 70, 71, 72, 73, 74, 75)	12753
2013	50	Zaragoza	4	Servicios	22	Actividades administrativas y servicios auxliares (cnae 77, 78, 79, 80, 81, 82)	6445
2013	50	Zaragoza	4	Servicios	23	Educación (cnae 85)	3943
2013	50	Zaragoza	4	Servicios	24	Actividades sanitarias y de servicios sociales (cnae 86, 87, 88)	4225
2013	50	Zaragoza	4	Servicios	25	Actividades artísticas, recreativas y de entretenimiento (cnae 90, 91, 92, 93)	2946
2013	50	Zaragoza	4	Servicios	26	Otros servicios (cnae 94, 95, 96)	5437