Municipio código	Municipio nombre	Personalidad jurídica	Explotaciones
22001	Abiego	Otras condiciones jurídicas	3
22001	Abiego	Persona física	50
22002	Abizanda	Entidad pública	1
22002	Abizanda	Persona física	25
22002	Abizanda	Sociedad mercantil	1
22003	Adahuesca	Otras condiciones jurídicas	7
22003	Adahuesca	Persona física	42
22003	Adahuesca	Sociedad mercantil	7
22004	Agüero	Persona física	25
22004	Agüero	Sociedad cooperativa	1
22006	Aísa	Entidad pública	4
22006	Aísa	Persona física	16
22007	Albalate de Cinca	Entidad pública	1
22007	Albalate de Cinca	Otras condiciones jurídicas	6
22007	Albalate de Cinca	Persona física	126
22007	Albalate de Cinca	Sociedad cooperativa	2
22007	Albalate de Cinca	Sociedad mercantil	19
22008	Albalatillo	Otras condiciones jurídicas	1
22008	Albalatillo	Persona física	10
22008	Albalatillo	Sociedad mercantil	6
22009	Albelda	Otras condiciones jurídicas	19
22009	Albelda	Persona física	224
22009	Albelda	Sociedad mercantil	16
22011	Albero Alto	Otras condiciones jurídicas	1
22011	Albero Alto	Persona física	19
22011	Albero Alto	Sociedad mercantil	1
22012	Albero Bajo	Otras condiciones jurídicas	1
22012	Albero Bajo	Persona física	29
22012	Albero Bajo	Sociedad mercantil	2
22013	Alberuela de Tubo	Entidad pública	1
22013	Alberuela de Tubo	Otras condiciones jurídicas	6
22013	Alberuela de Tubo	Persona física	34
22014	Alcalá de Gurrea	Otras condiciones jurídicas	3
22014	Alcalá de Gurrea	Persona física	35
22014	Alcalá de Gurrea	Sociedad cooperativa	1
22014	Alcalá de Gurrea	Sociedad mercantil	5
22015	Alcalá del Obispo	Entidad pública	1
22015	Alcalá del Obispo	Otras condiciones jurídicas	6
22015	Alcalá del Obispo	Persona física	69
22015	Alcalá del Obispo	Sociedad mercantil	4
22016	Alcampell	Otras condiciones jurídicas	21
22016	Alcampell	Persona física	160
22016	Alcampell	Sociedad cooperativa	1
22016	Alcampell	Sociedad mercantil	13
22017	Alcolea de Cinca	Entidad pública	1
22017	Alcolea de Cinca	Otras condiciones jurídicas	20
22017	Alcolea de Cinca	Persona física	139
22017	Alcolea de Cinca	Sociedad mercantil	4
22018	Alcubierre	Otras condiciones jurídicas	10
22018	Alcubierre	Persona física	67
22018	Alcubierre	Sociedad mercantil	2
22019	Alerre	Otras condiciones jurídicas	1
22019	Alerre	Persona física	13
22020	Alfántega	Entidad pública	2
22020	Alfántega	Otras condiciones jurídicas	1
22020	Alfántega	Persona física	19
22020	Alfántega	Sociedad mercantil	1
22021	Almudévar	Entidad pública	1
22021	Almudévar	Otras condiciones jurídicas	25
22021	Almudévar	Persona física	295
22021	Almudévar	Sociedad cooperativa	2
22021	Almudévar	Sociedad mercantil	8
22022	Almunia de San Juan	Entidad pública	1
22022	Almunia de San Juan	Otras condiciones jurídicas	2
22022	Almunia de San Juan	Persona física	69
22022	Almunia de San Juan	Sociedad mercantil	5
22023	Almuniente	Otras condiciones jurídicas	10
22023	Almuniente	Persona física	94
22023	Almuniente	Sociedad mercantil	3
22024	Alquézar	Persona física	54
22024	Alquézar	Sociedad mercantil	1
22025	Altorricón	Otras condiciones jurídicas	21
22025	Altorricón	Persona física	142
22025	Altorricón	Sociedad cooperativa	2
22025	Altorricón	Sociedad mercantil	15
22027	Angüés	Otras condiciones jurídicas	3
22027	Angüés	Persona física	59
22027	Angüés	Sociedad mercantil	3
22028	Ansó	Entidad pública	1
22028	Ansó	Otras condiciones jurídicas	2
22028	Ansó	Persona física	22
22029	Antillón	Entidad pública	1
22029	Antillón	Persona física	36
22029	Antillón	Sociedad mercantil	3
22032	Aragüés del Puerto	Entidad pública	1
22032	Aragüés del Puerto	Persona física	8
22035	Arén	Entidad pública	1
22035	Arén	Otras condiciones jurídicas	15
22035	Arén	Persona física	62
22035	Arén	Sociedad mercantil	7
22036	Argavieso	Otras condiciones jurídicas	3
22036	Argavieso	Persona física	24
22036	Argavieso	Sociedad mercantil	1
22037	Arguis	Persona física	10
22037	Arguis	Sociedad mercantil	4
22039	Ayerbe	Entidad pública	1
22039	Ayerbe	Persona física	88
22039	Ayerbe	Sociedad mercantil	2
22040	Azanuy-Alins	Otras condiciones jurídicas	2
22040	Azanuy-Alins	Persona física	58
22040	Azanuy-Alins	Sociedad mercantil	2
22041	Azara	Persona física	39
22042	Azlor	Persona física	40
22043	Baells	Entidad pública	1
22043	Baells	Otras condiciones jurídicas	2
22043	Baells	Persona física	42
22043	Baells	Sociedad mercantil	1
22044	Bailo	Entidad pública	4
22044	Bailo	Otras condiciones jurídicas	6
22044	Bailo	Persona física	59
22044	Bailo	Sociedad cooperativa	1
22044	Bailo	Sociedad mercantil	1
22045	Baldellou	Persona física	49
22045	Baldellou	Sociedad mercantil	2
22046	Ballobar	Entidad pública	1
22046	Ballobar	Otras condiciones jurídicas	11
22046	Ballobar	Persona física	134
22046	Ballobar	Sociedad mercantil	1
22047	Banastás	Otras condiciones jurídicas	2
22047	Banastás	Persona física	3
22048	Barbastro	Entidad pública	1
22048	Barbastro	Otras condiciones jurídicas	12
22048	Barbastro	Persona física	342
22048	Barbastro	Sociedad cooperativa	3
22048	Barbastro	Sociedad mercantil	16
22049	Barbués	Otras condiciones jurídicas	1
22049	Barbués	Persona física	28
22049	Barbués	Sociedad mercantil	2
22050	Barbuñales	Otras condiciones jurídicas	1
22050	Barbuñales	Persona física	24
22051	Bárcabo	Entidad pública	1
22051	Bárcabo	Otras condiciones jurídicas	15
22051	Bárcabo	Persona física	51
22051	Bárcabo	Sociedad mercantil	1
22052	Belver de Cinca	Entidad pública	1
22052	Belver de Cinca	Otras condiciones jurídicas	19
22052	Belver de Cinca	Persona física	203
22052	Belver de Cinca	Sociedad cooperativa	1
22052	Belver de Cinca	Sociedad mercantil	7
22053	Benabarre	Otras condiciones jurídicas	23
22053	Benabarre	Persona física	123
22053	Benabarre	Sociedad mercantil	18
22054	Benasque	Entidad pública	1
22054	Benasque	Otras condiciones jurídicas	6
22054	Benasque	Persona física	24
22054	Benasque	Sociedad cooperativa	1
22054	Benasque	Sociedad mercantil	8
22055	Berbegal	Otras condiciones jurídicas	3
22055	Berbegal	Persona física	81
22055	Berbegal	Sociedad cooperativa	1
22055	Berbegal	Sociedad mercantil	4
22057	Bielsa	Entidad pública	1
22057	Bielsa	Persona física	24
22058	Bierge	Entidad pública	1
22058	Bierge	Otras condiciones jurídicas	15
22058	Bierge	Persona física	85
22058	Bierge	Sociedad mercantil	10
22059	Biescas	Entidad pública	7
22059	Biescas	Otras condiciones jurídicas	3
22059	Biescas	Persona física	74
22060	Binaced	Entidad pública	1
22060	Binaced	Otras condiciones jurídicas	21
22060	Binaced	Persona física	229
22060	Binaced	Sociedad cooperativa	1
22060	Binaced	Sociedad mercantil	20
22061	Binéfar	Otras condiciones jurídicas	7
22061	Binéfar	Persona física	156
22061	Binéfar	Sociedad cooperativa	1
22061	Binéfar	Sociedad mercantil	17
22062	Bisaurri	Entidad pública	5
22062	Bisaurri	Persona física	42
22062	Bisaurri	Sociedad cooperativa	1
22063	Biscarrués	Otras condiciones jurídicas	1
22063	Biscarrués	Persona física	49
22064	Blecua y Torres	Otras condiciones jurídicas	2
22064	Blecua y Torres	Persona física	38
22064	Blecua y Torres	Sociedad mercantil	3
22066	Boltaña	Entidad pública	2
22066	Boltaña	Otras condiciones jurídicas	4
22066	Boltaña	Persona física	38
22066	Boltaña	Sociedad mercantil	2
22067	Bonansa	Otras condiciones jurídicas	1
22067	Bonansa	Persona física	12
22068	Borau	Entidad pública	1
22068	Borau	Persona física	5
22069	Broto	Entidad pública	2
22069	Broto	Otras condiciones jurídicas	1
22069	Broto	Persona física	45
22069	Broto	Sociedad mercantil	1
22072	Caldearenas	Entidad pública	2
22072	Caldearenas	Otras condiciones jurídicas	5
22072	Caldearenas	Persona física	53
22072	Caldearenas	Sociedad mercantil	4
22074	Campo	Otras condiciones jurídicas	2
22074	Campo	Persona física	10
22074	Campo	Sociedad mercantil	1
22075	Camporrells	Entidad pública	1
22075	Camporrells	Otras condiciones jurídicas	6
22075	Camporrells	Persona física	41
22076	Canal de Berdún	Entidad pública	2
22076	Canal de Berdún	Otras condiciones jurídicas	2
22076	Canal de Berdún	Persona física	93
22076	Canal de Berdún	Sociedad cooperativa	1
22076	Canal de Berdún	Sociedad mercantil	4
22077	Candasnos	Otras condiciones jurídicas	4
22077	Candasnos	Persona física	95
22077	Candasnos	Sociedad mercantil	3
22078	Canfranc	Entidad pública	1
22078	Canfranc	Persona física	3
22079	Capdesaso	Otras condiciones jurídicas	3
22079	Capdesaso	Persona física	19
22079	Capdesaso	Sociedad mercantil	1
22080	Capella	Entidad pública	1
22080	Capella	Otras condiciones jurídicas	2
22080	Capella	Persona física	57
22080	Capella	Sociedad mercantil	5
22081	Casbas de Huesca	Otras condiciones jurídicas	5
22081	Casbas de Huesca	Persona física	91
22081	Casbas de Huesca	Sociedad cooperativa	1
22081	Casbas de Huesca	Sociedad mercantil	2
22082	Castejón del Puente	Entidad pública	3
22082	Castejón del Puente	Otras condiciones jurídicas	4
22082	Castejón del Puente	Persona física	44
22082	Castejón del Puente	Sociedad mercantil	2
22083	Castejón de Monegros	Entidad pública	1
22083	Castejón de Monegros	Otras condiciones jurídicas	9
22083	Castejón de Monegros	Persona física	113
22083	Castejón de Monegros	Sociedad mercantil	4
22084	Castejón de Sos	Entidad pública	2
22084	Castejón de Sos	Otras condiciones jurídicas	4
22084	Castejón de Sos	Persona física	21
22084	Castejón de Sos	Sociedad mercantil	1
22085	Castelflorite	Otras condiciones jurídicas	2
22085	Castelflorite	Persona física	38
22085	Castelflorite	Sociedad cooperativa	1
22085	Castelflorite	Sociedad mercantil	1
22086	Castiello de Jaca	Entidad pública	2
22086	Castiello de Jaca	Persona física	12
22086	Castiello de Jaca	Sociedad mercantil	1
22087	Castigaleu	Otras condiciones jurídicas	3
22087	Castigaleu	Persona física	16
22087	Castigaleu	Sociedad mercantil	1
22088	Castillazuelo	Persona física	45
22088	Castillazuelo	Sociedad mercantil	1
22089	Castillonroy	Entidad pública	1
22089	Castillonroy	Otras condiciones jurídicas	6
22089	Castillonroy	Persona física	66
22089	Castillonroy	Sociedad mercantil	4
22090	Colungo	Entidad pública	1
22090	Colungo	Otras condiciones jurídicas	1
22090	Colungo	Persona física	41
22094	Chalamera	Entidad pública	1
22094	Chalamera	Otras condiciones jurídicas	6
22094	Chalamera	Persona física	21
22095	Chía	Entidad pública	1
22095	Chía	Otras condiciones jurídicas	1
22095	Chía	Persona física	9
22095	Chía	Sociedad mercantil	1
22096	Chimillas	Otras condiciones jurídicas	1
22096	Chimillas	Persona física	11
22099	Esplús	Otras condiciones jurídicas	10
22099	Esplús	Persona física	88
22099	Esplús	Sociedad mercantil	19
22102	Estada	Entidad pública	1
22102	Estada	Persona física	26
22102	Estada	Sociedad mercantil	4
22103	Estadilla	Entidad pública	1
22103	Estadilla	Otras condiciones jurídicas	8
22103	Estadilla	Persona física	117
22103	Estadilla	Sociedad cooperativa	1
22103	Estadilla	Sociedad mercantil	4
22105	Estopiñán del Castillo	Entidad pública	1
22105	Estopiñán del Castillo	Otras condiciones jurídicas	2
22105	Estopiñán del Castillo	Persona física	73
22105	Estopiñán del Castillo	Sociedad mercantil	9
22106	Fago	Persona física	1
22107	Fanlo	Entidad pública	4
22107	Fanlo	Otras condiciones jurídicas	10
22107	Fanlo	Persona física	14
22107	Fanlo	Sociedad mercantil	3
22109	Fiscal	Entidad pública	2
22109	Fiscal	Otras condiciones jurídicas	1
22109	Fiscal	Persona física	32
22109	Fiscal	Sociedad mercantil	1
22110	Fonz	Entidad pública	2
22110	Fonz	Otras condiciones jurídicas	14
22110	Fonz	Persona física	156
22110	Fonz	Sociedad mercantil	8
22111	Foradada del Toscar	Entidad pública	1
22111	Foradada del Toscar	Otras condiciones jurídicas	8
22111	Foradada del Toscar	Persona física	53
22111	Foradada del Toscar	Sociedad cooperativa	1
22111	Foradada del Toscar	Sociedad mercantil	6
22112	Fraga	Entidad pública	2
22112	Fraga	Otras condiciones jurídicas	58
22112	Fraga	Persona física	706
22112	Fraga	Sociedad cooperativa	5
22112	Fraga	Sociedad mercantil	60
22113	Fueva (La)	Entidad pública	1
22113	Fueva (La)	Otras condiciones jurídicas	14
22113	Fueva (La)	Persona física	103
22113	Fueva (La)	Sociedad mercantil	10
22114	Gistaín	Entidad pública	1
22114	Gistaín	Persona física	33
22115	Grado (El)	Entidad pública	1
22115	Grado (El)	Otras condiciones jurídicas	2
22115	Grado (El)	Persona física	100
22115	Grado (El)	Sociedad mercantil	1
22116	Grañén	Entidad pública	1
22116	Grañén	Otras condiciones jurídicas	16
22116	Grañén	Persona física	170
22116	Grañén	Sociedad cooperativa	1
22116	Grañén	Sociedad mercantil	18
22117	Graus	Entidad pública	2
22117	Graus	Otras condiciones jurídicas	24
22117	Graus	Persona física	250
22117	Graus	Sociedad mercantil	7
22119	Gurrea de Gállego	Entidad pública	3
22119	Gurrea de Gállego	Otras condiciones jurídicas	15
22119	Gurrea de Gállego	Persona física	183
22119	Gurrea de Gállego	Sociedad cooperativa	3
22119	Gurrea de Gállego	Sociedad mercantil	7
22122	Hoz de Jaca	Entidad pública	1
22122	Hoz de Jaca	Persona física	4
22124	Huerto	Otras condiciones jurídicas	7
22124	Huerto	Persona física	77
22124	Huerto	Sociedad mercantil	3
22125	Huesca	Entidad pública	3
22125	Huesca	Otras condiciones jurídicas	22
22125	Huesca	Persona física	269
22125	Huesca	Sociedad mercantil	22
22126	Ibieca	Otras condiciones jurídicas	3
22126	Ibieca	Persona física	19
22126	Ibieca	Sociedad mercantil	1
22127	Igriés	Entidad pública	1
22127	Igriés	Persona física	28
22127	Igriés	Sociedad mercantil	2
22128	Ilche	Otras condiciones jurídicas	6
22128	Ilche	Persona física	78
22128	Ilche	Sociedad cooperativa	1
22128	Ilche	Sociedad mercantil	3
22129	Isábena	Entidad pública	1
22129	Isábena	Otras condiciones jurídicas	6
22129	Isábena	Persona física	43
22129	Isábena	Sociedad cooperativa	1
22129	Isábena	Sociedad mercantil	2
22130	Jaca	Entidad pública	2
22130	Jaca	Otras condiciones jurídicas	4
22130	Jaca	Persona física	196
22130	Jaca	Sociedad cooperativa	1
22130	Jaca	Sociedad mercantil	3
22131	Jasa	Persona física	6
22133	Labuerda	Persona física	9
22135	Laluenga	Otras condiciones jurídicas	2
22135	Laluenga	Persona física	56
22136	Lalueza	Otras condiciones jurídicas	8
22136	Lalueza	Persona física	181
22136	Lalueza	Sociedad mercantil	7
22137	Lanaja	Otras condiciones jurídicas	17
22137	Lanaja	Persona física	215
22137	Lanaja	Sociedad mercantil	2
22139	Laperdiguera	Otras condiciones jurídicas	1
22139	Laperdiguera	Persona física	20
22141	Lascellas-Ponzano	Otras condiciones jurídicas	4
22141	Lascellas-Ponzano	Persona física	40
22141	Lascellas-Ponzano	Sociedad mercantil	4
22142	Lascuarre	Entidad pública	1
22142	Lascuarre	Otras condiciones jurídicas	1
22142	Lascuarre	Persona física	26
22142	Lascuarre	Sociedad mercantil	1
22143	Laspaúles	Entidad pública	2
22143	Laspaúles	Otras condiciones jurídicas	1
22143	Laspaúles	Persona física	35
22144	Laspuña	Entidad pública	1
22144	Laspuña	Persona física	31
22149	Loarre	Entidad pública	1
22149	Loarre	Otras condiciones jurídicas	2
22149	Loarre	Persona física	77
22149	Loarre	Sociedad cooperativa	1
22150	Loporzano	Entidad pública	1
22150	Loporzano	Otras condiciones jurídicas	1
22150	Loporzano	Persona física	108
22150	Loporzano	Sociedad mercantil	6
22151	Loscorrales	Persona física	37
22155	Monesma y Cajigar	Entidad pública	2
22155	Monesma y Cajigar	Otras condiciones jurídicas	4
22155	Monesma y Cajigar	Persona física	25
22155	Monesma y Cajigar	Sociedad mercantil	1
22156	Monflorite-Lascasas	Entidad pública	1
22156	Monflorite-Lascasas	Otras condiciones jurídicas	4
22156	Monflorite-Lascasas	Persona física	38
22156	Monflorite-Lascasas	Sociedad mercantil	2
22157	Montanuy	Entidad pública	2
22157	Montanuy	Otras condiciones jurídicas	8
22157	Montanuy	Persona física	73
22157	Montanuy	Sociedad mercantil	15
22158	Monzón	Entidad pública	2
22158	Monzón	Otras condiciones jurídicas	33
22158	Monzón	Persona física	411
22158	Monzón	Sociedad cooperativa	1
22158	Monzón	Sociedad mercantil	30
22160	Naval	Entidad pública	1
22160	Naval	Otras condiciones jurídicas	4
22160	Naval	Persona física	32
22160	Naval	Sociedad cooperativa	1
22162	Novales	Entidad pública	1
22162	Novales	Persona física	23
22163	Nueno	Entidad pública	1
22163	Nueno	Otras condiciones jurídicas	9
22163	Nueno	Persona física	55
22163	Nueno	Sociedad mercantil	3
22164	Olvena	Entidad pública	1
22164	Olvena	Persona física	22
22165	Ontiñena	Entidad pública	1
22165	Ontiñena	Otras condiciones jurídicas	11
22165	Ontiñena	Persona física	122
22165	Ontiñena	Sociedad cooperativa	1
22165	Ontiñena	Sociedad mercantil	3
22167	Osso de Cinca	Entidad pública	1
22167	Osso de Cinca	Otras condiciones jurídicas	13
22167	Osso de Cinca	Persona física	103
22167	Osso de Cinca	Sociedad mercantil	7
22168	Palo	Persona física	11
22168	Palo	Sociedad mercantil	1
22170	Panticosa	Entidad pública	2
22170	Panticosa	Persona física	17
22172	Peñalba	Otras condiciones jurídicas	9
22172	Peñalba	Persona física	118
22172	Peñalba	Sociedad cooperativa	2
22172	Peñalba	Sociedad mercantil	8
22173	Peñas de Riglos (Las)	Entidad pública	1
22173	Peñas de Riglos (Las)	Otras condiciones jurídicas	4
22173	Peñas de Riglos (Las)	Persona física	45
22174	Peralta de Alcofea	Otras condiciones jurídicas	9
22174	Peralta de Alcofea	Persona física	128
22174	Peralta de Alcofea	Sociedad cooperativa	1
22174	Peralta de Alcofea	Sociedad mercantil	3
22175	Peralta de Calasanz	Entidad pública	1
22175	Peralta de Calasanz	Otras condiciones jurídicas	6
22175	Peralta de Calasanz	Persona física	97
22175	Peralta de Calasanz	Sociedad mercantil	2
22176	Peraltilla	Otras condiciones jurídicas	1
22176	Peraltilla	Persona física	36
22177	Perarrúa	Otras condiciones jurídicas	3
22177	Perarrúa	Persona física	18
22177	Perarrúa	Sociedad mercantil	4
22178	Pertusa	Otras condiciones jurídicas	3
22178	Pertusa	Persona física	28
22178	Pertusa	Sociedad mercantil	2
22181	Piracés	Otras condiciones jurídicas	1
22181	Piracés	Persona física	21
22181	Piracés	Sociedad mercantil	3
22182	Plan	Entidad pública	2
22182	Plan	Otras condiciones jurídicas	2
22182	Plan	Persona física	36
22184	Poleñino	Otras condiciones jurídicas	5
22184	Poleñino	Persona física	49
22184	Poleñino	Sociedad mercantil	1
22186	Pozán de Vero	Entidad pública	1
22186	Pozán de Vero	Otras condiciones jurídicas	1
22186	Pozán de Vero	Persona física	57
22186	Pozán de Vero	Sociedad mercantil	1
22187	Puebla de Castro (La)	Entidad pública	1
22187	Puebla de Castro (La)	Otras condiciones jurídicas	1
22187	Puebla de Castro (La)	Persona física	38
22188	Puente de Montañana	Entidad pública	1
22188	Puente de Montañana	Persona física	8
22188	Puente de Montañana	Sociedad mercantil	1
22189	Puértolas	Entidad pública	1
22189	Puértolas	Otras condiciones jurídicas	2
22189	Puértolas	Persona física	22
22190	Pueyo de Araguás (El)	Entidad pública	2
22190	Pueyo de Araguás (El)	Otras condiciones jurídicas	2
22190	Pueyo de Araguás (El)	Persona física	31
22190	Pueyo de Araguás (El)	Sociedad cooperativa	1
22193	Pueyo de Santa Cruz	Entidad pública	2
22193	Pueyo de Santa Cruz	Otras condiciones jurídicas	4
22193	Pueyo de Santa Cruz	Persona física	30
22195	Quicena	Otras condiciones jurídicas	3
22195	Quicena	Persona física	11
22195	Quicena	Sociedad mercantil	1
22197	Robres	Otras condiciones jurídicas	8
22197	Robres	Persona física	116
22197	Robres	Sociedad mercantil	7
22199	Sabiñánigo	Entidad pública	1
22199	Sabiñánigo	Otras condiciones jurídicas	17
22199	Sabiñánigo	Persona física	144
22199	Sabiñánigo	Sociedad cooperativa	3
22199	Sabiñánigo	Sociedad mercantil	5
22200	Sahún	Entidad pública	1
22200	Sahún	Otras condiciones jurídicas	2
22200	Sahún	Persona física	22
22201	Salas Altas	Otras condiciones jurídicas	1
22201	Salas Altas	Persona física	95
22201	Salas Altas	Sociedad mercantil	1
22202	Salas Bajas	Persona física	45
22203	Salillas	Otras condiciones jurídicas	3
22203	Salillas	Persona física	17
22203	Salillas	Sociedad mercantil	1
22204	Sallent de Gállego	Entidad pública	4
22204	Sallent de Gállego	Otras condiciones jurídicas	1
22204	Sallent de Gállego	Persona física	59
22205	San Esteban de Litera	Entidad pública	1
22205	San Esteban de Litera	Otras condiciones jurídicas	17
22205	San Esteban de Litera	Persona física	209
22205	San Esteban de Litera	Sociedad mercantil	13
22206	Sangarrén	Otras condiciones jurídicas	6
22206	Sangarrén	Persona física	37
22206	Sangarrén	Sociedad cooperativa	1
22206	Sangarrén	Sociedad mercantil	3
22207	San Juan de Plan	Entidad pública	1
22207	San Juan de Plan	Otras condiciones jurídicas	1
22207	San Juan de Plan	Persona física	22
22208	Santa Cilia	Entidad pública	2
22208	Santa Cilia	Persona física	28
22208	Santa Cilia	Sociedad cooperativa	1
22209	Santa Cruz de la Serós	Entidad pública	1
22209	Santa Cruz de la Serós	Persona física	21
22212	Santaliestra y San Quílez	Entidad pública	1
22212	Santaliestra y San Quílez	Otras condiciones jurídicas	3
22212	Santaliestra y San Quílez	Persona física	10
22213	Sariñena	Otras condiciones jurídicas	17
22213	Sariñena	Persona física	352
22213	Sariñena	Sociedad cooperativa	2
22213	Sariñena	Sociedad mercantil	12
22214	Secastilla	Otras condiciones jurídicas	1
22214	Secastilla	Persona física	23
22214	Secastilla	Sociedad cooperativa	1
22215	Seira	Entidad pública	4
22215	Seira	Otras condiciones jurídicas	3
22215	Seira	Persona física	16
22217	Sena	Entidad pública	2
22217	Sena	Otras condiciones jurídicas	6
22217	Sena	Persona física	120
22217	Sena	Sociedad cooperativa	1
22217	Sena	Sociedad mercantil	3
22218	Senés de Alcubierre	Persona física	17
22218	Senés de Alcubierre	Sociedad mercantil	4
22220	Sesa	Otras condiciones jurídicas	3
22220	Sesa	Persona física	30
22220	Sesa	Sociedad mercantil	1
22221	Sesué	Otras condiciones jurídicas	1
22221	Sesué	Persona física	8
22221	Sesué	Sociedad mercantil	2
22222	Siétamo	Entidad pública	1
22222	Siétamo	Persona física	58
22222	Siétamo	Sociedad mercantil	1
22223	Sopeira	Entidad pública	2
22223	Sopeira	Persona física	18
22223	Sopeira	Sociedad mercantil	2
22225	Tamarite de Litera	Entidad pública	1
22225	Tamarite de Litera	Otras condiciones jurídicas	56
22225	Tamarite de Litera	Persona física	389
22225	Tamarite de Litera	Sociedad mercantil	34
22226	Tardienta	Otras condiciones jurídicas	5
22226	Tardienta	Persona física	73
22227	Tella-Sin	Entidad pública	2
22227	Tella-Sin	Otras condiciones jurídicas	3
22227	Tella-Sin	Persona física	17
22228	Tierz	Otras condiciones jurídicas	1
22228	Tierz	Persona física	13
22228	Tierz	Sociedad mercantil	2
22229	Tolva	Entidad pública	1
22229	Tolva	Otras condiciones jurídicas	4
22229	Tolva	Persona física	51
22229	Tolva	Sociedad mercantil	4
22230	Torla	Entidad pública	3
22230	Torla	Otras condiciones jurídicas	1
22230	Torla	Persona física	30
22230	Torla	Sociedad mercantil	1
22232	Torralba de Aragón	Otras condiciones jurídicas	5
22232	Torralba de Aragón	Persona física	39
22232	Torralba de Aragón	Sociedad mercantil	2
22233	Torre la Ribera	Otras condiciones jurídicas	1
22233	Torre la Ribera	Persona física	22
22234	Torrente de Cinca	Entidad pública	1
22234	Torrente de Cinca	Otras condiciones jurídicas	6
22234	Torrente de Cinca	Persona física	79
22234	Torrente de Cinca	Sociedad cooperativa	2
22234	Torrente de Cinca	Sociedad mercantil	4
22235	Torres de Alcanadre	Otras condiciones jurídicas	2
22235	Torres de Alcanadre	Persona física	21
22236	Torres de Barbués	Otras condiciones jurídicas	6
22236	Torres de Barbués	Persona física	38
22236	Torres de Barbués	Sociedad cooperativa	1
22236	Torres de Barbués	Sociedad mercantil	1
22239	Tramaced	Otras condiciones jurídicas	7
22239	Tramaced	Persona física	20
22239	Tramaced	Sociedad mercantil	2
22242	Valfarta	Otras condiciones jurídicas	2
22242	Valfarta	Persona física	28
22243	Valle de Bardají	Otras condiciones jurídicas	4
22243	Valle de Bardají	Persona física	19
22243	Valle de Bardají	Sociedad mercantil	6
22244	Valle de Lierp	Entidad pública	1
22244	Valle de Lierp	Otras condiciones jurídicas	5
22244	Valle de Lierp	Persona física	25
22244	Valle de Lierp	Sociedad mercantil	3
22245	Velilla de Cinca	Entidad pública	1
22245	Velilla de Cinca	Persona física	49
22245	Velilla de Cinca	Sociedad mercantil	3
22246	Veracruz	Entidad pública	1
22246	Veracruz	Persona física	18
22246	Veracruz	Sociedad mercantil	1
22247	Viacamp y Litera	Entidad pública	1
22247	Viacamp y Litera	Otras condiciones jurídicas	5
22247	Viacamp y Litera	Persona física	29
22247	Viacamp y Litera	Sociedad mercantil	7
22248	Vicién	Entidad pública	1
22248	Vicién	Otras condiciones jurídicas	2
22248	Vicién	Persona física	7
22248	Vicién	Sociedad cooperativa	1
22249	Villanova	Entidad pública	1
22249	Villanova	Persona física	7
22250	Villanúa	Entidad pública	2
22250	Villanúa	Persona física	10
22250	Villanúa	Sociedad mercantil	1
22251	Villanueva de Sigena	Entidad pública	1
22251	Villanueva de Sigena	Otras condiciones jurídicas	5
22251	Villanueva de Sigena	Persona física	100
22251	Villanueva de Sigena	Sociedad cooperativa	1
22251	Villanueva de Sigena	Sociedad mercantil	15
22252	Yebra de Basa	Entidad pública	1
22252	Yebra de Basa	Otras condiciones jurídicas	2
22252	Yebra de Basa	Persona física	23
22253	Yésero	Entidad pública	1
22253	Yésero	Persona física	2
22254	Zaidín	Entidad pública	1
22254	Zaidín	Otras condiciones jurídicas	33
22254	Zaidín	Persona física	268
22254	Zaidín	Sociedad mercantil	22
22901	Valle de Hecho	Entidad pública	1
22901	Valle de Hecho	Otras condiciones jurídicas	1
22901	Valle de Hecho	Persona física	62
22902	Puente la Reina de Jaca	Entidad pública	2
22902	Puente la Reina de Jaca	Persona física	43
22902	Puente la Reina de Jaca	Sociedad cooperativa	1
22902	Puente la Reina de Jaca	Sociedad mercantil	1
22903	San Miguel del Cinca	Entidad pública	2
22903	San Miguel del Cinca	Otras condiciones jurídicas	32
22903	San Miguel del Cinca	Persona física	157
22903	San Miguel del Cinca	Sociedad cooperativa	1
22903	San Miguel del Cinca	Sociedad mercantil	9
22904	Sotonera (La)	Entidad pública	1
22904	Sotonera (La)	Otras condiciones jurídicas	3
22904	Sotonera (La)	Persona física	208
22904	Sotonera (La)	Sociedad cooperativa	1
22904	Sotonera (La)	Sociedad mercantil	9
22905	Lupiñén-Ortilla	Otras condiciones jurídicas	5
22905	Lupiñén-Ortilla	Persona física	59
22905	Lupiñén-Ortilla	Sociedad cooperativa	1
22905	Lupiñén-Ortilla	Sociedad mercantil	6
22906	Santa María de Dulcis	Persona física	59
22906	Santa María de Dulcis	Sociedad mercantil	1
22907	Aínsa-Sobrarbe	Entidad pública	1
22907	Aínsa-Sobrarbe	Otras condiciones jurídicas	6
22907	Aínsa-Sobrarbe	Persona física	124
22907	Aínsa-Sobrarbe	Sociedad mercantil	2
22908	Hoz y Costeán	Entidad pública	1
22908	Hoz y Costeán	Otras condiciones jurídicas	2
22908	Hoz y Costeán	Persona física	93
22908	Hoz y Costeán	Sociedad mercantil	2
22909	Vencillón	Otras condiciones jurídicas	9
22909	Vencillón	Persona física	60
22909	Vencillón	Sociedad mercantil	1
44001	Ababuj	Entidad pública	1
44001	Ababuj	Otras condiciones jurídicas	1
44001	Ababuj	Persona física	19
44002	Abejuela	Entidad pública	1
44002	Abejuela	Persona física	10
44003	Aguatón	Entidad pública	1
44003	Aguatón	Persona física	8
44004	Aguaviva	Otras condiciones jurídicas	1
44004	Aguaviva	Persona física	38
44004	Aguaviva	Sociedad cooperativa	1
44004	Aguaviva	Sociedad mercantil	2
44005	Aguilar del Alfambra	Entidad pública	1
44005	Aguilar del Alfambra	Persona física	19
44005	Aguilar del Alfambra	Sociedad cooperativa	1
44006	Alacón	Otras condiciones jurídicas	4
44006	Alacón	Persona física	66
44007	Alba	Otras condiciones jurídicas	1
44007	Alba	Persona física	61
44007	Alba	Sociedad cooperativa	1
44008	Albalate del Arzobispo	Entidad pública	1
44008	Albalate del Arzobispo	Otras condiciones jurídicas	4
44008	Albalate del Arzobispo	Persona física	330
44008	Albalate del Arzobispo	Sociedad mercantil	2
44009	Albarracín	Otras condiciones jurídicas	4
44009	Albarracín	Persona física	45
44009	Albarracín	Sociedad cooperativa	1
44009	Albarracín	Sociedad mercantil	5
44010	Albentosa	Entidad pública	1
44010	Albentosa	Persona física	50
44010	Albentosa	Sociedad cooperativa	1
44010	Albentosa	Sociedad mercantil	1
44011	Alcaine	Entidad pública	1
44011	Alcaine	Persona física	8
44012	Alcalá de la Selva	Entidad pública	1
44012	Alcalá de la Selva	Persona física	33
44012	Alcalá de la Selva	Sociedad mercantil	2
44013	Alcañiz	Otras condiciones jurídicas	31
44013	Alcañiz	Persona física	572
44013	Alcañiz	Sociedad cooperativa	1
44013	Alcañiz	Sociedad mercantil	16
44014	Alcorisa	Otras condiciones jurídicas	4
44014	Alcorisa	Persona física	343
44014	Alcorisa	Sociedad cooperativa	3
44014	Alcorisa	Sociedad mercantil	2
44016	Alfambra	Entidad pública	1
44016	Alfambra	Otras condiciones jurídicas	5
44016	Alfambra	Persona física	103
44016	Alfambra	Sociedad cooperativa	3
44016	Alfambra	Sociedad mercantil	1
44017	Aliaga	Entidad pública	1
44017	Aliaga	Otras condiciones jurídicas	1
44017	Aliaga	Persona física	48
44017	Aliaga	Sociedad mercantil	3
44018	Almohaja	Entidad pública	1
44018	Almohaja	Persona física	5
44019	Alobras	Entidad pública	1
44019	Alobras	Persona física	11
44020	Alpeñés	Entidad pública	1
44020	Alpeñés	Persona física	11
44021	Allepuz	Entidad pública	1
44021	Allepuz	Otras condiciones jurídicas	3
44021	Allepuz	Persona física	38
44022	Alloza	Entidad pública	1
44022	Alloza	Otras condiciones jurídicas	2
44022	Alloza	Persona física	207
44022	Alloza	Sociedad cooperativa	1
44022	Alloza	Sociedad mercantil	2
44023	Allueva	Persona física	1
44024	Anadón	Entidad pública	1
44024	Anadón	Persona física	4
44025	Andorra	Otras condiciones jurídicas	5
44025	Andorra	Persona física	259
44025	Andorra	Sociedad mercantil	1
44026	Arcos de las Salinas	Entidad pública	1
44026	Arcos de las Salinas	Otras condiciones jurídicas	1
44026	Arcos de las Salinas	Persona física	11
44027	Arens de Lledó	Persona física	62
44028	Argente	Entidad pública	1
44028	Argente	Otras condiciones jurídicas	1
44028	Argente	Persona física	66
44029	Ariño	Persona física	39
44031	Azaila	Otras condiciones jurídicas	5
44031	Azaila	Persona física	32
44031	Azaila	Sociedad mercantil	1
44032	Bádenas	Persona física	7
44032	Bádenas	Sociedad cooperativa	1
44033	Báguena	Persona física	112
44033	Báguena	Sociedad mercantil	1
44034	Bañón	Entidad pública	1
44034	Bañón	Otras condiciones jurídicas	1
44034	Bañón	Persona física	39
44035	Barrachina	Entidad pública	1
44035	Barrachina	Persona física	16
44035	Barrachina	Sociedad mercantil	1
44036	Bea	Entidad pública	1
44036	Bea	Persona física	3
44036	Bea	Sociedad cooperativa	1
44037	Beceite	Persona física	60
44038	Belmonte de San José	Persona física	48
44039	Bello	Entidad pública	1
44039	Bello	Otras condiciones jurídicas	3
44039	Bello	Persona física	81
44039	Bello	Sociedad cooperativa	1
44040	Berge	Entidad pública	1
44040	Berge	Persona física	43
44040	Berge	Sociedad mercantil	1
44041	Bezas	Entidad pública	1
44041	Bezas	Persona física	2
44042	Blancas	Entidad pública	1
44042	Blancas	Persona física	37
44042	Blancas	Sociedad cooperativa	2
44042	Blancas	Sociedad mercantil	1
44043	Blesa	Persona física	28
44044	Bordón	Entidad pública	1
44044	Bordón	Persona física	20
44044	Bordón	Sociedad mercantil	1
44045	Bronchales	Entidad pública	1
44045	Bronchales	Persona física	14
44046	Bueña	Otras condiciones jurídicas	2
44046	Bueña	Persona física	21
44047	Burbáguena	Entidad pública	1
44047	Burbáguena	Otras condiciones jurídicas	2
44047	Burbáguena	Persona física	61
44047	Burbáguena	Sociedad mercantil	1
44048	Cabra de Mora	Entidad pública	1
44048	Cabra de Mora	Persona física	11
44048	Cabra de Mora	Sociedad cooperativa	2
44049	Calaceite	Otras condiciones jurídicas	4
44049	Calaceite	Persona física	232
44049	Calaceite	Sociedad cooperativa	1
44049	Calaceite	Sociedad mercantil	5
44050	Calamocha	Entidad pública	1
44050	Calamocha	Otras condiciones jurídicas	2
44050	Calamocha	Persona física	286
44050	Calamocha	Sociedad cooperativa	1
44050	Calamocha	Sociedad mercantil	7
44051	Calanda	Entidad pública	1
44051	Calanda	Otras condiciones jurídicas	13
44051	Calanda	Persona física	303
44051	Calanda	Sociedad cooperativa	2
44051	Calanda	Sociedad mercantil	5
44052	Calomarde	Entidad pública	1
44052	Calomarde	Persona física	7
44053	Camañas	Entidad pública	1
44053	Camañas	Otras condiciones jurídicas	1
44053	Camañas	Persona física	32
44053	Camañas	Sociedad mercantil	2
44054	Camarena de la Sierra	Entidad pública	1
44054	Camarena de la Sierra	Persona física	6
44055	Camarillas	Entidad pública	1
44055	Camarillas	Otras condiciones jurídicas	1
44055	Camarillas	Persona física	24
44056	Caminreal	Entidad pública	1
44056	Caminreal	Persona física	126
44056	Caminreal	Sociedad cooperativa	1
44056	Caminreal	Sociedad mercantil	3
44059	Cantavieja	Entidad pública	1
44059	Cantavieja	Otras condiciones jurídicas	2
44059	Cantavieja	Persona física	76
44059	Cantavieja	Sociedad mercantil	1
44060	Cañada de Benatanduz	Entidad pública	1
44060	Cañada de Benatanduz	Persona física	16
44061	Cañada de Verich (La)	Otras condiciones jurídicas	1
44061	Cañada de Verich (La)	Persona física	6
44061	Cañada de Verich (La)	Sociedad mercantil	1
44062	Cañada Vellida	Entidad pública	1
44062	Cañada Vellida	Persona física	21
44063	Cañizar del Olivar	Persona física	9
44064	Cascante del Río	Entidad pública	1
44064	Cascante del Río	Persona física	14
44065	Castejón de Tornos	Persona física	24
44066	Castel de Cabra	Entidad pública	1
44066	Castel de Cabra	Otras condiciones jurídicas	1
44066	Castel de Cabra	Persona física	9
44066	Castel de Cabra	Sociedad cooperativa	1
44066	Castel de Cabra	Sociedad mercantil	1
44067	Castelnou	Entidad pública	1
44067	Castelnou	Otras condiciones jurídicas	1
44067	Castelnou	Persona física	17
44067	Castelnou	Sociedad mercantil	2
44068	Castelserás	Otras condiciones jurídicas	4
44068	Castelserás	Persona física	78
44068	Castelserás	Sociedad mercantil	1
44070	Castellar (El)	Entidad pública	1
44070	Castellar (El)	Otras condiciones jurídicas	1
44070	Castellar (El)	Persona física	16
44070	Castellar (El)	Sociedad mercantil	1
44071	Castellote	Entidad pública	1
44071	Castellote	Otras condiciones jurídicas	3
44071	Castellote	Persona física	149
44071	Castellote	Sociedad mercantil	4
44074	Cedrillas	Entidad pública	1
44074	Cedrillas	Otras condiciones jurídicas	2
44074	Cedrillas	Persona física	74
44074	Cedrillas	Sociedad cooperativa	1
44074	Cedrillas	Sociedad mercantil	1
44075	Celadas	Entidad pública	1
44075	Celadas	Otras condiciones jurídicas	1
44075	Celadas	Persona física	96
44075	Celadas	Sociedad mercantil	1
44076	Cella	Entidad pública	1
44076	Cella	Otras condiciones jurídicas	1
44076	Cella	Persona física	278
44077	Cerollera (La)	Otras condiciones jurídicas	1
44077	Cerollera (La)	Persona física	8
44077	Cerollera (La)	Sociedad cooperativa	1
44080	Codoñera (La)	Otras condiciones jurídicas	1
44080	Codoñera (La)	Persona física	44
44082	Corbalán	Entidad pública	1
44082	Corbalán	Persona física	15
44084	Cortes de Aragón	Entidad pública	1
44084	Cortes de Aragón	Persona física	14
44085	Cosa	Entidad pública	1
44085	Cosa	Persona física	32
44086	Cretas	Otras condiciones jurídicas	2
44086	Cretas	Persona física	159
44086	Cretas	Sociedad mercantil	4
44087	Crivillén	Otras condiciones jurídicas	1
44087	Crivillén	Persona física	18
44087	Crivillén	Sociedad cooperativa	1
44088	Cuba (La)	Otras condiciones jurídicas	1
44088	Cuba (La)	Persona física	11
44089	Cubla	Entidad pública	1
44089	Cubla	Otras condiciones jurídicas	1
44089	Cubla	Persona física	10
44090	Cucalón	Persona física	28
44092	Cuervo (El)	Persona física	11
44093	Cuevas de Almudén	Entidad pública	1
44093	Cuevas de Almudén	Otras condiciones jurídicas	1
44093	Cuevas de Almudén	Persona física	26
44094	Cuevas Labradas	Entidad pública	1
44094	Cuevas Labradas	Otras condiciones jurídicas	1
44094	Cuevas Labradas	Persona física	19
44096	Ejulve	Entidad pública	1
44096	Ejulve	Persona física	23
44096	Ejulve	Sociedad mercantil	3
44097	Escorihuela	Otras condiciones jurídicas	2
44097	Escorihuela	Persona física	52
44097	Escorihuela	Sociedad mercantil	1
44099	Escucha	Persona física	21
44099	Escucha	Sociedad mercantil	1
44100	Estercuel	Otras condiciones jurídicas	3
44100	Estercuel	Persona física	13
44100	Estercuel	Sociedad cooperativa	1
44101	Ferreruela de Huerva	Entidad pública	1
44101	Ferreruela de Huerva	Otras condiciones jurídicas	1
44101	Ferreruela de Huerva	Persona física	17
44102	Fonfría	Entidad pública	1
44102	Fonfría	Persona física	5
44103	Formiche Alto	Entidad pública	1
44103	Formiche Alto	Otras condiciones jurídicas	2
44103	Formiche Alto	Persona física	30
44103	Formiche Alto	Sociedad mercantil	2
44105	Fórnoles	Persona física	35
44106	Fortanete	Entidad pública	1
44106	Fortanete	Otras condiciones jurídicas	1
44106	Fortanete	Persona física	42
44107	Foz-Calanda	Entidad pública	1
44107	Foz-Calanda	Otras condiciones jurídicas	4
44107	Foz-Calanda	Persona física	53
44107	Foz-Calanda	Sociedad mercantil	1
44108	Fresneda (La)	Otras condiciones jurídicas	3
44108	Fresneda (La)	Persona física	90
44109	Frías de Albarracín	Entidad pública	1
44109	Frías de Albarracín	Persona física	13
44109	Frías de Albarracín	Sociedad cooperativa	1
44110	Fuenferrada	Entidad pública	1
44110	Fuenferrada	Persona física	16
44111	Fuentes Calientes	Persona física	34
44112	Fuentes Claras	Entidad pública	1
44112	Fuentes Claras	Otras condiciones jurídicas	1
44112	Fuentes Claras	Persona física	78
44113	Fuentes de Rubielos	Entidad pública	1
44113	Fuentes de Rubielos	Otras condiciones jurídicas	1
44113	Fuentes de Rubielos	Persona física	2
44113	Fuentes de Rubielos	Sociedad mercantil	2
44114	Fuentespalda	Otras condiciones jurídicas	1
44114	Fuentespalda	Persona física	71
44114	Fuentespalda	Sociedad cooperativa	1
44115	Galve	Otras condiciones jurídicas	1
44115	Galve	Persona física	33
44115	Galve	Sociedad mercantil	1
44116	Gargallo	Entidad pública	1
44116	Gargallo	Otras condiciones jurídicas	1
44116	Gargallo	Persona física	10
44116	Gargallo	Sociedad mercantil	1
44117	Gea de Albarracín	Entidad pública	1
44117	Gea de Albarracín	Persona física	21
44118	Ginebrosa (La)	Entidad pública	1
44118	Ginebrosa (La)	Otras condiciones jurídicas	7
44118	Ginebrosa (La)	Persona física	59
44118	Ginebrosa (La)	Sociedad mercantil	1
44119	Griegos	Entidad pública	1
44119	Griegos	Persona física	13
44120	Guadalaviar	Entidad pública	1
44120	Guadalaviar	Persona física	30
44121	Gúdar	Entidad pública	1
44121	Gúdar	Otras condiciones jurídicas	1
44121	Gúdar	Persona física	18
44122	Híjar	Entidad pública	1
44122	Híjar	Otras condiciones jurídicas	9
44122	Híjar	Persona física	110
44122	Híjar	Sociedad cooperativa	1
44122	Híjar	Sociedad mercantil	9
44123	Hinojosa de Jarque	Entidad pública	1
44123	Hinojosa de Jarque	Otras condiciones jurídicas	1
44123	Hinojosa de Jarque	Persona física	39
44123	Hinojosa de Jarque	Sociedad cooperativa	1
44124	Hoz de la Vieja (La)	Entidad pública	1
44124	Hoz de la Vieja (La)	Persona física	19
44125	Huesa del Común	Persona física	21
44125	Huesa del Común	Sociedad mercantil	1
44126	Iglesuela del Cid (La)	Entidad pública	1
44126	Iglesuela del Cid (La)	Persona física	17
44127	Jabaloyas	Entidad pública	1
44127	Jabaloyas	Persona física	7
44128	Jarque de la Val	Entidad pública	1
44128	Jarque de la Val	Persona física	22
44129	Jatiel	Entidad pública	1
44129	Jatiel	Persona física	10
44130	Jorcas	Persona física	8
44131	Josa	Entidad pública	1
44131	Josa	Otras condiciones jurídicas	1
44131	Josa	Persona física	4
44132	Lagueruela	Entidad pública	1
44132	Lagueruela	Otras condiciones jurídicas	1
44132	Lagueruela	Persona física	14
44132	Lagueruela	Sociedad mercantil	1
44133	Lanzuela	Entidad pública	1
44133	Lanzuela	Persona física	10
44135	Libros	Entidad pública	1
44135	Libros	Persona física	45
44136	Lidón	Entidad pública	1
44136	Lidón	Otras condiciones jurídicas	3
44136	Lidón	Persona física	20
44137	Linares de Mora	Entidad pública	1
44137	Linares de Mora	Otras condiciones jurídicas	1
44137	Linares de Mora	Persona física	31
44138	Loscos	Entidad pública	1
44138	Loscos	Persona física	40
44138	Loscos	Sociedad mercantil	1
44141	Lledó	Persona física	37
44141	Lledó	Sociedad mercantil	2
44142	Maicas	Otras condiciones jurídicas	5
44142	Maicas	Persona física	4
44142	Maicas	Sociedad mercantil	4
44143	Manzanera	Entidad pública	1
44143	Manzanera	Persona física	42
44143	Manzanera	Sociedad mercantil	2
44144	Martín del Río	Entidad pública	1
44144	Martín del Río	Otras condiciones jurídicas	2
44144	Martín del Río	Persona física	24
44144	Martín del Río	Sociedad mercantil	1
44145	Mas de las Matas	Otras condiciones jurídicas	1
44145	Mas de las Matas	Persona física	79
44145	Mas de las Matas	Sociedad cooperativa	2
44145	Mas de las Matas	Sociedad mercantil	1
44146	Mata de los Olmos (La)	Otras condiciones jurídicas	1
44146	Mata de los Olmos (La)	Persona física	29
44146	Mata de los Olmos (La)	Sociedad mercantil	2
44147	Mazaleón	Otras condiciones jurídicas	4
44147	Mazaleón	Persona física	149
44147	Mazaleón	Sociedad cooperativa	2
44147	Mazaleón	Sociedad mercantil	1
44148	Mezquita de Jarque	Entidad pública	1
44148	Mezquita de Jarque	Otras condiciones jurídicas	1
44148	Mezquita de Jarque	Persona física	16
44148	Mezquita de Jarque	Sociedad cooperativa	1
44148	Mezquita de Jarque	Sociedad mercantil	1
44149	Mirambel	Otras condiciones jurídicas	1
44149	Mirambel	Persona física	25
44149	Mirambel	Sociedad mercantil	1
44150	Miravete de la Sierra	Entidad pública	1
44150	Miravete de la Sierra	Otras condiciones jurídicas	1
44150	Miravete de la Sierra	Persona física	12
44151	Molinos	Entidad pública	1
44151	Molinos	Otras condiciones jurídicas	1
44151	Molinos	Persona física	61
44151	Molinos	Sociedad cooperativa	1
44151	Molinos	Sociedad mercantil	2
44152	Monforte de Moyuela	Otras condiciones jurídicas	1
44152	Monforte de Moyuela	Persona física	22
44153	Monreal del Campo	Entidad pública	1
44153	Monreal del Campo	Otras condiciones jurídicas	5
44153	Monreal del Campo	Persona física	138
44153	Monreal del Campo	Sociedad cooperativa	1
44153	Monreal del Campo	Sociedad mercantil	1
44154	Monroyo	Otras condiciones jurídicas	1
44154	Monroyo	Persona física	70
44154	Monroyo	Sociedad mercantil	1
44155	Montalbán	Entidad pública	1
44155	Montalbán	Otras condiciones jurídicas	2
44155	Montalbán	Persona física	12
44156	Monteagudo del Castillo	Entidad pública	1
44156	Monteagudo del Castillo	Persona física	17
44157	Monterde de Albarracín	Entidad pública	1
44157	Monterde de Albarracín	Persona física	8
44158	Mora de Rubielos	Entidad pública	1
44158	Mora de Rubielos	Otras condiciones jurídicas	3
44158	Mora de Rubielos	Persona física	70
44158	Mora de Rubielos	Sociedad cooperativa	1
44158	Mora de Rubielos	Sociedad mercantil	1
44159	Moscardón	Entidad pública	1
44159	Moscardón	Persona física	7
44160	Mosqueruela	Entidad pública	1
44160	Mosqueruela	Otras condiciones jurídicas	4
44160	Mosqueruela	Persona física	69
44160	Mosqueruela	Sociedad mercantil	3
44161	Muniesa	Otras condiciones jurídicas	1
44161	Muniesa	Persona física	130
44161	Muniesa	Sociedad mercantil	1
44163	Noguera de Albarracín	Entidad pública	1
44163	Noguera de Albarracín	Persona física	3
44164	Nogueras	Persona física	15
44165	Nogueruelas	Entidad pública	1
44165	Nogueruelas	Persona física	13
44167	Obón	Entidad pública	1
44167	Obón	Persona física	13
44168	Odón	Entidad pública	1
44168	Odón	Otras condiciones jurídicas	1
44168	Odón	Persona física	67
44168	Odón	Sociedad cooperativa	1
44169	Ojos Negros	Entidad pública	1
44169	Ojos Negros	Otras condiciones jurídicas	5
44169	Ojos Negros	Persona física	54
44169	Ojos Negros	Sociedad cooperativa	2
44169	Ojos Negros	Sociedad mercantil	1
44171	Olba	Entidad pública	1
44171	Olba	Persona física	7
44172	Oliete	Persona física	91
44172	Oliete	Sociedad cooperativa	1
44172	Oliete	Sociedad mercantil	1
44173	Olmos (Los)	Persona física	48
44174	Orihuela del Tremedal	Entidad pública	1
44174	Orihuela del Tremedal	Persona física	20
44175	Orrios	Entidad pública	1
44175	Orrios	Otras condiciones jurídicas	2
44175	Orrios	Persona física	45
44176	Palomar de Arroyos	Entidad pública	1
44176	Palomar de Arroyos	Otras condiciones jurídicas	1
44176	Palomar de Arroyos	Persona física	13
44176	Palomar de Arroyos	Sociedad mercantil	2
44177	Pancrudo	Entidad pública	1
44177	Pancrudo	Otras condiciones jurídicas	2
44177	Pancrudo	Persona física	45
44178	Parras de Castellote (Las)	Entidad pública	1
44178	Parras de Castellote (Las)	Persona física	19
44178	Parras de Castellote (Las)	Sociedad cooperativa	1
44179	Peñarroya de Tastavins	Otras condiciones jurídicas	1
44179	Peñarroya de Tastavins	Persona física	76
44179	Peñarroya de Tastavins	Sociedad cooperativa	1
44179	Peñarroya de Tastavins	Sociedad mercantil	6
44180	Peracense	Entidad pública	1
44180	Peracense	Persona física	14
44181	Peralejos	Persona física	16
44182	Perales del Alfambra	Entidad pública	1
44182	Perales del Alfambra	Otras condiciones jurídicas	2
44182	Perales del Alfambra	Persona física	54
44182	Perales del Alfambra	Sociedad mercantil	1
44183	Pitarque	Entidad pública	1
44183	Pitarque	Persona física	12
44184	Plou	Persona física	9
44185	Pobo (El)	Entidad pública	1
44185	Pobo (El)	Otras condiciones jurídicas	2
44185	Pobo (El)	Persona física	31
44187	Portellada (La)	Otras condiciones jurídicas	3
44187	Portellada (La)	Persona física	58
44189	Pozondón	Entidad pública	1
44189	Pozondón	Otras condiciones jurídicas	3
44189	Pozondón	Persona física	14
44190	Pozuel del Campo	Entidad pública	1
44190	Pozuel del Campo	Otras condiciones jurídicas	1
44190	Pozuel del Campo	Persona física	15
44191	Puebla de Híjar (La)	Entidad pública	1
44191	Puebla de Híjar (La)	Otras condiciones jurídicas	2
44191	Puebla de Híjar (La)	Persona física	71
44191	Puebla de Híjar (La)	Sociedad cooperativa	1
44191	Puebla de Híjar (La)	Sociedad mercantil	11
44192	Puebla de Valverde (La)	Entidad pública	1
44192	Puebla de Valverde (La)	Otras condiciones jurídicas	3
44192	Puebla de Valverde (La)	Persona física	64
44192	Puebla de Valverde (La)	Sociedad cooperativa	1
44192	Puebla de Valverde (La)	Sociedad mercantil	1
44193	Puertomingalvo	Entidad pública	1
44193	Puertomingalvo	Persona física	28
44194	Ráfales	Persona física	52
44194	Ráfales	Sociedad cooperativa	1
44194	Ráfales	Sociedad mercantil	1
44195	Rillo	Entidad pública	1
44195	Rillo	Persona física	17
44196	Riodeva	Entidad pública	1
44196	Riodeva	Persona física	25
44197	Ródenas	Entidad pública	1
44197	Ródenas	Otras condiciones jurídicas	1
44197	Ródenas	Persona física	11
44198	Royuela	Entidad pública	1
44198	Royuela	Persona física	16
44199	Rubiales	Entidad pública	1
44199	Rubiales	Persona física	3
44200	Rubielos de la Cérida	Entidad pública	1
44200	Rubielos de la Cérida	Persona física	22
44200	Rubielos de la Cérida	Sociedad mercantil	1
44201	Rubielos de Mora	Entidad pública	1
44201	Rubielos de Mora	Otras condiciones jurídicas	1
44201	Rubielos de Mora	Persona física	25
44203	Salcedillo	Entidad pública	1
44203	Salcedillo	Persona física	2
44204	Saldón	Entidad pública	1
44204	Saldón	Persona física	5
44205	Samper de Calanda	Otras condiciones jurídicas	10
44205	Samper de Calanda	Persona física	90
44205	Samper de Calanda	Sociedad mercantil	2
44206	San Agustín	Entidad pública	1
44206	San Agustín	Persona física	37
44207	San Martín del Río	Entidad pública	1
44207	San Martín del Río	Persona física	78
44207	San Martín del Río	Sociedad mercantil	1
44208	Santa Cruz de Nogueras	Persona física	3
44209	Santa Eulalia	Entidad pública	1
44209	Santa Eulalia	Otras condiciones jurídicas	1
44209	Santa Eulalia	Persona física	100
44209	Santa Eulalia	Sociedad mercantil	2
44210	Sarrión	Entidad pública	1
44210	Sarrión	Otras condiciones jurídicas	1
44210	Sarrión	Persona física	128
44210	Sarrión	Sociedad mercantil	1
44211	Segura de los Baños	Entidad pública	1
44211	Segura de los Baños	Persona física	13
44211	Segura de los Baños	Sociedad mercantil	1
44212	Seno	Entidad pública	1
44212	Seno	Persona física	18
44213	Singra	Persona física	21
44215	Terriente	Entidad pública	1
44215	Terriente	Otras condiciones jurídicas	1
44215	Terriente	Persona física	27
44215	Terriente	Sociedad mercantil	1
44216	Teruel	Entidad pública	3
44216	Teruel	Otras condiciones jurídicas	6
44216	Teruel	Persona física	254
44216	Teruel	Sociedad cooperativa	6
44216	Teruel	Sociedad mercantil	4
44217	Toril y Masegoso	Persona física	8
44219	Tornos	Entidad pública	1
44219	Tornos	Persona física	66
44219	Tornos	Sociedad cooperativa	1
44220	Torralba de los Sisones	Entidad pública	1
44220	Torralba de los Sisones	Persona física	41
44221	Torrecilla de Alcañiz	Otras condiciones jurídicas	5
44221	Torrecilla de Alcañiz	Persona física	57
44222	Torrecilla del Rebollar	Entidad pública	1
44222	Torrecilla del Rebollar	Otras condiciones jurídicas	1
44222	Torrecilla del Rebollar	Persona física	29
44223	Torre de Arcas	Persona física	19
44224	Torre de las Arcas	Entidad pública	1
44224	Torre de las Arcas	Persona física	10
44224	Torre de las Arcas	Sociedad mercantil	1
44225	Torre del Compte	Otras condiciones jurídicas	1
44225	Torre del Compte	Persona física	35
44226	Torrelacárcel	Entidad pública	1
44226	Torrelacárcel	Persona física	56
44227	Torre los Negros	Entidad pública	1
44227	Torre los Negros	Otras condiciones jurídicas	1
44227	Torre los Negros	Persona física	12
44228	Torremocha de Jiloca	Entidad pública	1
44228	Torremocha de Jiloca	Persona física	26
44229	Torres de Albarracín	Persona física	9
44230	Torrevelilla	Entidad pública	1
44230	Torrevelilla	Otras condiciones jurídicas	2
44230	Torrevelilla	Persona física	42
44231	Torrijas	Entidad pública	1
44231	Torrijas	Persona física	4
44232	Torrijo del Campo	Entidad pública	1
44232	Torrijo del Campo	Otras condiciones jurídicas	2
44232	Torrijo del Campo	Persona física	74
44232	Torrijo del Campo	Sociedad mercantil	2
44234	Tramacastiel	Entidad pública	1
44234	Tramacastiel	Persona física	19
44235	Tramacastilla	Persona física	6
44235	Tramacastilla	Sociedad cooperativa	1
44236	Tronchón	Entidad pública	1
44236	Tronchón	Persona física	20
44236	Tronchón	Sociedad mercantil	1
44237	Urrea de Gaén	Entidad pública	1
44237	Urrea de Gaén	Otras condiciones jurídicas	2
44237	Urrea de Gaén	Persona física	56
44237	Urrea de Gaén	Sociedad mercantil	22
44238	Utrillas	Entidad pública	1
44238	Utrillas	Persona física	10
44238	Utrillas	Sociedad mercantil	2
44239	Valacloche	Entidad pública	1
44239	Valacloche	Persona física	8
44240	Valbona	Entidad pública	1
44240	Valbona	Persona física	18
44240	Valbona	Sociedad mercantil	1
44241	Valdealgorfa	Otras condiciones jurídicas	5
44241	Valdealgorfa	Persona física	125
44241	Valdealgorfa	Sociedad mercantil	1
44243	Valdecuenca	Persona física	4
44244	Valdelinares	Persona física	10
44244	Valdelinares	Sociedad mercantil	1
44245	Valdeltormo	Otras condiciones jurídicas	2
44245	Valdeltormo	Persona física	33
44246	Valderrobres	Otras condiciones jurídicas	4
44246	Valderrobres	Persona física	234
44246	Valderrobres	Sociedad cooperativa	1
44246	Valderrobres	Sociedad mercantil	5
44247	Valjunquera	Otras condiciones jurídicas	1
44247	Valjunquera	Persona física	99
44249	Vallecillo (El)	Entidad pública	1
44249	Vallecillo (El)	Persona física	1
44250	Veguillas de la Sierra	Persona física	5
44251	Villafranca del Campo	Entidad pública	1
44251	Villafranca del Campo	Otras condiciones jurídicas	2
44251	Villafranca del Campo	Persona física	59
44252	Villahermosa del Campo	Otras condiciones jurídicas	1
44252	Villahermosa del Campo	Persona física	17
44256	Villanueva del Rebollar de la Sierra	Persona física	9
44256	Villanueva del Rebollar de la Sierra	Sociedad mercantil	1
44257	Villar del Cobo	Entidad pública	1
44257	Villar del Cobo	Persona física	31
44258	Villar del Salz	Entidad pública	1
44258	Villar del Salz	Persona física	12
44258	Villar del Salz	Sociedad mercantil	1
44260	Villarluengo	Entidad pública	1
44260	Villarluengo	Otras condiciones jurídicas	2
44260	Villarluengo	Persona física	26
44260	Villarluengo	Sociedad mercantil	2
44261	Villarquemado	Entidad pública	1
44261	Villarquemado	Otras condiciones jurídicas	5
44261	Villarquemado	Persona física	123
44262	Villarroya de los Pinares	Entidad pública	1
44262	Villarroya de los Pinares	Persona física	30
44263	Villastar	Entidad pública	1
44263	Villastar	Otras condiciones jurídicas	1
44263	Villastar	Persona física	28
44264	Villel	Entidad pública	1
44264	Villel	Otras condiciones jurídicas	2
44264	Villel	Persona física	30
44265	Vinaceite	Entidad pública	1
44265	Vinaceite	Otras condiciones jurídicas	7
44265	Vinaceite	Persona física	40
44265	Vinaceite	Sociedad mercantil	2
44266	Visiedo	Entidad pública	1
44266	Visiedo	Persona física	49
44267	Vivel del Río Martín	Entidad pública	1
44267	Vivel del Río Martín	Persona física	15
44267	Vivel del Río Martín	Sociedad cooperativa	1
44268	Zoma (La)	Entidad pública	1
44268	Zoma (La)	Persona física	4
50001	Abanto	Persona física	18
50002	Acered	Otras condiciones jurídicas	1
50002	Acered	Persona física	74
50003	Agón	Otras condiciones jurídicas	4
50003	Agón	Persona física	33
50004	Aguarón	Otras condiciones jurídicas	2
50004	Aguarón	Persona física	216
50005	Aguilón	Otras condiciones jurídicas	1
50005	Aguilón	Persona física	62
50006	Ainzón	Otras condiciones jurídicas	2
50006	Ainzón	Persona física	150
50006	Ainzón	Sociedad mercantil	3
50007	Aladrén	Persona física	31
50008	Alagón	Entidad pública	1
50008	Alagón	Otras condiciones jurídicas	11
50008	Alagón	Persona física	144
50008	Alagón	Sociedad cooperativa	1
50008	Alagón	Sociedad mercantil	5
50009	Alarba	Persona física	40
50010	Alberite de San Juan	Entidad pública	1
50010	Alberite de San Juan	Otras condiciones jurídicas	1
50010	Alberite de San Juan	Persona física	21
50011	Albeta	Persona física	12
50012	Alborge	Otras condiciones jurídicas	2
50012	Alborge	Persona física	4
50013	Alcalá de Ebro	Otras condiciones jurídicas	1
50013	Alcalá de Ebro	Persona física	39
50013	Alcalá de Ebro	Sociedad mercantil	1
50014	Alcalá de Moncayo	Otras condiciones jurídicas	1
50014	Alcalá de Moncayo	Persona física	40
50015	Alconchel de Ariza	Otras condiciones jurídicas	5
50015	Alconchel de Ariza	Persona física	22
50016	Aldehuela de Liestos	Persona física	18
50017	Alfajarín	Otras condiciones jurídicas	10
50017	Alfajarín	Persona física	99
50017	Alfajarín	Sociedad cooperativa	1
50017	Alfajarín	Sociedad mercantil	3
50018	Alfamén	Entidad pública	1
50018	Alfamén	Otras condiciones jurídicas	12
50018	Alfamén	Persona física	271
50018	Alfamén	Sociedad cooperativa	2
50018	Alfamén	Sociedad mercantil	11
50019	Alforque	Otras condiciones jurídicas	1
50019	Alforque	Persona física	6
50020	Alhama de Aragón	Otras condiciones jurídicas	1
50020	Alhama de Aragón	Persona física	27
50020	Alhama de Aragón	Sociedad mercantil	1
50021	Almochuel	Persona física	10
50022	Almolda (La)	Entidad pública	1
50022	Almolda (La)	Otras condiciones jurídicas	10
50022	Almolda (La)	Persona física	129
50022	Almolda (La)	Sociedad cooperativa	2
50022	Almolda (La)	Sociedad mercantil	3
50023	Almonacid de la Cuba	Otras condiciones jurídicas	5
50023	Almonacid de la Cuba	Persona física	71
50023	Almonacid de la Cuba	Sociedad mercantil	3
50024	Almonacid de la Sierra	Otras condiciones jurídicas	8
50024	Almonacid de la Sierra	Persona física	196
50024	Almonacid de la Sierra	Sociedad mercantil	10
50025	Almunia de Doña Godina (La)	Otras condiciones jurídicas	27
50025	Almunia de Doña Godina (La)	Persona física	344
50025	Almunia de Doña Godina (La)	Sociedad cooperativa	2
50025	Almunia de Doña Godina (La)	Sociedad mercantil	5
50026	Alpartir	Entidad pública	1
50026	Alpartir	Otras condiciones jurídicas	2
50026	Alpartir	Persona física	160
50026	Alpartir	Sociedad mercantil	1
50027	Ambel	Otras condiciones jurídicas	3
50027	Ambel	Persona física	106
50027	Ambel	Sociedad cooperativa	1
50027	Ambel	Sociedad mercantil	7
50028	Anento	Persona física	21
50028	Anento	Sociedad cooperativa	1
50029	Aniñón	Entidad pública	1
50029	Aniñón	Otras condiciones jurídicas	2
50029	Aniñón	Persona física	180
50029	Aniñón	Sociedad cooperativa	1
50029	Aniñón	Sociedad mercantil	1
50030	Añón de Moncayo	Otras condiciones jurídicas	2
50030	Añón de Moncayo	Persona física	25
50030	Añón de Moncayo	Sociedad mercantil	1
50031	Aranda de Moncayo	Otras condiciones jurídicas	2
50031	Aranda de Moncayo	Persona física	43
50031	Aranda de Moncayo	Sociedad mercantil	2
50032	Arándiga	Persona física	88
50032	Arándiga	Sociedad mercantil	1
50033	Ardisa	Persona física	16
50034	Ariza	Otras condiciones jurídicas	2
50034	Ariza	Persona física	61
50034	Ariza	Sociedad cooperativa	1
50035	Artieda	Entidad pública	1
50035	Artieda	Persona física	7
50035	Artieda	Sociedad cooperativa	2
50036	Asín	Entidad pública	1
50036	Asín	Otras condiciones jurídicas	1
50036	Asín	Persona física	8
50037	Atea	Otras condiciones jurídicas	1
50037	Atea	Persona física	74
50038	Ateca	Entidad pública	1
50038	Ateca	Otras condiciones jurídicas	1
50038	Ateca	Persona física	110
50038	Ateca	Sociedad mercantil	1
50039	Azuara	Entidad pública	1
50039	Azuara	Otras condiciones jurídicas	4
50039	Azuara	Persona física	122
50039	Azuara	Sociedad mercantil	1
50040	Badules	Persona física	26
50041	Bagüés	Entidad pública	1
50041	Bagüés	Otras condiciones jurídicas	3
50041	Bagüés	Persona física	6
50042	Balconchán	Entidad pública	1
50042	Balconchán	Persona física	13
50042	Balconchán	Sociedad cooperativa	1
50043	Bárboles	Otras condiciones jurídicas	6
50043	Bárboles	Persona física	36
50043	Bárboles	Sociedad mercantil	3
50044	Bardallur	Entidad pública	1
50044	Bardallur	Otras condiciones jurídicas	2
50044	Bardallur	Persona física	55
50044	Bardallur	Sociedad mercantil	3
50045	Belchite	Entidad pública	1
50045	Belchite	Otras condiciones jurídicas	13
50045	Belchite	Persona física	342
50045	Belchite	Sociedad cooperativa	3
50045	Belchite	Sociedad mercantil	5
50046	Belmonte de Gracián	Entidad pública	1
50046	Belmonte de Gracián	Otras condiciones jurídicas	1
50046	Belmonte de Gracián	Persona física	52
50047	Berdejo	Persona física	3
50048	Berrueco	Persona física	15
50048	Berrueco	Sociedad mercantil	1
50050	Bijuesca	Otras condiciones jurídicas	2
50050	Bijuesca	Persona física	16
50051	Biota	Entidad pública	2
50051	Biota	Otras condiciones jurídicas	18
50051	Biota	Persona física	173
50051	Biota	Sociedad mercantil	5
50052	Bisimbre	Otras condiciones jurídicas	1
50052	Bisimbre	Persona física	17
50052	Bisimbre	Sociedad cooperativa	1
50052	Bisimbre	Sociedad mercantil	2
50053	Boquiñeni	Otras condiciones jurídicas	4
50053	Boquiñeni	Persona física	75
50053	Boquiñeni	Sociedad mercantil	2
50054	Bordalba	Otras condiciones jurídicas	1
50054	Bordalba	Persona física	17
50055	Borja	Entidad pública	1
50055	Borja	Otras condiciones jurídicas	14
50055	Borja	Persona física	299
50055	Borja	Sociedad cooperativa	1
50055	Borja	Sociedad mercantil	1
50056	Botorrita	Otras condiciones jurídicas	1
50056	Botorrita	Persona física	19
50056	Botorrita	Sociedad cooperativa	1
50056	Botorrita	Sociedad mercantil	2
50057	Brea de Aragón	Entidad pública	1
50057	Brea de Aragón	Persona física	39
50058	Bubierca	Persona física	12
50059	Bujaraloz	Otras condiciones jurídicas	10
50059	Bujaraloz	Persona física	152
50059	Bujaraloz	Sociedad cooperativa	3
50059	Bujaraloz	Sociedad mercantil	1
50060	Bulbuente	Otras condiciones jurídicas	2
50060	Bulbuente	Persona física	73
50060	Bulbuente	Sociedad mercantil	1
50061	Bureta	Otras condiciones jurídicas	2
50061	Bureta	Persona física	48
50061	Bureta	Sociedad mercantil	1
50062	Burgo de Ebro (El)	Otras condiciones jurídicas	2
50062	Burgo de Ebro (El)	Persona física	44
50062	Burgo de Ebro (El)	Sociedad mercantil	9
50063	Buste (El)	Otras condiciones jurídicas	1
50063	Buste (El)	Persona física	24
50064	Cabañas de Ebro	Otras condiciones jurídicas	3
50064	Cabañas de Ebro	Persona física	36
50064	Cabañas de Ebro	Sociedad mercantil	1
50065	Cabolafuente	Otras condiciones jurídicas	1
50065	Cabolafuente	Persona física	10
50066	Cadrete	Otras condiciones jurídicas	2
50066	Cadrete	Persona física	18
50067	Calatayud	Entidad pública	1
50067	Calatayud	Otras condiciones jurídicas	5
50067	Calatayud	Persona física	184
50067	Calatayud	Sociedad cooperativa	3
50067	Calatayud	Sociedad mercantil	11
50068	Calatorao	Otras condiciones jurídicas	14
50068	Calatorao	Persona física	200
50068	Calatorao	Sociedad cooperativa	1
50068	Calatorao	Sociedad mercantil	3
50069	Calcena	Persona física	3
50070	Calmarza	Persona física	16
50071	Campillo de Aragón	Persona física	47
50072	Carenas	Persona física	19
50073	Cariñena	Entidad pública	1
50073	Cariñena	Otras condiciones jurídicas	22
50073	Cariñena	Persona física	397
50073	Cariñena	Sociedad cooperativa	4
50073	Cariñena	Sociedad mercantil	9
50074	Caspe	Otras condiciones jurídicas	29
50074	Caspe	Persona física	570
50074	Caspe	Sociedad cooperativa	7
50074	Caspe	Sociedad mercantil	34
50075	Castejón de Alarba	Otras condiciones jurídicas	1
50075	Castejón de Alarba	Persona física	40
50076	Castejón de las Armas	Persona física	18
50077	Castejón de Valdejasa	Entidad pública	1
50077	Castejón de Valdejasa	Persona física	74
50078	Castiliscar	Otras condiciones jurídicas	2
50078	Castiliscar	Persona física	72
50078	Castiliscar	Sociedad cooperativa	1
50078	Castiliscar	Sociedad mercantil	5
50079	Cervera de la Cañada	Entidad pública	1
50079	Cervera de la Cañada	Persona física	90
50080	Cerveruela	Entidad pública	1
50080	Cerveruela	Persona física	2
50081	Cetina	Entidad pública	1
50081	Cetina	Otras condiciones jurídicas	3
50081	Cetina	Persona física	54
50082	Cimballa	Persona física	17
50083	Cinco Olivas	Otras condiciones jurídicas	1
50083	Cinco Olivas	Persona física	11
50083	Cinco Olivas	Sociedad mercantil	1
50084	Clarés de Ribota	Persona física	21
50084	Clarés de Ribota	Sociedad mercantil	1
50085	Codo	Otras condiciones jurídicas	2
50085	Codo	Persona física	28
50086	Codos	Otras condiciones jurídicas	1
50086	Codos	Persona física	57
50087	Contamina	Persona física	8
50088	Cosuenda	Otras condiciones jurídicas	2
50088	Cosuenda	Persona física	133
50088	Cosuenda	Sociedad mercantil	1
50089	Cuarte de Huerva	Persona física	9
50089	Cuarte de Huerva	Sociedad mercantil	1
50090	Cubel	Persona física	58
50091	Cuerlas (Las)	Entidad pública	1
50091	Cuerlas (Las)	Persona física	31
50092	Chiprana	Entidad pública	1
50092	Chiprana	Otras condiciones jurídicas	3
50092	Chiprana	Persona física	30
50092	Chiprana	Sociedad mercantil	3
50093	Chodes	Otras condiciones jurídicas	1
50093	Chodes	Persona física	28
50094	Daroca	Otras condiciones jurídicas	1
50094	Daroca	Persona física	88
50094	Daroca	Sociedad mercantil	1
50095	Ejea de los Caballeros	Otras condiciones jurídicas	127
50095	Ejea de los Caballeros	Persona física	838
50095	Ejea de los Caballeros	Sociedad cooperativa	24
50095	Ejea de los Caballeros	Sociedad mercantil	49
50096	Embid de Ariza	Persona física	11
50098	Encinacorba	Persona física	64
50099	Épila	Otras condiciones jurídicas	22
50099	Épila	Persona física	310
50099	Épila	Sociedad cooperativa	3
50099	Épila	Sociedad mercantil	9
50100	Erla	Otras condiciones jurídicas	6
50100	Erla	Persona física	48
50101	Escatrón	Otras condiciones jurídicas	2
50101	Escatrón	Persona física	79
50101	Escatrón	Sociedad mercantil	1
50102	Fabara	Otras condiciones jurídicas	11
50102	Fabara	Persona física	234
50102	Fabara	Sociedad mercantil	14
50104	Farlete	Otras condiciones jurídicas	6
50104	Farlete	Persona física	80
50105	Fayón	Persona física	88
50105	Fayón	Sociedad mercantil	1
50106	Fayos (Los)	Persona física	9
50107	Figueruelas	Entidad pública	1
50107	Figueruelas	Otras condiciones jurídicas	3
50107	Figueruelas	Persona física	42
50107	Figueruelas	Sociedad mercantil	2
50108	Fombuena	Entidad pública	1
50108	Fombuena	Otras condiciones jurídicas	1
50108	Fombuena	Persona física	10
50108	Fombuena	Sociedad mercantil	5
50109	Frago (El)	Otras condiciones jurídicas	1
50109	Frago (El)	Persona física	14
50110	Frasno (El)	Persona física	168
50111	Fréscano	Entidad pública	1
50111	Fréscano	Otras condiciones jurídicas	4
50111	Fréscano	Persona física	29
50111	Fréscano	Sociedad cooperativa	1
50113	Fuendejalón	Otras condiciones jurídicas	8
50113	Fuendejalón	Persona física	238
50113	Fuendejalón	Sociedad cooperativa	1
50113	Fuendejalón	Sociedad mercantil	1
50114	Fuendetodos	Otras condiciones jurídicas	2
50114	Fuendetodos	Persona física	25
50114	Fuendetodos	Sociedad mercantil	1
50115	Fuentes de Ebro	Entidad pública	1
50115	Fuentes de Ebro	Otras condiciones jurídicas	16
50115	Fuentes de Ebro	Persona física	300
50115	Fuentes de Ebro	Sociedad cooperativa	4
50115	Fuentes de Ebro	Sociedad mercantil	4
50116	Fuentes de Jiloca	Entidad pública	1
50116	Fuentes de Jiloca	Otras condiciones jurídicas	2
50116	Fuentes de Jiloca	Persona física	47
50116	Fuentes de Jiloca	Sociedad cooperativa	1
50116	Fuentes de Jiloca	Sociedad mercantil	2
50117	Gallocanta	Persona física	42
50117	Gallocanta	Sociedad mercantil	1
50118	Gallur	Otras condiciones jurídicas	6
50118	Gallur	Persona física	111
50118	Gallur	Sociedad cooperativa	2
50118	Gallur	Sociedad mercantil	1
50119	Gelsa	Otras condiciones jurídicas	17
50119	Gelsa	Persona física	157
50119	Gelsa	Sociedad mercantil	1
50120	Godojos	Persona física	21
50121	Gotor	Entidad pública	1
50121	Gotor	Persona física	49
50122	Grisel	Persona física	18
50123	Grisén	Otras condiciones jurídicas	3
50123	Grisén	Persona física	18
50124	Herrera de los Navarros	Otras condiciones jurídicas	4
50124	Herrera de los Navarros	Persona física	125
50125	Ibdes	Entidad pública	1
50125	Ibdes	Persona física	77
50125	Ibdes	Sociedad mercantil	3
50126	Illueca	Entidad pública	1
50126	Illueca	Persona física	93
50128	Isuerre	Otras condiciones jurídicas	1
50128	Isuerre	Persona física	10
50129	Jaraba	Otras condiciones jurídicas	1
50129	Jaraba	Persona física	27
50130	Jarque	Entidad pública	1
50130	Jarque	Persona física	110
50130	Jarque	Sociedad mercantil	1
50131	Jaulín	Otras condiciones jurídicas	4
50131	Jaulín	Persona física	40
50131	Jaulín	Sociedad mercantil	3
50132	Joyosa (La)	Otras condiciones jurídicas	3
50132	Joyosa (La)	Persona física	16
50132	Joyosa (La)	Sociedad mercantil	1
50133	Lagata	Persona física	25
50134	Langa del Castillo	Otras condiciones jurídicas	3
50134	Langa del Castillo	Persona física	61
50135	Layana	Otras condiciones jurídicas	1
50135	Layana	Persona física	5
50136	Lécera	Otras condiciones jurídicas	8
50136	Lécera	Persona física	150
50136	Lécera	Sociedad mercantil	3
50137	Leciñena	Entidad pública	1
50137	Leciñena	Otras condiciones jurídicas	13
50137	Leciñena	Persona física	176
50137	Leciñena	Sociedad cooperativa	3
50137	Leciñena	Sociedad mercantil	9
50138	Lechón	Persona física	11
50138	Lechón	Sociedad mercantil	1
50139	Letux	Otras condiciones jurídicas	3
50139	Letux	Persona física	69
50139	Letux	Sociedad cooperativa	1
50139	Letux	Sociedad mercantil	1
50140	Litago	Otras condiciones jurídicas	1
50140	Litago	Persona física	20
50141	Lituénigo	Persona física	22
50142	Lobera de Onsella	Otras condiciones jurídicas	1
50142	Lobera de Onsella	Persona física	13
50143	Longares	Otras condiciones jurídicas	1
50143	Longares	Persona física	186
50144	Longás	Entidad pública	1
50144	Longás	Persona física	6
50146	Lucena de Jalón	Otras condiciones jurídicas	4
50146	Lucena de Jalón	Persona física	40
50146	Lucena de Jalón	Sociedad mercantil	2
50147	Luceni	Otras condiciones jurídicas	2
50147	Luceni	Persona física	46
50147	Luceni	Sociedad cooperativa	3
50147	Luceni	Sociedad mercantil	2
50148	Luesia	Entidad pública	1
50148	Luesia	Otras condiciones jurídicas	2
50148	Luesia	Persona física	60
50148	Luesia	Sociedad mercantil	1
50149	Luesma	Otras condiciones jurídicas	1
50149	Luesma	Persona física	9
50149	Luesma	Sociedad mercantil	1
50150	Lumpiaque	Entidad pública	1
50150	Lumpiaque	Otras condiciones jurídicas	4
50150	Lumpiaque	Persona física	102
50151	Luna	Otras condiciones jurídicas	21
50151	Luna	Persona física	198
50151	Luna	Sociedad cooperativa	5
50151	Luna	Sociedad mercantil	7
50152	Maella	Entidad pública	1
50152	Maella	Otras condiciones jurídicas	5
50152	Maella	Persona física	379
50152	Maella	Sociedad mercantil	9
50153	Magallón	Otras condiciones jurídicas	15
50153	Magallón	Persona física	159
50153	Magallón	Sociedad cooperativa	1
50153	Magallón	Sociedad mercantil	2
50154	Mainar	Otras condiciones jurídicas	2
50154	Mainar	Persona física	22
50154	Mainar	Sociedad mercantil	1
50155	Malanquilla	Otras condiciones jurídicas	1
50155	Malanquilla	Persona física	23
50155	Malanquilla	Sociedad mercantil	3
50156	Maleján	Otras condiciones jurídicas	1
50156	Maleján	Persona física	3
50157	Malón	Persona física	55
50157	Malón	Sociedad cooperativa	1
50157	Malón	Sociedad mercantil	2
50159	Maluenda	Persona física	116
50159	Maluenda	Sociedad mercantil	1
50160	Mallén	Otras condiciones jurídicas	5
50160	Mallén	Persona física	148
50160	Mallén	Sociedad mercantil	7
50161	Manchones	Otras condiciones jurídicas	2
50161	Manchones	Persona física	20
50162	Mara	Persona física	53
50163	María de Huerva	Otras condiciones jurídicas	2
50163	María de Huerva	Persona física	32
50163	María de Huerva	Sociedad mercantil	2
50164	Mediana de Aragón	Otras condiciones jurídicas	4
50164	Mediana de Aragón	Persona física	49
50164	Mediana de Aragón	Sociedad mercantil	1
50165	Mequinenza	Otras condiciones jurídicas	8
50165	Mequinenza	Persona física	321
50165	Mequinenza	Sociedad mercantil	6
50166	Mesones de Isuela	Entidad pública	1
50166	Mesones de Isuela	Otras condiciones jurídicas	1
50166	Mesones de Isuela	Persona física	88
50167	Mezalocha	Persona física	42
50167	Mezalocha	Sociedad mercantil	2
50168	Mianos	Persona física	8
50169	Miedes de Aragón	Otras condiciones jurídicas	1
50169	Miedes de Aragón	Persona física	111
50170	Monegrillo	Entidad pública	1
50170	Monegrillo	Otras condiciones jurídicas	7
50170	Monegrillo	Persona física	135
50170	Monegrillo	Sociedad cooperativa	3
50170	Monegrillo	Sociedad mercantil	2
50171	Moneva	Otras condiciones jurídicas	4
50171	Moneva	Persona física	45
50171	Moneva	Sociedad cooperativa	1
50171	Moneva	Sociedad mercantil	8
50172	Monreal de Ariza	Otras condiciones jurídicas	2
50172	Monreal de Ariza	Persona física	47
50172	Monreal de Ariza	Sociedad cooperativa	1
50172	Monreal de Ariza	Sociedad mercantil	2
50173	Monterde	Entidad pública	1
50173	Monterde	Persona física	33
50174	Montón	Otras condiciones jurídicas	1
50174	Montón	Persona física	26
50175	Morata de Jalón	Entidad pública	1
50175	Morata de Jalón	Otras condiciones jurídicas	3
50175	Morata de Jalón	Persona física	185
50176	Morata de Jiloca	Entidad pública	1
50176	Morata de Jiloca	Otras condiciones jurídicas	1
50176	Morata de Jiloca	Persona física	58
50176	Morata de Jiloca	Sociedad cooperativa	1
50176	Morata de Jiloca	Sociedad mercantil	1
50177	Morés	Entidad pública	1
50177	Morés	Otras condiciones jurídicas	2
50177	Morés	Persona física	45
50177	Morés	Sociedad mercantil	1
50178	Moros	Persona física	94
50178	Moros	Sociedad cooperativa	2
50179	Moyuela	Otras condiciones jurídicas	3
50179	Moyuela	Persona física	47
50180	Mozota	Persona física	14
50181	Muel	Otras condiciones jurídicas	5
50181	Muel	Persona física	96
50181	Muel	Sociedad mercantil	3
50182	Muela (La)	Entidad pública	1
50182	Muela (La)	Otras condiciones jurídicas	10
50182	Muela (La)	Persona física	125
50182	Muela (La)	Sociedad cooperativa	1
50182	Muela (La)	Sociedad mercantil	5
50183	Munébrega	Otras condiciones jurídicas	1
50183	Munébrega	Persona física	111
50183	Munébrega	Sociedad cooperativa	1
50183	Munébrega	Sociedad mercantil	1
50184	Murero	Persona física	26
50184	Murero	Sociedad mercantil	1
50185	Murillo de Gállego	Persona física	27
50185	Murillo de Gállego	Sociedad mercantil	1
50186	Navardún	Otras condiciones jurídicas	1
50186	Navardún	Persona física	25
50186	Navardún	Sociedad mercantil	1
50187	Nigüella	Entidad pública	1
50187	Nigüella	Persona física	20
50188	Nombrevilla	Otras condiciones jurídicas	1
50188	Nombrevilla	Persona física	9
50189	Nonaspe	Otras condiciones jurídicas	3
50189	Nonaspe	Persona física	191
50189	Nonaspe	Sociedad mercantil	4
50190	Novallas	Entidad pública	1
50190	Novallas	Persona física	108
50190	Novallas	Sociedad mercantil	1
50191	Novillas	Otras condiciones jurídicas	7
50191	Novillas	Persona física	108
50191	Novillas	Sociedad cooperativa	1
50191	Novillas	Sociedad mercantil	4
50192	Nuévalos	Otras condiciones jurídicas	1
50192	Nuévalos	Persona física	12
50192	Nuévalos	Sociedad mercantil	1
50193	Nuez de Ebro	Entidad pública	1
50193	Nuez de Ebro	Otras condiciones jurídicas	3
50193	Nuez de Ebro	Persona física	17
50194	Olvés	Persona física	50
50194	Olvés	Sociedad mercantil	1
50195	Orcajo	Persona física	17
50196	Orera	Persona física	41
50197	Orés	Entidad pública	1
50197	Orés	Otras condiciones jurídicas	2
50197	Orés	Persona física	36
50197	Orés	Sociedad cooperativa	1
50198	Oseja	Persona física	12
50199	Osera de Ebro	Otras condiciones jurídicas	3
50199	Osera de Ebro	Persona física	27
50200	Paniza	Persona física	207
50200	Paniza	Sociedad mercantil	1
50201	Paracuellos de Jiloca	Persona física	63
50201	Paracuellos de Jiloca	Sociedad cooperativa	1
50201	Paracuellos de Jiloca	Sociedad mercantil	1
50202	Paracuellos de la Ribera	Persona física	55
50202	Paracuellos de la Ribera	Sociedad mercantil	1
50203	Pastriz	Otras condiciones jurídicas	2
50203	Pastriz	Persona física	44
50203	Pastriz	Sociedad mercantil	2
50204	Pedrola	Entidad pública	1
50204	Pedrola	Otras condiciones jurídicas	15
50204	Pedrola	Persona física	148
50204	Pedrola	Sociedad cooperativa	1
50204	Pedrola	Sociedad mercantil	7
50205	Pedrosas (Las)	Otras condiciones jurídicas	3
50205	Pedrosas (Las)	Persona física	19
50206	Perdiguera	Otras condiciones jurídicas	5
50206	Perdiguera	Persona física	91
50206	Perdiguera	Sociedad cooperativa	2
50206	Perdiguera	Sociedad mercantil	4
50207	Piedratajada	Otras condiciones jurídicas	1
50207	Piedratajada	Persona física	16
50208	Pina de Ebro	Otras condiciones jurídicas	16
50208	Pina de Ebro	Persona física	297
50208	Pina de Ebro	Sociedad cooperativa	6
50208	Pina de Ebro	Sociedad mercantil	6
50209	Pinseque	Otras condiciones jurídicas	3
50209	Pinseque	Persona física	52
50209	Pinseque	Sociedad cooperativa	1
50209	Pinseque	Sociedad mercantil	1
50210	Pintanos (Los)	Otras condiciones jurídicas	1
50210	Pintanos (Los)	Persona física	16
50211	Plasencia de Jalón	Otras condiciones jurídicas	2
50211	Plasencia de Jalón	Persona física	44
50211	Plasencia de Jalón	Sociedad mercantil	2
50212	Pleitas	Persona física	8
50213	Plenas	Entidad pública	1
50213	Plenas	Persona física	35
50214	Pomer	Entidad pública	1
50214	Pomer	Persona física	2
50215	Pozuel de Ariza	Persona física	8
50216	Pozuelo de Aragón	Otras condiciones jurídicas	2
50216	Pozuelo de Aragón	Persona física	54
50216	Pozuelo de Aragón	Sociedad mercantil	1
50217	Pradilla de Ebro	Otras condiciones jurídicas	3
50217	Pradilla de Ebro	Persona física	72
50217	Pradilla de Ebro	Sociedad cooperativa	1
50217	Pradilla de Ebro	Sociedad mercantil	1
50218	Puebla de Albortón	Otras condiciones jurídicas	2
50218	Puebla de Albortón	Persona física	57
50218	Puebla de Albortón	Sociedad mercantil	5
50219	Puebla de Alfindén (La)	Otras condiciones jurídicas	4
50219	Puebla de Alfindén (La)	Persona física	32
50219	Puebla de Alfindén (La)	Sociedad mercantil	4
50220	Puendeluna	Persona física	9
50221	Purujosa	Entidad pública	1
50221	Purujosa	Persona física	3
50222	Quinto	Entidad pública	1
50222	Quinto	Otras condiciones jurídicas	16
50222	Quinto	Persona física	207
50222	Quinto	Sociedad cooperativa	3
50222	Quinto	Sociedad mercantil	9
50223	Remolinos	Entidad pública	1
50223	Remolinos	Otras condiciones jurídicas	2
50223	Remolinos	Persona física	60
50223	Remolinos	Sociedad cooperativa	2
50223	Remolinos	Sociedad mercantil	2
50224	Retascón	Otras condiciones jurídicas	1
50224	Retascón	Persona física	39
50225	Ricla	Entidad pública	1
50225	Ricla	Otras condiciones jurídicas	30
50225	Ricla	Persona física	298
50225	Ricla	Sociedad cooperativa	2
50225	Ricla	Sociedad mercantil	8
50227	Romanos	Entidad pública	1
50227	Romanos	Otras condiciones jurídicas	1
50227	Romanos	Persona física	33
50228	Rueda de Jalón	Entidad pública	1
50228	Rueda de Jalón	Otras condiciones jurídicas	4
50228	Rueda de Jalón	Persona física	105
50228	Rueda de Jalón	Sociedad mercantil	1
50229	Ruesca	Otras condiciones jurídicas	1
50229	Ruesca	Persona física	21
50230	Sádaba	Entidad pública	2
50230	Sádaba	Otras condiciones jurídicas	27
50230	Sádaba	Persona física	198
50230	Sádaba	Sociedad cooperativa	5
50230	Sádaba	Sociedad mercantil	4
50231	Salillas de Jalón	Persona física	11
50232	Salvatierra de Esca	Entidad pública	1
50232	Salvatierra de Esca	Otras condiciones jurídicas	2
50232	Salvatierra de Esca	Persona física	16
50233	Samper del Salz	Entidad pública	1
50233	Samper del Salz	Otras condiciones jurídicas	1
50233	Samper del Salz	Persona física	4
50234	San Martín de la Virgen de Moncayo	Otras condiciones jurídicas	2
50234	San Martín de la Virgen de Moncayo	Persona física	13
50235	San Mateo de Gállego	Otras condiciones jurídicas	4
50235	San Mateo de Gállego	Persona física	94
50235	San Mateo de Gállego	Sociedad cooperativa	2
50235	San Mateo de Gállego	Sociedad mercantil	1
50236	Santa Cruz de Grío	Entidad pública	1
50236	Santa Cruz de Grío	Persona física	59
50237	Santa Cruz de Moncayo	Otras condiciones jurídicas	1
50237	Santa Cruz de Moncayo	Persona física	18
50238	Santa Eulalia de Gállego	Persona física	17
50239	Santed	Entidad pública	1
50239	Santed	Persona física	18
50240	Sástago	Otras condiciones jurídicas	10
50240	Sástago	Persona física	153
50240	Sástago	Sociedad mercantil	5
50241	Saviñán	Entidad pública	1
50241	Saviñán	Persona física	78
50241	Saviñán	Sociedad mercantil	3
50242	Sediles	Otras condiciones jurídicas	1
50242	Sediles	Persona física	26
50243	Sestrica	Entidad pública	1
50243	Sestrica	Persona física	123
50244	Sierra de Luna	Otras condiciones jurídicas	5
50244	Sierra de Luna	Persona física	50
50244	Sierra de Luna	Sociedad cooperativa	1
50245	Sigüés	Otras condiciones jurídicas	3
50245	Sigüés	Persona física	17
50246	Sisamón	Otras condiciones jurídicas	1
50246	Sisamón	Persona física	10
50247	Sobradiel	Entidad pública	1
50247	Sobradiel	Otras condiciones jurídicas	2
50247	Sobradiel	Persona física	23
50248	Sos del Rey Católico	Otras condiciones jurídicas	15
50248	Sos del Rey Católico	Persona física	156
50248	Sos del Rey Católico	Sociedad cooperativa	2
50248	Sos del Rey Católico	Sociedad mercantil	2
50249	Tabuenca	Otras condiciones jurídicas	1
50249	Tabuenca	Persona física	151
50249	Tabuenca	Sociedad mercantil	2
50250	Talamantes	Otras condiciones jurídicas	3
50250	Talamantes	Persona física	8
50251	Tarazona	Entidad pública	1
50251	Tarazona	Otras condiciones jurídicas	8
50251	Tarazona	Persona física	302
50251	Tarazona	Sociedad cooperativa	1
50251	Tarazona	Sociedad mercantil	10
50252	Tauste	Entidad pública	1
50252	Tauste	Otras condiciones jurídicas	80
50252	Tauste	Persona física	739
50252	Tauste	Sociedad cooperativa	11
50252	Tauste	Sociedad mercantil	27
50253	Terrer	Persona física	64
50253	Terrer	Sociedad mercantil	1
50254	Tierga	Entidad pública	1
50254	Tierga	Otras condiciones jurídicas	3
50254	Tierga	Persona física	58
50255	Tobed	Entidad pública	1
50255	Tobed	Otras condiciones jurídicas	1
50255	Tobed	Persona física	45
50256	Torralba de los Frailes	Otras condiciones jurídicas	1
50256	Torralba de los Frailes	Persona física	52
50257	Torralba de Ribota	Persona física	61
50257	Torralba de Ribota	Sociedad mercantil	1
50258	Torralbilla	Persona física	10
50259	Torrehermosa	Otras condiciones jurídicas	1
50259	Torrehermosa	Persona física	17
50260	Torrelapaja	Entidad pública	1
50260	Torrelapaja	Persona física	7
50261	Torrellas	Persona física	18
50261	Torrellas	Sociedad mercantil	1
50262	Torres de Berrellén	Entidad pública	1
50262	Torres de Berrellén	Otras condiciones jurídicas	5
50262	Torres de Berrellén	Persona física	62
50262	Torres de Berrellén	Sociedad mercantil	1
50263	Torrijo de la Cañada	Otras condiciones jurídicas	1
50263	Torrijo de la Cañada	Persona física	43
50263	Torrijo de la Cañada	Sociedad mercantil	2
50264	Tosos	Entidad pública	1
50264	Tosos	Otras condiciones jurídicas	4
50264	Tosos	Persona física	86
50264	Tosos	Sociedad mercantil	2
50265	Trasmoz	Persona física	21
50266	Trasobares	Entidad pública	1
50266	Trasobares	Persona física	43
50267	Uncastillo	Otras condiciones jurídicas	14
50267	Uncastillo	Persona física	81
50267	Uncastillo	Sociedad mercantil	5
50268	Undués de Lerda	Entidad pública	1
50268	Undués de Lerda	Otras condiciones jurídicas	3
50268	Undués de Lerda	Persona física	6
50268	Undués de Lerda	Sociedad mercantil	2
50269	Urrea de Jalón	Otras condiciones jurídicas	4
50269	Urrea de Jalón	Persona física	50
50270	Urriés	Otras condiciones jurídicas	1
50270	Urriés	Persona física	17
50271	Used	Otras condiciones jurídicas	2
50271	Used	Persona física	99
50272	Utebo	Entidad pública	1
50272	Utebo	Otras condiciones jurídicas	5
50272	Utebo	Persona física	53
50272	Utebo	Sociedad mercantil	2
50273	Valdehorna	Persona física	17
50274	Val de San Martín	Persona física	21
50275	Valmadrid	Otras condiciones jurídicas	1
50275	Valmadrid	Persona física	16
50276	Valpalmas	Otras condiciones jurídicas	5
50276	Valpalmas	Persona física	25
50277	Valtorres	Persona física	15
50278	Velilla de Ebro	Otras condiciones jurídicas	4
50278	Velilla de Ebro	Persona física	27
50278	Velilla de Ebro	Sociedad mercantil	2
50279	Velilla de Jiloca	Persona física	25
50279	Velilla de Jiloca	Sociedad mercantil	1
50280	Vera de Moncayo	Otras condiciones jurídicas	1
50280	Vera de Moncayo	Persona física	69
50280	Vera de Moncayo	Sociedad mercantil	2
50281	Vierlas	Persona física	21
50281	Vierlas	Sociedad mercantil	1
50282	Vilueña (La)	Persona física	37
50283	Villadoz	Otras condiciones jurídicas	1
50283	Villadoz	Persona física	23
50284	Villafeliche	Entidad pública	1
50284	Villafeliche	Otras condiciones jurídicas	2
50284	Villafeliche	Persona física	20
50285	Villafranca de Ebro	Entidad pública	1
50285	Villafranca de Ebro	Otras condiciones jurídicas	2
50285	Villafranca de Ebro	Persona física	53
50285	Villafranca de Ebro	Sociedad mercantil	4
50286	Villalba de Perejil	Persona física	25
50287	Villalengua	Persona física	67
50288	Villanueva de Gállego	Entidad pública	1
50288	Villanueva de Gállego	Otras condiciones jurídicas	11
50288	Villanueva de Gállego	Persona física	83
50288	Villanueva de Gállego	Sociedad mercantil	2
50289	Villanueva de Jiloca	Persona física	14
50289	Villanueva de Jiloca	Sociedad mercantil	1
50290	Villanueva de Huerva	Entidad pública	1
50290	Villanueva de Huerva	Otras condiciones jurídicas	4
50290	Villanueva de Huerva	Persona física	86
50290	Villanueva de Huerva	Sociedad mercantil	1
50291	Villar de los Navarros	Persona física	46
50292	Villarreal de Huerva	Entidad pública	1
50292	Villarreal de Huerva	Otras condiciones jurídicas	1
50292	Villarreal de Huerva	Persona física	14
50292	Villarreal de Huerva	Sociedad cooperativa	2
50293	Villarroya de la Sierra	Otras condiciones jurídicas	1
50293	Villarroya de la Sierra	Persona física	131
50293	Villarroya de la Sierra	Sociedad mercantil	1
50294	Villarroya del Campo	Persona física	21
50295	Vistabella	Persona física	6
50296	Zaida (La)	Otras condiciones jurídicas	1
50296	Zaida (La)	Persona física	33
50297	Zaragoza	Entidad pública	4
50297	Zaragoza	Otras condiciones jurídicas	52
50297	Zaragoza	Persona física	825
50297	Zaragoza	Sociedad cooperativa	8
50297	Zaragoza	Sociedad mercantil	32
50298	Zuera	Entidad pública	1
50298	Zuera	Otras condiciones jurídicas	17
50298	Zuera	Persona física	338
50298	Zuera	Sociedad cooperativa	3
50298	Zuera	Sociedad mercantil	7
50901	Biel	Persona física	27
50901	Biel	Sociedad mercantil	1
50902	Marracos	Otras condiciones jurídicas	2
50902	Marracos	Persona física	15
50903	Villamayor de Gállego	Otras condiciones jurídicas	3
50903	Villamayor de Gállego	Persona física	160
50903	Villamayor de Gállego	Sociedad cooperativa	1
50903	Villamayor de Gállego	Sociedad mercantil	3