Año	Provincia código	Provincia nombre	División (2 dígitos) código	División (2 dígitos) descripción	Año
2009	22	Huesca	01	Agricultura, ganadería, caza y servicios relacionados con las mismas	3565
2009	22	Huesca	02	Silvicultura y explotación forestal	47
2009	22	Huesca	05	Extracción de antracita, hulla y lignito	15
2009	22	Huesca	06	Extracción de crudo de petróleo y gas natural	3
2009	22	Huesca	08	Otras industrias extractivas	57
2009	22	Huesca	10	Industria de la alimentación	367
2009	22	Huesca	11	Fabricación de bebidas	66
2009	22	Huesca	13	Industria textil	48
2009	22	Huesca	14	Confección de prendas de vestir	60
2009	22	Huesca	15	Industria del cuero y del calzado	14
2009	22	Huesca	16	Industria de la madera y del corcho, excepto muebles; cestería y espartería	190
2009	22	Huesca	17	Industria del papel	12
2009	22	Huesca	18	Artes gráficas y reproducción de soportes grabados	88
2009	22	Huesca	20	Industria química	71
2009	22	Huesca	21	Fabricación de productos farmacéuticos	3
2009	22	Huesca	22	Fabricación de productos de caucho y plásticos	32
2009	22	Huesca	23	Fabricación de otros productos minerales no metálicos	135
2009	22	Huesca	24	Metalurgia; fabricación de productos de hierro, acero y ferroaleaciones	8
2009	22	Huesca	25	Fabricación de productos metálicos, excepto maquinaria y equipo	510
2009	22	Huesca	26	Fabricación de productos informáticos, electrónicos y ópticos	13
2009	22	Huesca	27	Fabricación de material y equipo eléctrico	25
2009	22	Huesca	28	Fabricación de maquinaria y equipo n.c.o.p.	95
2009	22	Huesca	29	Fabricación de vehículos de motor, remolques y semirremolques	43
2009	22	Huesca	30	Fabricación de otro material de transporte	7
2009	22	Huesca	31	Fabricación de muebles	113
2009	22	Huesca	32	Otras industrias manufactureras	38
2009	22	Huesca	33	Reparación e instalación de maquinaria y equipo	102
2009	22	Huesca	35	Suministro de energía eléctrica, gas, vapor y aire acondicionado	482
2009	22	Huesca	36	Captación, depuración y distribución de agua	15
2009	22	Huesca	37	Recogida y tratamiento de aguas residuales	30
2009	22	Huesca	38	Recogida, tratamiento y eliminación de residuos; valorización	18
2009	22	Huesca	39	Actividades de descontaminación y otros servicios de gestión de residuos	44
2009	22	Huesca	41	Construcción de edificios	1996
2009	22	Huesca	42	Ingeniería civil	262
2009	22	Huesca	43	Actividades de construcción especializada	3979
2009	22	Huesca	45	Venta y reparación de vehículos de motor y motocicletas	880
2009	22	Huesca	46	Comercio al por mayor e intermediarios del comercio, excepto de vehículos de motor y motocicletas	1621
2009	22	Huesca	47	Comercio al por menor, excepto de vehículos de motor y motocicletas	5618
2009	22	Huesca	49	Transporte terrestre y por tubería	1305
2009	22	Huesca	51	Transporte aéreo	3
2009	22	Huesca	52	Almacenamiento y actividades anexas al transporte	96
2009	22	Huesca	53	Actividades postales y de correos	37
2009	22	Huesca	55	Servicios de alojamiento	912
2009	22	Huesca	56	Servicios de comidas y bebidas	2926
2009	22	Huesca	58	Edición	63
2009	22	Huesca	59	Actividades cinematográficas, de vídeo y de programas de televisión, grabación de sonido y edición musical	51
2009	22	Huesca	60	Actividades de programación y emisión de radio y televisión	25
2009	22	Huesca	61	Telecomunicaciones	27
2009	22	Huesca	62	Programación, consultoría y otras actividades relacionadas con la informática	142
2009	22	Huesca	63	Servicios de información	28
2009	22	Huesca	64	Servicios financieros, excepto seguros y fondos de pensiones	359
2009	22	Huesca	65	Seguros, reaseguros y fondos de pensiones, excepto Seguridad Social obligatoria	37
2009	22	Huesca	66	Actividades auxiliares a los servicios financieros y a los seguros	476
2009	22	Huesca	68	Actividades inmobiliarias	2517
2009	22	Huesca	69	Actividades jurídicas y de contabilidad	613
2009	22	Huesca	71	Servicios técnicos de arquitectura e ingeniería; ensayos y análisis técnicos	964
2009	22	Huesca	72	Investigación y desarrollo	88
2009	22	Huesca	73	Publicidad y estudios de mercado	143
2009	22	Huesca	74	Otras actividades profesionales, científicas y técnicas	342
2009	22	Huesca	75	Actividades veterinarias	115
2009	22	Huesca	77	Actividades de alquiler	433
2009	22	Huesca	78	Actividades relacionadas con el empleo	24
2009	22	Huesca	79	Actividades de agencias de viajes, operadores turísticos, servicios de reservas y actividades relacionadas con los mismos	105
2009	22	Huesca	80	Actividades de seguridad e investigación	25
2009	22	Huesca	81	Servicios a edificios y actividades de jardinería	312
2009	22	Huesca	82	Actividades administrativas de oficina y otras actividades auxiliares a las empresas	449
2009	22	Huesca	85	Educación	805
2009	22	Huesca	86	Actividades sanitarias	508
2009	22	Huesca	87	Asistencia en establecimientos residenciales	39
2009	22	Huesca	88	Actividades de servicios sociales sin alojamiento	39
2009	22	Huesca	90	Actividades de creación, artísticas y espectáculos	246
2009	22	Huesca	91	Actividades de bibliotecas, archivos, museos y otras actividades culturales	46
2009	22	Huesca	92	Actividades de juegos de azar y apuestas	146
2009	22	Huesca	93	Actividades deportivas, recreativas y de entretenimiento	237
2009	22	Huesca	95	Reparación de ordenadores, efectos personales y artículos de uso doméstico	264
2009	22	Huesca	96	Otros servicios personales	1004
2009	44	Teruel	01	Agricultura, ganadería, caza y servicios relacionados con las mismas	1283
2009	44	Teruel	02	Silvicultura y explotación forestal	51
2009	44	Teruel	05	Extracción de antracita, hulla y lignito	17
2009	44	Teruel	08	Otras industrias extractivas	131
2009	44	Teruel	10	Industria de la alimentación	416
2009	44	Teruel	11	Fabricación de bebidas	32
2009	44	Teruel	13	Industria textil	25
2009	44	Teruel	14	Confección de prendas de vestir	32
2009	44	Teruel	15	Industria del cuero y del calzado	4
2009	44	Teruel	16	Industria de la madera y del corcho, excepto muebles; cestería y espartería	171
2009	44	Teruel	17	Industria del papel	10
2009	44	Teruel	18	Artes gráficas y reproducción de soportes grabados	57
2009	44	Teruel	20	Industria química	21
2009	44	Teruel	21	Fabricación de productos farmacéuticos	1
2009	44	Teruel	22	Fabricación de productos de caucho y plásticos	8
2009	44	Teruel	23	Fabricación de otros productos minerales no metálicos	130
2009	44	Teruel	24	Metalurgia; fabricación de productos de hierro, acero y ferroaleaciones	7
2009	44	Teruel	25	Fabricación de productos metálicos, excepto maquinaria y equipo	235
2009	44	Teruel	26	Fabricación de productos informáticos, electrónicos y ópticos	3
2009	44	Teruel	27	Fabricación de material y equipo eléctrico	8
2009	44	Teruel	28	Fabricación de maquinaria y equipo n.c.o.p.	40
2009	44	Teruel	29	Fabricación de vehículos de motor, remolques y semirremolques	22
2009	44	Teruel	30	Fabricación de otro material de transporte	2
2009	44	Teruel	31	Fabricación de muebles	70
2009	44	Teruel	32	Otras industrias manufactureras	19
2009	44	Teruel	33	Reparación e instalación de maquinaria y equipo	36
2009	44	Teruel	35	Suministro de energía eléctrica, gas, vapor y aire acondicionado	344
2009	44	Teruel	36	Captación, depuración y distribución de agua	10
2009	44	Teruel	37	Recogida y tratamiento de aguas residuales	21
2009	44	Teruel	38	Recogida, tratamiento y eliminación de residuos; valorización	19
2009	44	Teruel	39	Actividades de descontaminación y otros servicios de gestión de residuos	18
2009	44	Teruel	41	Construcción de edificios	1430
2009	44	Teruel	42	Ingeniería civil	164
2009	44	Teruel	43	Actividades de construcción especializada	2342
2009	44	Teruel	45	Venta y reparación de vehículos de motor y motocicletas	515
2009	44	Teruel	46	Comercio al por mayor e intermediarios del comercio, excepto de vehículos de motor y motocicletas	725
2009	44	Teruel	47	Comercio al por menor, excepto de vehículos de motor y motocicletas	3405
2009	44	Teruel	49	Transporte terrestre y por tubería	844
2009	44	Teruel	52	Almacenamiento y actividades anexas al transporte	60
2009	44	Teruel	53	Actividades postales y de correos	18
2009	44	Teruel	55	Servicios de alojamiento	456
2009	44	Teruel	56	Servicios de comidas y bebidas	1627
2009	44	Teruel	58	Edición	33
2009	44	Teruel	59	Actividades cinematográficas, de vídeo y de programas de televisión, grabación de sonido y edición musical	26
2009	44	Teruel	60	Actividades de programación y emisión de radio y televisión	14
2009	44	Teruel	61	Telecomunicaciones	11
2009	44	Teruel	62	Programación, consultoría y otras actividades relacionadas con la informática	66
2009	44	Teruel	63	Servicios de información	9
2009	44	Teruel	64	Servicios financieros, excepto seguros y fondos de pensiones	239
2009	44	Teruel	65	Seguros, reaseguros y fondos de pensiones, excepto Seguridad Social obligatoria	26
2009	44	Teruel	66	Actividades auxiliares a los servicios financieros y a los seguros	280
2009	44	Teruel	68	Actividades inmobiliarias	1052
2009	44	Teruel	69	Actividades jurídicas y de contabilidad	314
2009	44	Teruel	71	Servicios técnicos de arquitectura e ingeniería; ensayos y análisis técnicos	471
2009	44	Teruel	72	Investigación y desarrollo	44
2009	44	Teruel	73	Publicidad y estudios de mercado	64
2009	44	Teruel	74	Otras actividades profesionales, científicas y técnicas	143
2009	44	Teruel	75	Actividades veterinarias	60
2009	44	Teruel	77	Actividades de alquiler	231
2009	44	Teruel	78	Actividades relacionadas con el empleo	16
2009	44	Teruel	79	Actividades de agencias de viajes, operadores turísticos, servicios de reservas y actividades relacionadas con los mismos	25
2009	44	Teruel	80	Actividades de seguridad e investigación	13
2009	44	Teruel	81	Servicios a edificios y actividades de jardinería	129
2009	44	Teruel	82	Actividades administrativas de oficina y otras actividades auxiliares a las empresas	237
2009	44	Teruel	85	Educación	307
2009	44	Teruel	86	Actividades sanitarias	226
2009	44	Teruel	87	Asistencia en establecimientos residenciales	15
2009	44	Teruel	88	Actividades de servicios sociales sin alojamiento	23
2009	44	Teruel	90	Actividades de creación, artísticas y espectáculos	118
2009	44	Teruel	91	Actividades de bibliotecas, archivos, museos y otras actividades culturales	39
2009	44	Teruel	92	Actividades de juegos de azar y apuestas	58
2009	44	Teruel	93	Actividades deportivas, recreativas y de entretenimiento	130
2009	44	Teruel	95	Reparación de ordenadores, efectos personales y artículos de uso doméstico	110
2009	44	Teruel	96	Otros servicios personales	587
2009	50	Zaragoza	01	Agricultura, ganadería, caza y servicios relacionados con las mismas	2659
2009	50	Zaragoza	02	Silvicultura y explotación forestal	44
2009	50	Zaragoza	05	Extracción de antracita, hulla y lignito	42
2009	50	Zaragoza	07	Extracción de minerales metálicos	2
2009	50	Zaragoza	08	Otras industrias extractivas	140
2009	50	Zaragoza	10	Industria de la alimentación	733
2009	50	Zaragoza	11	Fabricación de bebidas	148
2009	50	Zaragoza	13	Industria textil	183
2009	50	Zaragoza	14	Confección de prendas de vestir	412
2009	50	Zaragoza	15	Industria del cuero y del calzado	183
2009	50	Zaragoza	16	Industria de la madera y del corcho, excepto muebles; cestería y espartería	339
2009	50	Zaragoza	17	Industria del papel	63
2009	50	Zaragoza	18	Artes gráficas y reproducción de soportes grabados	413
2009	50	Zaragoza	20	Industria química	130
2009	50	Zaragoza	21	Fabricación de productos farmacéuticos	19
2009	50	Zaragoza	22	Fabricación de productos de caucho y plásticos	222
2009	50	Zaragoza	23	Fabricación de otros productos minerales no metálicos	307
2009	50	Zaragoza	24	Metalurgia; fabricación de productos de hierro, acero y ferroaleaciones	59
2009	50	Zaragoza	25	Fabricación de productos metálicos, excepto maquinaria y equipo	1754
2009	50	Zaragoza	26	Fabricación de productos informáticos, electrónicos y ópticos	132
2009	50	Zaragoza	27	Fabricación de material y equipo eléctrico	206
2009	50	Zaragoza	28	Fabricación de maquinaria y equipo n.c.o.p.	490
2009	50	Zaragoza	29	Fabricación de vehículos de motor, remolques y semirremolques	193
2009	50	Zaragoza	30	Fabricación de otro material de transporte	29
2009	50	Zaragoza	31	Fabricación de muebles	550
2009	50	Zaragoza	32	Otras industrias manufactureras	290
2009	50	Zaragoza	33	Reparación e instalación de maquinaria y equipo	431
2009	50	Zaragoza	35	Suministro de energía eléctrica, gas, vapor y aire acondicionado	882
2009	50	Zaragoza	36	Captación, depuración y distribución de agua	25
2009	50	Zaragoza	37	Recogida y tratamiento de aguas residuales	93
2009	50	Zaragoza	38	Recogida, tratamiento y eliminación de residuos; valorización	81
2009	50	Zaragoza	39	Actividades de descontaminación y otros servicios de gestión de residuos	67
2009	50	Zaragoza	41	Construcción de edificios	5237
2009	50	Zaragoza	42	Ingeniería civil	815
2009	50	Zaragoza	43	Actividades de construcción especializada	13074
2009	50	Zaragoza	45	Venta y reparación de vehículos de motor y motocicletas	2255
2009	50	Zaragoza	46	Comercio al por mayor e intermediarios del comercio, excepto de vehículos de motor y motocicletas	7596
2009	50	Zaragoza	47	Comercio al por menor, excepto de vehículos de motor y motocicletas	15292
2009	50	Zaragoza	49	Transporte terrestre y por tubería	5847
2009	50	Zaragoza	50	Transporte marítimo y por vías navegables interiores	5
2009	50	Zaragoza	51	Transporte aéreo	15
2009	50	Zaragoza	52	Almacenamiento y actividades anexas al transporte	671
2009	50	Zaragoza	53	Actividades postales y de correos	147
2009	50	Zaragoza	55	Servicios de alojamiento	561
2009	50	Zaragoza	56	Servicios de comidas y bebidas	7186
2009	50	Zaragoza	58	Edición	271
2009	50	Zaragoza	59	Actividades cinematográficas, de vídeo y de programas de televisión, grabación de sonido y edición musical	244
2009	50	Zaragoza	60	Actividades de programación y emisión de radio y televisión	57
2009	50	Zaragoza	61	Telecomunicaciones	110
2009	50	Zaragoza	62	Programación, consultoría y otras actividades relacionadas con la informática	804
2009	50	Zaragoza	63	Servicios de información	108
2009	50	Zaragoza	64	Servicios financieros, excepto seguros y fondos de pensiones	1272
2009	50	Zaragoza	65	Seguros, reaseguros y fondos de pensiones, excepto Seguridad Social obligatoria	147
2009	50	Zaragoza	66	Actividades auxiliares a los servicios financieros y a los seguros	1859
2009	50	Zaragoza	68	Actividades inmobiliarias	10174
2009	50	Zaragoza	69	Actividades jurídicas y de contabilidad	4053
2009	50	Zaragoza	71	Servicios técnicos de arquitectura e ingeniería; ensayos y análisis técnicos	3758
2009	50	Zaragoza	72	Investigación y desarrollo	569
2009	50	Zaragoza	73	Publicidad y estudios de mercado	795
2009	50	Zaragoza	74	Otras actividades profesionales, científicas y técnicas	1562
2009	50	Zaragoza	75	Actividades veterinarias	331
2009	50	Zaragoza	77	Actividades de alquiler	1109
2009	50	Zaragoza	78	Actividades relacionadas con el empleo	142
2009	50	Zaragoza	79	Actividades de agencias de viajes, operadores turísticos, servicios de reservas y actividades relacionadas con los mismos	299
2009	50	Zaragoza	80	Actividades de seguridad e investigación	86
2009	50	Zaragoza	81	Servicios a edificios y actividades de jardinería	815
2009	50	Zaragoza	82	Actividades administrativas de oficina y otras actividades auxiliares a las empresas	2866
2009	50	Zaragoza	85	Educación	2273
2009	50	Zaragoza	86	Actividades sanitarias	2835
2009	50	Zaragoza	87	Asistencia en establecimientos residenciales	196
2009	50	Zaragoza	88	Actividades de servicios sociales sin alojamiento	135
2009	50	Zaragoza	90	Actividades de creación, artísticas y espectáculos	1005
2009	50	Zaragoza	91	Actividades de bibliotecas, archivos, museos y otras actividades culturales	124
2009	50	Zaragoza	92	Actividades de juegos de azar y apuestas	471
2009	50	Zaragoza	93	Actividades deportivas, recreativas y de entretenimiento	649
2009	50	Zaragoza	95	Reparación de ordenadores, efectos personales y artículos de uso doméstico	997
2009	50	Zaragoza	96	Otros servicios personales	3626
2010	22	Huesca	01	Agricultura, ganadería, caza y servicios relacionados con las mismas	3371
2010	22	Huesca	02	Silvicultura y explotación forestal	50
2010	22	Huesca	05	Extracción de antracita, hulla y lignito	10
2010	22	Huesca	06	Extracción de crudo de petróleo y gas natural	3
2010	22	Huesca	08	Otras industrias extractivas	56
2010	22	Huesca	10	Industria de la alimentación	369
2010	22	Huesca	11	Fabricación de bebidas	69
2010	22	Huesca	13	Industria textil	42
2010	22	Huesca	14	Confección de prendas de vestir	54
2010	22	Huesca	15	Industria del cuero y del calzado	13
2010	22	Huesca	16	Industria de la madera y del corcho, excepto muebles; cestería y espartería	179
2010	22	Huesca	17	Industria del papel	13
2010	22	Huesca	18	Artes gráficas y reproducción de soportes grabados	88
2010	22	Huesca	20	Industria química	77
2010	22	Huesca	21	Fabricación de productos farmacéuticos	3
2010	22	Huesca	22	Fabricación de productos de caucho y plásticos	36
2010	22	Huesca	23	Fabricación de otros productos minerales no metálicos	133
2010	22	Huesca	24	Metalurgia; fabricación de productos de hierro, acero y ferroaleaciones	8
2010	22	Huesca	25	Fabricación de productos metálicos, excepto maquinaria y equipo	497
2010	22	Huesca	26	Fabricación de productos informáticos, electrónicos y ópticos	14
2010	22	Huesca	27	Fabricación de material y equipo eléctrico	26
2010	22	Huesca	28	Fabricación de maquinaria y equipo n.c.o.p.	99
2010	22	Huesca	29	Fabricación de vehículos de motor, remolques y semirremolques	47
2010	22	Huesca	30	Fabricación de otro material de transporte	9
2010	22	Huesca	31	Fabricación de muebles	112
2010	22	Huesca	32	Otras industrias manufactureras	37
2010	22	Huesca	33	Reparación e instalación de maquinaria y equipo	104
2010	22	Huesca	35	Suministro de energía eléctrica, gas, vapor y aire acondicionado	499
2010	22	Huesca	36	Captación, depuración y distribución de agua	16
2010	22	Huesca	37	Recogida y tratamiento de aguas residuales	32
2010	22	Huesca	38	Recogida, tratamiento y eliminación de residuos; valorización	17
2010	22	Huesca	39	Actividades de descontaminación y otros servicios de gestión de residuos	46
2010	22	Huesca	41	Construcción de edificios	1934
2010	22	Huesca	42	Ingeniería civil	264
2010	22	Huesca	43	Actividades de construcción especializada	3569
2010	22	Huesca	45	Venta y reparación de vehículos de motor y motocicletas	898
2010	22	Huesca	46	Comercio al por mayor e intermediarios del comercio, excepto de vehículos de motor y motocicletas	1599
2010	22	Huesca	47	Comercio al por menor, excepto de vehículos de motor y motocicletas	6536
2010	22	Huesca	49	Transporte terrestre y por tubería	1276
2010	22	Huesca	51	Transporte aéreo	3
2010	22	Huesca	52	Almacenamiento y actividades anexas al transporte	106
2010	22	Huesca	53	Actividades postales y de correos	45
2010	22	Huesca	55	Servicios de alojamiento	934
2010	22	Huesca	56	Servicios de comidas y bebidas	2932
2010	22	Huesca	58	Edición	69
2010	22	Huesca	59	Actividades cinematográficas, de vídeo y de programas de televisión, grabación de sonido y edición musical	54
2010	22	Huesca	60	Actividades de programación y emisión de radio y televisión	29
2010	22	Huesca	61	Telecomunicaciones	29
2010	22	Huesca	62	Programación, consultoría y otras actividades relacionadas con la informática	136
2010	22	Huesca	63	Servicios de información	25
2010	22	Huesca	64	Servicios financieros, excepto seguros y fondos de pensiones	353
2010	22	Huesca	65	Seguros, reaseguros y fondos de pensiones, excepto Seguridad Social obligatoria	36
2010	22	Huesca	66	Actividades auxiliares a los servicios financieros y a los seguros	318
2010	22	Huesca	68	Actividades inmobiliarias	2634
2010	22	Huesca	69	Actividades jurídicas y de contabilidad	630
2010	22	Huesca	71	Servicios técnicos de arquitectura e ingeniería; ensayos y análisis técnicos	936
2010	22	Huesca	72	Investigación y desarrollo	72
2010	22	Huesca	73	Publicidad y estudios de mercado	151
2010	22	Huesca	74	Otras actividades profesionales, científicas y técnicas	355
2010	22	Huesca	75	Actividades veterinarias	104
2010	22	Huesca	77	Actividades de alquiler	431
2010	22	Huesca	78	Actividades relacionadas con el empleo	26
2010	22	Huesca	79	Actividades de agencias de viajes, operadores turísticos, servicios de reservas y actividades relacionadas con los mismos	105
2010	22	Huesca	80	Actividades de seguridad e investigación	23
2010	22	Huesca	81	Servicios a edificios y actividades de jardinería	286
2010	22	Huesca	82	Actividades administrativas de oficina y otras actividades auxiliares a las empresas	462
2010	22	Huesca	85	Educación	735
2010	22	Huesca	86	Actividades sanitarias	386
2010	22	Huesca	87	Asistencia en establecimientos residenciales	40
2010	22	Huesca	88	Actividades de servicios sociales sin alojamiento	36
2010	22	Huesca	90	Actividades de creación, artísticas y espectáculos	254
2010	22	Huesca	91	Actividades de bibliotecas, archivos, museos y otras actividades culturales	42
2010	22	Huesca	92	Actividades de juegos de azar y apuestas	146
2010	22	Huesca	93	Actividades deportivas, recreativas y de entretenimiento	235
2010	22	Huesca	95	Reparación de ordenadores, efectos personales y artículos de uso doméstico	269
2010	22	Huesca	96	Otros servicios personales	1007
2010	44	Teruel	01	Agricultura, ganadería, caza y servicios relacionados con las mismas	1258
2010	44	Teruel	02	Silvicultura y explotación forestal	48
2010	44	Teruel	05	Extracción de antracita, hulla y lignito	17
2010	44	Teruel	08	Otras industrias extractivas	131
2010	44	Teruel	10	Industria de la alimentación	411
2010	44	Teruel	11	Fabricación de bebidas	34
2010	44	Teruel	13	Industria textil	27
2010	44	Teruel	14	Confección de prendas de vestir	28
2010	44	Teruel	15	Industria del cuero y del calzado	5
2010	44	Teruel	16	Industria de la madera y del corcho, excepto muebles; cestería y espartería	174
2010	44	Teruel	17	Industria del papel	9
2010	44	Teruel	18	Artes gráficas y reproducción de soportes grabados	56
2010	44	Teruel	20	Industria química	23
2010	44	Teruel	21	Fabricación de productos farmacéuticos	1
2010	44	Teruel	22	Fabricación de productos de caucho y plásticos	10
2010	44	Teruel	23	Fabricación de otros productos minerales no metálicos	130
2010	44	Teruel	24	Metalurgia; fabricación de productos de hierro, acero y ferroaleaciones	9
2010	44	Teruel	25	Fabricación de productos metálicos, excepto maquinaria y equipo	249
2010	44	Teruel	26	Fabricación de productos informáticos, electrónicos y ópticos	4
2010	44	Teruel	27	Fabricación de material y equipo eléctrico	7
2010	44	Teruel	28	Fabricación de maquinaria y equipo n.c.o.p.	41
2010	44	Teruel	29	Fabricación de vehículos de motor, remolques y semirremolques	22
2010	44	Teruel	30	Fabricación de otro material de transporte	3
2010	44	Teruel	31	Fabricación de muebles	71
2010	44	Teruel	32	Otras industrias manufactureras	19
2010	44	Teruel	33	Reparación e instalación de maquinaria y equipo	34
2010	44	Teruel	35	Suministro de energía eléctrica, gas, vapor y aire acondicionado	392
2010	44	Teruel	36	Captación, depuración y distribución de agua	8
2010	44	Teruel	37	Recogida y tratamiento de aguas residuales	23
2010	44	Teruel	38	Recogida, tratamiento y eliminación de residuos; valorización	18
2010	44	Teruel	39	Actividades de descontaminación y otros servicios de gestión de residuos	19
2010	44	Teruel	41	Construcción de edificios	1406
2010	44	Teruel	42	Ingeniería civil	181
2010	44	Teruel	43	Actividades de construcción especializada	2146
2010	44	Teruel	45	Venta y reparación de vehículos de motor y motocicletas	508
2010	44	Teruel	46	Comercio al por mayor e intermediarios del comercio, excepto de vehículos de motor y motocicletas	737
2010	44	Teruel	47	Comercio al por menor, excepto de vehículos de motor y motocicletas	3949
2010	44	Teruel	49	Transporte terrestre y por tubería	806
2010	44	Teruel	52	Almacenamiento y actividades anexas al transporte	53
2010	44	Teruel	53	Actividades postales y de correos	14
2010	44	Teruel	55	Servicios de alojamiento	479
2010	44	Teruel	56	Servicios de comidas y bebidas	1602
2010	44	Teruel	58	Edición	37
2010	44	Teruel	59	Actividades cinematográficas, de vídeo y de programas de televisión, grabación de sonido y edición musical	27
2010	44	Teruel	60	Actividades de programación y emisión de radio y televisión	15
2010	44	Teruel	61	Telecomunicaciones	9
2010	44	Teruel	62	Programación, consultoría y otras actividades relacionadas con la informática	73
2010	44	Teruel	63	Servicios de información	10
2010	44	Teruel	64	Servicios financieros, excepto seguros y fondos de pensiones	237
2010	44	Teruel	65	Seguros, reaseguros y fondos de pensiones, excepto Seguridad Social obligatoria	23
2010	44	Teruel	66	Actividades auxiliares a los servicios financieros y a los seguros	164
2010	44	Teruel	68	Actividades inmobiliarias	1180
2010	44	Teruel	69	Actividades jurídicas y de contabilidad	311
2010	44	Teruel	71	Servicios técnicos de arquitectura e ingeniería; ensayos y análisis técnicos	462
2010	44	Teruel	72	Investigación y desarrollo	37
2010	44	Teruel	73	Publicidad y estudios de mercado	67
2010	44	Teruel	74	Otras actividades profesionales, científicas y técnicas	152
2010	44	Teruel	75	Actividades veterinarias	56
2010	44	Teruel	77	Actividades de alquiler	233
2010	44	Teruel	78	Actividades relacionadas con el empleo	11
2010	44	Teruel	79	Actividades de agencias de viajes, operadores turísticos, servicios de reservas y actividades relacionadas con los mismos	31
2010	44	Teruel	80	Actividades de seguridad e investigación	15
2010	44	Teruel	81	Servicios a edificios y actividades de jardinería	119
2010	44	Teruel	82	Actividades administrativas de oficina y otras actividades auxiliares a las empresas	250
2010	44	Teruel	85	Educación	281
2010	44	Teruel	86	Actividades sanitarias	182
2010	44	Teruel	87	Asistencia en establecimientos residenciales	20
2010	44	Teruel	88	Actividades de servicios sociales sin alojamiento	28
2010	44	Teruel	90	Actividades de creación, artísticas y espectáculos	110
2010	44	Teruel	91	Actividades de bibliotecas, archivos, museos y otras actividades culturales	40
2010	44	Teruel	92	Actividades de juegos de azar y apuestas	63
2010	44	Teruel	93	Actividades deportivas, recreativas y de entretenimiento	124
2010	44	Teruel	95	Reparación de ordenadores, efectos personales y artículos de uso doméstico	104
2010	44	Teruel	96	Otros servicios personales	571
2010	50	Zaragoza	01	Agricultura, ganadería, caza y servicios relacionados con las mismas	2455
2010	50	Zaragoza	02	Silvicultura y explotación forestal	43
2010	50	Zaragoza	05	Extracción de antracita, hulla y lignito	34
2010	50	Zaragoza	07	Extracción de minerales metálicos	2
2010	50	Zaragoza	08	Otras industrias extractivas	141
2010	50	Zaragoza	09	Actividades de apoyo a las industrias extractivas	1
2010	50	Zaragoza	10	Industria de la alimentación	734
2010	50	Zaragoza	11	Fabricación de bebidas	148
2010	50	Zaragoza	13	Industria textil	178
2010	50	Zaragoza	14	Confección de prendas de vestir	365
2010	50	Zaragoza	15	Industria del cuero y del calzado	171
2010	50	Zaragoza	16	Industria de la madera y del corcho, excepto muebles; cestería y espartería	319
2010	50	Zaragoza	17	Industria del papel	61
2010	50	Zaragoza	18	Artes gráficas y reproducción de soportes grabados	428
2010	50	Zaragoza	20	Industria química	134
2010	50	Zaragoza	21	Fabricación de productos farmacéuticos	20
2010	50	Zaragoza	22	Fabricación de productos de caucho y plásticos	227
2010	50	Zaragoza	23	Fabricación de otros productos minerales no metálicos	289
2010	50	Zaragoza	24	Metalurgia; fabricación de productos de hierro, acero y ferroaleaciones	55
2010	50	Zaragoza	25	Fabricación de productos metálicos, excepto maquinaria y equipo	1648
2010	50	Zaragoza	26	Fabricación de productos informáticos, electrónicos y ópticos	130
2010	50	Zaragoza	27	Fabricación de material y equipo eléctrico	179
2010	50	Zaragoza	28	Fabricación de maquinaria y equipo n.c.o.p.	482
2010	50	Zaragoza	29	Fabricación de vehículos de motor, remolques y semirremolques	189
2010	50	Zaragoza	30	Fabricación de otro material de transporte	29
2010	50	Zaragoza	31	Fabricación de muebles	496
2010	50	Zaragoza	32	Otras industrias manufactureras	292
2010	50	Zaragoza	33	Reparación e instalación de maquinaria y equipo	431
2010	50	Zaragoza	35	Suministro de energía eléctrica, gas, vapor y aire acondicionado	1006
2010	50	Zaragoza	36	Captación, depuración y distribución de agua	28
2010	50	Zaragoza	37	Recogida y tratamiento de aguas residuales	84
2010	50	Zaragoza	38	Recogida, tratamiento y eliminación de residuos; valorización	74
2010	50	Zaragoza	39	Actividades de descontaminación y otros servicios de gestión de residuos	65
2010	50	Zaragoza	41	Construcción de edificios	5023
2010	50	Zaragoza	42	Ingeniería civil	874
2010	50	Zaragoza	43	Actividades de construcción especializada	10534
2010	50	Zaragoza	45	Venta y reparación de vehículos de motor y motocicletas	2232
2010	50	Zaragoza	46	Comercio al por mayor e intermediarios del comercio, excepto de vehículos de motor y motocicletas	7389
2010	50	Zaragoza	47	Comercio al por menor, excepto de vehículos de motor y motocicletas	18763
2010	50	Zaragoza	49	Transporte terrestre y por tubería	5564
2010	50	Zaragoza	50	Transporte marítimo y por vías navegables interiores	4
2010	50	Zaragoza	51	Transporte aéreo	13
2010	50	Zaragoza	52	Almacenamiento y actividades anexas al transporte	677
2010	50	Zaragoza	53	Actividades postales y de correos	150
2010	50	Zaragoza	55	Servicios de alojamiento	559
2010	50	Zaragoza	56	Servicios de comidas y bebidas	7079
2010	50	Zaragoza	58	Edición	291
2010	50	Zaragoza	59	Actividades cinematográficas, de vídeo y de programas de televisión, grabación de sonido y edición musical	260
2010	50	Zaragoza	60	Actividades de programación y emisión de radio y televisión	63
2010	50	Zaragoza	61	Telecomunicaciones	108
2010	50	Zaragoza	62	Programación, consultoría y otras actividades relacionadas con la informática	834
2010	50	Zaragoza	63	Servicios de información	101
2010	50	Zaragoza	64	Servicios financieros, excepto seguros y fondos de pensiones	1235
2010	50	Zaragoza	65	Seguros, reaseguros y fondos de pensiones, excepto Seguridad Social obligatoria	140
2010	50	Zaragoza	66	Actividades auxiliares a los servicios financieros y a los seguros	1095
2010	50	Zaragoza	68	Actividades inmobiliarias	10476
2010	50	Zaragoza	69	Actividades jurídicas y de contabilidad	4002
2010	50	Zaragoza	71	Servicios técnicos de arquitectura e ingeniería; ensayos y análisis técnicos	3591
2010	50	Zaragoza	72	Investigación y desarrollo	446
2010	50	Zaragoza	73	Publicidad y estudios de mercado	806
2010	50	Zaragoza	74	Otras actividades profesionales, científicas y técnicas	1386
2010	50	Zaragoza	75	Actividades veterinarias	310
2010	50	Zaragoza	77	Actividades de alquiler	1118
2010	50	Zaragoza	78	Actividades relacionadas con el empleo	141
2010	50	Zaragoza	79	Actividades de agencias de viajes, operadores turísticos, servicios de reservas y actividades relacionadas con los mismos	288
2010	50	Zaragoza	80	Actividades de seguridad e investigación	88
2010	50	Zaragoza	81	Servicios a edificios y actividades de jardinería	750
2010	50	Zaragoza	82	Actividades administrativas de oficina y otras actividades auxiliares a las empresas	2766
2010	50	Zaragoza	85	Educación	2121
2010	50	Zaragoza	86	Actividades sanitarias	1845
2010	50	Zaragoza	87	Asistencia en establecimientos residenciales	224
2010	50	Zaragoza	88	Actividades de servicios sociales sin alojamiento	157
2010	50	Zaragoza	90	Actividades de creación, artísticas y espectáculos	942
2010	50	Zaragoza	91	Actividades de bibliotecas, archivos, museos y otras actividades culturales	127
2010	50	Zaragoza	92	Actividades de juegos de azar y apuestas	466
2010	50	Zaragoza	93	Actividades deportivas, recreativas y de entretenimiento	635
2010	50	Zaragoza	95	Reparación de ordenadores, efectos personales y artículos de uso doméstico	1019
2010	50	Zaragoza	96	Otros servicios personales	3551
2011	22	Huesca	01	Agricultura, ganadería, caza y servicios relacionados con las mismas	3582
2011	22	Huesca	02	Silvicultura y explotación forestal	51
2011	22	Huesca	05	Extracción de antracita, hulla y lignito	9
2011	22	Huesca	06	Extracción de crudo de petróleo y gas natural	2
2011	22	Huesca	08	Otras industrias extractivas	59
2011	22	Huesca	10	Industria de la alimentación	381
2011	22	Huesca	11	Fabricación de bebidas	72
2011	22	Huesca	13	Industria textil	43
2011	22	Huesca	14	Confección de prendas de vestir	59
2011	22	Huesca	15	Industria del cuero y del calzado	14
2011	22	Huesca	16	Industria de la madera y del corcho, excepto muebles; cestería y espartería	180
2011	22	Huesca	17	Industria del papel	11
2011	22	Huesca	18	Artes gráficas y reproducción de soportes grabados	97
2011	22	Huesca	20	Industria química	76
2011	22	Huesca	21	Fabricación de productos farmacéuticos	3
2011	22	Huesca	22	Fabricación de productos de caucho y plásticos	39
2011	22	Huesca	23	Fabricación de otros productos minerales no metálicos	138
2011	22	Huesca	24	Metalurgia; fabricación de productos de hierro, acero y ferroaleaciones	8
2011	22	Huesca	25	Fabricación de productos metálicos, excepto maquinaria y equipo	527
2011	22	Huesca	26	Fabricación de productos informáticos, electrónicos y ópticos	15
2011	22	Huesca	27	Fabricación de material y equipo eléctrico	28
2011	22	Huesca	28	Fabricación de maquinaria y equipo n.c.o.p.	101
2011	22	Huesca	29	Fabricación de vehículos de motor, remolques y semirremolques	46
2011	22	Huesca	30	Fabricación de otro material de transporte	8
2011	22	Huesca	31	Fabricación de muebles	114
2011	22	Huesca	32	Otras industrias manufactureras	48
2011	22	Huesca	33	Reparación e instalación de maquinaria y equipo	110
2011	22	Huesca	35	Suministro de energía eléctrica, gas, vapor y aire acondicionado	450
2011	22	Huesca	36	Captación, depuración y distribución de agua	24
2011	22	Huesca	37	Recogida y tratamiento de aguas residuales	40
2011	22	Huesca	38	Recogida, tratamiento y eliminación de residuos; valorización	21
2011	22	Huesca	39	Actividades de descontaminación y otros servicios de gestión de residuos	51
2011	22	Huesca	41	Construcción de edificios	2082
2011	22	Huesca	42	Ingeniería civil	265
2011	22	Huesca	43	Actividades de construcción especializada	3702
2011	22	Huesca	45	Venta y reparación de vehículos de motor y motocicletas	956
2011	22	Huesca	46	Comercio al por mayor e intermediarios del comercio, excepto de vehículos de motor y motocicletas	1785
2011	22	Huesca	47	Comercio al por menor, excepto de vehículos de motor y motocicletas	6873
2011	22	Huesca	49	Transporte terrestre y por tubería	1306
2011	22	Huesca	51	Transporte aéreo	2
2011	22	Huesca	52	Almacenamiento y actividades anexas al transporte	107
2011	22	Huesca	53	Actividades postales y de correos	49
2011	22	Huesca	55	Servicios de alojamiento	977
2011	22	Huesca	56	Servicios de comidas y bebidas	3162
2011	22	Huesca	58	Edición	81
2011	22	Huesca	59	Actividades cinematográficas, de vídeo y de programas de televisión, grabación de sonido y edición musical	56
2011	22	Huesca	60	Actividades de programación y emisión de radio y televisión	26
2011	22	Huesca	61	Telecomunicaciones	30
2011	22	Huesca	62	Programación, consultoría y otras actividades relacionadas con la informática	164
2011	22	Huesca	63	Servicios de información	28
2011	22	Huesca	64	Servicios financieros, excepto seguros y fondos de pensiones	342
2011	22	Huesca	65	Seguros, reaseguros y fondos de pensiones, excepto Seguridad Social obligatoria	34
2011	22	Huesca	66	Actividades auxiliares a los servicios financieros y a los seguros	501
2011	22	Huesca	68	Actividades inmobiliarias	2893
2011	22	Huesca	69	Actividades jurídicas y de contabilidad	668
2011	22	Huesca	71	Servicios técnicos de arquitectura e ingeniería; ensayos y análisis técnicos	936
2011	22	Huesca	72	Investigación y desarrollo	84
2011	22	Huesca	73	Publicidad y estudios de mercado	193
2011	22	Huesca	74	Otras actividades profesionales, científicas y técnicas	353
2011	22	Huesca	75	Actividades veterinarias	107
2011	22	Huesca	77	Actividades de alquiler	446
2011	22	Huesca	78	Actividades relacionadas con el empleo	31
2011	22	Huesca	79	Actividades de agencias de viajes, operadores turísticos, servicios de reservas y actividades relacionadas con los mismos	112
2011	22	Huesca	80	Actividades de seguridad e investigación	18
2011	22	Huesca	81	Servicios a edificios y actividades de jardinería	311
2011	22	Huesca	82	Actividades administrativas de oficina y otras actividades auxiliares a las empresas	526
2011	22	Huesca	85	Educación	939
2011	22	Huesca	86	Actividades sanitarias	469
2011	22	Huesca	87	Asistencia en establecimientos residenciales	54
2011	22	Huesca	88	Actividades de servicios sociales sin alojamiento	53
2011	22	Huesca	90	Actividades de creación, artísticas y espectáculos	282
2011	22	Huesca	91	Actividades de bibliotecas, archivos, museos y otras actividades culturales	54
2011	22	Huesca	92	Actividades de juegos de azar y apuestas	144
2011	22	Huesca	93	Actividades deportivas, recreativas y de entretenimiento	291
2011	22	Huesca	95	Reparación de ordenadores, efectos personales y artículos de uso doméstico	293
2011	22	Huesca	96	Otros servicios personales	1015
2011	44	Teruel	01	Agricultura, ganadería, caza y servicios relacionados con las mismas	1369
2011	44	Teruel	02	Silvicultura y explotación forestal	55
2011	44	Teruel	05	Extracción de antracita, hulla y lignito	16
2011	44	Teruel	08	Otras industrias extractivas	141
2011	44	Teruel	10	Industria de la alimentación	414
2011	44	Teruel	11	Fabricación de bebidas	34
2011	44	Teruel	13	Industria textil	27
2011	44	Teruel	14	Confección de prendas de vestir	33
2011	44	Teruel	15	Industria del cuero y del calzado	7
2011	44	Teruel	16	Industria de la madera y del corcho, excepto muebles; cestería y espartería	176
2011	44	Teruel	17	Industria del papel	10
2011	44	Teruel	18	Artes gráficas y reproducción de soportes grabados	56
2011	44	Teruel	20	Industria química	24
2011	44	Teruel	21	Fabricación de productos farmacéuticos	1
2011	44	Teruel	22	Fabricación de productos de caucho y plásticos	10
2011	44	Teruel	23	Fabricación de otros productos minerales no metálicos	143
2011	44	Teruel	24	Metalurgia; fabricación de productos de hierro, acero y ferroaleaciones	10
2011	44	Teruel	25	Fabricación de productos metálicos, excepto maquinaria y equipo	251
2011	44	Teruel	26	Fabricación de productos informáticos, electrónicos y ópticos	4
2011	44	Teruel	27	Fabricación de material y equipo eléctrico	9
2011	44	Teruel	28	Fabricación de maquinaria y equipo n.c.o.p.	43
2011	44	Teruel	29	Fabricación de vehículos de motor, remolques y semirremolques	21
2011	44	Teruel	30	Fabricación de otro material de transporte	4
2011	44	Teruel	31	Fabricación de muebles	77
2011	44	Teruel	32	Otras industrias manufactureras	21
2011	44	Teruel	33	Reparación e instalación de maquinaria y equipo	32
2011	44	Teruel	35	Suministro de energía eléctrica, gas, vapor y aire acondicionado	375
2011	44	Teruel	36	Captación, depuración y distribución de agua	10
2011	44	Teruel	37	Recogida y tratamiento de aguas residuales	37
2011	44	Teruel	38	Recogida, tratamiento y eliminación de residuos; valorización	22
2011	44	Teruel	39	Actividades de descontaminación y otros servicios de gestión de residuos	21
2011	44	Teruel	41	Construcción de edificios	1436
2011	44	Teruel	42	Ingeniería civil	172
2011	44	Teruel	43	Actividades de construcción especializada	2108
2011	44	Teruel	45	Venta y reparación de vehículos de motor y motocicletas	531
2011	44	Teruel	46	Comercio al por mayor e intermediarios del comercio, excepto de vehículos de motor y motocicletas	766
2011	44	Teruel	47	Comercio al por menor, excepto de vehículos de motor y motocicletas	4062
2011	44	Teruel	49	Transporte terrestre y por tubería	831
2011	44	Teruel	50	Transporte marítimo y por vías navegables interiores	1
2011	44	Teruel	52	Almacenamiento y actividades anexas al transporte	67
2011	44	Teruel	53	Actividades postales y de correos	20
2011	44	Teruel	55	Servicios de alojamiento	515
2011	44	Teruel	56	Servicios de comidas y bebidas	1727
2011	44	Teruel	58	Edición	45
2011	44	Teruel	59	Actividades cinematográficas, de vídeo y de programas de televisión, grabación de sonido y edición musical	32
2011	44	Teruel	60	Actividades de programación y emisión de radio y televisión	15
2011	44	Teruel	61	Telecomunicaciones	10
2011	44	Teruel	62	Programación, consultoría y otras actividades relacionadas con la informática	74
2011	44	Teruel	63	Servicios de información	14
2011	44	Teruel	64	Servicios financieros, excepto seguros y fondos de pensiones	235
2011	44	Teruel	65	Seguros, reaseguros y fondos de pensiones, excepto Seguridad Social obligatoria	21
2011	44	Teruel	66	Actividades auxiliares a los servicios financieros y a los seguros	265
2011	44	Teruel	68	Actividades inmobiliarias	1176
2011	44	Teruel	69	Actividades jurídicas y de contabilidad	327
2011	44	Teruel	71	Servicios técnicos de arquitectura e ingeniería; ensayos y análisis técnicos	469
2011	44	Teruel	72	Investigación y desarrollo	50
2011	44	Teruel	73	Publicidad y estudios de mercado	73
2011	44	Teruel	74	Otras actividades profesionales, científicas y técnicas	144
2011	44	Teruel	75	Actividades veterinarias	60
2011	44	Teruel	77	Actividades de alquiler	219
2011	44	Teruel	78	Actividades relacionadas con el empleo	12
2011	44	Teruel	79	Actividades de agencias de viajes, operadores turísticos, servicios de reservas y actividades relacionadas con los mismos	38
2011	44	Teruel	80	Actividades de seguridad e investigación	16
2011	44	Teruel	81	Servicios a edificios y actividades de jardinería	137
2011	44	Teruel	82	Actividades administrativas de oficina y otras actividades auxiliares a las empresas	276
2011	44	Teruel	85	Educación	356
2011	44	Teruel	86	Actividades sanitarias	224
2011	44	Teruel	87	Asistencia en establecimientos residenciales	36
2011	44	Teruel	88	Actividades de servicios sociales sin alojamiento	30
2011	44	Teruel	90	Actividades de creación, artísticas y espectáculos	153
2011	44	Teruel	91	Actividades de bibliotecas, archivos, museos y otras actividades culturales	42
2011	44	Teruel	92	Actividades de juegos de azar y apuestas	69
2011	44	Teruel	93	Actividades deportivas, recreativas y de entretenimiento	138
2011	44	Teruel	95	Reparación de ordenadores, efectos personales y artículos de uso doméstico	119
2011	44	Teruel	96	Otros servicios personales	584
2011	50	Zaragoza	01	Agricultura, ganadería, caza y servicios relacionados con las mismas	2782
2011	50	Zaragoza	02	Silvicultura y explotación forestal	48
2011	50	Zaragoza	05	Extracción de antracita, hulla y lignito	28
2011	50	Zaragoza	07	Extracción de minerales metálicos	2
2011	50	Zaragoza	08	Otras industrias extractivas	137
2011	50	Zaragoza	09	Actividades de apoyo a las industrias extractivas	2
2011	50	Zaragoza	10	Industria de la alimentación	764
2011	50	Zaragoza	11	Fabricación de bebidas	157
2011	50	Zaragoza	13	Industria textil	189
2011	50	Zaragoza	14	Confección de prendas de vestir	414
2011	50	Zaragoza	15	Industria del cuero y del calzado	181
2011	50	Zaragoza	16	Industria de la madera y del corcho, excepto muebles; cestería y espartería	330
2011	50	Zaragoza	17	Industria del papel	66
2011	50	Zaragoza	18	Artes gráficas y reproducción de soportes grabados	463
2011	50	Zaragoza	20	Industria química	158
2011	50	Zaragoza	21	Fabricación de productos farmacéuticos	22
2011	50	Zaragoza	22	Fabricación de productos de caucho y plásticos	243
2011	50	Zaragoza	23	Fabricación de otros productos minerales no metálicos	286
2011	50	Zaragoza	24	Metalurgia; fabricación de productos de hierro, acero y ferroaleaciones	64
2011	50	Zaragoza	25	Fabricación de productos metálicos, excepto maquinaria y equipo	1757
2011	50	Zaragoza	26	Fabricación de productos informáticos, electrónicos y ópticos	140
2011	50	Zaragoza	27	Fabricación de material y equipo eléctrico	207
2011	50	Zaragoza	28	Fabricación de maquinaria y equipo n.c.o.p.	526
2011	50	Zaragoza	29	Fabricación de vehículos de motor, remolques y semirremolques	197
2011	50	Zaragoza	30	Fabricación de otro material de transporte	34
2011	50	Zaragoza	31	Fabricación de muebles	543
2011	50	Zaragoza	32	Otras industrias manufactureras	339
2011	50	Zaragoza	33	Reparación e instalación de maquinaria y equipo	449
2011	50	Zaragoza	35	Suministro de energía eléctrica, gas, vapor y aire acondicionado	1107
2011	50	Zaragoza	36	Captación, depuración y distribución de agua	33
2011	50	Zaragoza	37	Recogida y tratamiento de aguas residuales	106
2011	50	Zaragoza	38	Recogida, tratamiento y eliminación de residuos; valorización	101
2011	50	Zaragoza	39	Actividades de descontaminación y otros servicios de gestión de residuos	79
2011	50	Zaragoza	41	Construcción de edificios	5518
2011	50	Zaragoza	42	Ingeniería civil	921
2011	50	Zaragoza	43	Actividades de construcción especializada	11394
2011	50	Zaragoza	45	Venta y reparación de vehículos de motor y motocicletas	2462
2011	50	Zaragoza	46	Comercio al por mayor e intermediarios del comercio, excepto de vehículos de motor y motocicletas	8337
2011	50	Zaragoza	47	Comercio al por menor, excepto de vehículos de motor y motocicletas	20086
2011	50	Zaragoza	49	Transporte terrestre y por tubería	5729
2011	50	Zaragoza	50	Transporte marítimo y por vías navegables interiores	3
2011	50	Zaragoza	51	Transporte aéreo	11
2011	50	Zaragoza	52	Almacenamiento y actividades anexas al transporte	733
2011	50	Zaragoza	53	Actividades postales y de correos	203
2011	50	Zaragoza	55	Servicios de alojamiento	602
2011	50	Zaragoza	56	Servicios de comidas y bebidas	8261
2011	50	Zaragoza	58	Edición	341
2011	50	Zaragoza	59	Actividades cinematográficas, de vídeo y de programas de televisión, grabación de sonido y edición musical	276
2011	50	Zaragoza	60	Actividades de programación y emisión de radio y televisión	65
2011	50	Zaragoza	61	Telecomunicaciones	132
2011	50	Zaragoza	62	Programación, consultoría y otras actividades relacionadas con la informática	949
2011	50	Zaragoza	63	Servicios de información	107
2011	50	Zaragoza	64	Servicios financieros, excepto seguros y fondos de pensiones	1301
2011	50	Zaragoza	65	Seguros, reaseguros y fondos de pensiones, excepto Seguridad Social obligatoria	141
2011	50	Zaragoza	66	Actividades auxiliares a los servicios financieros y a los seguros	1914
2011	50	Zaragoza	68	Actividades inmobiliarias	11232
2011	50	Zaragoza	69	Actividades jurídicas y de contabilidad	4233
2011	50	Zaragoza	71	Servicios técnicos de arquitectura e ingeniería; ensayos y análisis técnicos	3785
2011	50	Zaragoza	72	Investigación y desarrollo	516
2011	50	Zaragoza	73	Publicidad y estudios de mercado	1029
2011	50	Zaragoza	74	Otras actividades profesionales, científicas y técnicas	1564
2011	50	Zaragoza	75	Actividades veterinarias	303
2011	50	Zaragoza	77	Actividades de alquiler	1198
2011	50	Zaragoza	78	Actividades relacionadas con el empleo	156
2011	50	Zaragoza	79	Actividades de agencias de viajes, operadores turísticos, servicios de reservas y actividades relacionadas con los mismos	329
2011	50	Zaragoza	80	Actividades de seguridad e investigación	102
2011	50	Zaragoza	81	Servicios a edificios y actividades de jardinería	889
2011	50	Zaragoza	82	Actividades administrativas de oficina y otras actividades auxiliares a las empresas	3200
2011	50	Zaragoza	85	Educación	2919
2011	50	Zaragoza	86	Actividades sanitarias	2291
2011	50	Zaragoza	87	Asistencia en establecimientos residenciales	286
2011	50	Zaragoza	88	Actividades de servicios sociales sin alojamiento	228
2011	50	Zaragoza	90	Actividades de creación, artísticas y espectáculos	1114
2011	50	Zaragoza	91	Actividades de bibliotecas, archivos, museos y otras actividades culturales	181
2011	50	Zaragoza	92	Actividades de juegos de azar y apuestas	515
2011	50	Zaragoza	93	Actividades deportivas, recreativas y de entretenimiento	714
2011	50	Zaragoza	95	Reparación de ordenadores, efectos personales y artículos de uso doméstico	1078
2011	50	Zaragoza	96	Otros servicios personales	3897
2012	22	Huesca	01	Agricultura, ganadería, caza y servicios relacionados con las mismas	3566
2012	22	Huesca	02	Silvicultura y explotación forestal	52
2012	22	Huesca	05	Extracción de antracita, hulla y lignito	6
2012	22	Huesca	06	Extracción de crudo de petróleo y gas natural	2
2012	22	Huesca	08	Otras industrias extractivas	54
2012	22	Huesca	10	Industria de la alimentación	377
2012	22	Huesca	11	Fabricación de bebidas	71
2012	22	Huesca	13	Industria textil	34
2012	22	Huesca	14	Confección de prendas de vestir	57
2012	22	Huesca	15	Industria del cuero y del calzado	12
2012	22	Huesca	16	Industria de la madera y del corcho, excepto muebles; cestería y espartería	172
2012	22	Huesca	17	Industria del papel	11
2012	22	Huesca	18	Artes gráficas y reproducción de soportes grabados	92
2012	22	Huesca	20	Industria química	76
2012	22	Huesca	21	Fabricación de productos farmacéuticos	3
2012	22	Huesca	22	Fabricación de productos de caucho y plásticos	36
2012	22	Huesca	23	Fabricación de otros productos minerales no metálicos	123
2012	22	Huesca	24	Metalurgia; fabricación de productos de hierro, acero y ferroaleaciones	8
2012	22	Huesca	25	Fabricación de productos metálicos, excepto maquinaria y equipo	488
2012	22	Huesca	26	Fabricación de productos informáticos, electrónicos y ópticos	17
2012	22	Huesca	27	Fabricación de material y equipo eléctrico	25
2012	22	Huesca	28	Fabricación de maquinaria y equipo n.c.o.p.	93
2012	22	Huesca	29	Fabricación de vehículos de motor, remolques y semirremolques	45
2012	22	Huesca	30	Fabricación de otro material de transporte	12
2012	22	Huesca	31	Fabricación de muebles	101
2012	22	Huesca	32	Otras industrias manufactureras	50
2012	22	Huesca	33	Reparación e instalación de maquinaria y equipo	100
2012	22	Huesca	35	Suministro de energía eléctrica, gas, vapor y aire acondicionado	450
2012	22	Huesca	36	Captación, depuración y distribución de agua	28
2012	22	Huesca	37	Recogida y tratamiento de aguas residuales	45
2012	22	Huesca	38	Recogida, tratamiento y eliminación de residuos; valorización	22
2012	22	Huesca	39	Actividades de descontaminación y otros servicios de gestión de residuos	46
2012	22	Huesca	41	Construcción de edificios	1870
2012	22	Huesca	42	Ingeniería civil	250
2012	22	Huesca	43	Actividades de construcción especializada	2960
2012	22	Huesca	45	Venta y reparación de vehículos de motor y motocicletas	942
2012	22	Huesca	46	Comercio al por mayor e intermediarios del comercio, excepto de vehículos de motor y motocicletas	1750
2012	22	Huesca	47	Comercio al por menor, excepto de vehículos de motor y motocicletas	6422
2012	22	Huesca	49	Transporte terrestre y por tubería	1219
2012	22	Huesca	52	Almacenamiento y actividades anexas al transporte	106
2012	22	Huesca	53	Actividades postales y de correos	49
2012	22	Huesca	55	Servicios de alojamiento	910
2012	22	Huesca	56	Servicios de comidas y bebidas	2738
2012	22	Huesca	58	Edición	78
2012	22	Huesca	59	Actividades cinematográficas, de vídeo y de programas de televisión, grabación de sonido y edición musical	54
2012	22	Huesca	60	Actividades de programación y emisión de radio y televisión	27
2012	22	Huesca	61	Telecomunicaciones	29
2012	22	Huesca	62	Programación, consultoría y otras actividades relacionadas con la informática	147
2012	22	Huesca	63	Servicios de información	21
2012	22	Huesca	64	Servicios financieros, excepto seguros y fondos de pensiones	305
2012	22	Huesca	65	Seguros, reaseguros y fondos de pensiones, excepto Seguridad Social obligatoria	35
2012	22	Huesca	66	Actividades auxiliares a los servicios financieros y a los seguros	501
2012	22	Huesca	68	Actividades inmobiliarias	2837
2012	22	Huesca	69	Actividades jurídicas y de contabilidad	691
2012	22	Huesca	71	Servicios técnicos de arquitectura e ingeniería; ensayos y análisis técnicos	864
2012	22	Huesca	72	Investigación y desarrollo	74
2012	22	Huesca	73	Publicidad y estudios de mercado	181
2012	22	Huesca	74	Otras actividades profesionales, científicas y técnicas	276
2012	22	Huesca	75	Actividades veterinarias	96
2012	22	Huesca	77	Actividades de alquiler	431
2012	22	Huesca	78	Actividades relacionadas con el empleo	28
2012	22	Huesca	79	Actividades de agencias de viajes, operadores turísticos, servicios de reservas y actividades relacionadas con los mismos	89
2012	22	Huesca	80	Actividades de seguridad e investigación	23
2012	22	Huesca	81	Servicios a edificios y actividades de jardinería	320
2012	22	Huesca	82	Actividades administrativas de oficina y otras actividades auxiliares a las empresas	559
2012	22	Huesca	85	Educación	871
2012	22	Huesca	86	Actividades sanitarias	510
2012	22	Huesca	87	Asistencia en establecimientos residenciales	53
2012	22	Huesca	88	Actividades de servicios sociales sin alojamiento	50
2012	22	Huesca	90	Actividades de creación, artísticas y espectáculos	252
2012	22	Huesca	91	Actividades de bibliotecas, archivos, museos y otras actividades culturales	59
2012	22	Huesca	92	Actividades de juegos de azar y apuestas	140
2012	22	Huesca	93	Actividades deportivas, recreativas y de entretenimiento	274
2012	22	Huesca	95	Reparación de ordenadores, efectos personales y artículos de uso doméstico	290
2012	22	Huesca	96	Otros servicios personales	961
2012	44	Teruel	01	Agricultura, ganadería, caza y servicios relacionados con las mismas	1314
2012	44	Teruel	02	Silvicultura y explotación forestal	53
2012	44	Teruel	05	Extracción de antracita, hulla y lignito	13
2012	44	Teruel	08	Otras industrias extractivas	132
2012	44	Teruel	10	Industria de la alimentación	395
2012	44	Teruel	11	Fabricación de bebidas	36
2012	44	Teruel	13	Industria textil	24
2012	44	Teruel	14	Confección de prendas de vestir	32
2012	44	Teruel	15	Industria del cuero y del calzado	8
2012	44	Teruel	16	Industria de la madera y del corcho, excepto muebles; cestería y espartería	165
2012	44	Teruel	17	Industria del papel	11
2012	44	Teruel	18	Artes gráficas y reproducción de soportes grabados	55
2012	44	Teruel	20	Industria química	32
2012	44	Teruel	21	Fabricación de productos farmacéuticos	2
2012	44	Teruel	22	Fabricación de productos de caucho y plásticos	9
2012	44	Teruel	23	Fabricación de otros productos minerales no metálicos	130
2012	44	Teruel	24	Metalurgia; fabricación de productos de hierro, acero y ferroaleaciones	9
2012	44	Teruel	25	Fabricación de productos metálicos, excepto maquinaria y equipo	227
2012	44	Teruel	26	Fabricación de productos informáticos, electrónicos y ópticos	6
2012	44	Teruel	27	Fabricación de material y equipo eléctrico	8
2012	44	Teruel	28	Fabricación de maquinaria y equipo n.c.o.p.	40
2012	44	Teruel	29	Fabricación de vehículos de motor, remolques y semirremolques	20
2012	44	Teruel	30	Fabricación de otro material de transporte	4
2012	44	Teruel	31	Fabricación de muebles	68
2012	44	Teruel	32	Otras industrias manufactureras	23
2012	44	Teruel	33	Reparación e instalación de maquinaria y equipo	31
2012	44	Teruel	35	Suministro de energía eléctrica, gas, vapor y aire acondicionado	354
2012	44	Teruel	36	Captación, depuración y distribución de agua	24
2012	44	Teruel	37	Recogida y tratamiento de aguas residuales	37
2012	44	Teruel	38	Recogida, tratamiento y eliminación de residuos; valorización	28
2012	44	Teruel	39	Actividades de descontaminación y otros servicios de gestión de residuos	22
2012	44	Teruel	41	Construcción de edificios	1281
2012	44	Teruel	42	Ingeniería civil	157
2012	44	Teruel	43	Actividades de construcción especializada	1870
2012	44	Teruel	45	Venta y reparación de vehículos de motor y motocicletas	512
2012	44	Teruel	46	Comercio al por mayor e intermediarios del comercio, excepto de vehículos de motor y motocicletas	775
2012	44	Teruel	47	Comercio al por menor, excepto de vehículos de motor y motocicletas	3804
2012	44	Teruel	49	Transporte terrestre y por tubería	786
2012	44	Teruel	52	Almacenamiento y actividades anexas al transporte	62
2012	44	Teruel	53	Actividades postales y de correos	14
2012	44	Teruel	55	Servicios de alojamiento	487
2012	44	Teruel	56	Servicios de comidas y bebidas	1494
2012	44	Teruel	58	Edición	38
2012	44	Teruel	59	Actividades cinematográficas, de vídeo y de programas de televisión, grabación de sonido y edición musical	30
2012	44	Teruel	60	Actividades de programación y emisión de radio y televisión	12
2012	44	Teruel	61	Telecomunicaciones	13
2012	44	Teruel	62	Programación, consultoría y otras actividades relacionadas con la informática	75
2012	44	Teruel	63	Servicios de información	12
2012	44	Teruel	64	Servicios financieros, excepto seguros y fondos de pensiones	233
2012	44	Teruel	65	Seguros, reaseguros y fondos de pensiones, excepto Seguridad Social obligatoria	22
2012	44	Teruel	66	Actividades auxiliares a los servicios financieros y a los seguros	263
2012	44	Teruel	68	Actividades inmobiliarias	1167
2012	44	Teruel	69	Actividades jurídicas y de contabilidad	332
2012	44	Teruel	71	Servicios técnicos de arquitectura e ingeniería; ensayos y análisis técnicos	426
2012	44	Teruel	72	Investigación y desarrollo	47
2012	44	Teruel	73	Publicidad y estudios de mercado	75
2012	44	Teruel	74	Otras actividades profesionales, científicas y técnicas	111
2012	44	Teruel	75	Actividades veterinarias	50
2012	44	Teruel	77	Actividades de alquiler	202
2012	44	Teruel	78	Actividades relacionadas con el empleo	17
2012	44	Teruel	79	Actividades de agencias de viajes, operadores turísticos, servicios de reservas y actividades relacionadas con los mismos	30
2012	44	Teruel	80	Actividades de seguridad e investigación	17
2012	44	Teruel	81	Servicios a edificios y actividades de jardinería	122
2012	44	Teruel	82	Actividades administrativas de oficina y otras actividades auxiliares a las empresas	272
2012	44	Teruel	85	Educación	373
2012	44	Teruel	86	Actividades sanitarias	249
2012	44	Teruel	87	Asistencia en establecimientos residenciales	31
2012	44	Teruel	88	Actividades de servicios sociales sin alojamiento	32
2012	44	Teruel	90	Actividades de creación, artísticas y espectáculos	124
2012	44	Teruel	91	Actividades de bibliotecas, archivos, museos y otras actividades culturales	42
2012	44	Teruel	92	Actividades de juegos de azar y apuestas	64
2012	44	Teruel	93	Actividades deportivas, recreativas y de entretenimiento	123
2012	44	Teruel	95	Reparación de ordenadores, efectos personales y artículos de uso doméstico	113
2012	44	Teruel	96	Otros servicios personales	564
2012	50	Zaragoza	01	Agricultura, ganadería, caza y servicios relacionados con las mismas	2745
2012	50	Zaragoza	02	Silvicultura y explotación forestal	44
2012	50	Zaragoza	05	Extracción de antracita, hulla y lignito	22
2012	50	Zaragoza	07	Extracción de minerales metálicos	2
2012	50	Zaragoza	08	Otras industrias extractivas	122
2012	50	Zaragoza	09	Actividades de apoyo a las industrias extractivas	1
2012	50	Zaragoza	10	Industria de la alimentación	723
2012	50	Zaragoza	11	Fabricación de bebidas	159
2012	50	Zaragoza	13	Industria textil	179
2012	50	Zaragoza	14	Confección de prendas de vestir	361
2012	50	Zaragoza	15	Industria del cuero y del calzado	167
2012	50	Zaragoza	16	Industria de la madera y del corcho, excepto muebles; cestería y espartería	287
2012	50	Zaragoza	17	Industria del papel	65
2012	50	Zaragoza	18	Artes gráficas y reproducción de soportes grabados	417
2012	50	Zaragoza	20	Industria química	155
2012	50	Zaragoza	21	Fabricación de productos farmacéuticos	26
2012	50	Zaragoza	22	Fabricación de productos de caucho y plásticos	235
2012	50	Zaragoza	23	Fabricación de otros productos minerales no metálicos	259
2012	50	Zaragoza	24	Metalurgia; fabricación de productos de hierro, acero y ferroaleaciones	60
2012	50	Zaragoza	25	Fabricación de productos metálicos, excepto maquinaria y equipo	1570
2012	50	Zaragoza	26	Fabricación de productos informáticos, electrónicos y ópticos	118
2012	50	Zaragoza	27	Fabricación de material y equipo eléctrico	177
2012	50	Zaragoza	28	Fabricación de maquinaria y equipo n.c.o.p.	508
2012	50	Zaragoza	29	Fabricación de vehículos de motor, remolques y semirremolques	182
2012	50	Zaragoza	30	Fabricación de otro material de transporte	32
2012	50	Zaragoza	31	Fabricación de muebles	511
2012	50	Zaragoza	32	Otras industrias manufactureras	316
2012	50	Zaragoza	33	Reparación e instalación de maquinaria y equipo	410
2012	50	Zaragoza	35	Suministro de energía eléctrica, gas, vapor y aire acondicionado	1089
2012	50	Zaragoza	36	Captación, depuración y distribución de agua	34
2012	50	Zaragoza	37	Recogida y tratamiento de aguas residuales	105
2012	50	Zaragoza	38	Recogida, tratamiento y eliminación de residuos; valorización	100
2012	50	Zaragoza	39	Actividades de descontaminación y otros servicios de gestión de residuos	74
2012	50	Zaragoza	41	Construcción de edificios	4983
2012	50	Zaragoza	42	Ingeniería civil	823
2012	50	Zaragoza	43	Actividades de construcción especializada	8990
2012	50	Zaragoza	45	Venta y reparación de vehículos de motor y motocicletas	2371
2012	50	Zaragoza	46	Comercio al por mayor e intermediarios del comercio, excepto de vehículos de motor y motocicletas	7898
2012	50	Zaragoza	47	Comercio al por menor, excepto de vehículos de motor y motocicletas	18972
2012	50	Zaragoza	49	Transporte terrestre y por tubería	5265
2012	50	Zaragoza	50	Transporte marítimo y por vías navegables interiores	4
2012	50	Zaragoza	51	Transporte aéreo	16
2012	50	Zaragoza	52	Almacenamiento y actividades anexas al transporte	698
2012	50	Zaragoza	53	Actividades postales y de correos	195
2012	50	Zaragoza	55	Servicios de alojamiento	580
2012	50	Zaragoza	56	Servicios de comidas y bebidas	7212
2012	50	Zaragoza	58	Edición	326
2012	50	Zaragoza	59	Actividades cinematográficas, de vídeo y de programas de televisión, grabación de sonido y edición musical	230
2012	50	Zaragoza	60	Actividades de programación y emisión de radio y televisión	65
2012	50	Zaragoza	61	Telecomunicaciones	120
2012	50	Zaragoza	62	Programación, consultoría y otras actividades relacionadas con la informática	875
2012	50	Zaragoza	63	Servicios de información	82
2012	50	Zaragoza	64	Servicios financieros, excepto seguros y fondos de pensiones	1050
2012	50	Zaragoza	65	Seguros, reaseguros y fondos de pensiones, excepto Seguridad Social obligatoria	137
2012	50	Zaragoza	66	Actividades auxiliares a los servicios financieros y a los seguros	1902
2012	50	Zaragoza	68	Actividades inmobiliarias	11141
2012	50	Zaragoza	69	Actividades jurídicas y de contabilidad	4215
2012	50	Zaragoza	71	Servicios técnicos de arquitectura e ingeniería; ensayos y análisis técnicos	3365
2012	50	Zaragoza	72	Investigación y desarrollo	471
2012	50	Zaragoza	73	Publicidad y estudios de mercado	948
2012	50	Zaragoza	74	Otras actividades profesionales, científicas y técnicas	1334
2012	50	Zaragoza	75	Actividades veterinarias	306
2012	50	Zaragoza	77	Actividades de alquiler	1110
2012	50	Zaragoza	78	Actividades relacionadas con el empleo	143
2012	50	Zaragoza	79	Actividades de agencias de viajes, operadores turísticos, servicios de reservas y actividades relacionadas con los mismos	298
2012	50	Zaragoza	80	Actividades de seguridad e investigación	92
2012	50	Zaragoza	81	Servicios a edificios y actividades de jardinería	821
2012	50	Zaragoza	82	Actividades administrativas de oficina y otras actividades auxiliares a las empresas	3034
2012	50	Zaragoza	85	Educación	2881
2012	50	Zaragoza	86	Actividades sanitarias	2601
2012	50	Zaragoza	87	Asistencia en establecimientos residenciales	289
2012	50	Zaragoza	88	Actividades de servicios sociales sin alojamiento	219
2012	50	Zaragoza	90	Actividades de creación, artísticas y espectáculos	962
2012	50	Zaragoza	91	Actividades de bibliotecas, archivos, museos y otras actividades culturales	179
2012	50	Zaragoza	92	Actividades de juegos de azar y apuestas	459
2012	50	Zaragoza	93	Actividades deportivas, recreativas y de entretenimiento	672
2012	50	Zaragoza	95	Reparación de ordenadores, efectos personales y artículos de uso doméstico	982
2012	50	Zaragoza	96	Otros servicios personales	3688
2013	22	Huesca	01	Agricultura, ganadería, caza y servicios relacionados con las mismas	3827
2013	22	Huesca	02	Silvicultura y explotación forestal	73
2013	22	Huesca	05	Extracción de antracita, hulla y lignito	6
2013	22	Huesca	06	Extracción de crudo de petróleo y gas natural	4
2013	22	Huesca	08	Otras industrias extractivas	56
2013	22	Huesca	10	Industria de la alimentación	403
2013	22	Huesca	11	Fabricación de bebidas	76
2013	22	Huesca	13	Industria textil	41
2013	22	Huesca	14	Confección de prendas de vestir	72
2013	22	Huesca	15	Industria del cuero y del calzado	13
2013	22	Huesca	16	Industria de la madera y del corcho, excepto muebles; cestería y espartería	178
2013	22	Huesca	17	Industria del papel	14
2013	22	Huesca	18	Artes gráficas y reproducción de soportes grabados	100
2013	22	Huesca	20	Industria química	79
2013	22	Huesca	21	Fabricación de productos farmacéuticos	3
2013	22	Huesca	22	Fabricación de productos de caucho y plásticos	38
2013	22	Huesca	23	Fabricación de otros productos minerales no metálicos	126
2013	22	Huesca	24	Metalurgia; fabricación de productos de hierro, acero y ferroaleaciones	10
2013	22	Huesca	25	Fabricación de productos metálicos, excepto maquinaria y equipo	514
2013	22	Huesca	26	Fabricación de productos informáticos, electrónicos y ópticos	20
2013	22	Huesca	27	Fabricación de material y equipo eléctrico	28
2013	22	Huesca	28	Fabricación de maquinaria y equipo n.c.o.p.	92
2013	22	Huesca	29	Fabricación de vehículos de motor, remolques y semirremolques	44
2013	22	Huesca	30	Fabricación de otro material de transporte	11
2013	22	Huesca	31	Fabricación de muebles	106
2013	22	Huesca	32	Otras industrias manufactureras	63
2013	22	Huesca	33	Reparación e instalación de maquinaria y equipo	112
2013	22	Huesca	35	Suministro de energía eléctrica, gas, vapor y aire acondicionado	453
2013	22	Huesca	36	Captación, depuración y distribución de agua	34
2013	22	Huesca	37	Recogida y tratamiento de aguas residuales	51
2013	22	Huesca	38	Recogida, tratamiento y eliminación de residuos; valorización	23
2013	22	Huesca	39	Actividades de descontaminación y otros servicios de gestión de residuos	56
2013	22	Huesca	41	Construcción de edificios	2025
2013	22	Huesca	42	Ingeniería civil	237
2013	22	Huesca	43	Actividades de construcción especializada	3492
2013	22	Huesca	45	Venta y reparación de vehículos de motor y motocicletas	1011
2013	22	Huesca	46	Comercio al por mayor e intermediarios del comercio, excepto de vehículos de motor y motocicletas	1917
2013	22	Huesca	47	Comercio al por menor, excepto de vehículos de motor y motocicletas	7236
2013	22	Huesca	49	Transporte terrestre y por tubería	1281
2013	22	Huesca	52	Almacenamiento y actividades anexas al transporte	119
2013	22	Huesca	53	Actividades postales y de correos	54
2013	22	Huesca	55	Servicios de alojamiento	1010
2013	22	Huesca	56	Servicios de comidas y bebidas	3266
2013	22	Huesca	58	Edición	92
2013	22	Huesca	59	Actividades cinematográficas, de vídeo y de programas de televisión, grabación de sonido y edición musical	62
2013	22	Huesca	60	Actividades de programación y emisión de radio y televisión	33
2013	22	Huesca	61	Telecomunicaciones	33
2013	22	Huesca	62	Programación, consultoría y otras actividades relacionadas con la informática	180
2013	22	Huesca	63	Servicios de información	32
2013	22	Huesca	64	Servicios financieros, excepto seguros y fondos de pensiones	312
2013	22	Huesca	65	Seguros, reaseguros y fondos de pensiones, excepto Seguridad Social obligatoria	35
2013	22	Huesca	66	Actividades auxiliares a los servicios financieros y a los seguros	623
2013	22	Huesca	68	Actividades inmobiliarias	3246
2013	22	Huesca	69	Actividades jurídicas y de contabilidad	758
2013	22	Huesca	71	Servicios técnicos de arquitectura e ingeniería; ensayos y análisis técnicos	986
2013	22	Huesca	72	Investigación y desarrollo	117
2013	22	Huesca	73	Publicidad y estudios de mercado	243
2013	22	Huesca	74	Otras actividades profesionales, científicas y técnicas	394
2013	22	Huesca	75	Actividades veterinarias	111
2013	22	Huesca	77	Actividades de alquiler	473
2013	22	Huesca	78	Actividades relacionadas con el empleo	41
2013	22	Huesca	79	Actividades de agencias de viajes, operadores turísticos, servicios de reservas y actividades relacionadas con los mismos	129
2013	22	Huesca	80	Actividades de seguridad e investigación	38
2013	22	Huesca	81	Servicios a edificios y actividades de jardinería	389
2013	22	Huesca	82	Actividades administrativas de oficina y otras actividades auxiliares a las empresas	652
2013	22	Huesca	85	Educación	1236
2013	22	Huesca	86	Actividades sanitarias	681
2013	22	Huesca	87	Asistencia en establecimientos residenciales	59
2013	22	Huesca	88	Actividades de servicios sociales sin alojamiento	58
2013	22	Huesca	90	Actividades de creación, artísticas y espectáculos	371
2013	22	Huesca	91	Actividades de bibliotecas, archivos, museos y otras actividades culturales	108
2013	22	Huesca	92	Actividades de juegos de azar y apuestas	151
2013	22	Huesca	93	Actividades deportivas, recreativas y de entretenimiento	359
2013	22	Huesca	95	Reparación de ordenadores, efectos personales y artículos de uso doméstico	339
2013	22	Huesca	96	Otros servicios personales	1094
2013	44	Teruel	01	Agricultura, ganadería, caza y servicios relacionados con las mismas	1414
2013	44	Teruel	02	Silvicultura y explotación forestal	64
2013	44	Teruel	05	Extracción de antracita, hulla y lignito	14
2013	44	Teruel	08	Otras industrias extractivas	137
2013	44	Teruel	10	Industria de la alimentación	418
2013	44	Teruel	11	Fabricación de bebidas	40
2013	44	Teruel	13	Industria textil	26
2013	44	Teruel	14	Confección de prendas de vestir	32
2013	44	Teruel	15	Industria del cuero y del calzado	8
2013	44	Teruel	16	Industria de la madera y del corcho, excepto muebles; cestería y espartería	167
2013	44	Teruel	17	Industria del papel	11
2013	44	Teruel	18	Artes gráficas y reproducción de soportes grabados	66
2013	44	Teruel	20	Industria química	31
2013	44	Teruel	21	Fabricación de productos farmacéuticos	2
2013	44	Teruel	22	Fabricación de productos de caucho y plásticos	15
2013	44	Teruel	23	Fabricación de otros productos minerales no metálicos	134
2013	44	Teruel	24	Metalurgia; fabricación de productos de hierro, acero y ferroaleaciones	10
2013	44	Teruel	25	Fabricación de productos metálicos, excepto maquinaria y equipo	248
2013	44	Teruel	26	Fabricación de productos informáticos, electrónicos y ópticos	6
2013	44	Teruel	27	Fabricación de material y equipo eléctrico	9
2013	44	Teruel	28	Fabricación de maquinaria y equipo n.c.o.p.	42
2013	44	Teruel	29	Fabricación de vehículos de motor, remolques y semirremolques	19
2013	44	Teruel	30	Fabricación de otro material de transporte	5
2013	44	Teruel	31	Fabricación de muebles	69
2013	44	Teruel	32	Otras industrias manufactureras	24
2013	44	Teruel	33	Reparación e instalación de maquinaria y equipo	33
2013	44	Teruel	35	Suministro de energía eléctrica, gas, vapor y aire acondicionado	360
2013	44	Teruel	36	Captación, depuración y distribución de agua	24
2013	44	Teruel	37	Recogida y tratamiento de aguas residuales	61
2013	44	Teruel	38	Recogida, tratamiento y eliminación de residuos; valorización	30
2013	44	Teruel	39	Actividades de descontaminación y otros servicios de gestión de residuos	24
2013	44	Teruel	41	Construcción de edificios	1364
2013	44	Teruel	42	Ingeniería civil	168
2013	44	Teruel	43	Actividades de construcción especializada	2105
2013	44	Teruel	45	Venta y reparación de vehículos de motor y motocicletas	551
2013	44	Teruel	46	Comercio al por mayor e intermediarios del comercio, excepto de vehículos de motor y motocicletas	864
2013	44	Teruel	47	Comercio al por menor, excepto de vehículos de motor y motocicletas	4319
2013	44	Teruel	49	Transporte terrestre y por tubería	820
2013	44	Teruel	52	Almacenamiento y actividades anexas al transporte	65
2013	44	Teruel	53	Actividades postales y de correos	20
2013	44	Teruel	55	Servicios de alojamiento	547
2013	44	Teruel	56	Servicios de comidas y bebidas	1841
2013	44	Teruel	58	Edición	41
2013	44	Teruel	59	Actividades cinematográficas, de vídeo y de programas de televisión, grabación de sonido y edición musical	30
2013	44	Teruel	60	Actividades de programación y emisión de radio y televisión	15
2013	44	Teruel	61	Telecomunicaciones	14
2013	44	Teruel	62	Programación, consultoría y otras actividades relacionadas con la informática	95
2013	44	Teruel	63	Servicios de información	16
2013	44	Teruel	64	Servicios financieros, excepto seguros y fondos de pensiones	232
2013	44	Teruel	65	Seguros, reaseguros y fondos de pensiones, excepto Seguridad Social obligatoria	23
2013	44	Teruel	66	Actividades auxiliares a los servicios financieros y a los seguros	324
2013	44	Teruel	68	Actividades inmobiliarias	1297
2013	44	Teruel	69	Actividades jurídicas y de contabilidad	361
2013	44	Teruel	71	Servicios técnicos de arquitectura e ingeniería; ensayos y análisis técnicos	478
2013	44	Teruel	72	Investigación y desarrollo	64
2013	44	Teruel	73	Publicidad y estudios de mercado	96
2013	44	Teruel	74	Otras actividades profesionales, científicas y técnicas	143
2013	44	Teruel	75	Actividades veterinarias	81
2013	44	Teruel	77	Actividades de alquiler	222
2013	44	Teruel	78	Actividades relacionadas con el empleo	22
2013	44	Teruel	79	Actividades de agencias de viajes, operadores turísticos, servicios de reservas y actividades relacionadas con los mismos	39
2013	44	Teruel	80	Actividades de seguridad e investigación	23
2013	44	Teruel	81	Servicios a edificios y actividades de jardinería	140
2013	44	Teruel	82	Actividades administrativas de oficina y otras actividades auxiliares a las empresas	308
2013	44	Teruel	85	Educación	532
2013	44	Teruel	86	Actividades sanitarias	321
2013	44	Teruel	87	Asistencia en establecimientos residenciales	32
2013	44	Teruel	88	Actividades de servicios sociales sin alojamiento	36
2013	44	Teruel	90	Actividades de creación, artísticas y espectáculos	162
2013	44	Teruel	91	Actividades de bibliotecas, archivos, museos y otras actividades culturales	47
2013	44	Teruel	92	Actividades de juegos de azar y apuestas	70
2013	44	Teruel	93	Actividades deportivas, recreativas y de entretenimiento	160
2013	44	Teruel	95	Reparación de ordenadores, efectos personales y artículos de uso doméstico	136
2013	44	Teruel	96	Otros servicios personales	636
2013	50	Zaragoza	01	Agricultura, ganadería, caza y servicios relacionados con las mismas	3039
2013	50	Zaragoza	02	Silvicultura y explotación forestal	60
2013	50	Zaragoza	05	Extracción de antracita, hulla y lignito	18
2013	50	Zaragoza	06	Extracción de crudo de petróleo y gas natural	1
2013	50	Zaragoza	07	Extracción de minerales metálicos	2
2013	50	Zaragoza	08	Otras industrias extractivas	123
2013	50	Zaragoza	09	Actividades de apoyo a las industrias extractivas	1
2013	50	Zaragoza	10	Industria de la alimentación	769
2013	50	Zaragoza	11	Fabricación de bebidas	169
2013	50	Zaragoza	13	Industria textil	194
2013	50	Zaragoza	14	Confección de prendas de vestir	407
2013	50	Zaragoza	15	Industria del cuero y del calzado	200
2013	50	Zaragoza	16	Industria de la madera y del corcho, excepto muebles; cestería y espartería	298
2013	50	Zaragoza	17	Industria del papel	69
2013	50	Zaragoza	18	Artes gráficas y reproducción de soportes grabados	487
2013	50	Zaragoza	20	Industria química	162
2013	50	Zaragoza	21	Fabricación de productos farmacéuticos	25
2013	50	Zaragoza	22	Fabricación de productos de caucho y plásticos	239
2013	50	Zaragoza	23	Fabricación de otros productos minerales no metálicos	270
2013	50	Zaragoza	24	Metalurgia; fabricación de productos de hierro, acero y ferroaleaciones	61
2013	50	Zaragoza	25	Fabricación de productos metálicos, excepto maquinaria y equipo	1627
2013	50	Zaragoza	26	Fabricación de productos informáticos, electrónicos y ópticos	127
2013	50	Zaragoza	27	Fabricación de material y equipo eléctrico	186
2013	50	Zaragoza	28	Fabricación de maquinaria y equipo n.c.o.p.	520
2013	50	Zaragoza	29	Fabricación de vehículos de motor, remolques y semirremolques	186
2013	50	Zaragoza	30	Fabricación de otro material de transporte	41
2013	50	Zaragoza	31	Fabricación de muebles	525
2013	50	Zaragoza	32	Otras industrias manufactureras	375
2013	50	Zaragoza	33	Reparación e instalación de maquinaria y equipo	458
2013	50	Zaragoza	35	Suministro de energía eléctrica, gas, vapor y aire acondicionado	1093
2013	50	Zaragoza	36	Captación, depuración y distribución de agua	36
2013	50	Zaragoza	37	Recogida y tratamiento de aguas residuales	178
2013	50	Zaragoza	38	Recogida, tratamiento y eliminación de residuos; valorización	98
2013	50	Zaragoza	39	Actividades de descontaminación y otros servicios de gestión de residuos	83
2013	50	Zaragoza	41	Construcción de edificios	5346
2013	50	Zaragoza	42	Ingeniería civil	830
2013	50	Zaragoza	43	Actividades de construcción especializada	10747
2013	50	Zaragoza	45	Venta y reparación de vehículos de motor y motocicletas	2654
2013	50	Zaragoza	46	Comercio al por mayor e intermediarios del comercio, excepto de vehículos de motor y motocicletas	8888
2013	50	Zaragoza	47	Comercio al por menor, excepto de vehículos de motor y motocicletas	22036
2013	50	Zaragoza	49	Transporte terrestre y por tubería	5620
2013	50	Zaragoza	50	Transporte marítimo y por vías navegables interiores	4
2013	50	Zaragoza	51	Transporte aéreo	15
2013	50	Zaragoza	52	Almacenamiento y actividades anexas al transporte	748
2013	50	Zaragoza	53	Actividades postales y de correos	254
2013	50	Zaragoza	55	Servicios de alojamiento	629
2013	50	Zaragoza	56	Servicios de comidas y bebidas	8708
2013	50	Zaragoza	58	Edición	351
2013	50	Zaragoza	59	Actividades cinematográficas, de vídeo y de programas de televisión, grabación de sonido y edición musical	287
2013	50	Zaragoza	60	Actividades de programación y emisión de radio y televisión	66
2013	50	Zaragoza	61	Telecomunicaciones	154
2013	50	Zaragoza	62	Programación, consultoría y otras actividades relacionadas con la informática	1108
2013	50	Zaragoza	63	Servicios de información	137
2013	50	Zaragoza	64	Servicios financieros, excepto seguros y fondos de pensiones	1046
2013	50	Zaragoza	65	Seguros, reaseguros y fondos de pensiones, excepto Seguridad Social obligatoria	135
2013	50	Zaragoza	66	Actividades auxiliares a los servicios financieros y a los seguros	2498
2013	50	Zaragoza	68	Actividades inmobiliarias	12489
2013	50	Zaragoza	69	Actividades jurídicas y de contabilidad	4699
2013	50	Zaragoza	71	Servicios técnicos de arquitectura e ingeniería; ensayos y análisis técnicos	4012
2013	50	Zaragoza	72	Investigación y desarrollo	687
2013	50	Zaragoza	73	Publicidad y estudios de mercado	1174
2013	50	Zaragoza	74	Otras actividades profesionales, científicas y técnicas	1819
2013	50	Zaragoza	75	Actividades veterinarias	362
2013	50	Zaragoza	77	Actividades de alquiler	1181
2013	50	Zaragoza	78	Actividades relacionadas con el empleo	197
2013	50	Zaragoza	79	Actividades de agencias de viajes, operadores turísticos, servicios de reservas y actividades relacionadas con los mismos	313
2013	50	Zaragoza	80	Actividades de seguridad e investigación	95
2013	50	Zaragoza	81	Servicios a edificios y actividades de jardinería	949
2013	50	Zaragoza	82	Actividades administrativas de oficina y otras actividades auxiliares a las empresas	3710
2013	50	Zaragoza	85	Educación	3943
2013	50	Zaragoza	86	Actividades sanitarias	3666
2013	50	Zaragoza	87	Asistencia en establecimientos residenciales	314
2013	50	Zaragoza	88	Actividades de servicios sociales sin alojamiento	245
2013	50	Zaragoza	90	Actividades de creación, artísticas y espectáculos	1379
2013	50	Zaragoza	91	Actividades de bibliotecas, archivos, museos y otras actividades culturales	232
2013	50	Zaragoza	92	Actividades de juegos de azar y apuestas	509
2013	50	Zaragoza	93	Actividades deportivas, recreativas y de entretenimiento	826
2013	50	Zaragoza	95	Reparación de ordenadores, efectos personales y artículos de uso doméstico	1176
2013	50	Zaragoza	96	Otros servicios personales	4261