Año	Código de la provincia	Provincia	Personas que son mano de obra familiar	Personas que son mano de obra familiar y titulares explotación	Personas que son mano de obra familiar y cónyuges	Personas que son mano de obra familiar distinta a las anteriores (otros)	Personas mano obra familiar son titulares <35 años	Personas mano obra familiar son titulares de 35 a 54 años	Personas mano obra familiar son titulares de 55 a 64 años	Personas mano obra familiar son titulares de más de 65 años	Personas mano obra familiar cónyuge <35 años	Personas mano obra familiar cónyuge de 35 a 54 años	Personas mano obra familiar cónyuge de 55 a 64 años	Personas mano obra familiar cónyuge de más de 65 años	Personas mano obra familiar otros (otra relación) con <35 años	Personas mano obra familiar otros de 35 a 54 años	Personas mano obra familiar otros de 55 a 64 años	Personas mano obra familiar otros de más de 65 años
1989	22	Huesca	31528	22267	3908	5353	2292	8029	6673	5273	453	2189	984	282	2995	1146	607	605
1989	44	Teruel	35099	24635	6311	4153	1548	7723	7973	7391	496	3096	2159	560	2413	1032	469	239
1989	50	Zaragoza	70360	50570	6881	12909	3471	17834	15722	13543	497	3685	2104	595	7367	3780	1218	544
1999	22	Huesca	28062	19311	3674	5077	2184	7369	4280	5478	313	2015	788	558	2104	1333	588	1052
1999	44	Teruel	25395	16779	4868	3748	1341	5948	4125	5365	258	2263	1367	980	1520	1219	408	601
1999	50	Zaragoza	57904	38454	7260	12190	3273	13483	9402	12296	454	3641	1949	1216	5535	4024	1196	1435