Año	Comarca código	Comarca nombre	Tipo de presupuesto	Estado de la información	Área gastos, total	Área gastos, deuda pública	Área gastos, servicios públicos básicos	Área gastos, actuaciones protección y promoción social	Área gastos, producción bienes públicos carácter preferente	Área gastos, actuaciones carácter económico	Área gastos, actuaciones carácter general
2010	01	La Jacetania	Presupuestos	Consolidada	6355383,69	0	1733975,25	1736958,5	1321369,22	559962,63	1003118,09
2010	02	Alto Gállego	Presupuestos	Consolidada	4994055,91	112932,21	1414638,4	1428493,49	1090670,29	91896,32	855425,2
2010	03	Sobrarbe	Presupuestos	Consolidada	6850548,5	0	650400	858329,75	459810,59	1231621,12	3650387,04
2010	04	La Ribagorza	Presupuestos	Consolidada	5997400	4000	1542400	1697000	1635500	357500	761000
2010	05	Cinco Villas	Presupuestos	Consolidada	5074813,6	0	1356300,35	1178272,21	570576,89	1433390	536274,15
2010	06	Hoya de Huesca / Plana de Uesca	Presupuestos	Sin información							
2010	07	Somontano de Barbastro	Presupuestos	Consolidada	5596618,17	15000	1772245,22	1801199	741071,11	370218,04	896884,8
2010	08	Cinca Medio	Presupuestos	Sin información							
2010	09	La Litera / La Llitera	Presupuestos	Consolidada	5627882,89	448070	1103545,95	3045508,03	207189,7	145427,97	678141,24
2010	10	Los Monegros	Presupuestos	Consolidada	6974295	19115,27	1725931,69	1789864,91	1369115,28	967173,61	1103094,24
2010	11	Bajo Cinca / Baix Cinca	Presupuestos	Consolidada	4914111,64	0	1447297,11	1114522,92	606707,38	474877,67	1270706,56
2010	12	Tarazona y el Moncayo	Presupuestos	Consolidada	4581000	0	574209	1572788	935303	532887	965813
2010	13	Campo de Borja	Presupuestos	Consolidada	4065185,66	46000	611287,5	1581605,97	554391,03	145003	1126898,16
2010	14	Aranda	Presupuestos	Consolidada	2736121,84	54959,65	795632,91	358252,83	219440	111218	1196618,45
2010	15	Ribera Alta del Ebro	Presupuestos	Consolidada	5045470,18	0	1139954,69	1761491,92	639090,62	206807,57	1298125,38
2010	16	Valdejalón	Presupuestos	Consolidada	4473593,98	200	896681,66	1567177,23	624268,57	152504,44	1232762,08
2010	18	Ribera Baja del Ebro	Presupuestos	Consolidada	3569571,89	0	970384,71	1145531,77	429786,96	88500	935368,45
2010	19	Bajo Aragón-Caspe / Baix Aragó-Casp	Presupuestos	Consolidada	3282958,24	20000	148950	665051,53	312700	1088853,59	1047403,12
2010	20	Comunidad de Calatayud	Presupuestos	Consolidada	6671216	0	479182,45	1719621,85	454684,24	67838,46	3949889
2010	21	Campo de Cariñena	Presupuestos	Consolidada	4033865,4	180240	1544909,4	948400	489240	46000	825076
2010	22	Campo de Belchite	Presupuestos	Consolidada	2674037,24	0	779750	288576,96	401110,36	85932,14	1118667,78
2010	23	Bajo Martín	Presupuestos	Consolidada	2628460,95	5250	619702,62	897454,86	330048,21	105026,74	670978,52
2010	24	Campo de Daroca	Presupuestos	Consolidada	2904182,28	8000	308968	398183,84	170450,05	829191	1189389,39
2010	25	Jiloca	Presupuestos	Consolidada	4237200	28000	864500	1482800	424100	655700	782100
2010	26	Cuencas Mineras	Presupuestos	Sin información							
2010	27	Andorra-Sierra de Arcos	Presupuestos	Consolidada	3354902,04	1000	697841,51	988236	528659,78	441671,56	697493,19
2010	28	Bajo Aragón	Presupuestos	Sin información							
2010	29	Comunidad de Teruel	Presupuestos	Consolidada	4783879	178000	803757	1940502	804500	378600	678520
2010	30	Maestrazgo	Presupuestos	Sin información							
2010	31	Sierra de Albarracín	Presupuestos	Consolidada	2370100	0	56000	580600	392500	76500	1264500
2010	32	Gúdar-Javalambre	Presupuestos	Consolidada	3795130	4000	699000	969580	619950	883550	619050
2010	33	Matarraña / Matarranya	Presupuestos	Consolidada	6110132	2434,29	1476344,35	983536,46	610350,74	290404,97	2747061,19
2011	01	La Jacetania	Presupuestos	Consolidada	5921343,66	0	1054350	1151184,72	994803	1821819,62	899186,32
2011	02	Alto Gállego	Presupuestos	Consolidada	4617695	103422,29	1414692,52	1242725,38	998236,32	59926,67	798691,82
2011	03	Sobrarbe	Presupuestos	Consolidada	5967126,58	0	446156	506996	286230	1023284,58	3704460
2011	04	La Ribagorza	Presupuestos	Consolidada	5294000	4700	1590168,04	1576300	1265931,96	242900	614000
2011	05	Cinco Villas	Presupuestos	Consolidada	4753974,75	0	1297320,35	1168672,21	418339,76	1428440,45	441201,98
2011	06	Hoya de Huesca / Plana de Uesca	Presupuestos	Sin información							
2011	07	Somontano de Barbastro	Presupuestos	Consolidada	4726254,15	11000	1546444,99	1433668,64	656051,22	311894,99	767194,31
2011	08	Cinca Medio	Presupuestos	Sin información							
2011	09	La Litera / La Llitera	Presupuestos	Consolidada	5093119,41	357102,6	1085654,88	2603707,92	207323,67	127026,99	712303,35
2011	10	Los Monegros	Presupuestos	Consolidada	7372582,76	15077,68	2312003,44	1503147,67	1955969,02	867170,55	719214,4
2011	11	Bajo Cinca / Baix Cinca	Presupuestos	Consolidada	4617626,92	0	1461877,05	1113025,53	563673,84	232470,41	1246580,09
2011	12	Tarazona y el Moncayo	Presupuestos	Consolidada	2333928,9	0	504969	848804	319175,9	21000	639980
2011	13	Campo de Borja	Presupuestos	Consolidada	3221041,01	19438,56	618639,26	1398515,71	447762,22	72003	664682,26
2011	14	Aranda	Presupuestos	Consolidada	2373802,48	47562,35	702704,29	292705,16	203010	126303,27	1001517,41
2011	15	Ribera Alta del Ebro	Presupuestos	Consolidada	4541858,16	0	949495,66	1576749,13	629230,95	118360	1268022,42
2011	16	Valdejalón	Presupuestos	Consolidada	4520610,4	7158,77	1035023,61	1522750,91	515330,14	191665,22	1248681,75
2011	18	Ribera Baja del Ebro	Presupuestos	Consolidada	3283170,43	0	977800	1108011,17	378755,79	85213	733390,47
2011	19	Bajo Aragón-Caspe / Baix Aragó-Casp	Presupuestos	Consolidada	3248350,31	38636,2	106800	631973,73	307600	1092142,11	1071198,27
2011	20	Comunidad de Calatayud	Presupuestos	Consolidada	4829048	0	423752,58	1661742,79	497265,96	56426,67	2189860
2011	21	Campo de Cariñena	Presupuestos	Consolidada	3394566	215546	1178660	794690	394330	137000	674340
2011	22	Campo de Belchite	Presupuestos	Consolidada	1901768,16	0	330573,88	229317,54	294614,09	72596,32	974666,33
2011	23	Bajo Martín	Presupuestos	Consolidada	2226906,88	45728,36	608652,7	837337,52	282250,95	34543,64	418393,71
2011	24	Campo de Daroca	Presupuestos	Consolidada	2450133,83	65000	294700	360144,44	147700	519700	1062889,39
2011	25	Jiloca	Presupuestos	Consolidada	3676400	2500	860900	1299600	311600	511500	690300
2011	26	Cuencas Mineras	Presupuestos	Sin información							
2011	27	Andorra-Sierra de Arcos	Presupuestos	Consolidada	2277960,49	1000	359974,1	910411	392516	208825,83	405233,56
2011	28	Bajo Aragón	Presupuestos	Consolidada	3198828,09	148178,85	455197,05	1466039,07	363761,28	52196,59	713455,25
2011	29	Comunidad de Teruel	Presupuestos	Consolidada	4158986,56	124000	645552,56	1549176,35	699200	557234	583823,65
2011	30	Maestrazgo	Presupuestos	Sin información							
2011	31	Sierra de Albarracín	Presupuestos	Consolidada	2230843	0	48500	194648	296305	43245	1648145
2011	32	Gúdar-Javalambre	Presupuestos	Consolidada	3107075,08	0	624536,25	698725	459985	874132,16	449696,67
2011	33	Matarraña / Matarranya	Presupuestos	Sin información							
2012	01	La Jacetania	Presupuestos	Consolidada	4691273,88	0	847000	981529,84	794736	1186004,66	882003,38
2012	02	Alto Gállego	Presupuestos	Consolidada	4341455	108133,13	1278640,79	1195860,22	1007506,61	80057,2	671257,05
2012	03	Sobrarbe	Presupuestos	Consolidada	5349289,66	0	334609,56	510497,43	219840	914836,28	3369506,39
2012	04	La Ribagorza	Presupuestos	Consolidada	5150800	83389,75	1787654	1372300	1170962	142350	594144,25
2012	05	Cinco Villas	Presupuestos	Consolidada	4096362,34	0	1324160,6	1027880	402439,76	894684	447197,98
2012	06	Hoya de Huesca / Plana de Uesca	Presupuestos	Consolidada	6230796,06	30000	1065597,34	1955199,88	1150408,45	895701	1133889,39
2012	07	Somontano de Barbastro	Presupuestos	Consolidada	4376860,06	11000	1876239,91	762132,25	601137,51	299330,83	827019,56
2012	08	Cinca Medio	Presupuestos	Consolidada	3424324,54	39500	1177626,74	1203410,16	333111,31	44393,12	626283,21
2012	09	La Litera / La Llitera	Presupuestos	Consolidada	4760859,48	366712	921395,26	2620855,09	139293,36	74183,69	638420,08
2012	10	Los Monegros	Presupuestos	Consolidada	6947093,2	25722,15	2296741,86	1525971,66	1708863,96	736083,61	653709,96
2012	11	Bajo Cinca / Baix Cinca	Presupuestos	Consolidada	4642196,28	0	1388867,73	1053212,83	533551,32	252839,01	1413725,39
2012	12	Tarazona y el Moncayo	Presupuestos	Consolidada	3352119	0	516300	882220	588030	635666	729903
2012	13	Campo de Borja	Presupuestos	Consolidada	3366113,18	141000	677400	1392785,09	361765,39	131572,86	661589,84
2012	14	Aranda	Presupuestos	Consolidada	2110294,34	50043,28	611231,22	264869,89	165930,63	103218,8	915000,52
2012	15	Ribera Alta del Ebro	Presupuestos	Consolidada	4509382,31	0	1023033,25	1715342,2	604909,25	76928,64	1089168,97
2012	16	Valdejalón	Presupuestos	Consolidada	4260773,89	3319	945000	1438531,53	504309,98	59405,49	1310207,89
2012	18	Ribera Baja del Ebro	Presupuestos	Consolidada	2798492,32	0	837000	962001,09	332154,93	17000	650336,3
2012	19	Bajo Aragón-Caspe / Baix Aragó-Casp	Presupuestos	Consolidada	2746762,25	15000	111500	538001,2	165445,4	1019335,44	897480,21
2012	20	Comunidad de Calatayud	Presupuestos	Consolidada	3382374,56	0	360043,73	1529274,58	372900	17000	1103156,25
2012	21	Campo de Cariñena	Presupuestos	Consolidada	2739118,54	258066,52	626643,97	823060	356490	39500	635358,05
2012	22	Campo de Belchite	Presupuestos	Consolidada	1525494,41	0	600069,17	214691,92	164927,91	94918	450887,41
2012	23	Bajo Martín	Presupuestos	Consolidada	2020574,69	83000	583656,68	820190,37	143697	13674,04	376356,6
2012	24	Campo de Daroca	Presupuestos	Consolidada	2578189,39	74000	449600	386600	202800	414800	1050389,39
2012	25	Jiloca	Presupuestos	Consolidada	3600400	23300	818000	1248300	402300	487500	621000
2012	26	Cuencas Mineras	Presupuestos	Consolidada	2398849,51	73659,75	221000	448462,52	243402,64	154460,44	1257864,16
2012	27	Andorra-Sierra de Arcos	Presupuestos	Consolidada	2337662,19	1000	434159,19	836280	305351	181800	579072
2012	28	Bajo Aragón	Presupuestos	Consolidada	3022421,44	107268,34	442697,05	1387390,36	322913,85	49696,59	712455,25
2012	29	Comunidad de Teruel	Presupuestos	Consolidada	3365247,85	128863,62	179500	1504670	602100	404366,56	545747,67
2012	30	Maestrazgo	Presupuestos	Sin información							
2012	31	Sierra de Albarracín	Presupuestos	Consolidada	1905800	600	138600	117800	206100	11500	1431200
2012	32	Gúdar-Javalambre	Presupuestos	Consolidada	2806915	0	622760	658025	421950	463200	640980
2012	33	Matarraña / Matarranya	Presupuestos	Consolidada	3198890	57000	453175	1431100	425380	97300	734935
2013	01	La Jacetania	Presupuestos	Consolidada	4830767,64	0	900100	1008167,43	761315,71	1258160	903024,5
2013	02	Alto Gállego	Presupuestos	Consolidada	4279012,57	108423	1301851,66	1229954,3	849747,12	56064,2	732972,29
2013	03	Sobrarbe	Presupuestos	Consolidada	5247737,88	0	417523,56	75861,42	930824,17	508778,73	3314750
2013	04	La Ribagorza	Presupuestos	Consolidada	5355000	93886,02	1950300	1285400	1209126,33	139650	676637,65
2013	05	Cinco Villas	Presupuestos	Consolidada	3374233,12	0	1267380,6	980160	329079,82	332762,7	464850
2013	06	Hoya de Huesca / Plana de Uesca	Presupuestos	Consolidada	7163847,79	24000	1039815,71	2184195,18	1607879,28	1194630,97	1113326,65
2013	07	Somontano de Barbastro	Presupuestos	Consolidada	4203662,59	8000	1815132,31	731555,57	498227,87	315445,94	835300,9
2013	08	Cinca Medio	Presupuestos	Consolidada	3161831,52	53500	1050434,68	984309,86	317540	136217,41	619829,57
2013	09	La Litera / La Llitera	Presupuestos	Consolidada	4760859,48	366712	921395,26	2620855,09	139293,36	74183,69	638420,08
2013	10	Los Monegros	Presupuestos	Consolidada	5794180,08	47336,31	2147700,22	1359148,82	1431050,84	237200,94	571742,95
2013	11	Bajo Cinca / Baix Cinca	Presupuestos	Consolidada	4642196,28	0	1388867,73	1053212,83	533551,32	252839,01	1413725,39
2013	12	Tarazona y el Moncayo	Presupuestos	Consolidada	3195392,98	0	661864	1022234,52	330960	654836	525498,46
2013	13	Campo de Borja	Presupuestos	Consolidada	2916117	37012,42	674952,33	1154483,51	273251,36	81425,67	694991,71
2013	14	Aranda	Presupuestos	Consolidada	2235329,16	47656,4	641387,53	794414,93	211565,9	127138,38	413166,02
2013	15	Ribera Alta del Ebro	Presupuestos	Consolidada	4815059,21	21000	920512,12	1723704,95	511911,04	20572,6	1617358,5
2013	16	Valdejalón	Presupuestos	Consolidada	4034173,56	400	925442,12	1529100	289200	53245	1236786,44
2013	18	Ribera Baja del Ebro	Presupuestos	Consolidada	2506681,32	0	559620	953270,09	327154,93	17000	649636,3
2013	19	Bajo Aragón-Caspe / Baix Aragó-Casp	Presupuestos	Consolidada	2056869,77	5829,43	146250,83	549511,96	373750	94626,95	886900,6
2013	20	Comunidad de Calatayud	Presupuestos	Consolidada	4054652,17	0	313993,81	1773012,41	283375	6750	1677520,95
2013	21	Campo de Cariñena	Presupuestos	Consolidada	2677323,17	250918,96	933719,59	684200	231300	18500	558684,62
2013	22	Campo de Belchite	Presupuestos	Consolidada	1335629,91	0	480327,52	203086,44	139918,2	70918	441379,75
2013	23	Bajo Martín	Presupuestos	Consolidada	2182828,35	73000	613054,07	833428,36	186174,33	12160,59	465011
2013	24	Campo de Daroca	Presupuestos	Consolidada	2422989,39	50000	376800	380100	186800	366992	1062297,39
2013	25	Jiloca	Presupuestos	Consolidada	3124700	20400	722200	1193700	450700	149100	588600
2013	26	Cuencas Mineras	Presupuestos	Consolidada	1518349,4	0	62695,16	381329,06	190386,49	153672,29	730266,4
2013	27	Andorra-Sierra de Arcos	Presupuestos	Consolidada	2252937,37	1000	434159,19	882834	366110	158816,86	410017,32
2013	28	Bajo Aragón	Presupuestos	Consolidada	2920503,91	113834,03	448319	1345182,69	269525,65	67938,89	675703,65
2013	29	Comunidad de Teruel	Presupuestos	Consolidada	3740250	113863,62	362500	1756850	591800	392200	523036,38
2013	30	Maestrazgo	Presupuestos	Consolidada	2051981,29	0	84986,3	483594,05	308595,3	246255,24	928550,4
2013	31	Sierra de Albarracín	Presupuestos	Consolidada	1886500	0	127100	932700	341800	141980	342920
2013	32	Gúdar-Javalambre	Presupuestos	Consolidada	3100701,13	0	560700	649059,84	374990	768400	747551,29
2013	33	Matarraña / Matarranya	Presupuestos	Consolidada	2583100	54250	321450	957300	403450	146050	700600
2014	01	La Jacetania	Presupuestos	Consolidada	5221906,21	0	1166700	987607,43	802184,81	1321368,63	944045,34
2014	02	Alto Gállego	Presupuestos	Consolidada	4341041,69	86622,28	1248045,36	1206003,38	1085042,42	153421,63	561906,62
2014	03	Sobrarbe	Presupuestos	Consolidada	4964523	0	430100	81461,42	787563,17	409908,24	3255490,17
2014	04	La Ribagorza	Presupuestos	Consolidada	5376000	227934,1	1956600	1329000	1130715,9	157200	574550
2014	05	Cinco Villas	Presupuestos	Consolidada	3944346,29	0	1275943	1056982	666879,82	484091,47	460450
2014	06	Hoya de Huesca / Plana de Uesca	Presupuestos	Consolidada	6852015,32	4500	1208665,62	1965885,23	1612545,43	785608,23	1274810,81
2014	07	Somontano de Barbastro	Presupuestos	Consolidada	4833900,5	4000	2013533,26	1118802,69	542062,15	291380,13	864122,27
2014	08	Cinca Medio	Presupuestos	Consolidada	3161831,52	53500	1050434,68	984309,86	317540	136217,41	619829,57
2014	09	La Litera / La Llitera	Presupuestos	Consolidada	4884576,57	364000	935354,38	2659430,08	338843,87	21300	565648,24
2014	10	Los Monegros	Presupuestos	Consolidada	5164174,93	52254,61	1919181,24	1308024,97	1033754,5	212083,9	638875,71
2014	11	Bajo Cinca / Baix Cinca	Presupuestos	Consolidada	3965391,8	0	874722,89	773924,38	465661,22	790723,7	1060359,61
2014	12	Tarazona y el Moncayo	Presupuestos	Consolidada	3090254,32	0	1151934,91	881750	329650	14533,49	712385,92
2014	13	Campo de Borja	Presupuestos	Consolidada	2772513,44	35188,89	608818,21	1142716,62	271649,49	49754	664386,23
2014	14	Aranda	Presupuestos	Consolidada	2121111	43558	594584,02	752160,76	193335,01	142640,62	394832,59
2014	15	Ribera Alta del Ebro	Presupuestos	Consolidada	4165611,79	91229	954913,28	1595994,75	742093,3	42822,52	738558,94
2014	16	Valdejalón	Presupuestos	Consolidada	3994072,67	0	1003240,85	1510000	280716,47	47375	1152740,35
2014	18	Ribera Baja del Ebro	Presupuestos	Consolidada	2320018,73	0	393540,95	892012,26	362594,93	12260	659610,59
2014	19	Bajo Aragón-Caspe / Baix Aragó-Casp	Presupuestos	Consolidada	1591616,06	5829,43	198076,46	407337,38	100200	72500	807672,79
2014	20	Comunidad de Calatayud	Presupuestos	Consolidada	4199811,45	0	638200	2111465,24	311875	24750	1113521,21
2014	21	Campo de Cariñena	Presupuestos	Consolidada	2154323,17	248554	414330	661400	229536,14	49818,41	550684,62
2014	22	Campo de Belchite	Presupuestos	Consolidada	1668025,7	0	626251,67	221602,65	228708,18	87594,96	503868,24
2014	23	Bajo Martín	Presupuestos	Consolidada	2155638,01	59000	557639,55	827256,54	186386,85	15313,52	510041,55
2014	24	Campo de Daroca	Presupuestos	Consolidada	2286325,39	50000	404037	360283	157100	283108	1031797,39
2014	25	Jiloca	Presupuestos	Consolidada	2977100	20000	684500	1197700	351600	148400	574900
2014	26	Cuencas Mineras	Presupuestos	Consolidada	1518349,4	0	62695,16	381329,06	190386,49	153672,29	730266,4
2014	27	Andorra-Sierra de Arcos	Presupuestos	Consolidada	2172507,87	1000	434159,19	845274	366110	115947,36	410017,32
2014	28	Bajo Aragón	Presupuestos	Consolidada	2898115,84	94260,12	456168,41	1351215,74	265457,33	50458,17	680556,07
2014	29	Comunidad de Teruel	Presupuestos	Consolidada	3800968,43	100863,62	163500	1806826	782100	425884,67	521794,14
2014	30	Maestrazgo	Presupuestos	Consolidada	2259878,45	75753,74	543849,38	598569,73	333556,97	258638,53	449510,1
2014	31	Sierra de Albarracín	Presupuestos	Consolidada	1818000	0	166900	775250	388500	151700	335650
2014	32	Gúdar-Javalambre	Presupuestos	Consolidada	2501455,03	0	572200	679830,2	443830	238250	567344,83
2014	33	Matarraña / Matarranya	Presupuestos	Consolidada	2171268	48200	422450	590275	413920	85300	611123