Municipio código	Municipio nombre	Clase de propietario	Número de edificios
22001	Abiego	Una persona	185
22001	Abiego	La comunidad	1
22002	Abizanda	Una persona	88
22002	Abizanda	La comunidad	1
22003	Adahuesca	Una persona	115
22003	Adahuesca	La comunidad	1
22004	Agüero	Una persona	211
22004	Agüero	La comunidad	1
22004	Agüero	Una sociedad	1
22006	Aísa	Una persona	152
22006	Aísa	La comunidad	55
22006	Aísa	Un organismo público	1
22007	Albalate de Cinca	Una persona	410
22008	Albalatillo	Una persona	124
22008	Albalatillo	La comunidad	2
22009	Albelda	Una persona	433
22009	Albelda	Una sociedad	2
22011	Albero Alto	Una persona	50
22012	Albero Bajo	Una persona	44
22013	Alberuela de Tubo	Una persona	136
22014	Alcalá de Gurrea	Una persona	214
22014	Alcalá de Gurrea	La comunidad	2
22015	Alcalá del Obispo	Una persona	265
22015	Alcalá del Obispo	La comunidad	1
22016	Alcampell	Una persona	501
22016	Alcampell	La comunidad	1
22017	Alcolea de Cinca	Una persona	389
22017	Alcolea de Cinca	La comunidad	19
22018	Alcubierre	Una persona	265
22019	Alerre	Una persona	64
22020	Alfántega	Una persona	71
22020	Alfántega	La comunidad	1
22021	Almudévar	Una persona	993
22021	Almudévar	La comunidad	13
22021	Almudévar	Una sociedad	1
22022	Almunia de San Juan	Una persona	345
22022	Almunia de San Juan	La comunidad	4
22023	Almuniente	Una persona	256
22023	Almuniente	La comunidad	1
22024	Alquézar	Una persona	202
22025	Altorricón	Una persona	534
22025	Altorricón	La comunidad	17
22025	Altorricón	Una sociedad	4
22027	Angüés	Una persona	318
22027	Angüés	La comunidad	1
22028	Ansó	Una persona	317
22028	Ansó	La comunidad	20
22028	Ansó	Un organismo público	1
22029	Antillón	Una persona	68
22032	Aragüés del Puerto	Una persona	131
22032	Aragüés del Puerto	La comunidad	2
22035	Arén	Una persona	229
22036	Argavieso	Una persona	66
22037	Arguis	Una persona	59
22037	Arguis	Una sociedad	1
22039	Ayerbe	Una persona	474
22039	Ayerbe	La comunidad	57
22039	Ayerbe	Una sociedad	2
22040	Azanuy-Alins	Una persona	200
22041	Azara	Una persona	94
22041	Azara	La comunidad	1
22042	Azlor	Una persona	103
22043	Baells	Una persona	97
22044	Bailo	Una persona	158
22044	Bailo	La comunidad	1
22045	Baldellou	Una persona	142
22045	Baldellou	La comunidad	1
22046	Ballobar	Una persona	467
22046	Ballobar	La comunidad	2
22047	Banastás	Una persona	68
22048	Barbastro	Una persona	1567
22048	Barbastro	La comunidad	466
22048	Barbastro	Una sociedad	1
22048	Barbastro	Un organismo público	6
22049	Barbués	Una persona	59
22050	Barbuñales	Una persona	87
22051	Bárcabo	Una persona	65
22051	Bárcabo	La comunidad	1
22052	Belver de Cinca	Una persona	537
22052	Belver de Cinca	La comunidad	1
22053	Benabarre	Una persona	564
22053	Benabarre	La comunidad	1
22054	Benasque	Una persona	371
22054	Benasque	La comunidad	98
22054	Benasque	Una sociedad	4
22055	Berbegal	Una persona	269
22055	Berbegal	La comunidad	3
22057	Bielsa	Una persona	242
22057	Bielsa	La comunidad	26
22058	Bierge	Una persona	193
22059	Biescas	Una persona	709
22059	Biescas	La comunidad	131
22059	Biescas	Una sociedad	5
22060	Binaced	Una persona	593
22060	Binaced	La comunidad	12
22060	Binaced	Una sociedad	2
22061	Binéfar	Una persona	1753
22061	Binéfar	La comunidad	81
22061	Binéfar	Una sociedad	1
22062	Bisaurri	Una persona	125
22062	Bisaurri	La comunidad	1
22063	Biscarrués	Una persona	140
22064	Blecua y Torres	Una persona	135
22066	Boltaña	Una persona	323
22066	Boltaña	La comunidad	10
22067	Bonansa	Una persona	52
22067	Bonansa	La comunidad	1
22068	Borau	Una persona	83
22069	Broto	Una persona	304
22069	Broto	La comunidad	5
22072	Caldearenas	Una persona	187
22072	Caldearenas	Un organismo público	1
22074	Campo	Una persona	214
22074	Campo	La comunidad	3
22075	Camporrells	Una persona	200
22075	Camporrells	La comunidad	1
22076	Canal de Berdún	Una persona	278
22076	Canal de Berdún	Una sociedad	2
22077	Candasnos	Una persona	270
22077	Candasnos	La comunidad	1
22078	Canfranc	Una persona	114
22078	Canfranc	La comunidad	58
22078	Canfranc	Una sociedad	1
22079	Capdesaso	Una persona	101
22080	Capella	Una persona	222
22081	Casbas de Huesca	Una persona	350
22081	Casbas de Huesca	La comunidad	3
22081	Casbas de Huesca	Un organismo público	1
22082	Castejón del Puente	Una persona	223
22083	Castejón de Monegros	Una persona	342
22083	Castejón de Monegros	La comunidad	1
22084	Castejón de Sos	Una persona	217
22084	Castejón de Sos	La comunidad	19
22084	Castejón de Sos	Un organismo público	1
22085	Castelflorite	Una persona	61
22086	Castiello de Jaca	Una persona	109
22086	Castiello de Jaca	La comunidad	23
22087	Castigaleu	Una persona	47
22088	Castillazuelo	Una persona	134
22089	Castillonroy	Una persona	251
22089	Castillonroy	La comunidad	5
22090	Colungo	Una persona	95
22094	Chalamera	Una persona	91
22094	Chalamera	La comunidad	1
22095	Chía	Una persona	56
22096	Chimillas	Una persona	76
22096	Chimillas	La comunidad	1
22099	Esplús	Una persona	259
22099	Esplús	La comunidad	5
22102	Estada	Una persona	100
22103	Estadilla	Una persona	369
22103	Estadilla	La comunidad	4
22105	Estopiñán del Castillo	Una persona	178
22106	Fago	Una persona	77
22107	Fanlo	Una persona	125
22109	Fiscal	Una persona	212
22109	Fiscal	La comunidad	1
22110	Fonz	Una persona	593
22110	Fonz	Un organismo público	1
22111	Foradada del Toscar	Una persona	139
22112	Fraga	Una persona	2009
22112	Fraga	La comunidad	211
22112	Fraga	Un organismo público	1
22113	Fueva (La)	Una persona	279
22114	Gistaín	Una persona	62
22115	Grado (El)	Una persona	401
22115	Grado (El)	Una sociedad	6
22116	Grañén	Una persona	681
22116	Grañén	La comunidad	22
22117	Graus	Una persona	1224
22117	Graus	La comunidad	120
22117	Graus	Una sociedad	1
22119	Gurrea de Gállego	Una persona	797
22119	Gurrea de Gállego	La comunidad	1
22122	Hoz de Jaca	Una persona	71
22124	Huerto	Una persona	198
22124	Huerto	La comunidad	1
22125	Huesca	Una persona	1533
22125	Huesca	La comunidad	1290
22125	Huesca	Una sociedad	10
22125	Huesca	Un organismo público	5
22126	Ibieca	Una persona	79
22127	Igriés	Una persona	111
22128	Ilche	Una persona	141
22129	Isábena	Una persona	144
22129	Isábena	La comunidad	1
22130	Jaca	Una persona	1364
22130	Jaca	La comunidad	682
22130	Jaca	Una sociedad	5
22130	Jaca	Un organismo público	1
22131	Jasa	Una persona	127
22131	Jasa	La comunidad	4
22131	Jasa	Una sociedad	1
22133	Labuerda	Una persona	90
22133	Labuerda	La comunidad	1
22135	Laluenga	Una persona	157
22135	Laluenga	La comunidad	2
22136	Lalueza	Una persona	545
22137	Lanaja	Una persona	786
22137	Lanaja	La comunidad	1
22139	Laperdiguera	Una persona	75
22141	Lascellas-Ponzano	Una persona	146
22142	Lascuarre	Una persona	116
22143	Laspaúles	Una persona	176
22143	Laspaúles	La comunidad	1
22144	Laspuña	Una persona	111
22144	Laspuña	La comunidad	1
22149	Loarre	Una persona	275
22149	Loarre	La comunidad	2
22149	Loarre	Una sociedad	1
22150	Loporzano	Una persona	227
22150	Loporzano	La comunidad	1
22151	Loscorrales	Una persona	69
22155	Monesma y Cajigar	Una persona	62
22156	Monflorite-Lascasas	Una persona	85
22156	Monflorite-Lascasas	La comunidad	1
22157	Montanuy	Una persona	186
22157	Montanuy	La comunidad	1
22158	Monzón	Una persona	2558
22158	Monzón	La comunidad	465
22158	Monzón	Una sociedad	11
22158	Monzón	Un organismo público	1
22160	Naval	Una persona	155
22160	Naval	La comunidad	1
22162	Novales	Una persona	74
22162	Novales	La comunidad	1
22163	Nueno	Una persona	217
22163	Nueno	La comunidad	1
22164	Olvena	Una persona	40
22165	Ontiñena	Una persona	407
22165	Ontiñena	La comunidad	1
22167	Osso de Cinca	Una persona	267
22167	Osso de Cinca	La comunidad	1
22167	Osso de Cinca	Una sociedad	1
22168	Palo	Una persona	40
22170	Panticosa	Una persona	224
22170	Panticosa	La comunidad	77
22170	Panticosa	Una sociedad	2
22172	Peñalba	Una persona	255
22172	Peñalba	La comunidad	2
22173	Peñas de Riglos (Las)	Una persona	410
22173	Peñas de Riglos (Las)	La comunidad	7
22174	Peralta de Alcofea	Una persona	412
22174	Peralta de Alcofea	La comunidad	1
22175	Peralta de Calasanz	Una persona	340
22175	Peralta de Calasanz	La comunidad	3
22175	Peralta de Calasanz	Una sociedad	1
22176	Peraltilla	Una persona	93
22177	Perarrúa	Una persona	97
22178	Pertusa	Una persona	101
22181	Piracés	Una persona	46
22182	Plan	Una persona	132
22182	Plan	La comunidad	3
22184	Poleñino	Una persona	120
22186	Pozán de Vero	Una persona	140
22187	Puebla de Castro (La)	Una persona	295
22188	Puente de Montañana	Una persona	91
22189	Puértolas	Una persona	98
22189	Puértolas	La comunidad	3
22190	Pueyo de Araguás (El)	Una persona	59
22193	Pueyo de Santa Cruz	Una persona	149
22193	Pueyo de Santa Cruz	La comunidad	1
22195	Quicena	Una persona	58
22195	Quicena	La comunidad	1
22197	Robres	Una persona	263
22197	Robres	La comunidad	2
22199	Sabiñánigo	Una persona	1075
22199	Sabiñánigo	La comunidad	334
22199	Sabiñánigo	Una sociedad	12
22199	Sabiñánigo	Un organismo público	1
22200	Sahún	Una persona	180
22200	Sahún	La comunidad	3
22200	Sahún	Una sociedad	4
22201	Salas Altas	Una persona	149
22202	Salas Bajas	Una persona	105
22203	Salillas	Una persona	79
22204	Sallent de Gállego	Una persona	406
22204	Sallent de Gállego	La comunidad	146
22204	Sallent de Gállego	Una sociedad	3
22205	San Esteban de Litera	Una persona	453
22205	San Esteban de Litera	La comunidad	3
22206	Sangarrén	Una persona	129
22207	San Juan de Plan	Una persona	49
22208	Santa Cilia	Una persona	104
22208	Santa Cilia	La comunidad	1
22209	Santa Cruz de la Serós	Una persona	74
22209	Santa Cruz de la Serós	La comunidad	1
22212	Santaliestra y San Quílez	Una persona	76
22212	Santaliestra y San Quílez	La comunidad	1
22213	Sariñena	Una persona	1557
22213	Sariñena	La comunidad	14
22213	Sariñena	Una sociedad	1
22214	Secastilla	Una persona	73
22214	Secastilla	La comunidad	1
22214	Secastilla	Una sociedad	1
22215	Seira	Una persona	92
22215	Seira	La comunidad	6
22215	Seira	Una sociedad	1
22217	Sena	Una persona	339
22218	Senés de Alcubierre	Una persona	37
22220	Sesa	Una persona	143
22220	Sesa	La comunidad	2
22221	Sesué	Una persona	81
22221	Sesué	La comunidad	7
22222	Siétamo	Una persona	236
22223	Sopeira	Una persona	62
22225	Tamarite de Litera	Una persona	1142
22225	Tamarite de Litera	La comunidad	100
22225	Tamarite de Litera	Un organismo público	1
22226	Tardienta	Una persona	405
22226	Tardienta	La comunidad	3
22226	Tardienta	Una sociedad	1
22227	Tella-Sin	Una persona	88
22227	Tella-Sin	La comunidad	9
22228	Tierz	Una persona	73
22229	Tolva	Una persona	165
22230	Torla	Una persona	146
22230	Torla	La comunidad	11
22230	Torla	Una sociedad	1
22232	Torralba de Aragón	Una persona	73
22233	Torre la Ribera	Una persona	52
22234	Torrente de Cinca	Una persona	423
22234	Torrente de Cinca	La comunidad	4
22235	Torres de Alcanadre	Una persona	90
22235	Torres de Alcanadre	La comunidad	1
22236	Torres de Barbués	Una persona	152
22239	Tramaced	Una persona	47
22242	Valfarta	Una persona	59
22243	Valle de Bardají	Una persona	19
22243	Valle de Bardají	La comunidad	1
22244	Valle de Lierp	Una persona	40
22245	Velilla de Cinca	Una persona	235
22245	Velilla de Cinca	La comunidad	2
22246	Veracruz	Una persona	75
22246	Veracruz	La comunidad	1
22247	Viacamp y Litera	Una persona	24
22248	Vicién	Una persona	56
22249	Villanova	Una persona	98
22249	Villanova	La comunidad	9
22250	Villanúa	Una persona	231
22250	Villanúa	La comunidad	168
22251	Villanueva de Sigena	Una persona	237
22251	Villanueva de Sigena	La comunidad	5
22252	Yebra de Basa	Una persona	64
22252	Yebra de Basa	La comunidad	1
22253	Yésero	Una persona	59
22254	Zaidín	Una persona	576
22254	Zaidín	La comunidad	18
22901	Valle de Hecho	Una persona	505
22901	Valle de Hecho	La comunidad	33
22902	Puente la Reina de Jaca	Una persona	129
22902	Puente la Reina de Jaca	La comunidad	4
22903	San Miguel del Cinca	Una persona	416
22904	Sotonera (La)	Una persona	691
22904	Sotonera (La)	Una sociedad	1
22905	Lupiñén-Ortilla	Una persona	202
22905	Lupiñén-Ortilla	La comunidad	1
22905	Lupiñén-Ortilla	Una sociedad	1
22906	Santa María de Dulcis	Una persona	103
22907	Aínsa-Sobrarbe	Una persona	599
22907	Aínsa-Sobrarbe	La comunidad	7
22907	Aínsa-Sobrarbe	Una sociedad	1
22908	Hoz y Costeán	Una persona	151
22909	Vencillón	Una persona	166
22909	Vencillón	La comunidad	1
44001	Ababuj	Una persona	84
44002	Abejuela	Una persona	139
44003	Aguatón	Una persona	33
44004	Aguaviva	Una persona	510
44005	Aguilar del Alfambra	Una persona	86
44006	Alacón	Una persona	350
44006	Alacón	La comunidad	1
44007	Alba	Una persona	223
44007	Alba	La comunidad	1
44008	Albalate del Arzobispo	Una persona	1124
44008	Albalate del Arzobispo	La comunidad	21
44008	Albalate del Arzobispo	Una sociedad	1
44008	Albalate del Arzobispo	Un organismo público	1
44009	Albarracín	Una persona	418
44009	Albarracín	La comunidad	71
44009	Albarracín	Un organismo público	1
44010	Albentosa	Una persona	253
44010	Albentosa	La comunidad	1
44011	Alcaine	Una persona	213
44012	Alcalá de la Selva	Una persona	871
44012	Alcalá de la Selva	La comunidad	3
44013	Alcañiz	Una persona	2309
44013	Alcañiz	La comunidad	136
44013	Alcañiz	Una sociedad	3
44014	Alcorisa	Una persona	1058
44014	Alcorisa	La comunidad	99
44014	Alcorisa	Una sociedad	3
44016	Alfambra	Una persona	405
44016	Alfambra	La comunidad	5
44017	Aliaga	Una persona	474
44018	Almohaja	Una persona	50
44019	Alobras	Una persona	106
44020	Alpeñés	Una persona	37
44021	Allepuz	Una persona	175
44021	Allepuz	La comunidad	1
44022	Alloza	Una persona	531
44022	Alloza	La comunidad	21
44023	Allueva	Una persona	58
44024	Anadón	Una persona	56
44025	Andorra	Una persona	1876
44025	Andorra	La comunidad	173
44026	Arcos de las Salinas	Una persona	220
44026	Arcos de las Salinas	La comunidad	1
44027	Arens de Lledó	Una persona	139
44028	Argente	Una persona	161
44029	Ariño	Una persona	531
44029	Ariño	La comunidad	12
44031	Azaila	Una persona	163
44032	Bádenas	Una persona	40
44033	Báguena	Una persona	398
44033	Báguena	Una sociedad	1
44034	Bañón	Una persona	160
44034	Bañón	La comunidad	1
44035	Barrachina	Una persona	184
44036	Bea	Una persona	42
44036	Bea	La comunidad	1
44037	Beceite	Una persona	455
44037	Beceite	Una sociedad	1
44038	Belmonte de San José	Una persona	125
44039	Bello	Una persona	339
44040	Berge	Una persona	176
44040	Berge	La comunidad	1
44041	Bezas	Una persona	96
44041	Bezas	La comunidad	1
44042	Blancas	Una persona	241
44042	Blancas	La comunidad	1
44043	Blesa	Una persona	275
44044	Bordón	Una persona	154
44045	Bronchales	Una persona	414
44045	Bronchales	La comunidad	88
44046	Bueña	Una persona	79
44047	Burbáguena	Una persona	281
44047	Burbáguena	Un organismo público	2
44048	Cabra de Mora	Una persona	90
44048	Cabra de Mora	La comunidad	1
44049	Calaceite	Una persona	712
44049	Calaceite	La comunidad	1
44050	Calamocha	Una persona	2032
44050	Calamocha	La comunidad	96
44050	Calamocha	Una sociedad	2
44051	Calanda	Una persona	1213
44051	Calanda	La comunidad	39
44051	Calanda	Una sociedad	3
44052	Calomarde	Una persona	102
44053	Camañas	Una persona	96
44053	Camañas	La comunidad	1
44054	Camarena de la Sierra	Una persona	295
44055	Camarillas	Una persona	171
44055	Camarillas	La comunidad	1
44056	Caminreal	Una persona	453
44056	Caminreal	La comunidad	3
44059	Cantavieja	Una persona	346
44059	Cantavieja	La comunidad	5
44059	Cantavieja	Una sociedad	1
44060	Cañada de Benatanduz	Una persona	74
44060	Cañada de Benatanduz	La comunidad	2
44061	Cañada de Verich (La)	Una persona	78
44062	Cañada Vellida	Una persona	54
44062	Cañada Vellida	La comunidad	1
44063	Cañizar del Olivar	Una persona	125
44064	Cascante del Río	Una persona	190
44064	Cascante del Río	La comunidad	1
44065	Castejón de Tornos	Una persona	134
44066	Castel de Cabra	Una persona	150
44066	Castel de Cabra	La comunidad	1
44067	Castelnou	Una persona	129
44068	Castelserás	Una persona	501
44070	Castellar (El)	Una persona	101
44071	Castellote	Una persona	765
44071	Castellote	La comunidad	4
44074	Cedrillas	Una persona	298
44074	Cedrillas	La comunidad	10
44074	Cedrillas	Un organismo público	1
44075	Celadas	Una persona	199
44075	Celadas	La comunidad	1
44076	Cella	Una persona	1124
44076	Cella	La comunidad	6
44077	Cerollera (La)	Una persona	78
44080	Codoñera (La)	Una persona	278
44082	Corbalán	Una persona	96
44084	Cortes de Aragón	Una persona	131
44085	Cosa	Una persona	97
44086	Cretas	Una persona	327
44086	Cretas	La comunidad	4
44087	Crivillén	Una persona	172
44087	Crivillén	La comunidad	3
44088	Cuba (La)	Una persona	73
44088	Cuba (La)	La comunidad	1
44089	Cubla	Una persona	106
44089	Cubla	La comunidad	1
44090	Cucalón	Una persona	143
44092	Cuervo (El)	Una persona	135
44093	Cuevas de Almudén	Una persona	58
44094	Cuevas Labradas	Una persona	99
44096	Ejulve	Una persona	246
44096	Ejulve	La comunidad	1
44097	Escorihuela	Una persona	186
44099	Escucha	Una persona	282
44099	Escucha	La comunidad	49
44099	Escucha	Una sociedad	1
44099	Escucha	Un organismo público	1
44100	Estercuel	Una persona	222
44100	Estercuel	La comunidad	4
44100	Estercuel	Una sociedad	1
44101	Ferreruela de Huerva	Una persona	72
44102	Fonfría	Una persona	44
44103	Formiche Alto	Una persona	196
44105	Fórnoles	Una persona	152
44106	Fortanete	Una persona	230
44107	Foz-Calanda	Una persona	188
44108	Fresneda (La)	Una persona	482
44109	Frías de Albarracín	Una persona	158
44110	Fuenferrada	Una persona	93
44111	Fuentes Calientes	Una persona	98
44112	Fuentes Claras	Una persona	392
44112	Fuentes Claras	La comunidad	2
44113	Fuentes de Rubielos	Una persona	135
44114	Fuentespalda	Una persona	219
44114	Fuentespalda	La comunidad	5
44115	Galve	Una persona	84
44116	Gargallo	Una persona	135
44117	Gea de Albarracín	Una persona	347
44117	Gea de Albarracín	La comunidad	1
44118	Ginebrosa (La)	Una persona	243
44118	Ginebrosa (La)	La comunidad	1
44119	Griegos	Una persona	146
44120	Guadalaviar	Una persona	169
44121	Gúdar	Una persona	142
44121	Gúdar	La comunidad	1
44122	Híjar	Una persona	946
44122	Híjar	La comunidad	10
44123	Hinojosa de Jarque	Una persona	104
44124	Hoz de la Vieja (La)	Una persona	256
44125	Huesa del Común	Una persona	222
44126	Iglesuela del Cid (La)	Una persona	309
44126	Iglesuela del Cid (La)	La comunidad	4
44127	Jabaloyas	Una persona	142
44128	Jarque de la Val	Una persona	75
44129	Jatiel	Una persona	79
44130	Jorcas	Una persona	86
44131	Josa	Una persona	136
44132	Lagueruela	Una persona	77
44133	Lanzuela	Una persona	33
44135	Libros	Una persona	172
44135	Libros	La comunidad	2
44135	Libros	Una sociedad	1
44136	Lidón	Una persona	73
44137	Linares de Mora	Una persona	312
44137	Linares de Mora	La comunidad	2
44138	Loscos	Una persona	200
44141	Lledó	Una persona	106
44142	Maicas	Una persona	81
44143	Manzanera	Una persona	757
44143	Manzanera	La comunidad	17
44144	Martín del Río	Una persona	254
44144	Martín del Río	La comunidad	4
44145	Mas de las Matas	Una persona	708
44145	Mas de las Matas	La comunidad	2
44146	Mata de los Olmos (La)	Una persona	171
44146	Mata de los Olmos (La)	La comunidad	1
44147	Mazaleón	Una persona	384
44147	Mazaleón	La comunidad	2
44147	Mazaleón	Una sociedad	2
44148	Mezquita de Jarque	Una persona	83
44149	Mirambel	Una persona	115
44150	Miravete de la Sierra	Una persona	79
44151	Molinos	Una persona	282
44151	Molinos	La comunidad	6
44152	Monforte de Moyuela	Una persona	121
44153	Monreal del Campo	Una persona	1090
44153	Monreal del Campo	La comunidad	10
44154	Monroyo	Una persona	216
44155	Montalbán	Una persona	655
44155	Montalbán	Una sociedad	1
44156	Monteagudo del Castillo	Una persona	101
44157	Monterde de Albarracín	Una persona	150
44158	Mora de Rubielos	Una persona	806
44158	Mora de Rubielos	La comunidad	117
44158	Mora de Rubielos	Una sociedad	3
44159	Moscardón	Una persona	83
44160	Mosqueruela	Una persona	477
44160	Mosqueruela	La comunidad	3
44161	Muniesa	Una persona	503
44161	Muniesa	La comunidad	1
44161	Muniesa	Un organismo público	1
44163	Noguera de Albarracín	Una persona	147
44164	Nogueras	Una persona	84
44165	Nogueruelas	Una persona	259
44165	Nogueruelas	La comunidad	1
44165	Nogueruelas	Un organismo público	1
44167	Obón	Una persona	250
44168	Odón	Una persona	229
44169	Ojos Negros	Una persona	493
44169	Ojos Negros	La comunidad	5
44169	Ojos Negros	Una sociedad	1
44171	Olba	Una persona	428
44172	Oliete	Una persona	596
44172	Oliete	La comunidad	3
44173	Olmos (Los)	Una persona	163
44173	Olmos (Los)	La comunidad	2
44174	Orihuela del Tremedal	Una persona	419
44174	Orihuela del Tremedal	La comunidad	4
44175	Orrios	Una persona	123
44176	Palomar de Arroyos	Una persona	175
44176	Palomar de Arroyos	La comunidad	4
44177	Pancrudo	Una persona	195
44177	Pancrudo	La comunidad	2
44178	Parras de Castellote (Las)	Una persona	206
44179	Peñarroya de Tastavins	Una persona	393
44179	Peñarroya de Tastavins	La comunidad	1
44179	Peñarroya de Tastavins	Una sociedad	1
44180	Peracense	Una persona	115
44181	Peralejos	Una persona	72
44182	Perales del Alfambra	Una persona	195
44182	Perales del Alfambra	La comunidad	2
44183	Pitarque	Una persona	137
44184	Plou	Una persona	78
44185	Pobo (El)	Una persona	148
44185	Pobo (El)	La comunidad	1
44187	Portellada (La)	Una persona	200
44187	Portellada (La)	La comunidad	1
44189	Pozondón	Una persona	125
44190	Pozuel del Campo	Una persona	159
44191	Puebla de Híjar (La)	Una persona	779
44191	Puebla de Híjar (La)	La comunidad	4
44191	Puebla de Híjar (La)	Una sociedad	1
44192	Puebla de Valverde (La)	Una persona	413
44192	Puebla de Valverde (La)	La comunidad	1
44193	Puertomingalvo	Una persona	197
44194	Ráfales	Una persona	177
44195	Rillo	Una persona	114
44196	Riodeva	Una persona	201
44196	Riodeva	La comunidad	1
44197	Ródenas	Una persona	116
44198	Royuela	Una persona	152
44198	Royuela	La comunidad	5
44199	Rubiales	Una persona	51
44200	Rubielos de la Cérida	Una persona	80
44201	Rubielos de Mora	Una persona	594
44201	Rubielos de Mora	La comunidad	16
44203	Salcedillo	Una persona	33
44204	Saldón	Una persona	92
44205	Samper de Calanda	Una persona	672
44205	Samper de Calanda	La comunidad	4
44206	San Agustín	Una persona	194
44207	San Martín del Río	Una persona	286
44207	San Martín del Río	La comunidad	1
44208	Santa Cruz de Nogueras	Una persona	53
44209	Santa Eulalia	Una persona	751
44209	Santa Eulalia	La comunidad	7
44210	Sarrión	Una persona	740
44210	Sarrión	La comunidad	5
44211	Segura de los Baños	Una persona	91
44212	Seno	Una persona	93
44213	Singra	Una persona	98
44215	Terriente	Una persona	188
44216	Teruel	Una persona	3714
44216	Teruel	La comunidad	1162
44216	Teruel	Una sociedad	6
44216	Teruel	Un organismo público	5
44217	Toril y Masegoso	Una persona	91
44218	Tormón	Una persona	69
44219	Tornos	Una persona	259
44220	Torralba de los Sisones	Una persona	141
44220	Torralba de los Sisones	La comunidad	1
44221	Torrecilla de Alcañiz	Una persona	276
44222	Torrecilla del Rebollar	Una persona	208
44223	Torre de Arcas	Una persona	89
44224	Torre de las Arcas	Una persona	93
44224	Torre de las Arcas	La comunidad	1
44225	Torre del Compte	Una persona	188
44226	Torrelacárcel	Una persona	241
44227	Torre los Negros	Una persona	121
44228	Torremocha de Jiloca	Una persona	125
44229	Torres de Albarracín	Una persona	137
44229	Torres de Albarracín	La comunidad	3
44230	Torrevelilla	Una persona	173
44230	Torrevelilla	La comunidad	1
44231	Torrijas	Una persona	175
44231	Torrijas	La comunidad	1
44232	Torrijo del Campo	Una persona	361
44232	Torrijo del Campo	La comunidad	2
44234	Tramacastiel	Una persona	173
44235	Tramacastilla	Una persona	128
44236	Tronchón	Una persona	124
44236	Tronchón	La comunidad	1
44237	Urrea de Gaén	Una persona	392
44237	Urrea de Gaén	La comunidad	1
44238	Utrillas	Una persona	640
44238	Utrillas	La comunidad	67
44238	Utrillas	Un organismo público	1
44239	Valacloche	Una persona	67
44239	Valacloche	La comunidad	1
44240	Valbona	Una persona	245
44240	Valbona	La comunidad	1
44241	Valdealgorfa	Una persona	384
44241	Valdealgorfa	La comunidad	4
44241	Valdealgorfa	Una sociedad	1
44243	Valdecuenca	Una persona	82
44244	Valdelinares	Una persona	143
44245	Valdeltormo	Una persona	229
44246	Valderrobres	Una persona	946
44246	Valderrobres	La comunidad	7
44246	Valderrobres	Una sociedad	1
44247	Valjunquera	Una persona	289
44249	Vallecillo (El)	Una persona	78
44250	Veguillas de la Sierra	Una persona	49
44251	Villafranca del Campo	Una persona	274
44251	Villafranca del Campo	La comunidad	2
44252	Villahermosa del Campo	Una persona	63
44256	Villanueva del Rebollar de la Sierra	Una persona	91
44257	Villar del Cobo	Una persona	131
44258	Villar del Salz	Una persona	97
44260	Villarluengo	Una persona	182
44260	Villarluengo	Una sociedad	1
44261	Villarquemado	Una persona	501
44261	Villarquemado	La comunidad	1
44262	Villarroya de los Pinares	Una persona	188
44263	Villastar	Una persona	242
44263	Villastar	La comunidad	1
44264	Villel	Una persona	335
44264	Villel	La comunidad	1
44265	Vinaceite	Una persona	185
44266	Visiedo	Una persona	143
44266	Visiedo	La comunidad	1
44266	Visiedo	Una sociedad	1
44267	Vivel del Río Martín	Una persona	214
44268	Zoma (La)	Una persona	20
50001	Abanto	Una persona	149
50002	Acered	Una persona	201
50002	Acered	La comunidad	1
50003	Agón	Una persona	110
50004	Aguarón	Una persona	472
50004	Aguarón	La comunidad	1
50004	Aguarón	Una sociedad	1
50004	Aguarón	Un organismo público	1
50005	Aguilón	Una persona	244
50006	Ainzón	Una persona	520
50006	Ainzón	La comunidad	23
50007	Aladrén	Una persona	150
50008	Alagón	Una persona	1470
50008	Alagón	La comunidad	94
50008	Alagón	Una sociedad	5
50009	Alarba	Una persona	190
50010	Alberite de San Juan	Una persona	64
50010	Alberite de San Juan	La comunidad	1
50011	Albeta	Una persona	71
50011	Albeta	La comunidad	2
50012	Alborge	Una persona	100
50013	Alcalá de Ebro	Una persona	176
50014	Alcalá de Moncayo	Una persona	73
50015	Alconchel de Ariza	Una persona	161
50015	Alconchel de Ariza	La comunidad	2
50016	Aldehuela de Liestos	Una persona	96
50016	Aldehuela de Liestos	La comunidad	2
50017	Alfajarín	Una persona	680
50017	Alfajarín	La comunidad	6
50018	Alfamén	Una persona	532
50018	Alfamén	La comunidad	4
50019	Alforque	Una persona	107
50019	Alforque	La comunidad	1
50020	Alhama de Aragón	Una persona	535
50020	Alhama de Aragón	La comunidad	14
50021	Almochuel	Una persona	30
50022	Almolda (La)	Una persona	325
50022	Almolda (La)	La comunidad	2
50022	Almolda (La)	Una sociedad	1
50023	Almonacid de la Cuba	Una persona	160
50023	Almonacid de la Cuba	La comunidad	1
50024	Almonacid de la Sierra	Una persona	475
50024	Almonacid de la Sierra	La comunidad	5
50025	Almunia de Doña Godina (La)	Una persona	1703
50025	Almunia de Doña Godina (La)	La comunidad	55
50026	Alpartir	Una persona	314
50026	Alpartir	La comunidad	1
50027	Ambel	Una persona	250
50027	Ambel	La comunidad	7
50027	Ambel	Una sociedad	1
50028	Anento	Una persona	136
50028	Anento	La comunidad	2
50029	Aniñón	Una persona	407
50029	Aniñón	La comunidad	31
50030	Añón de Moncayo	Una persona	190
50030	Añón de Moncayo	Un organismo público	1
50031	Aranda de Moncayo	Una persona	297
50031	Aranda de Moncayo	La comunidad	1
50032	Arándiga	Una persona	432
50032	Arándiga	La comunidad	2
50033	Ardisa	Una persona	96
50033	Ardisa	La comunidad	1
50034	Ariza	Una persona	505
50034	Ariza	La comunidad	51
50035	Artieda	Una persona	48
50035	Artieda	La comunidad	1
50036	Asín	Una persona	99
50037	Atea	Una persona	231
50038	Ateca	Una persona	672
50038	Ateca	La comunidad	87
50038	Ateca	Un organismo público	1
50039	Azuara	Una persona	713
50040	Badules	Una persona	97
50040	Badules	La comunidad	1
50041	Bagüés	Una persona	25
50042	Balconchán	Una persona	41
50043	Bárboles	Una persona	208
50043	Bárboles	La comunidad	19
50044	Bardallur	Una persona	191
50045	Belchite	Una persona	852
50045	Belchite	La comunidad	27
50045	Belchite	Una sociedad	4
50046	Belmonte de Gracián	Una persona	190
50047	Berdejo	Una persona	86
50047	Berdejo	La comunidad	1
50048	Berrueco	Una persona	42
50050	Bijuesca	Una persona	238
50050	Bijuesca	La comunidad	1
50050	Bijuesca	Una sociedad	1
50051	Biota	Una persona	545
50051	Biota	La comunidad	19
50051	Biota	Una sociedad	1
50052	Bisimbre	Una persona	73
50053	Boquiñeni	Una persona	393
50054	Bordalba	Una persona	154
50055	Borja	Una persona	1967
50055	Borja	La comunidad	100
50055	Borja	Un organismo público	1
50056	Botorrita	Una persona	227
50056	Botorrita	La comunidad	1
50057	Brea de Aragón	Una persona	502
50057	Brea de Aragón	La comunidad	65
50057	Brea de Aragón	Una sociedad	3
50057	Brea de Aragón	Un organismo público	1
50058	Bubierca	Una persona	140
50058	Bubierca	La comunidad	1
50059	Bujaraloz	Una persona	362
50059	Bujaraloz	La comunidad	17
50059	Bujaraloz	Una sociedad	1
50060	Bulbuente	Una persona	213
50060	Bulbuente	La comunidad	3
50061	Bureta	Una persona	149
50062	Burgo de Ebro (El)	Una persona	607
50062	Burgo de Ebro (El)	La comunidad	7
50063	Buste (El)	Una persona	100
50064	Cabañas de Ebro	Una persona	233
50064	Cabañas de Ebro	La comunidad	5
50065	Cabolafuente	Una persona	103
50065	Cabolafuente	La comunidad	1
50066	Cadrete	Una persona	885
50066	Cadrete	La comunidad	15
50066	Cadrete	Una sociedad	1
50067	Calatayud	Una persona	1765
50067	Calatayud	La comunidad	532
50067	Calatayud	Una sociedad	3
50067	Calatayud	Un organismo público	3
50068	Calatorao	Una persona	1206
50068	Calatorao	La comunidad	18
50068	Calatorao	Una sociedad	3
50069	Calcena	Una persona	95
50069	Calcena	Una sociedad	1
50070	Calmarza	Una persona	90
50071	Campillo de Aragón	Una persona	219
50072	Carenas	Una persona	413
50072	Carenas	La comunidad	2
50073	Cariñena	Una persona	582
50073	Cariñena	La comunidad	116
50074	Caspe	Una persona	2447
50074	Caspe	La comunidad	144
50074	Caspe	Una sociedad	2
50075	Castejón de Alarba	Una persona	148
50076	Castejón de las Armas	Una persona	118
50076	Castejón de las Armas	La comunidad	2
50077	Castejón de Valdejasa	Una persona	202
50077	Castejón de Valdejasa	La comunidad	1
50077	Castejón de Valdejasa	Una sociedad	1
50078	Castiliscar	Una persona	342
50078	Castiliscar	La comunidad	1
50079	Cervera de la Cañada	Una persona	219
50080	Cerveruela	Una persona	97
50081	Cetina	Una persona	541
50081	Cetina	La comunidad	45
50081	Cetina	Una sociedad	1
50082	Cimballa	Una persona	174
50083	Cinco Olivas	Una persona	119
50084	Clarés de Ribota	Una persona	122
50084	Clarés de Ribota	La comunidad	3
50085	Codo	Una persona	280
50085	Codo	La comunidad	1
50086	Codos	Una persona	267
50087	Contamina	Una persona	31
50088	Cosuenda	Una persona	221
50088	Cosuenda	La comunidad	1
50088	Cosuenda	Una sociedad	1
50089	Cuarte de Huerva	Una persona	576
50089	Cuarte de Huerva	La comunidad	38
50089	Cuarte de Huerva	Una sociedad	2
50090	Cubel	Una persona	203
50091	Cuerlas (Las)	Una persona	123
50092	Chiprana	Una persona	351
50092	Chiprana	La comunidad	1
50093	Chodes	Una persona	107
50093	Chodes	La comunidad	1
50094	Daroca	Una persona	808
50094	Daroca	La comunidad	76
50095	Ejea de los Caballeros	Una persona	3794
50095	Ejea de los Caballeros	La comunidad	402
50095	Ejea de los Caballeros	Una sociedad	2
50096	Embid de Ariza	Una persona	115
50096	Embid de Ariza	La comunidad	1
50098	Encinacorba	Una persona	212
50099	Épila	Una persona	1837
50099	Épila	La comunidad	62
50099	Épila	Una sociedad	3
50100	Erla	Una persona	270
50101	Escatrón	Una persona	963
50101	Escatrón	La comunidad	8
50101	Escatrón	Una sociedad	45
50102	Fabara	Una persona	606
50102	Fabara	La comunidad	1
50104	Farlete	Una persona	189
50105	Fayón	Una persona	221
50105	Fayón	La comunidad	2
50106	Fayos (Los)	Una persona	112
50106	Fayos (Los)	La comunidad	1
50107	Figueruelas	Una persona	383
50107	Figueruelas	La comunidad	3
50107	Figueruelas	Una sociedad	2
50107	Figueruelas	Un organismo público	1
50108	Fombuena	Una persona	30
50109	Frago (El)	Una persona	115
50110	Frasno (El)	Una persona	450
50110	Frasno (El)	Una sociedad	2
50111	Fréscano	Una persona	148
50111	Fréscano	La comunidad	1
50113	Fuendejalón	Una persona	421
50113	Fuendejalón	La comunidad	1
50114	Fuendetodos	Una persona	119
50114	Fuendetodos	La comunidad	2
50115	Fuentes de Ebro	Una persona	1345
50115	Fuentes de Ebro	La comunidad	26
50115	Fuentes de Ebro	Una sociedad	2
50116	Fuentes de Jiloca	Una persona	258
50116	Fuentes de Jiloca	La comunidad	2
50117	Gallocanta	Una persona	122
50118	Gallur	Una persona	1139
50118	Gallur	La comunidad	62
50119	Gelsa	Una persona	616
50119	Gelsa	La comunidad	1
50119	Gelsa	Una sociedad	1
50120	Godojos	Una persona	66
50121	Gotor	Una persona	188
50121	Gotor	La comunidad	9
50122	Grisel	Una persona	72
50123	Grisén	Una persona	268
50124	Herrera de los Navarros	Una persona	433
50124	Herrera de los Navarros	La comunidad	1
50125	Ibdes	Una persona	475
50126	Illueca	Una persona	500
50126	Illueca	La comunidad	106
50128	Isuerre	Una persona	56
50128	Isuerre	La comunidad	1
50129	Jaraba	Una persona	222
50129	Jaraba	La comunidad	3
50130	Jarque	Una persona	324
50130	Jarque	La comunidad	13
50131	Jaulín	Una persona	163
50131	Jaulín	Una sociedad	1
50132	Joyosa (La)	Una persona	194
50132	Joyosa (La)	La comunidad	2
50132	Joyosa (La)	Un organismo público	1
50133	Lagata	Una persona	148
50133	Lagata	La comunidad	1
50134	Langa del Castillo	Una persona	196
50134	Langa del Castillo	La comunidad	1
50135	Layana	Una persona	113
50135	Layana	La comunidad	2
50136	Lécera	Una persona	615
50136	Lécera	La comunidad	4
50136	Lécera	Una sociedad	2
50137	Leciñena	Una persona	476
50137	Leciñena	Una sociedad	3
50138	Lechón	Una persona	37
50139	Letux	Una persona	343
50139	Letux	La comunidad	2
50140	Litago	Una persona	156
50141	Lituénigo	Una persona	76
50141	Lituénigo	La comunidad	1
50142	Lobera de Onsella	Una persona	33
50143	Longares	Una persona	333
50143	Longares	La comunidad	2
50143	Longares	Una sociedad	1
50144	Longás	Una persona	45
50146	Lucena de Jalón	Una persona	143
50147	Luceni	Una persona	514
50147	Luceni	La comunidad	7
50148	Luesia	Una persona	206
50148	Luesia	La comunidad	43
50148	Luesia	Un organismo público	2
50149	Luesma	Una persona	57
50150	Lumpiaque	Una persona	558
50150	Lumpiaque	La comunidad	1
50150	Lumpiaque	Una sociedad	1
50151	Luna	Una persona	530
50151	Luna	La comunidad	10
50152	Maella	Una persona	1087
50152	Maella	La comunidad	5
50153	Magallón	Una persona	632
50153	Magallón	La comunidad	2
50153	Magallón	Una sociedad	1
50154	Mainar	Una persona	131
50155	Malanquilla	Una persona	119
50156	Maleján	Una persona	170
50157	Malón	Una persona	295
50157	Malón	La comunidad	1
50159	Maluenda	Una persona	533
50159	Maluenda	La comunidad	3
50159	Maluenda	Un organismo público	1
50160	Mallén	Una persona	1198
50160	Mallén	La comunidad	8
50160	Mallén	Una sociedad	1
50160	Mallén	Un organismo público	1
50161	Manchones	Una persona	154
50161	Manchones	La comunidad	1
50161	Manchones	Una sociedad	1
50162	Mara	Una persona	188
50162	Mara	La comunidad	1
50163	María de Huerva	Una persona	640
50163	María de Huerva	La comunidad	14
50164	Mediana de Aragón	Una persona	222
50164	Mediana de Aragón	La comunidad	1
50165	Mequinenza	Una persona	922
50165	Mequinenza	La comunidad	11
50166	Mesones de Isuela	Una persona	241
50166	Mesones de Isuela	La comunidad	1
50167	Mezalocha	Una persona	153
50168	Mianos	Una persona	36
50169	Miedes de Aragón	Una persona	308
50169	Miedes de Aragón	La comunidad	2
50169	Miedes de Aragón	Una sociedad	1
50170	Monegrillo	Una persona	215
50170	Monegrillo	La comunidad	3
50171	Moneva	Una persona	145
50172	Monreal de Ariza	Una persona	177
50172	Monreal de Ariza	La comunidad	2
50173	Monterde	Una persona	262
50173	Monterde	La comunidad	1
50174	Montón	Una persona	144
50175	Morata de Jalón	Una persona	829
50175	Morata de Jalón	La comunidad	9
50176	Morata de Jiloca	Una persona	234
50176	Morata de Jiloca	La comunidad	3
50177	Morés	Una persona	357
50177	Morés	La comunidad	3
50178	Moros	Una persona	407
50178	Moros	La comunidad	5
50178	Moros	Una sociedad	1
50179	Moyuela	Una persona	237
50180	Mozota	Una persona	143
50180	Mozota	La comunidad	2
50181	Muel	Una persona	515
50181	Muel	La comunidad	15
50182	Muela (La)	Una persona	1155
50182	Muela (La)	La comunidad	10
50182	Muela (La)	Una sociedad	1
50183	Munébrega	Una persona	317
50183	Munébrega	La comunidad	1
50184	Murero	Una persona	160
50185	Murillo de Gállego	Una persona	138
50186	Navardún	Una persona	41
50187	Nigüella	Una persona	83
50188	Nombrevilla	Una persona	54
50189	Nonaspe	Una persona	698
50189	Nonaspe	La comunidad	12
50190	Novallas	Una persona	467
50190	Novallas	La comunidad	3
50190	Novallas	Una sociedad	1
50191	Novillas	Una persona	308
50191	Novillas	La comunidad	4
50192	Nuévalos	Una persona	250
50192	Nuévalos	Una sociedad	1
50193	Nuez de Ebro	Una persona	340
50193	Nuez de Ebro	La comunidad	3
50194	Olvés	Una persona	192
50195	Orcajo	Una persona	64
50196	Orera	Una persona	95
50196	Orera	Una sociedad	1
50197	Orés	Una persona	113
50198	Oseja	Una persona	75
50199	Osera de Ebro	Una persona	268
50199	Osera de Ebro	La comunidad	1
50199	Osera de Ebro	Una sociedad	1
50200	Paniza	Una persona	377
50200	Paniza	La comunidad	2
50201	Paracuellos de Jiloca	Una persona	266
50201	Paracuellos de Jiloca	La comunidad	2
50202	Paracuellos de la Ribera	Una persona	370
50202	Paracuellos de la Ribera	La comunidad	2
50203	Pastriz	Una persona	372
50203	Pastriz	La comunidad	1
50204	Pedrola	Una persona	1042
50204	Pedrola	La comunidad	11
50205	Pedrosas (Las)	Una persona	69
50206	Perdiguera	Una persona	256
50206	Perdiguera	La comunidad	2
50207	Piedratajada	Una persona	93
50207	Piedratajada	La comunidad	1
50208	Pina de Ebro	Una persona	882
50208	Pina de Ebro	La comunidad	24
50209	Pinseque	Una persona	1032
50209	Pinseque	La comunidad	11
50209	Pinseque	Un organismo público	3
50210	Pintanos (Los)	Una persona	65
50211	Plasencia de Jalón	Una persona	190
50211	Plasencia de Jalón	La comunidad	1
50212	Pleitas	Una persona	55
50213	Plenas	Una persona	182
50214	Pomer	Una persona	85
50215	Pozuel de Ariza	Una persona	104
50215	Pozuel de Ariza	La comunidad	1
50216	Pozuelo de Aragón	Una persona	162
50217	Pradilla de Ebro	Una persona	303
50217	Pradilla de Ebro	La comunidad	1
50218	Puebla de Albortón	Una persona	93
50218	Puebla de Albortón	La comunidad	1
50219	Puebla de Alfindén (La)	Una persona	1388
50219	Puebla de Alfindén (La)	La comunidad	36
50220	Puendeluna	Una persona	67
50221	Purujosa	Una persona	32
50222	Quinto	Una persona	974
50222	Quinto	La comunidad	7
50222	Quinto	Una sociedad	1
50222	Quinto	Un organismo público	1
50223	Remolinos	Una persona	497
50223	Remolinos	La comunidad	1
50224	Retascón	Una persona	92
50224	Retascón	La comunidad	1
50225	Ricla	Una persona	838
50225	Ricla	La comunidad	26
50227	Romanos	Una persona	96
50228	Rueda de Jalón	Una persona	207
50229	Ruesca	Una persona	59
50229	Ruesca	La comunidad	1
50230	Sádaba	Una persona	695
50230	Sádaba	La comunidad	13
50230	Sádaba	Una sociedad	1
50230	Sádaba	Un organismo público	2
50231	Salillas de Jalón	Una persona	193
50232	Salvatierra de Esca	Una persona	225
50232	Salvatierra de Esca	La comunidad	1
50232	Salvatierra de Esca	Una sociedad	1
50233	Samper del Salz	Una persona	116
50233	Samper del Salz	La comunidad	1
50234	San Martín de la Virgen de Moncayo	Una persona	120
50234	San Martín de la Virgen de Moncayo	La comunidad	2
50235	San Mateo de Gállego	Una persona	993
50235	San Mateo de Gállego	La comunidad	23
50235	San Mateo de Gállego	Una sociedad	1
50236	Santa Cruz de Grío	Una persona	125
50236	Santa Cruz de Grío	La comunidad	15
50237	Santa Cruz de Moncayo	Una persona	109
50238	Santa Eulalia de Gállego	Una persona	109
50239	Santed	Una persona	76
50240	Sástago	Una persona	726
50240	Sástago	La comunidad	13
50240	Sástago	Una sociedad	2
50241	Saviñán	Una persona	444
50241	Saviñán	La comunidad	7
50241	Saviñán	Una sociedad	2
50242	Sediles	Una persona	47
50243	Sestrica	Una persona	318
50243	Sestrica	La comunidad	1
50244	Sierra de Luna	Una persona	163
50244	Sierra de Luna	La comunidad	1
50245	Sigüés	Una persona	113
50246	Sisamón	Una persona	169
50246	Sisamón	La comunidad	1
50247	Sobradiel	Una persona	284
50247	Sobradiel	La comunidad	3
50248	Sos del Rey Católico	Una persona	447
50248	Sos del Rey Católico	La comunidad	6
50249	Tabuenca	Una persona	316
50249	Tabuenca	La comunidad	2
50250	Talamantes	Una persona	83
50251	Tarazona	Una persona	1887
50251	Tarazona	La comunidad	308
50251	Tarazona	Una sociedad	5
50251	Tarazona	Un organismo público	1
50252	Tauste	Una persona	1851
50252	Tauste	La comunidad	131
50252	Tauste	Un organismo público	1
50253	Terrer	Una persona	277
50253	Terrer	La comunidad	2
50254	Tierga	Una persona	131
50255	Tobed	Una persona	267
50256	Torralba de los Frailes	Una persona	185
50256	Torralba de los Frailes	La comunidad	1
50257	Torralba de Ribota	Una persona	154
50258	Torralbilla	Una persona	133
50259	Torrehermosa	Una persona	109
50259	Torrehermosa	La comunidad	1
50260	Torrelapaja	Una persona	87
50261	Torrellas	Una persona	195
50262	Torres de Berrellén	Una persona	499
50262	Torres de Berrellén	La comunidad	33
50262	Torres de Berrellén	Una sociedad	2
50263	Torrijo de la Cañada	Una persona	408
50264	Tosos	Una persona	226
50265	Trasmoz	Una persona	83
50266	Trasobares	Una persona	204
50267	Uncastillo	Una persona	289
50267	Uncastillo	La comunidad	114
50267	Uncastillo	Una sociedad	1
50268	Undués de Lerda	Una persona	46
50269	Urrea de Jalón	Una persona	237
50270	Urriés	Una persona	72
50271	Used	Una persona	320
50271	Used	La comunidad	1
50272	Utebo	Una persona	1595
50272	Utebo	La comunidad	345
50272	Utebo	Una sociedad	1
50273	Valdehorna	Una persona	51
50274	Val de San Martín	Una persona	96
50275	Valmadrid	Una persona	78
50276	Valpalmas	Una persona	127
50277	Valtorres	Una persona	82
50278	Velilla de Ebro	Una persona	239
50278	Velilla de Ebro	La comunidad	1
50279	Velilla de Jiloca	Una persona	119
50280	Vera de Moncayo	Una persona	314
50280	Vera de Moncayo	La comunidad	18
50280	Vera de Moncayo	Una sociedad	2
50281	Vierlas	Una persona	80
50282	Vilueña (La)	Una persona	59
50283	Villadoz	Una persona	78
50284	Villafeliche	Una persona	261
50284	Villafeliche	La comunidad	2
50285	Villafranca de Ebro	Una persona	288
50285	Villafranca de Ebro	La comunidad	6
50286	Villalba de Perejil	Una persona	48
50287	Villalengua	Una persona	308
50288	Villanueva de Gállego	Una persona	1034
50288	Villanueva de Gállego	La comunidad	40
50289	Villanueva de Jiloca	Una persona	130
50290	Villanueva de Huerva	Una persona	396
50290	Villanueva de Huerva	La comunidad	1
50290	Villanueva de Huerva	Una sociedad	1
50291	Villar de los Navarros	Una persona	192
50291	Villar de los Navarros	La comunidad	1
50292	Villarreal de Huerva	Una persona	132
50292	Villarreal de Huerva	La comunidad	1
50293	Villarroya de la Sierra	Una persona	453
50293	Villarroya de la Sierra	La comunidad	8
50294	Villarroya del Campo	Una persona	69
50295	Vistabella	Una persona	165
50296	Zaida (La)	Una persona	292
50296	Zaida (La)	La comunidad	6
50297	Zaragoza	Una persona	20647
50297	Zaragoza	La comunidad	14551
50297	Zaragoza	Una sociedad	126
50297	Zaragoza	Un organismo público	42
50298	Zuera	Una persona	1958
50298	Zuera	La comunidad	133
50298	Zuera	Una sociedad	3
50901	Biel	Una persona	172
50901	Biel	La comunidad	2
50902	Marracos	Una persona	72
50902	Marracos	La comunidad	1