Año	Residencia CCAA nombre	Edad (grandes grupos)	Sexo	Relación lugar de residencia y nacimiento	Personas
1998	Aragón	0 a 15	Hombres	1 - Misma CA, misma provincia y mismo municipio	55771
1998	Aragón	0 a 15	Hombres	2 - Misma CA, misma provincia y distinto municipio	19097
1998	Aragón	0 a 15	Hombres	3 - Misma CA y distinta provincia	2808
1998	Aragón	0 a 15	Hombres	4 - Distinta CA	5679
1998	Aragón	0 a 15	Hombres	5 - Nacidos en el extranjero	717
1998	Aragón	0 a 15	Mujeres	1 - Misma CA, misma provincia y mismo municipio	53538
1998	Aragón	0 a 15	Mujeres	2 - Misma CA, misma provincia y distinto municipio	18031
1998	Aragón	0 a 15	Mujeres	3 - Misma CA y distinta provincia	2627
1998	Aragón	0 a 15	Mujeres	4 - Distinta CA	5419
1998	Aragón	0 a 15	Mujeres	5 - Nacidos en el extranjero	677
1998	Aragón	16 a 64	Hombres	1 - Misma CA, misma provincia y mismo municipio	201997
1998	Aragón	16 a 64	Hombres	2 - Misma CA, misma provincia y distinto municipio	83353
1998	Aragón	16 a 64	Hombres	3 - Misma CA y distinta provincia	24636
1998	Aragón	16 a 64	Hombres	4 - Distinta CA	66055
1998	Aragón	16 a 64	Hombres	5 - Nacidos en el extranjero	7083
1998	Aragón	16 a 64	Mujeres	1 - Misma CA, misma provincia y mismo municipio	184369
1998	Aragón	16 a 64	Mujeres	2 - Misma CA, misma provincia y distinto municipio	88037
1998	Aragón	16 a 64	Mujeres	3 - Misma CA y distinta provincia	26268
1998	Aragón	16 a 64	Mujeres	4 - Distinta CA	67938
1998	Aragón	16 a 64	Mujeres	5 - Nacidos en el extranjero	6566
1998	Aragón	65 y más	Hombres	1 - Misma CA, misma provincia y mismo municipio	52342
1998	Aragón	65 y más	Hombres	2 - Misma CA, misma provincia y distinto municipio	25530
1998	Aragón	65 y más	Hombres	3 - Misma CA y distinta provincia	8878
1998	Aragón	65 y más	Hombres	4 - Distinta CA	17231
1998	Aragón	65 y más	Hombres	5 - Nacidos en el extranjero	654
1998	Aragón	65 y más	Mujeres	1 - Misma CA, misma provincia y mismo municipio	60746
1998	Aragón	65 y más	Mujeres	2 - Misma CA, misma provincia y distinto municipio	37971
1998	Aragón	65 y más	Mujeres	3 - Misma CA y distinta provincia	12581
1998	Aragón	65 y más	Mujeres	4 - Distinta CA	24154
1998	Aragón	65 y más	Mujeres	5 - Nacidos en el extranjero	855
1999	Aragón	0 a 15	Hombres	1 - Misma CA, misma provincia y mismo municipio	55899
1999	Aragón	0 a 15	Hombres	2 - Misma CA, misma provincia y distinto municipio	17910
1999	Aragón	0 a 15	Hombres	3 - Misma CA y distinta provincia	2582
1999	Aragón	0 a 15	Hombres	4 - Distinta CA	5255
1999	Aragón	0 a 15	Hombres	5 - Nacidos en el extranjero	764
1999	Aragón	0 a 15	Mujeres	1 - Misma CA, misma provincia y mismo municipio	53458
1999	Aragón	0 a 15	Mujeres	2 - Misma CA, misma provincia y distinto municipio	16875
1999	Aragón	0 a 15	Mujeres	3 - Misma CA y distinta provincia	2403
1999	Aragón	0 a 15	Mujeres	4 - Distinta CA	4994
1999	Aragón	0 a 15	Mujeres	5 - Nacidos en el extranjero	688
1999	Aragón	16 a 64	Hombres	1 - Misma CA, misma provincia y mismo municipio	203775
1999	Aragón	16 a 64	Hombres	2 - Misma CA, misma provincia y distinto municipio	83903
1999	Aragón	16 a 64	Hombres	3 - Misma CA y distinta provincia	24217
1999	Aragón	16 a 64	Hombres	4 - Distinta CA	65755
1999	Aragón	16 a 64	Hombres	5 - Nacidos en el extranjero	7520
1999	Aragón	16 a 64	Mujeres	1 - Misma CA, misma provincia y mismo municipio	186394
1999	Aragón	16 a 64	Mujeres	2 - Misma CA, misma provincia y distinto municipio	88299
1999	Aragón	16 a 64	Mujeres	3 - Misma CA y distinta provincia	25812
1999	Aragón	16 a 64	Mujeres	4 - Distinta CA	67407
1999	Aragón	16 a 64	Mujeres	5 - Nacidos en el extranjero	6924
1999	Aragón	65 y más	Hombres	1 - Misma CA, misma provincia y mismo municipio	54107
1999	Aragón	65 y más	Hombres	2 - Misma CA, misma provincia y distinto municipio	26259
1999	Aragón	65 y más	Hombres	3 - Misma CA y distinta provincia	9067
1999	Aragón	65 y más	Hombres	4 - Distinta CA	17945
1999	Aragón	65 y más	Hombres	5 - Nacidos en el extranjero	668
1999	Aragón	65 y más	Mujeres	1 - Misma CA, misma provincia y mismo municipio	62847
1999	Aragón	65 y más	Mujeres	2 - Misma CA, misma provincia y distinto municipio	39136
1999	Aragón	65 y más	Mujeres	3 - Misma CA y distinta provincia	12863
1999	Aragón	65 y más	Mujeres	4 - Distinta CA	25186
1999	Aragón	65 y más	Mujeres	5 - Nacidos en el extranjero	883
2000	Aragón	0 a 15	Hombres	1 - Misma CA, misma provincia y mismo municipio	57214
2000	Aragón	0 a 15	Hombres	2 - Misma CA, misma provincia y distinto municipio	17021
2000	Aragón	0 a 15	Hombres	3 - Misma CA y distinta provincia	2441
2000	Aragón	0 a 15	Hombres	4 - Distinta CA	5367
2000	Aragón	0 a 15	Hombres	5 - Nacidos en el extranjero	1021
2000	Aragón	0 a 15	Mujeres	1 - Misma CA, misma provincia y mismo municipio	54492
2000	Aragón	0 a 15	Mujeres	2 - Misma CA, misma provincia y distinto municipio	16099
2000	Aragón	0 a 15	Mujeres	3 - Misma CA y distinta provincia	2291
2000	Aragón	0 a 15	Mujeres	4 - Distinta CA	5020
2000	Aragón	0 a 15	Mujeres	5 - Nacidos en el extranjero	927
2000	Aragón	16 a 64	Hombres	1 - Misma CA, misma provincia y mismo municipio	204234
2000	Aragón	16 a 64	Hombres	2 - Misma CA, misma provincia y distinto municipio	85461
2000	Aragón	16 a 64	Hombres	3 - Misma CA y distinta provincia	24355
2000	Aragón	16 a 64	Hombres	4 - Distinta CA	67343
2000	Aragón	16 a 64	Hombres	5 - Nacidos en el extranjero	9431
2000	Aragón	16 a 64	Mujeres	1 - Misma CA, misma provincia y mismo municipio	187356
2000	Aragón	16 a 64	Mujeres	2 - Misma CA, misma provincia y distinto municipio	89187
2000	Aragón	16 a 64	Mujeres	3 - Misma CA y distinta provincia	25804
2000	Aragón	16 a 64	Mujeres	4 - Distinta CA	68562
2000	Aragón	16 a 64	Mujeres	5 - Nacidos en el extranjero	8217
2000	Aragón	65 y más	Hombres	1 - Misma CA, misma provincia y mismo municipio	55368
2000	Aragón	65 y más	Hombres	2 - Misma CA, misma provincia y distinto municipio	26885
2000	Aragón	65 y más	Hombres	3 - Misma CA y distinta provincia	9294
2000	Aragón	65 y más	Hombres	4 - Distinta CA	18597
2000	Aragón	65 y más	Hombres	5 - Nacidos en el extranjero	725
2000	Aragón	65 y más	Mujeres	1 - Misma CA, misma provincia y mismo municipio	64126
2000	Aragón	65 y más	Mujeres	2 - Misma CA, misma provincia y distinto municipio	40137
2000	Aragón	65 y más	Mujeres	3 - Misma CA y distinta provincia	13221
2000	Aragón	65 y más	Mujeres	4 - Distinta CA	26033
2000	Aragón	65 y más	Mujeres	5 - Nacidos en el extranjero	950
2001	Aragón	0 a 15	Hombres	1 - Misma CA, misma provincia y mismo municipio	57300
2001	Aragón	0 a 15	Hombres	2 - Misma CA, misma provincia y distinto municipio	15845
2001	Aragón	0 a 15	Hombres	3 - Misma CA y distinta provincia	2281
2001	Aragón	0 a 15	Hombres	4 - Distinta CA	4938
2001	Aragón	0 a 15	Hombres	5 - Nacidos en el extranjero	1738
2001	Aragón	0 a 15	Mujeres	1 - Misma CA, misma provincia y mismo municipio	54675
2001	Aragón	0 a 15	Mujeres	2 - Misma CA, misma provincia y distinto municipio	14888
2001	Aragón	0 a 15	Mujeres	3 - Misma CA y distinta provincia	2126
2001	Aragón	0 a 15	Mujeres	4 - Distinta CA	4693
2001	Aragón	0 a 15	Mujeres	5 - Nacidos en el extranjero	1582
2001	Aragón	16 a 64	Hombres	1 - Misma CA, misma provincia y mismo municipio	203595
2001	Aragón	16 a 64	Hombres	2 - Misma CA, misma provincia y distinto municipio	85756
2001	Aragón	16 a 64	Hombres	3 - Misma CA y distinta provincia	24133
2001	Aragón	16 a 64	Hombres	4 - Distinta CA	67047
2001	Aragón	16 a 64	Hombres	5 - Nacidos en el extranjero	16626
2001	Aragón	16 a 64	Mujeres	1 - Misma CA, misma provincia y mismo municipio	186419
2001	Aragón	16 a 64	Mujeres	2 - Misma CA, misma provincia y distinto municipio	88930
2001	Aragón	16 a 64	Mujeres	3 - Misma CA y distinta provincia	25458
2001	Aragón	16 a 64	Mujeres	4 - Distinta CA	67692
2001	Aragón	16 a 64	Mujeres	5 - Nacidos en el extranjero	12844
2001	Aragón	65 y más	Hombres	1 - Misma CA, misma provincia y mismo municipio	56079
2001	Aragón	65 y más	Hombres	2 - Misma CA, misma provincia y distinto municipio	27168
2001	Aragón	65 y más	Hombres	3 - Misma CA y distinta provincia	9488
2001	Aragón	65 y más	Hombres	4 - Distinta CA	19042
2001	Aragón	65 y más	Hombres	5 - Nacidos en el extranjero	770
2001	Aragón	65 y más	Mujeres	1 - Misma CA, misma provincia y mismo municipio	65049
2001	Aragón	65 y más	Mujeres	2 - Misma CA, misma provincia y distinto municipio	40673
2001	Aragón	65 y más	Mujeres	3 - Misma CA y distinta provincia	13489
2001	Aragón	65 y más	Mujeres	4 - Distinta CA	26667
2001	Aragón	65 y más	Mujeres	5 - Nacidos en el extranjero	1026
2002	Aragón	0 a 15	Hombres	1 - Misma CA, misma provincia y mismo municipio	58230
2002	Aragón	0 a 15	Hombres	2 - Misma CA, misma provincia y distinto municipio	14940
2002	Aragón	0 a 15	Hombres	3 - Misma CA y distinta provincia	2151
2002	Aragón	0 a 15	Hombres	4 - Distinta CA	4751
2002	Aragón	0 a 15	Hombres	5 - Nacidos en el extranjero	3072
2002	Aragón	0 a 15	Mujeres	1 - Misma CA, misma provincia y mismo municipio	55714
2002	Aragón	0 a 15	Mujeres	2 - Misma CA, misma provincia y distinto municipio	14024
2002	Aragón	0 a 15	Mujeres	3 - Misma CA y distinta provincia	2016
2002	Aragón	0 a 15	Mujeres	4 - Distinta CA	4560
2002	Aragón	0 a 15	Mujeres	5 - Nacidos en el extranjero	2958
2002	Aragón	16 a 64	Hombres	1 - Misma CA, misma provincia y mismo municipio	202520
2002	Aragón	16 a 64	Hombres	2 - Misma CA, misma provincia y distinto municipio	86174
2002	Aragón	16 a 64	Hombres	3 - Misma CA y distinta provincia	23891
2002	Aragón	16 a 64	Hombres	4 - Distinta CA	66911
2002	Aragón	16 a 64	Hombres	5 - Nacidos en el extranjero	26217
2002	Aragón	16 a 64	Mujeres	1 - Misma CA, misma provincia y mismo municipio	185586
2002	Aragón	16 a 64	Mujeres	2 - Misma CA, misma provincia y distinto municipio	88520
2002	Aragón	16 a 64	Mujeres	3 - Misma CA y distinta provincia	25162
2002	Aragón	16 a 64	Mujeres	4 - Distinta CA	67298
2002	Aragón	16 a 64	Mujeres	5 - Nacidos en el extranjero	19320
2002	Aragón	65 y más	Hombres	1 - Misma CA, misma provincia y mismo municipio	56247
2002	Aragón	65 y más	Hombres	2 - Misma CA, misma provincia y distinto municipio	27308
2002	Aragón	65 y más	Hombres	3 - Misma CA y distinta provincia	9634
2002	Aragón	65 y más	Hombres	4 - Distinta CA	19438
2002	Aragón	65 y más	Hombres	5 - Nacidos en el extranjero	841
2002	Aragón	65 y más	Mujeres	1 - Misma CA, misma provincia y mismo municipio	65186
2002	Aragón	65 y más	Mujeres	2 - Misma CA, misma provincia y distinto municipio	41023
2002	Aragón	65 y más	Mujeres	3 - Misma CA y distinta provincia	13771
2002	Aragón	65 y más	Mujeres	4 - Distinta CA	27252
2002	Aragón	65 y más	Mujeres	5 - Nacidos en el extranjero	1169
2003	Aragón	0 a 15	Hombres	1 - Misma CA, misma provincia y mismo municipio	59402
2003	Aragón	0 a 15	Hombres	2 - Misma CA, misma provincia y distinto municipio	14060
2003	Aragón	0 a 15	Hombres	3 - Misma CA y distinta provincia	2031
2003	Aragón	0 a 15	Hombres	4 - Distinta CA	4759
2003	Aragón	0 a 15	Hombres	5 - Nacidos en el extranjero	4553
2003	Aragón	0 a 15	Mujeres	1 - Misma CA, misma provincia y mismo municipio	56509
2003	Aragón	0 a 15	Mujeres	2 - Misma CA, misma provincia y distinto municipio	13330
2003	Aragón	0 a 15	Mujeres	3 - Misma CA y distinta provincia	1943
2003	Aragón	0 a 15	Mujeres	4 - Distinta CA	4480
2003	Aragón	0 a 15	Mujeres	5 - Nacidos en el extranjero	4559
2003	Aragón	16 a 64	Hombres	1 - Misma CA, misma provincia y mismo municipio	200206
2003	Aragón	16 a 64	Hombres	2 - Misma CA, misma provincia y distinto municipio	86762
2003	Aragón	16 a 64	Hombres	3 - Misma CA y distinta provincia	23782
2003	Aragón	16 a 64	Hombres	4 - Distinta CA	66835
2003	Aragón	16 a 64	Hombres	5 - Nacidos en el extranjero	34070
2003	Aragón	16 a 64	Mujeres	1 - Misma CA, misma provincia y mismo municipio	184088
2003	Aragón	16 a 64	Mujeres	2 - Misma CA, misma provincia y distinto municipio	88549
2003	Aragón	16 a 64	Mujeres	3 - Misma CA y distinta provincia	25093
2003	Aragón	16 a 64	Mujeres	4 - Distinta CA	67034
2003	Aragón	16 a 64	Mujeres	5 - Nacidos en el extranjero	25585
2003	Aragón	65 y más	Hombres	1 - Misma CA, misma provincia y mismo municipio	55902
2003	Aragón	65 y más	Hombres	2 - Misma CA, misma provincia y distinto municipio	27382
2003	Aragón	65 y más	Hombres	3 - Misma CA y distinta provincia	9825
2003	Aragón	65 y más	Hombres	4 - Distinta CA	19711
2003	Aragón	65 y más	Hombres	5 - Nacidos en el extranjero	930
2003	Aragón	65 y más	Mujeres	1 - Misma CA, misma provincia y mismo municipio	64788
2003	Aragón	65 y más	Mujeres	2 - Misma CA, misma provincia y distinto municipio	41126
2003	Aragón	65 y más	Mujeres	3 - Misma CA y distinta provincia	13884
2003	Aragón	65 y más	Mujeres	4 - Distinta CA	27614
2003	Aragón	65 y más	Mujeres	5 - Nacidos en el extranjero	1298
2004	Aragón	0 a 15	Hombres	1 - Misma CA, misma provincia y mismo municipio	61018
2004	Aragón	0 a 15	Hombres	2 - Misma CA, misma provincia y distinto municipio	13284
2004	Aragón	0 a 15	Hombres	3 - Misma CA y distinta provincia	1906
2004	Aragón	0 a 15	Hombres	4 - Distinta CA	4639
2004	Aragón	0 a 15	Hombres	5 - Nacidos en el extranjero	5742
2004	Aragón	0 a 15	Mujeres	1 - Misma CA, misma provincia y mismo municipio	57701
2004	Aragón	0 a 15	Mujeres	2 - Misma CA, misma provincia y distinto municipio	12548
2004	Aragón	0 a 15	Mujeres	3 - Misma CA y distinta provincia	1852
2004	Aragón	0 a 15	Mujeres	4 - Distinta CA	4371
2004	Aragón	0 a 15	Mujeres	5 - Nacidos en el extranjero	5648
2004	Aragón	16 a 64	Hombres	1 - Misma CA, misma provincia y mismo municipio	200793
2004	Aragón	16 a 64	Hombres	2 - Misma CA, misma provincia y distinto municipio	87955
2004	Aragón	16 a 64	Hombres	3 - Misma CA y distinta provincia	23916
2004	Aragón	16 a 64	Hombres	4 - Distinta CA	67371
2004	Aragón	16 a 64	Hombres	5 - Nacidos en el extranjero	40816
2004	Aragón	16 a 64	Mujeres	1 - Misma CA, misma provincia y mismo municipio	184803
2004	Aragón	16 a 64	Mujeres	2 - Misma CA, misma provincia y distinto municipio	89152
2004	Aragón	16 a 64	Mujeres	3 - Misma CA y distinta provincia	25141
2004	Aragón	16 a 64	Mujeres	4 - Distinta CA	67219
2004	Aragón	16 a 64	Mujeres	5 - Nacidos en el extranjero	31673
2004	Aragón	65 y más	Hombres	1 - Misma CA, misma provincia y mismo municipio	55299
2004	Aragón	65 y más	Hombres	2 - Misma CA, misma provincia y distinto municipio	27211
2004	Aragón	65 y más	Hombres	3 - Misma CA y distinta provincia	9791
2004	Aragón	65 y más	Hombres	4 - Distinta CA	20107
2004	Aragón	65 y más	Hombres	5 - Nacidos en el extranjero	1026
2004	Aragón	65 y más	Mujeres	1 - Misma CA, misma provincia y mismo municipio	64207
2004	Aragón	65 y más	Mujeres	2 - Misma CA, misma provincia y distinto municipio	40996
2004	Aragón	65 y más	Mujeres	3 - Misma CA y distinta provincia	13863
2004	Aragón	65 y más	Mujeres	4 - Distinta CA	28069
2004	Aragón	65 y más	Mujeres	5 - Nacidos en el extranjero	1467
2005	Aragón	0 a 15	Hombres	1 - Misma CA, misma provincia y mismo municipio	62667
2005	Aragón	0 a 15	Hombres	2 - Misma CA, misma provincia y distinto municipio	12548
2005	Aragón	0 a 15	Hombres	3 - Misma CA y distinta provincia	1799
2005	Aragón	0 a 15	Hombres	4 - Distinta CA	4577
2005	Aragón	0 a 15	Hombres	5 - Nacidos en el extranjero	6718
2005	Aragón	0 a 15	Mujeres	1 - Misma CA, misma provincia y mismo municipio	59323
2005	Aragón	0 a 15	Mujeres	2 - Misma CA, misma provincia y distinto municipio	11682
2005	Aragón	0 a 15	Mujeres	3 - Misma CA y distinta provincia	1700
2005	Aragón	0 a 15	Mujeres	4 - Distinta CA	4315
2005	Aragón	0 a 15	Mujeres	5 - Nacidos en el extranjero	6642
2005	Aragón	16 a 64	Hombres	1 - Misma CA, misma provincia y mismo municipio	200153
2005	Aragón	16 a 64	Hombres	2 - Misma CA, misma provincia y distinto municipio	88930
2005	Aragón	16 a 64	Hombres	3 - Misma CA y distinta provincia	23955
2005	Aragón	16 a 64	Hombres	4 - Distinta CA	67928
2005	Aragón	16 a 64	Hombres	5 - Nacidos en el extranjero	50438
2005	Aragón	16 a 64	Mujeres	1 - Misma CA, misma provincia y mismo municipio	184609
2005	Aragón	16 a 64	Mujeres	2 - Misma CA, misma provincia y distinto municipio	89484
2005	Aragón	16 a 64	Mujeres	3 - Misma CA y distinta provincia	25171
2005	Aragón	16 a 64	Mujeres	4 - Distinta CA	67408
2005	Aragón	16 a 64	Mujeres	5 - Nacidos en el extranjero	38607
2005	Aragón	65 y más	Hombres	1 - Misma CA, misma provincia y mismo municipio	54626
2005	Aragón	65 y más	Hombres	2 - Misma CA, misma provincia y distinto municipio	26906
2005	Aragón	65 y más	Hombres	3 - Misma CA y distinta provincia	9648
2005	Aragón	65 y más	Hombres	4 - Distinta CA	20079
2005	Aragón	65 y más	Hombres	5 - Nacidos en el extranjero	1176
2005	Aragón	65 y más	Mujeres	1 - Misma CA, misma provincia y mismo municipio	63458
2005	Aragón	65 y más	Mujeres	2 - Misma CA, misma provincia y distinto municipio	40722
2005	Aragón	65 y más	Mujeres	3 - Misma CA y distinta provincia	13824
2005	Aragón	65 y más	Mujeres	4 - Distinta CA	28282
2005	Aragón	65 y más	Mujeres	5 - Nacidos en el extranjero	1652
2006	Aragón	0 a 15	Hombres	1 - Misma CA, misma provincia y mismo municipio	63981
2006	Aragón	0 a 15	Hombres	2 - Misma CA, misma provincia y distinto municipio	11829
2006	Aragón	0 a 15	Hombres	3 - Misma CA y distinta provincia	1660
2006	Aragón	0 a 15	Hombres	4 - Distinta CA	4617
2006	Aragón	0 a 15	Hombres	5 - Nacidos en el extranjero	7504
2006	Aragón	0 a 15	Mujeres	1 - Misma CA, misma provincia y mismo municipio	60484
2006	Aragón	0 a 15	Mujeres	2 - Misma CA, misma provincia y distinto municipio	11081
2006	Aragón	0 a 15	Mujeres	3 - Misma CA y distinta provincia	1613
2006	Aragón	0 a 15	Mujeres	4 - Distinta CA	4241
2006	Aragón	0 a 15	Mujeres	5 - Nacidos en el extranjero	7311
2006	Aragón	16 a 64	Hombres	1 - Misma CA, misma provincia y mismo municipio	198598
2006	Aragón	16 a 64	Hombres	2 - Misma CA, misma provincia y distinto municipio	89691
2006	Aragón	16 a 64	Hombres	3 - Misma CA y distinta provincia	23771
2006	Aragón	16 a 64	Hombres	4 - Distinta CA	67891
2006	Aragón	16 a 64	Hombres	5 - Nacidos en el extranjero	54003
2006	Aragón	16 a 64	Mujeres	1 - Misma CA, misma provincia y mismo municipio	183389
2006	Aragón	16 a 64	Mujeres	2 - Misma CA, misma provincia y distinto municipio	89529
2006	Aragón	16 a 64	Mujeres	3 - Misma CA y distinta provincia	24885
2006	Aragón	16 a 64	Mujeres	4 - Distinta CA	67236
2006	Aragón	16 a 64	Mujeres	5 - Nacidos en el extranjero	42642
2006	Aragón	65 y más	Hombres	1 - Misma CA, misma provincia y mismo municipio	54565
2006	Aragón	65 y más	Hombres	2 - Misma CA, misma provincia y distinto municipio	26979
2006	Aragón	65 y más	Hombres	3 - Misma CA y distinta provincia	9733
2006	Aragón	65 y más	Hombres	4 - Distinta CA	20637
2006	Aragón	65 y más	Hombres	5 - Nacidos en el extranjero	1200
2006	Aragón	65 y más	Mujeres	1 - Misma CA, misma provincia y mismo municipio	63435
2006	Aragón	65 y más	Mujeres	2 - Misma CA, misma provincia y distinto municipio	40742
2006	Aragón	65 y más	Mujeres	3 - Misma CA y distinta provincia	13833
2006	Aragón	65 y más	Mujeres	4 - Distinta CA	28740
2006	Aragón	65 y más	Mujeres	5 - Nacidos en el extranjero	1651
2007	Aragón	0 a 15	Hombres	1 - Misma CA, misma provincia y mismo municipio	65667
2007	Aragón	0 a 15	Hombres	2 - Misma CA, misma provincia y distinto municipio	11365
2007	Aragón	0 a 15	Hombres	3 - Misma CA y distinta provincia	1619
2007	Aragón	0 a 15	Hombres	4 - Distinta CA	4627
2007	Aragón	0 a 15	Hombres	5 - Nacidos en el extranjero	8596
2007	Aragón	0 a 15	Mujeres	1 - Misma CA, misma provincia y mismo municipio	61991
2007	Aragón	0 a 15	Mujeres	2 - Misma CA, misma provincia y distinto municipio	10778
2007	Aragón	0 a 15	Mujeres	3 - Misma CA y distinta provincia	1549
2007	Aragón	0 a 15	Mujeres	4 - Distinta CA	4311
2007	Aragón	0 a 15	Mujeres	5 - Nacidos en el extranjero	8378
2007	Aragón	16 a 64	Hombres	1 - Misma CA, misma provincia y mismo municipio	196316
2007	Aragón	16 a 64	Hombres	2 - Misma CA, misma provincia y distinto municipio	91243
2007	Aragón	16 a 64	Hombres	3 - Misma CA y distinta provincia	23611
2007	Aragón	16 a 64	Hombres	4 - Distinta CA	68011
2007	Aragón	16 a 64	Hombres	5 - Nacidos en el extranjero	62803
2007	Aragón	16 a 64	Mujeres	1 - Misma CA, misma provincia y mismo municipio	181357
2007	Aragón	16 a 64	Mujeres	2 - Misma CA, misma provincia y distinto municipio	90498
2007	Aragón	16 a 64	Mujeres	3 - Misma CA y distinta provincia	24749
2007	Aragón	16 a 64	Mujeres	4 - Distinta CA	67203
2007	Aragón	16 a 64	Mujeres	5 - Nacidos en el extranjero	50568
2007	Aragón	65 y más	Hombres	1 - Misma CA, misma provincia y mismo municipio	54001
2007	Aragón	65 y más	Hombres	2 - Misma CA, misma provincia y distinto municipio	27159
2007	Aragón	65 y más	Hombres	3 - Misma CA y distinta provincia	9766
2007	Aragón	65 y más	Hombres	4 - Distinta CA	20869
2007	Aragón	65 y más	Hombres	5 - Nacidos en el extranjero	1343
2007	Aragón	65 y más	Mujeres	1 - Misma CA, misma provincia y mismo municipio	62845
2007	Aragón	65 y más	Mujeres	2 - Misma CA, misma provincia y distinto municipio	40912
2007	Aragón	65 y más	Mujeres	3 - Misma CA y distinta provincia	13889
2007	Aragón	65 y más	Mujeres	4 - Distinta CA	28800
2007	Aragón	65 y más	Mujeres	5 - Nacidos en el extranjero	1831
2008	Aragón	0 a 15	Hombres	1 - Misma CA, misma provincia y mismo municipio	67826
2008	Aragón	0 a 15	Hombres	2 - Misma CA, misma provincia y distinto municipio	10965
2008	Aragón	0 a 15	Hombres	3 - Misma CA y distinta provincia	1551
2008	Aragón	0 a 15	Hombres	4 - Distinta CA	4653
2008	Aragón	0 a 15	Hombres	5 - Nacidos en el extranjero	10397
2008	Aragón	0 a 15	Mujeres	1 - Misma CA, misma provincia y mismo municipio	63869
2008	Aragón	0 a 15	Mujeres	2 - Misma CA, misma provincia y distinto municipio	10315
2008	Aragón	0 a 15	Mujeres	3 - Misma CA y distinta provincia	1499
2008	Aragón	0 a 15	Mujeres	4 - Distinta CA	4389
2008	Aragón	0 a 15	Mujeres	5 - Nacidos en el extranjero	9961
2008	Aragón	16 a 64	Hombres	1 - Misma CA, misma provincia y mismo municipio	194247
2008	Aragón	16 a 64	Hombres	2 - Misma CA, misma provincia y distinto municipio	91361
2008	Aragón	16 a 64	Hombres	3 - Misma CA y distinta provincia	23288
2008	Aragón	16 a 64	Hombres	4 - Distinta CA	67701
2008	Aragón	16 a 64	Hombres	5 - Nacidos en el extranjero	78973
2008	Aragón	16 a 64	Mujeres	1 - Misma CA, misma provincia y mismo municipio	179993
2008	Aragón	16 a 64	Mujeres	2 - Misma CA, misma provincia y distinto municipio	90250
2008	Aragón	16 a 64	Mujeres	3 - Misma CA y distinta provincia	24469
2008	Aragón	16 a 64	Mujeres	4 - Distinta CA	67036
2008	Aragón	16 a 64	Mujeres	5 - Nacidos en el extranjero	62104
2008	Aragón	65 y más	Hombres	1 - Misma CA, misma provincia y mismo municipio	53695
2008	Aragón	65 y más	Hombres	2 - Misma CA, misma provincia y distinto municipio	27193
2008	Aragón	65 y más	Hombres	3 - Misma CA y distinta provincia	9857
2008	Aragón	65 y más	Hombres	4 - Distinta CA	21259
2008	Aragón	65 y más	Hombres	5 - Nacidos en el extranjero	1437
2008	Aragón	65 y más	Mujeres	1 - Misma CA, misma provincia y mismo municipio	62488
2008	Aragón	65 y más	Mujeres	2 - Misma CA, misma provincia y distinto municipio	40868
2008	Aragón	65 y más	Mujeres	3 - Misma CA y distinta provincia	13944
2008	Aragón	65 y más	Mujeres	4 - Distinta CA	29340
2008	Aragón	65 y más	Mujeres	5 - Nacidos en el extranjero	1990
2009	Aragón	0 a 15	Hombres	1 - Misma CA, misma provincia y mismo municipio	70338
2009	Aragón	0 a 15	Hombres	2 - Misma CA, misma provincia y distinto municipio	10600
2009	Aragón	0 a 15	Hombres	3 - Misma CA y distinta provincia	1507
2009	Aragón	0 a 15	Hombres	4 - Distinta CA	4650
2009	Aragón	0 a 15	Hombres	5 - Nacidos en el extranjero	11239
2009	Aragón	0 a 15	Mujeres	1 - Misma CA, misma provincia y mismo municipio	66059
2009	Aragón	0 a 15	Mujeres	2 - Misma CA, misma provincia y distinto municipio	10099
2009	Aragón	0 a 15	Mujeres	3 - Misma CA y distinta provincia	1475
2009	Aragón	0 a 15	Mujeres	4 - Distinta CA	4340
2009	Aragón	0 a 15	Mujeres	5 - Nacidos en el extranjero	10735
2009	Aragón	16 a 64	Hombres	1 - Misma CA, misma provincia y mismo municipio	192938
2009	Aragón	16 a 64	Hombres	2 - Misma CA, misma provincia y distinto municipio	91349
2009	Aragón	16 a 64	Hombres	3 - Misma CA y distinta provincia	22836
2009	Aragón	16 a 64	Hombres	4 - Distinta CA	66952
2009	Aragón	16 a 64	Hombres	5 - Nacidos en el extranjero	87302
2009	Aragón	16 a 64	Mujeres	1 - Misma CA, misma provincia y mismo municipio	179458
2009	Aragón	16 a 64	Mujeres	2 - Misma CA, misma provincia y distinto municipio	89925
2009	Aragón	16 a 64	Mujeres	3 - Misma CA y distinta provincia	24168
2009	Aragón	16 a 64	Mujeres	4 - Distinta CA	66544
2009	Aragón	16 a 64	Mujeres	5 - Nacidos en el extranjero	68949
2009	Aragón	65 y más	Hombres	1 - Misma CA, misma provincia y mismo municipio	53619
2009	Aragón	65 y más	Hombres	2 - Misma CA, misma provincia y distinto municipio	27278
2009	Aragón	65 y más	Hombres	3 - Misma CA y distinta provincia	10006
2009	Aragón	65 y más	Hombres	4 - Distinta CA	21660
2009	Aragón	65 y más	Hombres	5 - Nacidos en el extranjero	1545
2009	Aragón	65 y más	Mujeres	1 - Misma CA, misma provincia y mismo municipio	62530
2009	Aragón	65 y más	Mujeres	2 - Misma CA, misma provincia y distinto municipio	41237
2009	Aragón	65 y más	Mujeres	3 - Misma CA y distinta provincia	14118
2009	Aragón	65 y más	Mujeres	4 - Distinta CA	29864
2009	Aragón	65 y más	Mujeres	5 - Nacidos en el extranjero	2153
2010	Aragón	0 a 15	Hombres	1 - Misma CA, misma provincia y mismo municipio	72707
2010	Aragón	0 a 15	Hombres	2 - Misma CA, misma provincia y distinto municipio	10389
2010	Aragón	0 a 15	Hombres	3 - Misma CA y distinta provincia	1452
2010	Aragón	0 a 15	Hombres	4 - Distinta CA	4570
2010	Aragón	0 a 15	Hombres	5 - Nacidos en el extranjero	10952
2010	Aragón	0 a 15	Mujeres	1 - Misma CA, misma provincia y mismo municipio	68295
2010	Aragón	0 a 15	Mujeres	2 - Misma CA, misma provincia y distinto municipio	9775
2010	Aragón	0 a 15	Mujeres	3 - Misma CA y distinta provincia	1438
2010	Aragón	0 a 15	Mujeres	4 - Distinta CA	4260
2010	Aragón	0 a 15	Mujeres	5 - Nacidos en el extranjero	10461
2010	Aragón	16 a 64	Hombres	1 - Misma CA, misma provincia y mismo municipio	191960
2010	Aragón	16 a 64	Hombres	2 - Misma CA, misma provincia y distinto municipio	90993
2010	Aragón	16 a 64	Hombres	3 - Misma CA y distinta provincia	22442
2010	Aragón	16 a 64	Hombres	4 - Distinta CA	66213
2010	Aragón	16 a 64	Hombres	5 - Nacidos en el extranjero	86460
2010	Aragón	16 a 64	Mujeres	1 - Misma CA, misma provincia y mismo municipio	178845
2010	Aragón	16 a 64	Mujeres	2 - Misma CA, misma provincia y distinto municipio	89067
2010	Aragón	16 a 64	Mujeres	3 - Misma CA y distinta provincia	23820
2010	Aragón	16 a 64	Mujeres	4 - Distinta CA	65750
2010	Aragón	16 a 64	Mujeres	5 - Nacidos en el extranjero	71166
2010	Aragón	65 y más	Hombres	1 - Misma CA, misma provincia y mismo municipio	53690
2010	Aragón	65 y más	Hombres	2 - Misma CA, misma provincia y distinto municipio	27460
2010	Aragón	65 y más	Hombres	3 - Misma CA y distinta provincia	10072
2010	Aragón	65 y más	Hombres	4 - Distinta CA	22147
2010	Aragón	65 y más	Hombres	5 - Nacidos en el extranjero	1670
2010	Aragón	65 y más	Mujeres	1 - Misma CA, misma provincia y mismo municipio	62591
2010	Aragón	65 y más	Mujeres	2 - Misma CA, misma provincia y distinto municipio	41476
2010	Aragón	65 y más	Mujeres	3 - Misma CA y distinta provincia	14208
2010	Aragón	65 y más	Mujeres	4 - Distinta CA	30446
2010	Aragón	65 y más	Mujeres	5 - Nacidos en el extranjero	2320
2011	Aragón	0 a 15	Hombres	1 - Misma CA, misma provincia y mismo municipio	74733
2011	Aragón	0 a 15	Hombres	2 - Misma CA, misma provincia y distinto municipio	10091
2011	Aragón	0 a 15	Hombres	3 - Misma CA y distinta provincia	1425
2011	Aragón	0 a 15	Hombres	4 - Distinta CA	4482
2011	Aragón	0 a 15	Hombres	5 - Nacidos en el extranjero	10252
2011	Aragón	0 a 15	Mujeres	1 - Misma CA, misma provincia y mismo municipio	70065
2011	Aragón	0 a 15	Mujeres	2 - Misma CA, misma provincia y distinto municipio	9464
2011	Aragón	0 a 15	Mujeres	3 - Misma CA y distinta provincia	1424
2011	Aragón	0 a 15	Mujeres	4 - Distinta CA	4279
2011	Aragón	0 a 15	Mujeres	5 - Nacidos en el extranjero	9859
2011	Aragón	16 a 64	Hombres	1 - Misma CA, misma provincia y mismo municipio	190661
2011	Aragón	16 a 64	Hombres	2 - Misma CA, misma provincia y distinto municipio	90549
2011	Aragón	16 a 64	Hombres	3 - Misma CA y distinta provincia	22008
2011	Aragón	16 a 64	Hombres	4 - Distinta CA	65440
2011	Aragón	16 a 64	Hombres	5 - Nacidos en el extranjero	85442
2011	Aragón	16 a 64	Mujeres	1 - Misma CA, misma provincia y mismo municipio	178104
2011	Aragón	16 a 64	Mujeres	2 - Misma CA, misma provincia y distinto municipio	87964
2011	Aragón	16 a 64	Mujeres	3 - Misma CA y distinta provincia	23446
2011	Aragón	16 a 64	Mujeres	4 - Distinta CA	64804
2011	Aragón	16 a 64	Mujeres	5 - Nacidos en el extranjero	72992
2011	Aragón	65 y más	Hombres	1 - Misma CA, misma provincia y mismo municipio	53865
2011	Aragón	65 y más	Hombres	2 - Misma CA, misma provincia y distinto municipio	27713
2011	Aragón	65 y más	Hombres	3 - Misma CA y distinta provincia	10231
2011	Aragón	65 y más	Hombres	4 - Distinta CA	22594
2011	Aragón	65 y más	Hombres	5 - Nacidos en el extranjero	1800
2011	Aragón	65 y más	Mujeres	1 - Misma CA, misma provincia y mismo municipio	62917
2011	Aragón	65 y más	Mujeres	2 - Misma CA, misma provincia y distinto municipio	41759
2011	Aragón	65 y más	Mujeres	3 - Misma CA y distinta provincia	14387
2011	Aragón	65 y más	Mujeres	4 - Distinta CA	31099
2011	Aragón	65 y más	Mujeres	5 - Nacidos en el extranjero	2444
2012	Aragón	0 a 15	Hombres	1 - Misma CA, misma provincia y mismo municipio	76383
2012	Aragón	0 a 15	Hombres	2 - Misma CA, misma provincia y distinto municipio	9848
2012	Aragón	0 a 15	Hombres	3 - Misma CA y distinta provincia	1380
2012	Aragón	0 a 15	Hombres	4 - Distinta CA	4597
2012	Aragón	0 a 15	Hombres	5 - Nacidos en el extranjero	9875
2012	Aragón	0 a 15	Mujeres	1 - Misma CA, misma provincia y mismo municipio	71745
2012	Aragón	0 a 15	Mujeres	2 - Misma CA, misma provincia y distinto municipio	9251
2012	Aragón	0 a 15	Mujeres	3 - Misma CA y distinta provincia	1387
2012	Aragón	0 a 15	Mujeres	4 - Distinta CA	4309
2012	Aragón	0 a 15	Mujeres	5 - Nacidos en el extranjero	9599
2012	Aragón	16 a 64	Hombres	1 - Misma CA, misma provincia y mismo municipio	189701
2012	Aragón	16 a 64	Hombres	2 - Misma CA, misma provincia y distinto municipio	89463
2012	Aragón	16 a 64	Hombres	3 - Misma CA y distinta provincia	21573
2012	Aragón	16 a 64	Hombres	4 - Distinta CA	64866
2012	Aragón	16 a 64	Hombres	5 - Nacidos en el extranjero	87174
2012	Aragón	16 a 64	Mujeres	1 - Misma CA, misma provincia y mismo municipio	177658
2012	Aragón	16 a 64	Mujeres	2 - Misma CA, misma provincia y distinto municipio	86518
2012	Aragón	16 a 64	Mujeres	3 - Misma CA y distinta provincia	22987
2012	Aragón	16 a 64	Mujeres	4 - Distinta CA	64031
2012	Aragón	16 a 64	Mujeres	5 - Nacidos en el extranjero	76494
2012	Aragón	65 y más	Hombres	1 - Misma CA, misma provincia y mismo municipio	53872
2012	Aragón	65 y más	Hombres	2 - Misma CA, misma provincia y distinto municipio	28009
2012	Aragón	65 y más	Hombres	3 - Misma CA y distinta provincia	10362
2012	Aragón	65 y más	Hombres	4 - Distinta CA	22828
2012	Aragón	65 y más	Hombres	5 - Nacidos en el extranjero	1967
2012	Aragón	65 y más	Mujeres	1 - Misma CA, misma provincia y mismo municipio	62853
2012	Aragón	65 y más	Mujeres	2 - Misma CA, misma provincia y distinto municipio	41900
2012	Aragón	65 y más	Mujeres	3 - Misma CA y distinta provincia	14530
2012	Aragón	65 y más	Mujeres	4 - Distinta CA	31660
2012	Aragón	65 y más	Mujeres	5 - Nacidos en el extranjero	2647
2013	Aragón	0 a 15	Hombres	1 - Misma CA, misma provincia y mismo municipio	77354
2013	Aragón	0 a 15	Hombres	2 - Misma CA, misma provincia y distinto municipio	9812
2013	Aragón	0 a 15	Hombres	3 - Misma CA y distinta provincia	1378
2013	Aragón	0 a 15	Hombres	4 - Distinta CA	4579
2013	Aragón	0 a 15	Hombres	5 - Nacidos en el extranjero	9214
2013	Aragón	0 a 15	Mujeres	1 - Misma CA, misma provincia y mismo municipio	72828
2013	Aragón	0 a 15	Mujeres	2 - Misma CA, misma provincia y distinto municipio	9228
2013	Aragón	0 a 15	Mujeres	3 - Misma CA y distinta provincia	1380
2013	Aragón	0 a 15	Mujeres	4 - Distinta CA	4374
2013	Aragón	0 a 15	Mujeres	5 - Nacidos en el extranjero	8916
2013	Aragón	16 a 64	Hombres	1 - Misma CA, misma provincia y mismo municipio	188910
2013	Aragón	16 a 64	Hombres	2 - Misma CA, misma provincia y distinto municipio	88227
2013	Aragón	16 a 64	Hombres	3 - Misma CA y distinta provincia	21119
2013	Aragón	16 a 64	Hombres	4 - Distinta CA	63867
2013	Aragón	16 a 64	Hombres	5 - Nacidos en el extranjero	87534
2013	Aragón	16 a 64	Mujeres	1 - Misma CA, misma provincia y mismo municipio	177363
2013	Aragón	16 a 64	Mujeres	2 - Misma CA, misma provincia y distinto municipio	84979
2013	Aragón	16 a 64	Mujeres	3 - Misma CA y distinta provincia	22436
2013	Aragón	16 a 64	Mujeres	4 - Distinta CA	62892
2013	Aragón	16 a 64	Mujeres	5 - Nacidos en el extranjero	78330
2013	Aragón	65 y más	Hombres	1 - Misma CA, misma provincia y mismo municipio	53945
2013	Aragón	65 y más	Hombres	2 - Misma CA, misma provincia y distinto municipio	28174
2013	Aragón	65 y más	Hombres	3 - Misma CA y distinta provincia	10495
2013	Aragón	65 y más	Hombres	4 - Distinta CA	23267
2013	Aragón	65 y más	Hombres	5 - Nacidos en el extranjero	2112
2013	Aragón	65 y más	Mujeres	1 - Misma CA, misma provincia y mismo municipio	62837
2013	Aragón	65 y más	Mujeres	2 - Misma CA, misma provincia y distinto municipio	41858
2013	Aragón	65 y más	Mujeres	3 - Misma CA y distinta provincia	14714
2013	Aragón	65 y más	Mujeres	4 - Distinta CA	32147
2013	Aragón	65 y más	Mujeres	5 - Nacidos en el extranjero	2881
2014	Aragón	0 a 15	Hombres	1 - Misma CA, misma provincia y mismo municipio	77811
2014	Aragón	0 a 15	Hombres	2 - Misma CA, misma provincia y distinto municipio	9781
2014	Aragón	0 a 15	Hombres	3 - Misma CA y distinta provincia	1396
2014	Aragón	0 a 15	Hombres	4 - Distinta CA	4664
2014	Aragón	0 a 15	Hombres	5 - Nacidos en el extranjero	7718
2014	Aragón	0 a 15	Mujeres	1 - Misma CA, misma provincia y mismo municipio	73168
2014	Aragón	0 a 15	Mujeres	2 - Misma CA, misma provincia y distinto municipio	9248
2014	Aragón	0 a 15	Mujeres	3 - Misma CA y distinta provincia	1374
2014	Aragón	0 a 15	Mujeres	4 - Distinta CA	4385
2014	Aragón	0 a 15	Mujeres	5 - Nacidos en el extranjero	7435
2014	Aragón	16 a 64	Hombres	1 - Misma CA, misma provincia y mismo municipio	188375
2014	Aragón	16 a 64	Hombres	2 - Misma CA, misma provincia y distinto municipio	86937
2014	Aragón	16 a 64	Hombres	3 - Misma CA y distinta provincia	20676
2014	Aragón	16 a 64	Hombres	4 - Distinta CA	62894
2014	Aragón	16 a 64	Hombres	5 - Nacidos en el extranjero	77450
2014	Aragón	16 a 64	Mujeres	1 - Misma CA, misma provincia y mismo municipio	177101
2014	Aragón	16 a 64	Mujeres	2 - Misma CA, misma provincia y distinto municipio	83373
2014	Aragón	16 a 64	Mujeres	3 - Misma CA y distinta provincia	21979
2014	Aragón	16 a 64	Mujeres	4 - Distinta CA	61949
2014	Aragón	16 a 64	Mujeres	5 - Nacidos en el extranjero	72544
2014	Aragón	65 y más	Hombres	1 - Misma CA, misma provincia y mismo municipio	54243
2014	Aragón	65 y más	Hombres	2 - Misma CA, misma provincia y distinto municipio	28608
2014	Aragón	65 y más	Hombres	3 - Misma CA y distinta provincia	10612
2014	Aragón	65 y más	Hombres	4 - Distinta CA	23815
2014	Aragón	65 y más	Hombres	5 - Nacidos en el extranjero	1984
2014	Aragón	65 y más	Mujeres	1 - Misma CA, misma provincia y mismo municipio	63225
2014	Aragón	65 y más	Mujeres	2 - Misma CA, misma provincia y distinto municipio	42299
2014	Aragón	65 y más	Mujeres	3 - Misma CA y distinta provincia	14874
2014	Aragón	65 y más	Mujeres	4 - Distinta CA	32726
2014	Aragón	65 y más	Mujeres	5 - Nacidos en el extranjero	2741
2015	Aragón	0 a 15	Hombres	1 - Misma CA, misma provincia y mismo municipio	78373
2015	Aragón	0 a 15	Hombres	2 - Misma CA, misma provincia y distinto municipio	9926
2015	Aragón	0 a 15	Hombres	3 - Misma CA y distinta provincia	1387
2015	Aragón	0 a 15	Hombres	4 - Distinta CA	4729
2015	Aragón	0 a 15	Hombres	5 - Nacidos en el extranjero	6796
2015	Aragón	0 a 15	Mujeres	1 - Misma CA, misma provincia y mismo municipio	73752
2015	Aragón	0 a 15	Mujeres	2 - Misma CA, misma provincia y distinto municipio	9428
2015	Aragón	0 a 15	Mujeres	3 - Misma CA y distinta provincia	1376
2015	Aragón	0 a 15	Mujeres	4 - Distinta CA	4453
2015	Aragón	0 a 15	Mujeres	5 - Nacidos en el extranjero	6663
2015	Aragón	16 a 64	Hombres	1 - Misma CA, misma provincia y mismo municipio	187973
2015	Aragón	16 a 64	Hombres	2 - Misma CA, misma provincia y distinto municipio	85541
2015	Aragón	16 a 64	Hombres	3 - Misma CA y distinta provincia	20152
2015	Aragón	16 a 64	Hombres	4 - Distinta CA	62097
2015	Aragón	16 a 64	Hombres	5 - Nacidos en el extranjero	75373
2015	Aragón	16 a 64	Mujeres	1 - Misma CA, misma provincia y mismo municipio	176758
2015	Aragón	16 a 64	Mujeres	2 - Misma CA, misma provincia y distinto municipio	81593
2015	Aragón	16 a 64	Mujeres	3 - Misma CA y distinta provincia	21445
2015	Aragón	16 a 64	Mujeres	4 - Distinta CA	60908
2015	Aragón	16 a 64	Mujeres	5 - Nacidos en el extranjero	71827
2015	Aragón	65 y más	Hombres	1 - Misma CA, misma provincia y mismo municipio	54461
2015	Aragón	65 y más	Hombres	2 - Misma CA, misma provincia y distinto municipio	28824
2015	Aragón	65 y más	Hombres	3 - Misma CA y distinta provincia	10729
2015	Aragón	65 y más	Hombres	4 - Distinta CA	24242
2015	Aragón	65 y más	Hombres	5 - Nacidos en el extranjero	2084
2015	Aragón	65 y más	Mujeres	1 - Misma CA, misma provincia y mismo municipio	63487
2015	Aragón	65 y más	Mujeres	2 - Misma CA, misma provincia y distinto municipio	42457
2015	Aragón	65 y más	Mujeres	3 - Misma CA y distinta provincia	14993
2015	Aragón	65 y más	Mujeres	4 - Distinta CA	33142
2015	Aragón	65 y más	Mujeres	5 - Nacidos en el extranjero	2878