Comarca código	Comarca nombre	Edad (grandes grupos)	Sexo	Personas
01	La Jacetania	0 a 15	Mujeres	34
01	La Jacetania	0 a 15	Varones	30
01	La Jacetania	16 a 64	Mujeres	209
01	La Jacetania	16 a 64	Varones	129
01	La Jacetania	65 ó más	Mujeres	8
01	La Jacetania	65 ó más	Varones	10
02	Alto Gállego	0 a 15	Mujeres	15
02	Alto Gállego	0 a 15	Varones	12
02	Alto Gállego	16 a 64	Mujeres	101
02	Alto Gállego	16 a 64	Varones	83
02	Alto Gállego	65 ó más	Mujeres	5
02	Alto Gállego	65 ó más	Varones	1
03	Sobrarbe	0 a 15	Mujeres	6
03	Sobrarbe	0 a 15	Varones	10
03	Sobrarbe	16 a 64	Mujeres	54
03	Sobrarbe	16 a 64	Varones	61
03	Sobrarbe	65 ó más	Mujeres	1
03	Sobrarbe	65 ó más	Varones	5
04	La Ribagorza	0 a 15	Mujeres	34
04	La Ribagorza	0 a 15	Varones	25
04	La Ribagorza	16 a 64	Mujeres	148
04	La Ribagorza	16 a 64	Varones	181
04	La Ribagorza	65 ó más	Mujeres	5
04	La Ribagorza	65 ó más	Varones	6
05	Cinco Villas	0 a 15	Mujeres	88
05	Cinco Villas	0 a 15	Varones	85
05	Cinco Villas	16 a 64	Mujeres	300
05	Cinco Villas	16 a 64	Varones	854
05	Cinco Villas	65 ó más	Mujeres	5
05	Cinco Villas	65 ó más	Varones	9
06	Hoya de Huesca / Plana de Uesca	0 a 15	Mujeres	91
06	Hoya de Huesca / Plana de Uesca	0 a 15	Varones	115
06	Hoya de Huesca / Plana de Uesca	16 a 64	Mujeres	505
06	Hoya de Huesca / Plana de Uesca	16 a 64	Varones	615
06	Hoya de Huesca / Plana de Uesca	65 ó más	Mujeres	17
06	Hoya de Huesca / Plana de Uesca	65 ó más	Varones	9
07	Somontano de Barbastro	0 a 15	Mujeres	53
07	Somontano de Barbastro	0 a 15	Varones	53
07	Somontano de Barbastro	16 a 64	Mujeres	222
07	Somontano de Barbastro	16 a 64	Varones	311
07	Somontano de Barbastro	65 ó más	Mujeres	13
07	Somontano de Barbastro	65 ó más	Varones	9
08	Cinca Medio	0 a 15	Mujeres	62
08	Cinca Medio	0 a 15	Varones	60
08	Cinca Medio	16 a 64	Mujeres	222
08	Cinca Medio	16 a 64	Varones	623
08	Cinca Medio	65 ó más	Mujeres	5
08	Cinca Medio	65 ó más	Varones	7
09	La Litera / La Llitera	0 a 15	Mujeres	44
09	La Litera / La Llitera	0 a 15	Varones	40
09	La Litera / La Llitera	16 a 64	Mujeres	154
09	La Litera / La Llitera	16 a 64	Varones	379
09	La Litera / La Llitera	65 ó más	Mujeres	4
09	La Litera / La Llitera	65 ó más	Varones	5
10	Los Monegros	0 a 15	Mujeres	33
10	Los Monegros	0 a 15	Varones	47
10	Los Monegros	16 a 64	Mujeres	139
10	Los Monegros	16 a 64	Varones	193
10	Los Monegros	65 ó más	Mujeres	7
10	Los Monegros	65 ó más	Varones	6
11	Bajo Cinca / Baix Cinca	0 a 15	Mujeres	44
11	Bajo Cinca / Baix Cinca	0 a 15	Varones	40
11	Bajo Cinca / Baix Cinca	16 a 64	Mujeres	199
11	Bajo Cinca / Baix Cinca	16 a 64	Varones	582
11	Bajo Cinca / Baix Cinca	65 ó más	Mujeres	3
11	Bajo Cinca / Baix Cinca	65 ó más	Varones	4
12	Tarazona y el Moncayo	0 a 15	Mujeres	16
12	Tarazona y el Moncayo	0 a 15	Varones	21
12	Tarazona y el Moncayo	16 a 64	Mujeres	113
12	Tarazona y el Moncayo	16 a 64	Varones	140
12	Tarazona y el Moncayo	65 ó más	Mujeres	1
12	Tarazona y el Moncayo	65 ó más	Varones	3
13	Campo de Borja	0 a 15	Mujeres	21
13	Campo de Borja	0 a 15	Varones	30
13	Campo de Borja	16 a 64	Mujeres	120
13	Campo de Borja	16 a 64	Varones	283
13	Campo de Borja	65 ó más	Mujeres	4
13	Campo de Borja	65 ó más	Varones	5
14	Aranda	0 a 15	Mujeres	17
14	Aranda	0 a 15	Varones	24
14	Aranda	16 a 64	Mujeres	66
14	Aranda	16 a 64	Varones	102
15	Ribera Alta del Ebro	0 a 15	Mujeres	25
15	Ribera Alta del Ebro	0 a 15	Varones	50
15	Ribera Alta del Ebro	16 a 64	Mujeres	181
15	Ribera Alta del Ebro	16 a 64	Varones	263
15	Ribera Alta del Ebro	65 ó más	Mujeres	4
15	Ribera Alta del Ebro	65 ó más	Varones	4
16	Valdejalón	0 a 15	Mujeres	55
16	Valdejalón	0 a 15	Varones	76
16	Valdejalón	16 a 64	Mujeres	335
16	Valdejalón	16 a 64	Varones	743
16	Valdejalón	65 ó más	Mujeres	3
16	Valdejalón	65 ó más	Varones	2
17	D.C. Zaragoza	0 a 15	Mujeres	1795
17	D.C. Zaragoza	0 a 15	Varones	1802
17	D.C. Zaragoza	16 a 64	Mujeres	8601
17	D.C. Zaragoza	16 a 64	Varones	9582
17	D.C. Zaragoza	65 ó más	Mujeres	254
17	D.C. Zaragoza	65 ó más	Varones	160
18	Ribera Baja del Ebro	0 a 15	Mujeres	11
18	Ribera Baja del Ebro	0 a 15	Varones	8
18	Ribera Baja del Ebro	16 a 64	Mujeres	48
18	Ribera Baja del Ebro	16 a 64	Varones	77
18	Ribera Baja del Ebro	65 ó más	Mujeres	4
18	Ribera Baja del Ebro	65 ó más	Varones	3
19	Bajo Aragón-Caspe / Baix Aragó-Casp	0 a 15	Mujeres	20
19	Bajo Aragón-Caspe / Baix Aragó-Casp	0 a 15	Varones	30
19	Bajo Aragón-Caspe / Baix Aragó-Casp	16 a 64	Mujeres	68
19	Bajo Aragón-Caspe / Baix Aragó-Casp	16 a 64	Varones	203
19	Bajo Aragón-Caspe / Baix Aragó-Casp	65 ó más	Mujeres	5
19	Bajo Aragón-Caspe / Baix Aragó-Casp	65 ó más	Varones	1
20	Comunidad de Calatayud	0 a 15	Mujeres	84
20	Comunidad de Calatayud	0 a 15	Varones	91
20	Comunidad de Calatayud	16 a 64	Mujeres	511
20	Comunidad de Calatayud	16 a 64	Varones	717
20	Comunidad de Calatayud	65 ó más	Mujeres	18
20	Comunidad de Calatayud	65 ó más	Varones	5
21	Campo de Cariñena	0 a 15	Mujeres	35
21	Campo de Cariñena	0 a 15	Varones	34
21	Campo de Cariñena	16 a 64	Mujeres	189
21	Campo de Cariñena	16 a 64	Varones	594
21	Campo de Cariñena	65 ó más	Mujeres	3
21	Campo de Cariñena	65 ó más	Varones	2
22	Campo de Belchite	0 a 15	Mujeres	4
22	Campo de Belchite	16 a 64	Mujeres	16
22	Campo de Belchite	16 a 64	Varones	36
22	Campo de Belchite	65 ó más	Varones	1
23	Bajo Martín	0 a 15	Mujeres	3
23	Bajo Martín	0 a 15	Varones	11
23	Bajo Martín	16 a 64	Mujeres	41
23	Bajo Martín	16 a 64	Varones	74
23	Bajo Martín	65 ó más	Mujeres	1
23	Bajo Martín	65 ó más	Varones	2
24	Campo de Daroca	0 a 15	Mujeres	4
24	Campo de Daroca	0 a 15	Varones	8
24	Campo de Daroca	16 a 64	Mujeres	18
24	Campo de Daroca	16 a 64	Varones	20
25	Jiloca	0 a 15	Mujeres	37
25	Jiloca	0 a 15	Varones	24
25	Jiloca	16 a 64	Mujeres	115
25	Jiloca	16 a 64	Varones	138
25	Jiloca	65 ó más	Mujeres	1
25	Jiloca	65 ó más	Varones	1
26	Cuencas Mineras	0 a 15	Mujeres	7
26	Cuencas Mineras	0 a 15	Varones	18
26	Cuencas Mineras	16 a 64	Mujeres	40
26	Cuencas Mineras	16 a 64	Varones	108
26	Cuencas Mineras	65 ó más	Mujeres	1
27	Andorra-Sierra de Arcos	0 a 15	Mujeres	15
27	Andorra-Sierra de Arcos	0 a 15	Varones	9
27	Andorra-Sierra de Arcos	16 a 64	Mujeres	28
27	Andorra-Sierra de Arcos	16 a 64	Varones	83
28	Bajo Aragón	0 a 15	Mujeres	89
28	Bajo Aragón	0 a 15	Varones	90
28	Bajo Aragón	16 a 64	Mujeres	237
28	Bajo Aragón	16 a 64	Varones	372
28	Bajo Aragón	65 ó más	Mujeres	8
28	Bajo Aragón	65 ó más	Varones	3
29	Comunidad de Teruel	0 a 15	Mujeres	42
29	Comunidad de Teruel	0 a 15	Varones	59
29	Comunidad de Teruel	16 a 64	Mujeres	344
29	Comunidad de Teruel	16 a 64	Varones	338
29	Comunidad de Teruel	65 ó más	Mujeres	4
29	Comunidad de Teruel	65 ó más	Varones	3
30	Maestrazgo	0 a 15	Mujeres	6
30	Maestrazgo	0 a 15	Varones	12
30	Maestrazgo	16 a 64	Mujeres	30
30	Maestrazgo	16 a 64	Varones	58
30	Maestrazgo	65 ó más	Mujeres	1
30	Maestrazgo	65 ó más	Varones	1
31	Sierra de Albarracín	0 a 15	Mujeres	10
31	Sierra de Albarracín	0 a 15	Varones	15
31	Sierra de Albarracín	16 a 64	Mujeres	39
31	Sierra de Albarracín	16 a 64	Varones	40
32	Gúdar-Javalambre	0 a 15	Mujeres	35
32	Gúdar-Javalambre	0 a 15	Varones	33
32	Gúdar-Javalambre	16 a 64	Mujeres	101
32	Gúdar-Javalambre	16 a 64	Varones	148
32	Gúdar-Javalambre	65 ó más	Varones	3
33	Matarraña / Matarranya	0 a 15	Mujeres	20
33	Matarraña / Matarranya	0 a 15	Varones	32
33	Matarraña / Matarranya	16 a 64	Mujeres	66
33	Matarraña / Matarranya	16 a 64	Varones	114
33	Matarraña / Matarranya	65 ó más	Mujeres	3
33	Matarraña / Matarranya	65 ó más	Varones	3