Comarca código	Comarca nombre	Edad (grupos quinquenales)	Sexo	Personas
01	La Jacetania	00 a 04	Varones	-356
01	La Jacetania	05 a 09	Varones	-361
01	La Jacetania	10 a 14	Varones	-383
01	La Jacetania	15 a 19	Varones	-430
01	La Jacetania	20 a 24	Varones	-550
01	La Jacetania	25 a 29	Varones	-632
01	La Jacetania	30 a 34	Varones	-673
01	La Jacetania	35 a 39	Varones	-721
01	La Jacetania	40 a 44	Varones	-710
01	La Jacetania	45 a 49	Varones	-595
01	La Jacetania	50 a 54	Varones	-462
01	La Jacetania	55 a 59	Varones	-457
01	La Jacetania	60 a 64	Varones	-415
01	La Jacetania	65 a 69	Varones	-489
01	La Jacetania	70 a 74	Varones	-475
01	La Jacetania	75 a 79	Varones	-386
01	La Jacetania	80 a 84	Varones	-203
01	La Jacetania	85 a 90	Varones	-118
01	La Jacetania	90 ó más	Varones	-52
01	La Jacetania	00 a 04	Mujeres	332
01	La Jacetania	05 a 09	Mujeres	308
01	La Jacetania	10 a 14	Mujeres	333
01	La Jacetania	15 a 19	Mujeres	390
01	La Jacetania	20 a 24	Mujeres	523
01	La Jacetania	25 a 29	Mujeres	593
01	La Jacetania	30 a 34	Mujeres	612
01	La Jacetania	35 a 39	Mujeres	714
01	La Jacetania	40 a 44	Mujeres	628
01	La Jacetania	45 a 49	Mujeres	459
01	La Jacetania	50 a 54	Mujeres	433
01	La Jacetania	55 a 59	Mujeres	406
01	La Jacetania	60 a 64	Mujeres	342
01	La Jacetania	65 a 69	Mujeres	521
01	La Jacetania	70 a 74	Mujeres	550
01	La Jacetania	75 a 79	Mujeres	424
01	La Jacetania	80 a 84	Mujeres	316
01	La Jacetania	85 a 90	Mujeres	215
01	La Jacetania	90 ó más	Mujeres	109
02	Alto Gállego	00 a 04	Varones	-240
02	Alto Gállego	05 a 09	Varones	-249
02	Alto Gállego	10 a 14	Varones	-248
02	Alto Gállego	15 a 19	Varones	-337
02	Alto Gállego	20 a 24	Varones	-427
02	Alto Gállego	25 a 29	Varones	-442
02	Alto Gállego	30 a 34	Varones	-473
02	Alto Gállego	35 a 39	Varones	-550
02	Alto Gállego	40 a 44	Varones	-545
02	Alto Gállego	45 a 49	Varones	-430
02	Alto Gállego	50 a 54	Varones	-362
02	Alto Gállego	55 a 59	Varones	-311
02	Alto Gállego	60 a 64	Varones	-243
02	Alto Gállego	65 a 69	Varones	-404
02	Alto Gállego	70 a 74	Varones	-410
02	Alto Gállego	75 a 79	Varones	-290
02	Alto Gállego	80 a 84	Varones	-141
02	Alto Gállego	85 a 90	Varones	-54
02	Alto Gállego	90 ó más	Varones	-30
02	Alto Gállego	00 a 04	Mujeres	269
02	Alto Gállego	05 a 09	Mujeres	209
02	Alto Gállego	10 a 14	Mujeres	243
02	Alto Gállego	15 a 19	Mujeres	295
02	Alto Gállego	20 a 24	Mujeres	396
02	Alto Gállego	25 a 29	Mujeres	397
02	Alto Gállego	30 a 34	Mujeres	513
02	Alto Gállego	35 a 39	Mujeres	466
02	Alto Gállego	40 a 44	Mujeres	485
02	Alto Gállego	45 a 49	Mujeres	395
02	Alto Gállego	50 a 54	Mujeres	291
02	Alto Gállego	55 a 59	Mujeres	328
02	Alto Gállego	60 a 64	Mujeres	294
02	Alto Gállego	65 a 69	Mujeres	363
02	Alto Gállego	70 a 74	Mujeres	420
02	Alto Gállego	75 a 79	Mujeres	269
02	Alto Gállego	80 a 84	Mujeres	188
02	Alto Gállego	85 a 90	Mujeres	108
02	Alto Gállego	90 ó más	Mujeres	61
03	Sobrarbe	00 a 04	Varones	-131
03	Sobrarbe	05 a 09	Varones	-118
03	Sobrarbe	10 a 14	Varones	-126
03	Sobrarbe	15 a 19	Varones	-138
03	Sobrarbe	20 a 24	Varones	-186
03	Sobrarbe	25 a 29	Varones	-228
03	Sobrarbe	30 a 34	Varones	-264
03	Sobrarbe	35 a 39	Varones	-302
03	Sobrarbe	40 a 44	Varones	-315
03	Sobrarbe	45 a 49	Varones	-301
03	Sobrarbe	50 a 54	Varones	-206
03	Sobrarbe	55 a 59	Varones	-205
03	Sobrarbe	60 a 64	Varones	-150
03	Sobrarbe	65 a 69	Varones	-262
03	Sobrarbe	70 a 74	Varones	-239
03	Sobrarbe	75 a 79	Varones	-214
03	Sobrarbe	80 a 84	Varones	-115
03	Sobrarbe	85 a 90	Varones	-76
03	Sobrarbe	90 ó más	Varones	-32
03	Sobrarbe	00 a 04	Mujeres	133
03	Sobrarbe	05 a 09	Mujeres	116
03	Sobrarbe	10 a 14	Mujeres	122
03	Sobrarbe	15 a 19	Mujeres	143
03	Sobrarbe	20 a 24	Mujeres	157
03	Sobrarbe	25 a 29	Mujeres	204
03	Sobrarbe	30 a 34	Mujeres	210
03	Sobrarbe	35 a 39	Mujeres	246
03	Sobrarbe	40 a 44	Mujeres	212
03	Sobrarbe	45 a 49	Mujeres	206
03	Sobrarbe	50 a 54	Mujeres	176
03	Sobrarbe	55 a 59	Mujeres	150
03	Sobrarbe	60 a 64	Mujeres	147
03	Sobrarbe	65 a 69	Mujeres	225
03	Sobrarbe	70 a 74	Mujeres	233
03	Sobrarbe	75 a 79	Mujeres	218
03	Sobrarbe	80 a 84	Mujeres	132
03	Sobrarbe	85 a 90	Mujeres	107
03	Sobrarbe	90 ó más	Mujeres	58
04	La Ribagorza	00 a 04	Varones	-204
04	La Ribagorza	05 a 09	Varones	-213
04	La Ribagorza	10 a 14	Varones	-241
04	La Ribagorza	15 a 19	Varones	-253
04	La Ribagorza	20 a 24	Varones	-306
04	La Ribagorza	25 a 29	Varones	-426
04	La Ribagorza	30 a 34	Varones	-451
04	La Ribagorza	35 a 39	Varones	-522
04	La Ribagorza	40 a 44	Varones	-479
04	La Ribagorza	45 a 49	Varones	-406
04	La Ribagorza	50 a 54	Varones	-382
04	La Ribagorza	55 a 59	Varones	-298
04	La Ribagorza	60 a 64	Varones	-274
04	La Ribagorza	65 a 69	Varones	-402
04	La Ribagorza	70 a 74	Varones	-378
04	La Ribagorza	75 a 79	Varones	-408
04	La Ribagorza	80 a 84	Varones	-254
04	La Ribagorza	85 a 90	Varones	-150
04	La Ribagorza	90 ó más	Varones	-62
04	La Ribagorza	00 a 04	Mujeres	195
04	La Ribagorza	05 a 09	Mujeres	189
04	La Ribagorza	10 a 14	Mujeres	194
04	La Ribagorza	15 a 19	Mujeres	238
04	La Ribagorza	20 a 24	Mujeres	307
04	La Ribagorza	25 a 29	Mujeres	347
04	La Ribagorza	30 a 34	Mujeres	437
04	La Ribagorza	35 a 39	Mujeres	388
04	La Ribagorza	40 a 44	Mujeres	396
04	La Ribagorza	45 a 49	Mujeres	291
04	La Ribagorza	50 a 54	Mujeres	331
04	La Ribagorza	55 a 59	Mujeres	263
04	La Ribagorza	60 a 64	Mujeres	268
04	La Ribagorza	65 a 69	Mujeres	412
04	La Ribagorza	70 a 74	Mujeres	421
04	La Ribagorza	75 a 79	Mujeres	388
04	La Ribagorza	80 a 84	Mujeres	309
04	La Ribagorza	85 a 90	Mujeres	204
04	La Ribagorza	90 ó más	Mujeres	105
05	Cinco Villas	00 a 04	Varones	-651
05	Cinco Villas	05 a 09	Varones	-586
05	Cinco Villas	10 a 14	Varones	-709
05	Cinco Villas	15 a 19	Varones	-825
05	Cinco Villas	20 a 24	Varones	-1115
05	Cinco Villas	25 a 29	Varones	-1383
05	Cinco Villas	30 a 34	Varones	-1376
05	Cinco Villas	35 a 39	Varones	-1461
05	Cinco Villas	40 a 44	Varones	-1324
05	Cinco Villas	45 a 49	Varones	-1106
05	Cinco Villas	50 a 54	Varones	-949
05	Cinco Villas	55 a 59	Varones	-873
05	Cinco Villas	60 a 64	Varones	-747
05	Cinco Villas	65 a 69	Varones	-1021
05	Cinco Villas	70 a 74	Varones	-960
05	Cinco Villas	75 a 79	Varones	-766
05	Cinco Villas	80 a 84	Varones	-467
05	Cinco Villas	85 a 90	Varones	-178
05	Cinco Villas	90 ó más	Varones	-73
05	Cinco Villas	00 a 04	Mujeres	587
05	Cinco Villas	05 a 09	Mujeres	614
05	Cinco Villas	10 a 14	Mujeres	719
05	Cinco Villas	15 a 19	Mujeres	794
05	Cinco Villas	20 a 24	Mujeres	1013
05	Cinco Villas	25 a 29	Mujeres	1069
05	Cinco Villas	30 a 34	Mujeres	1098
05	Cinco Villas	35 a 39	Mujeres	1188
05	Cinco Villas	40 a 44	Mujeres	1104
05	Cinco Villas	45 a 49	Mujeres	870
05	Cinco Villas	50 a 54	Mujeres	825
05	Cinco Villas	55 a 59	Mujeres	810
05	Cinco Villas	60 a 64	Mujeres	744
05	Cinco Villas	65 a 69	Mujeres	1101
05	Cinco Villas	70 a 74	Mujeres	1020
05	Cinco Villas	75 a 79	Mujeres	869
05	Cinco Villas	80 a 84	Mujeres	686
05	Cinco Villas	85 a 90	Mujeres	351
05	Cinco Villas	90 ó más	Mujeres	177
06	Hoya de Huesca / Plana de Uesca	00 a 04	Varones	-1273
06	Hoya de Huesca / Plana de Uesca	05 a 09	Varones	-1340
06	Hoya de Huesca / Plana de Uesca	10 a 14	Varones	-1377
06	Hoya de Huesca / Plana de Uesca	15 a 19	Varones	-1675
06	Hoya de Huesca / Plana de Uesca	20 a 24	Varones	-2137
06	Hoya de Huesca / Plana de Uesca	25 a 29	Varones	-2285
06	Hoya de Huesca / Plana de Uesca	30 a 34	Varones	-2228
06	Hoya de Huesca / Plana de Uesca	35 a 39	Varones	-2378
06	Hoya de Huesca / Plana de Uesca	40 a 44	Varones	-2281
06	Hoya de Huesca / Plana de Uesca	45 a 49	Varones	-2052
06	Hoya de Huesca / Plana de Uesca	50 a 54	Varones	-1937
06	Hoya de Huesca / Plana de Uesca	55 a 59	Varones	-1708
06	Hoya de Huesca / Plana de Uesca	60 a 64	Varones	-1273
06	Hoya de Huesca / Plana de Uesca	65 a 69	Varones	-1554
06	Hoya de Huesca / Plana de Uesca	70 a 74	Varones	-1550
06	Hoya de Huesca / Plana de Uesca	75 a 79	Varones	-1321
06	Hoya de Huesca / Plana de Uesca	80 a 84	Varones	-739
06	Hoya de Huesca / Plana de Uesca	85 a 90	Varones	-384
06	Hoya de Huesca / Plana de Uesca	90 ó más	Varones	-167
06	Hoya de Huesca / Plana de Uesca	00 a 04	Mujeres	1291
06	Hoya de Huesca / Plana de Uesca	05 a 09	Mujeres	1234
06	Hoya de Huesca / Plana de Uesca	10 a 14	Mujeres	1251
06	Hoya de Huesca / Plana de Uesca	15 a 19	Mujeres	1518
06	Hoya de Huesca / Plana de Uesca	20 a 24	Mujeres	2016
06	Hoya de Huesca / Plana de Uesca	25 a 29	Mujeres	2168
06	Hoya de Huesca / Plana de Uesca	30 a 34	Mujeres	2146
06	Hoya de Huesca / Plana de Uesca	35 a 39	Mujeres	2272
06	Hoya de Huesca / Plana de Uesca	40 a 44	Mujeres	2297
06	Hoya de Huesca / Plana de Uesca	45 a 49	Mujeres	2152
06	Hoya de Huesca / Plana de Uesca	50 a 54	Mujeres	1819
06	Hoya de Huesca / Plana de Uesca	55 a 59	Mujeres	1734
06	Hoya de Huesca / Plana de Uesca	60 a 64	Mujeres	1270
06	Hoya de Huesca / Plana de Uesca	65 a 69	Mujeres	1736
06	Hoya de Huesca / Plana de Uesca	70 a 74	Mujeres	1781
06	Hoya de Huesca / Plana de Uesca	75 a 79	Mujeres	1662
06	Hoya de Huesca / Plana de Uesca	80 a 84	Mujeres	1152
06	Hoya de Huesca / Plana de Uesca	85 a 90	Mujeres	744
06	Hoya de Huesca / Plana de Uesca	90 ó más	Mujeres	352
07	Somontano de Barbastro	00 a 04	Varones	-451
07	Somontano de Barbastro	05 a 09	Varones	-485
07	Somontano de Barbastro	10 a 14	Varones	-530
07	Somontano de Barbastro	15 a 19	Varones	-624
07	Somontano de Barbastro	20 a 24	Varones	-756
07	Somontano de Barbastro	25 a 29	Varones	-793
07	Somontano de Barbastro	30 a 34	Varones	-796
07	Somontano de Barbastro	35 a 39	Varones	-848
07	Somontano de Barbastro	40 a 44	Varones	-805
07	Somontano de Barbastro	45 a 49	Varones	-794
07	Somontano de Barbastro	50 a 54	Varones	-681
07	Somontano de Barbastro	55 a 59	Varones	-597
07	Somontano de Barbastro	60 a 64	Varones	-492
07	Somontano de Barbastro	65 a 69	Varones	-740
07	Somontano de Barbastro	70 a 74	Varones	-692
07	Somontano de Barbastro	75 a 79	Varones	-619
07	Somontano de Barbastro	80 a 84	Varones	-327
07	Somontano de Barbastro	85 a 90	Varones	-180
07	Somontano de Barbastro	90 ó más	Varones	-87
07	Somontano de Barbastro	00 a 04	Mujeres	465
07	Somontano de Barbastro	05 a 09	Mujeres	471
07	Somontano de Barbastro	10 a 14	Mujeres	523
07	Somontano de Barbastro	15 a 19	Mujeres	587
07	Somontano de Barbastro	20 a 24	Mujeres	699
07	Somontano de Barbastro	25 a 29	Mujeres	739
07	Somontano de Barbastro	30 a 34	Mujeres	748
07	Somontano de Barbastro	35 a 39	Mujeres	846
07	Somontano de Barbastro	40 a 44	Mujeres	829
07	Somontano de Barbastro	45 a 49	Mujeres	678
07	Somontano de Barbastro	50 a 54	Mujeres	593
07	Somontano de Barbastro	55 a 59	Mujeres	585
07	Somontano de Barbastro	60 a 64	Mujeres	555
07	Somontano de Barbastro	65 a 69	Mujeres	732
07	Somontano de Barbastro	70 a 74	Mujeres	775
07	Somontano de Barbastro	75 a 79	Mujeres	713
07	Somontano de Barbastro	80 a 84	Mujeres	482
07	Somontano de Barbastro	85 a 90	Mujeres	321
07	Somontano de Barbastro	90 ó más	Mujeres	134
08	Cinca Medio	00 a 04	Varones	-486
08	Cinca Medio	05 a 09	Varones	-484
08	Cinca Medio	10 a 14	Varones	-537
08	Cinca Medio	15 a 19	Varones	-598
08	Cinca Medio	20 a 24	Varones	-826
08	Cinca Medio	25 a 29	Varones	-853
08	Cinca Medio	30 a 34	Varones	-964
08	Cinca Medio	35 a 39	Varones	-969
08	Cinca Medio	40 a 44	Varones	-824
08	Cinca Medio	45 a 49	Varones	-712
08	Cinca Medio	50 a 54	Varones	-621
08	Cinca Medio	55 a 59	Varones	-597
08	Cinca Medio	60 a 64	Varones	-492
08	Cinca Medio	65 a 69	Varones	-704
08	Cinca Medio	70 a 74	Varones	-624
08	Cinca Medio	75 a 79	Varones	-553
08	Cinca Medio	80 a 84	Varones	-276
08	Cinca Medio	85 a 90	Varones	-133
08	Cinca Medio	90 ó más	Varones	-61
08	Cinca Medio	00 a 04	Mujeres	453
08	Cinca Medio	05 a 09	Mujeres	453
08	Cinca Medio	10 a 14	Mujeres	480
08	Cinca Medio	15 a 19	Mujeres	536
08	Cinca Medio	20 a 24	Mujeres	665
08	Cinca Medio	25 a 29	Mujeres	779
08	Cinca Medio	30 a 34	Mujeres	782
08	Cinca Medio	35 a 39	Mujeres	845
08	Cinca Medio	40 a 44	Mujeres	725
08	Cinca Medio	45 a 49	Mujeres	634
08	Cinca Medio	50 a 54	Mujeres	588
08	Cinca Medio	55 a 59	Mujeres	577
08	Cinca Medio	60 a 64	Mujeres	570
08	Cinca Medio	65 a 69	Mujeres	664
08	Cinca Medio	70 a 74	Mujeres	689
08	Cinca Medio	75 a 79	Mujeres	597
08	Cinca Medio	80 a 84	Mujeres	431
08	Cinca Medio	85 a 90	Mujeres	243
08	Cinca Medio	90 ó más	Mujeres	107
09	La Litera / La Llitera	00 a 04	Varones	-357
09	La Litera / La Llitera	05 a 09	Varones	-364
09	La Litera / La Llitera	10 a 14	Varones	-356
09	La Litera / La Llitera	15 a 19	Varones	-444
09	La Litera / La Llitera	20 a 24	Varones	-639
09	La Litera / La Llitera	25 a 29	Varones	-787
09	La Litera / La Llitera	30 a 34	Varones	-680
09	La Litera / La Llitera	35 a 39	Varones	-726
09	La Litera / La Llitera	40 a 44	Varones	-647
09	La Litera / La Llitera	45 a 49	Varones	-570
09	La Litera / La Llitera	50 a 54	Varones	-524
09	La Litera / La Llitera	55 a 59	Varones	-525
09	La Litera / La Llitera	60 a 64	Varones	-480
09	La Litera / La Llitera	65 a 69	Varones	-591
09	La Litera / La Llitera	70 a 74	Varones	-603
09	La Litera / La Llitera	75 a 79	Varones	-530
09	La Litera / La Llitera	80 a 84	Varones	-292
09	La Litera / La Llitera	85 a 90	Varones	-162
09	La Litera / La Llitera	90 ó más	Varones	-78
09	La Litera / La Llitera	00 a 04	Mujeres	351
09	La Litera / La Llitera	05 a 09	Mujeres	324
09	La Litera / La Llitera	10 a 14	Mujeres	335
09	La Litera / La Llitera	15 a 19	Mujeres	379
09	La Litera / La Llitera	20 a 24	Mujeres	596
09	La Litera / La Llitera	25 a 29	Mujeres	590
09	La Litera / La Llitera	30 a 34	Mujeres	586
09	La Litera / La Llitera	35 a 39	Mujeres	642
09	La Litera / La Llitera	40 a 44	Mujeres	574
09	La Litera / La Llitera	45 a 49	Mujeres	517
09	La Litera / La Llitera	50 a 54	Mujeres	507
09	La Litera / La Llitera	55 a 59	Mujeres	544
09	La Litera / La Llitera	60 a 64	Mujeres	468
09	La Litera / La Llitera	65 a 69	Mujeres	668
09	La Litera / La Llitera	70 a 74	Mujeres	627
09	La Litera / La Llitera	75 a 79	Mujeres	609
09	La Litera / La Llitera	80 a 84	Mujeres	420
09	La Litera / La Llitera	85 a 90	Mujeres	265
09	La Litera / La Llitera	90 ó más	Mujeres	130
10	Los Monegros	00 a 04	Varones	-329
10	Los Monegros	05 a 09	Varones	-379
10	Los Monegros	10 a 14	Varones	-394
10	Los Monegros	15 a 19	Varones	-554
10	Los Monegros	20 a 24	Varones	-687
10	Los Monegros	25 a 29	Varones	-724
10	Los Monegros	30 a 34	Varones	-718
10	Los Monegros	35 a 39	Varones	-845
10	Los Monegros	40 a 44	Varones	-821
10	Los Monegros	45 a 49	Varones	-693
10	Los Monegros	50 a 54	Varones	-631
10	Los Monegros	55 a 59	Varones	-624
10	Los Monegros	60 a 64	Varones	-594
10	Los Monegros	65 a 69	Varones	-772
10	Los Monegros	70 a 74	Varones	-789
10	Los Monegros	75 a 79	Varones	-612
10	Los Monegros	80 a 84	Varones	-352
10	Los Monegros	85 a 90	Varones	-184
10	Los Monegros	90 ó más	Varones	-70
10	Los Monegros	00 a 04	Mujeres	302
10	Los Monegros	05 a 09	Mujeres	316
10	Los Monegros	10 a 14	Mujeres	423
10	Los Monegros	15 a 19	Mujeres	461
10	Los Monegros	20 a 24	Mujeres	631
10	Los Monegros	25 a 29	Mujeres	655
10	Los Monegros	30 a 34	Mujeres	635
10	Los Monegros	35 a 39	Mujeres	715
10	Los Monegros	40 a 44	Mujeres	625
10	Los Monegros	45 a 49	Mujeres	567
10	Los Monegros	50 a 54	Mujeres	573
10	Los Monegros	55 a 59	Mujeres	596
10	Los Monegros	60 a 64	Mujeres	542
10	Los Monegros	65 a 69	Mujeres	759
10	Los Monegros	70 a 74	Mujeres	809
10	Los Monegros	75 a 79	Mujeres	725
10	Los Monegros	80 a 84	Mujeres	480
10	Los Monegros	85 a 90	Mujeres	283
10	Los Monegros	90 ó más	Mujeres	120
11	Bajo Cinca / Baix Cinca	00 a 04	Varones	-489
11	Bajo Cinca / Baix Cinca	05 a 09	Varones	-490
11	Bajo Cinca / Baix Cinca	10 a 14	Varones	-546
11	Bajo Cinca / Baix Cinca	15 a 19	Varones	-605
11	Bajo Cinca / Baix Cinca	20 a 24	Varones	-866
11	Bajo Cinca / Baix Cinca	25 a 29	Varones	-901
11	Bajo Cinca / Baix Cinca	30 a 34	Varones	-892
11	Bajo Cinca / Baix Cinca	35 a 39	Varones	-908
11	Bajo Cinca / Baix Cinca	40 a 44	Varones	-781
11	Bajo Cinca / Baix Cinca	45 a 49	Varones	-731
11	Bajo Cinca / Baix Cinca	50 a 54	Varones	-627
11	Bajo Cinca / Baix Cinca	55 a 59	Varones	-604
11	Bajo Cinca / Baix Cinca	60 a 64	Varones	-558
11	Bajo Cinca / Baix Cinca	65 a 69	Varones	-661
11	Bajo Cinca / Baix Cinca	70 a 74	Varones	-616
11	Bajo Cinca / Baix Cinca	75 a 79	Varones	-510
11	Bajo Cinca / Baix Cinca	80 a 84	Varones	-345
11	Bajo Cinca / Baix Cinca	85 a 90	Varones	-146
11	Bajo Cinca / Baix Cinca	90 ó más	Varones	-58
11	Bajo Cinca / Baix Cinca	00 a 04	Mujeres	449
11	Bajo Cinca / Baix Cinca	05 a 09	Mujeres	500
11	Bajo Cinca / Baix Cinca	10 a 14	Mujeres	505
11	Bajo Cinca / Baix Cinca	15 a 19	Mujeres	601
11	Bajo Cinca / Baix Cinca	20 a 24	Mujeres	713
11	Bajo Cinca / Baix Cinca	25 a 29	Mujeres	789
11	Bajo Cinca / Baix Cinca	30 a 34	Mujeres	759
11	Bajo Cinca / Baix Cinca	35 a 39	Mujeres	769
11	Bajo Cinca / Baix Cinca	40 a 44	Mujeres	742
11	Bajo Cinca / Baix Cinca	45 a 49	Mujeres	627
11	Bajo Cinca / Baix Cinca	50 a 54	Mujeres	601
11	Bajo Cinca / Baix Cinca	55 a 59	Mujeres	603
11	Bajo Cinca / Baix Cinca	60 a 64	Mujeres	555
11	Bajo Cinca / Baix Cinca	65 a 69	Mujeres	697
11	Bajo Cinca / Baix Cinca	70 a 74	Mujeres	651
11	Bajo Cinca / Baix Cinca	75 a 79	Mujeres	591
11	Bajo Cinca / Baix Cinca	80 a 84	Mujeres	418
11	Bajo Cinca / Baix Cinca	85 a 90	Mujeres	231
11	Bajo Cinca / Baix Cinca	90 ó más	Mujeres	119
12	Tarazona y el Moncayo	00 a 04	Varones	-270
12	Tarazona y el Moncayo	05 a 09	Varones	-278
12	Tarazona y el Moncayo	10 a 14	Varones	-302
12	Tarazona y el Moncayo	15 a 19	Varones	-369
12	Tarazona y el Moncayo	20 a 24	Varones	-467
12	Tarazona y el Moncayo	25 a 29	Varones	-508
12	Tarazona y el Moncayo	30 a 34	Varones	-515
12	Tarazona y el Moncayo	35 a 39	Varones	-530
12	Tarazona y el Moncayo	40 a 44	Varones	-489
12	Tarazona y el Moncayo	45 a 49	Varones	-433
12	Tarazona y el Moncayo	50 a 54	Varones	-411
12	Tarazona y el Moncayo	55 a 59	Varones	-405
12	Tarazona y el Moncayo	60 a 64	Varones	-372
12	Tarazona y el Moncayo	65 a 69	Varones	-453
12	Tarazona y el Moncayo	70 a 74	Varones	-434
12	Tarazona y el Moncayo	75 a 79	Varones	-385
12	Tarazona y el Moncayo	80 a 84	Varones	-207
12	Tarazona y el Moncayo	85 a 90	Varones	-103
12	Tarazona y el Moncayo	90 ó más	Varones	-50
12	Tarazona y el Moncayo	00 a 04	Mujeres	245
12	Tarazona y el Moncayo	05 a 09	Mujeres	287
12	Tarazona y el Moncayo	10 a 14	Mujeres	301
12	Tarazona y el Moncayo	15 a 19	Mujeres	358
12	Tarazona y el Moncayo	20 a 24	Mujeres	400
12	Tarazona y el Moncayo	25 a 29	Mujeres	521
12	Tarazona y el Moncayo	30 a 34	Mujeres	480
12	Tarazona y el Moncayo	35 a 39	Mujeres	463
12	Tarazona y el Moncayo	40 a 44	Mujeres	449
12	Tarazona y el Moncayo	45 a 49	Mujeres	382
12	Tarazona y el Moncayo	50 a 54	Mujeres	393
12	Tarazona y el Moncayo	55 a 59	Mujeres	409
12	Tarazona y el Moncayo	60 a 64	Mujeres	356
12	Tarazona y el Moncayo	65 a 69	Mujeres	496
12	Tarazona y el Moncayo	70 a 74	Mujeres	475
12	Tarazona y el Moncayo	75 a 79	Mujeres	475
12	Tarazona y el Moncayo	80 a 84	Mujeres	371
12	Tarazona y el Moncayo	85 a 90	Mujeres	228
12	Tarazona y el Moncayo	90 ó más	Mujeres	98
13	Campo de Borja	00 a 04	Varones	-269
13	Campo de Borja	05 a 09	Varones	-301
13	Campo de Borja	10 a 14	Varones	-310
13	Campo de Borja	15 a 19	Varones	-355
13	Campo de Borja	20 a 24	Varones	-449
13	Campo de Borja	25 a 29	Varones	-563
13	Campo de Borja	30 a 34	Varones	-595
13	Campo de Borja	35 a 39	Varones	-597
13	Campo de Borja	40 a 44	Varones	-513
13	Campo de Borja	45 a 49	Varones	-447
13	Campo de Borja	50 a 54	Varones	-403
13	Campo de Borja	55 a 59	Varones	-422
13	Campo de Borja	60 a 64	Varones	-374
13	Campo de Borja	65 a 69	Varones	-479
13	Campo de Borja	70 a 74	Varones	-470
13	Campo de Borja	75 a 79	Varones	-382
13	Campo de Borja	80 a 84	Varones	-215
13	Campo de Borja	85 a 90	Varones	-98
13	Campo de Borja	90 ó más	Varones	-44
13	Campo de Borja	00 a 04	Mujeres	277
13	Campo de Borja	05 a 09	Mujeres	236
13	Campo de Borja	10 a 14	Mujeres	266
13	Campo de Borja	15 a 19	Mujeres	326
13	Campo de Borja	20 a 24	Mujeres	425
13	Campo de Borja	25 a 29	Mujeres	447
13	Campo de Borja	30 a 34	Mujeres	462
13	Campo de Borja	35 a 39	Mujeres	491
13	Campo de Borja	40 a 44	Mujeres	459
13	Campo de Borja	45 a 49	Mujeres	324
13	Campo de Borja	50 a 54	Mujeres	371
13	Campo de Borja	55 a 59	Mujeres	366
13	Campo de Borja	60 a 64	Mujeres	365
13	Campo de Borja	65 a 69	Mujeres	500
13	Campo de Borja	70 a 74	Mujeres	499
13	Campo de Borja	75 a 79	Mujeres	438
13	Campo de Borja	80 a 84	Mujeres	322
13	Campo de Borja	85 a 90	Mujeres	215
13	Campo de Borja	90 ó más	Mujeres	106
14	Aranda	00 a 04	Varones	-168
14	Aranda	05 a 09	Varones	-161
14	Aranda	10 a 14	Varones	-177
14	Aranda	15 a 19	Varones	-227
14	Aranda	20 a 24	Varones	-278
14	Aranda	25 a 29	Varones	-316
14	Aranda	30 a 34	Varones	-351
14	Aranda	35 a 39	Varones	-342
14	Aranda	40 a 44	Varones	-285
14	Aranda	45 a 49	Varones	-270
14	Aranda	50 a 54	Varones	-216
14	Aranda	55 a 59	Varones	-232
14	Aranda	60 a 64	Varones	-227
14	Aranda	65 a 69	Varones	-276
14	Aranda	70 a 74	Varones	-227
14	Aranda	75 a 79	Varones	-154
14	Aranda	80 a 84	Varones	-100
14	Aranda	85 a 90	Varones	-35
14	Aranda	90 ó más	Varones	-14
14	Aranda	00 a 04	Mujeres	174
14	Aranda	05 a 09	Mujeres	182
14	Aranda	10 a 14	Mujeres	184
14	Aranda	15 a 19	Mujeres	203
14	Aranda	20 a 24	Mujeres	233
14	Aranda	25 a 29	Mujeres	279
14	Aranda	30 a 34	Mujeres	324
14	Aranda	35 a 39	Mujeres	314
14	Aranda	40 a 44	Mujeres	233
14	Aranda	45 a 49	Mujeres	225
14	Aranda	50 a 54	Mujeres	171
14	Aranda	55 a 59	Mujeres	215
14	Aranda	60 a 64	Mujeres	213
14	Aranda	65 a 69	Mujeres	250
14	Aranda	70 a 74	Mujeres	258
14	Aranda	75 a 79	Mujeres	195
14	Aranda	80 a 84	Mujeres	125
14	Aranda	85 a 90	Mujeres	84
14	Aranda	90 ó más	Mujeres	49
15	Ribera Alta del Ebro	00 a 04	Varones	-460
15	Ribera Alta del Ebro	05 a 09	Varones	-506
15	Ribera Alta del Ebro	10 a 14	Varones	-562
15	Ribera Alta del Ebro	15 a 19	Varones	-647
15	Ribera Alta del Ebro	20 a 24	Varones	-764
15	Ribera Alta del Ebro	25 a 29	Varones	-771
15	Ribera Alta del Ebro	30 a 34	Varones	-857
15	Ribera Alta del Ebro	35 a 39	Varones	-887
15	Ribera Alta del Ebro	40 a 44	Varones	-914
15	Ribera Alta del Ebro	45 a 49	Varones	-795
15	Ribera Alta del Ebro	50 a 54	Varones	-687
15	Ribera Alta del Ebro	55 a 59	Varones	-611
15	Ribera Alta del Ebro	60 a 64	Varones	-535
15	Ribera Alta del Ebro	65 a 69	Varones	-689
15	Ribera Alta del Ebro	70 a 74	Varones	-647
15	Ribera Alta del Ebro	75 a 79	Varones	-511
15	Ribera Alta del Ebro	80 a 84	Varones	-286
15	Ribera Alta del Ebro	85 a 90	Varones	-114
15	Ribera Alta del Ebro	90 ó más	Varones	-32
15	Ribera Alta del Ebro	00 a 04	Mujeres	381
15	Ribera Alta del Ebro	05 a 09	Mujeres	455
15	Ribera Alta del Ebro	10 a 14	Mujeres	516
15	Ribera Alta del Ebro	15 a 19	Mujeres	600
15	Ribera Alta del Ebro	20 a 24	Mujeres	744
15	Ribera Alta del Ebro	25 a 29	Mujeres	722
15	Ribera Alta del Ebro	30 a 34	Mujeres	712
15	Ribera Alta del Ebro	35 a 39	Mujeres	836
15	Ribera Alta del Ebro	40 a 44	Mujeres	840
15	Ribera Alta del Ebro	45 a 49	Mujeres	638
15	Ribera Alta del Ebro	50 a 54	Mujeres	605
15	Ribera Alta del Ebro	55 a 59	Mujeres	555
15	Ribera Alta del Ebro	60 a 64	Mujeres	500
15	Ribera Alta del Ebro	65 a 69	Mujeres	739
15	Ribera Alta del Ebro	70 a 74	Mujeres	712
15	Ribera Alta del Ebro	75 a 79	Mujeres	634
15	Ribera Alta del Ebro	80 a 84	Mujeres	467
15	Ribera Alta del Ebro	85 a 90	Mujeres	254
15	Ribera Alta del Ebro	90 ó más	Mujeres	101
16	Valdejalón	00 a 04	Varones	-489
16	Valdejalón	05 a 09	Varones	-468
16	Valdejalón	10 a 14	Varones	-505
16	Valdejalón	15 a 19	Varones	-591
16	Valdejalón	20 a 24	Varones	-814
16	Valdejalón	25 a 29	Varones	-976
16	Valdejalón	30 a 34	Varones	-1041
16	Valdejalón	35 a 39	Varones	-938
16	Valdejalón	40 a 44	Varones	-879
16	Valdejalón	45 a 49	Varones	-704
16	Valdejalón	50 a 54	Varones	-676
16	Valdejalón	55 a 59	Varones	-674
16	Valdejalón	60 a 64	Varones	-609
16	Valdejalón	65 a 69	Varones	-754
16	Valdejalón	70 a 74	Varones	-679
16	Valdejalón	75 a 79	Varones	-585
16	Valdejalón	80 a 84	Varones	-317
16	Valdejalón	85 a 90	Varones	-142
16	Valdejalón	90 ó más	Varones	-63
16	Valdejalón	00 a 04	Mujeres	457
16	Valdejalón	05 a 09	Mujeres	463
16	Valdejalón	10 a 14	Mujeres	453
16	Valdejalón	15 a 19	Mujeres	504
16	Valdejalón	20 a 24	Mujeres	682
16	Valdejalón	25 a 29	Mujeres	808
16	Valdejalón	30 a 34	Mujeres	812
16	Valdejalón	35 a 39	Mujeres	796
16	Valdejalón	40 a 44	Mujeres	663
16	Valdejalón	45 a 49	Mujeres	591
16	Valdejalón	50 a 54	Mujeres	545
16	Valdejalón	55 a 59	Mujeres	603
16	Valdejalón	60 a 64	Mujeres	577
16	Valdejalón	65 a 69	Mujeres	720
16	Valdejalón	70 a 74	Mujeres	726
16	Valdejalón	75 a 79	Mujeres	705
16	Valdejalón	80 a 84	Mujeres	439
16	Valdejalón	85 a 90	Mujeres	274
16	Valdejalón	90 ó más	Mujeres	143
17	D.C. Zaragoza	00 a 04	Varones	-14638
17	D.C. Zaragoza	05 a 09	Varones	-14028
17	D.C. Zaragoza	10 a 14	Varones	-15103
17	D.C. Zaragoza	15 a 19	Varones	-18320
17	D.C. Zaragoza	20 a 24	Varones	-24606
17	D.C. Zaragoza	25 a 29	Varones	-29075
17	D.C. Zaragoza	30 a 34	Varones	-26837
17	D.C. Zaragoza	35 a 39	Varones	-26258
17	D.C. Zaragoza	40 a 44	Varones	-24579
17	D.C. Zaragoza	45 a 49	Varones	-21843
17	D.C. Zaragoza	50 a 54	Varones	-20954
17	D.C. Zaragoza	55 a 59	Varones	-19164
17	D.C. Zaragoza	60 a 64	Varones	-14352
17	D.C. Zaragoza	65 a 69	Varones	-15532
17	D.C. Zaragoza	70 a 74	Varones	-13331
17	D.C. Zaragoza	75 a 79	Varones	-9958
17	D.C. Zaragoza	80 a 84	Varones	-5496
17	D.C. Zaragoza	85 a 90	Varones	-2619
17	D.C. Zaragoza	90 ó más	Varones	-927
17	D.C. Zaragoza	00 a 04	Mujeres	13755
17	D.C. Zaragoza	05 a 09	Mujeres	13607
17	D.C. Zaragoza	10 a 14	Mujeres	14510
17	D.C. Zaragoza	15 a 19	Mujeres	17231
17	D.C. Zaragoza	20 a 24	Mujeres	24136
17	D.C. Zaragoza	25 a 29	Mujeres	27459
17	D.C. Zaragoza	30 a 34	Mujeres	26180
17	D.C. Zaragoza	35 a 39	Mujeres	26031
17	D.C. Zaragoza	40 a 44	Mujeres	25525
17	D.C. Zaragoza	45 a 49	Mujeres	23340
17	D.C. Zaragoza	50 a 54	Mujeres	22318
17	D.C. Zaragoza	55 a 59	Mujeres	20055
17	D.C. Zaragoza	60 a 64	Mujeres	15755
17	D.C. Zaragoza	65 a 69	Mujeres	18687
17	D.C. Zaragoza	70 a 74	Mujeres	17410
17	D.C. Zaragoza	75 a 79	Mujeres	14710
17	D.C. Zaragoza	80 a 84	Mujeres	10089
17	D.C. Zaragoza	85 a 90	Mujeres	5605
17	D.C. Zaragoza	90 ó más	Mujeres	2723
18	Ribera Baja del Ebro	00 a 04	Varones	-113
18	Ribera Baja del Ebro	05 a 09	Varones	-189
18	Ribera Baja del Ebro	10 a 14	Varones	-186
18	Ribera Baja del Ebro	15 a 19	Varones	-238
18	Ribera Baja del Ebro	20 a 24	Varones	-266
18	Ribera Baja del Ebro	25 a 29	Varones	-314
18	Ribera Baja del Ebro	30 a 34	Varones	-345
18	Ribera Baja del Ebro	35 a 39	Varones	-379
18	Ribera Baja del Ebro	40 a 44	Varones	-352
18	Ribera Baja del Ebro	45 a 49	Varones	-335
18	Ribera Baja del Ebro	50 a 54	Varones	-274
18	Ribera Baja del Ebro	55 a 59	Varones	-239
18	Ribera Baja del Ebro	60 a 64	Varones	-240
18	Ribera Baja del Ebro	65 a 69	Varones	-348
18	Ribera Baja del Ebro	70 a 74	Varones	-307
18	Ribera Baja del Ebro	75 a 79	Varones	-227
18	Ribera Baja del Ebro	80 a 84	Varones	-159
18	Ribera Baja del Ebro	85 a 90	Varones	-57
18	Ribera Baja del Ebro	90 ó más	Varones	-25
18	Ribera Baja del Ebro	00 a 04	Mujeres	147
18	Ribera Baja del Ebro	05 a 09	Mujeres	191
18	Ribera Baja del Ebro	10 a 14	Mujeres	179
18	Ribera Baja del Ebro	15 a 19	Mujeres	230
18	Ribera Baja del Ebro	20 a 24	Mujeres	300
18	Ribera Baja del Ebro	25 a 29	Mujeres	260
18	Ribera Baja del Ebro	30 a 34	Mujeres	305
18	Ribera Baja del Ebro	35 a 39	Mujeres	337
18	Ribera Baja del Ebro	40 a 44	Mujeres	319
18	Ribera Baja del Ebro	45 a 49	Mujeres	287
18	Ribera Baja del Ebro	50 a 54	Mujeres	237
18	Ribera Baja del Ebro	55 a 59	Mujeres	235
18	Ribera Baja del Ebro	60 a 64	Mujeres	245
18	Ribera Baja del Ebro	65 a 69	Mujeres	347
18	Ribera Baja del Ebro	70 a 74	Mujeres	312
18	Ribera Baja del Ebro	75 a 79	Mujeres	351
18	Ribera Baja del Ebro	80 a 84	Mujeres	193
18	Ribera Baja del Ebro	85 a 90	Mujeres	88
18	Ribera Baja del Ebro	90 ó más	Mujeres	55
19	Bajo Aragón-Caspe / Baix Aragó-Casp	00 a 04	Varones	-249
19	Bajo Aragón-Caspe / Baix Aragó-Casp	05 a 09	Varones	-266
19	Bajo Aragón-Caspe / Baix Aragó-Casp	10 a 14	Varones	-249
19	Bajo Aragón-Caspe / Baix Aragó-Casp	15 a 19	Varones	-371
19	Bajo Aragón-Caspe / Baix Aragó-Casp	20 a 24	Varones	-455
19	Bajo Aragón-Caspe / Baix Aragó-Casp	25 a 29	Varones	-513
19	Bajo Aragón-Caspe / Baix Aragó-Casp	30 a 34	Varones	-474
19	Bajo Aragón-Caspe / Baix Aragó-Casp	35 a 39	Varones	-460
19	Bajo Aragón-Caspe / Baix Aragó-Casp	40 a 44	Varones	-438
19	Bajo Aragón-Caspe / Baix Aragó-Casp	45 a 49	Varones	-424
19	Bajo Aragón-Caspe / Baix Aragó-Casp	50 a 54	Varones	-393
19	Bajo Aragón-Caspe / Baix Aragó-Casp	55 a 59	Varones	-349
19	Bajo Aragón-Caspe / Baix Aragó-Casp	60 a 64	Varones	-345
19	Bajo Aragón-Caspe / Baix Aragó-Casp	65 a 69	Varones	-430
19	Bajo Aragón-Caspe / Baix Aragó-Casp	70 a 74	Varones	-418
19	Bajo Aragón-Caspe / Baix Aragó-Casp	75 a 79	Varones	-356
19	Bajo Aragón-Caspe / Baix Aragó-Casp	80 a 84	Varones	-217
19	Bajo Aragón-Caspe / Baix Aragó-Casp	85 a 90	Varones	-91
19	Bajo Aragón-Caspe / Baix Aragó-Casp	90 ó más	Varones	-56
19	Bajo Aragón-Caspe / Baix Aragó-Casp	00 a 04	Mujeres	243
19	Bajo Aragón-Caspe / Baix Aragó-Casp	05 a 09	Mujeres	232
19	Bajo Aragón-Caspe / Baix Aragó-Casp	10 a 14	Mujeres	258
19	Bajo Aragón-Caspe / Baix Aragó-Casp	15 a 19	Mujeres	312
19	Bajo Aragón-Caspe / Baix Aragó-Casp	20 a 24	Mujeres	432
19	Bajo Aragón-Caspe / Baix Aragó-Casp	25 a 29	Mujeres	404
19	Bajo Aragón-Caspe / Baix Aragó-Casp	30 a 34	Mujeres	373
19	Bajo Aragón-Caspe / Baix Aragó-Casp	35 a 39	Mujeres	410
19	Bajo Aragón-Caspe / Baix Aragó-Casp	40 a 44	Mujeres	403
19	Bajo Aragón-Caspe / Baix Aragó-Casp	45 a 49	Mujeres	368
19	Bajo Aragón-Caspe / Baix Aragó-Casp	50 a 54	Mujeres	427
19	Bajo Aragón-Caspe / Baix Aragó-Casp	55 a 59	Mujeres	351
19	Bajo Aragón-Caspe / Baix Aragó-Casp	60 a 64	Mujeres	332
19	Bajo Aragón-Caspe / Baix Aragó-Casp	65 a 69	Mujeres	454
19	Bajo Aragón-Caspe / Baix Aragó-Casp	70 a 74	Mujeres	467
19	Bajo Aragón-Caspe / Baix Aragó-Casp	75 a 79	Mujeres	437
19	Bajo Aragón-Caspe / Baix Aragó-Casp	80 a 84	Mujeres	293
19	Bajo Aragón-Caspe / Baix Aragó-Casp	85 a 90	Mujeres	167
19	Bajo Aragón-Caspe / Baix Aragó-Casp	90 ó más	Mujeres	88
20	Comunidad de Calatayud	00 a 04	Varones	-712
20	Comunidad de Calatayud	05 a 09	Varones	-688
20	Comunidad de Calatayud	10 a 14	Varones	-763
20	Comunidad de Calatayud	15 a 19	Varones	-874
20	Comunidad de Calatayud	20 a 24	Varones	-1202
20	Comunidad de Calatayud	25 a 29	Varones	-1458
20	Comunidad de Calatayud	30 a 34	Varones	-1573
20	Comunidad de Calatayud	35 a 39	Varones	-1483
20	Comunidad de Calatayud	40 a 44	Varones	-1267
20	Comunidad de Calatayud	45 a 49	Varones	-1099
20	Comunidad de Calatayud	50 a 54	Varones	-1037
20	Comunidad de Calatayud	55 a 59	Varones	-1070
20	Comunidad de Calatayud	60 a 64	Varones	-1082
20	Comunidad de Calatayud	65 a 69	Varones	-1504
20	Comunidad de Calatayud	70 a 74	Varones	-1499
20	Comunidad de Calatayud	75 a 79	Varones	-1167
20	Comunidad de Calatayud	80 a 84	Varones	-641
20	Comunidad de Calatayud	85 a 90	Varones	-297
20	Comunidad de Calatayud	90 ó más	Varones	-145
20	Comunidad de Calatayud	00 a 04	Mujeres	634
20	Comunidad de Calatayud	05 a 09	Mujeres	687
20	Comunidad de Calatayud	10 a 14	Mujeres	691
20	Comunidad de Calatayud	15 a 19	Mujeres	826
20	Comunidad de Calatayud	20 a 24	Mujeres	1157
20	Comunidad de Calatayud	25 a 29	Mujeres	1236
20	Comunidad de Calatayud	30 a 34	Mujeres	1317
20	Comunidad de Calatayud	35 a 39	Mujeres	1245
20	Comunidad de Calatayud	40 a 44	Mujeres	1150
20	Comunidad de Calatayud	45 a 49	Mujeres	899
20	Comunidad de Calatayud	50 a 54	Mujeres	1013
20	Comunidad de Calatayud	55 a 59	Mujeres	1122
20	Comunidad de Calatayud	60 a 64	Mujeres	1063
20	Comunidad de Calatayud	65 a 69	Mujeres	1457
20	Comunidad de Calatayud	70 a 74	Mujeres	1618
20	Comunidad de Calatayud	75 a 79	Mujeres	1493
20	Comunidad de Calatayud	80 a 84	Mujeres	1019
20	Comunidad de Calatayud	85 a 90	Mujeres	599
20	Comunidad de Calatayud	90 ó más	Mujeres	357
21	Campo de Cariñena	00 a 04	Varones	-176
21	Campo de Cariñena	05 a 09	Varones	-161
21	Campo de Cariñena	10 a 14	Varones	-206
21	Campo de Cariñena	15 a 19	Varones	-242
21	Campo de Cariñena	20 a 24	Varones	-375
21	Campo de Cariñena	25 a 29	Varones	-466
21	Campo de Cariñena	30 a 34	Varones	-450
21	Campo de Cariñena	35 a 39	Varones	-463
21	Campo de Cariñena	40 a 44	Varones	-404
21	Campo de Cariñena	45 a 49	Varones	-329
21	Campo de Cariñena	50 a 54	Varones	-309
21	Campo de Cariñena	55 a 59	Varones	-270
21	Campo de Cariñena	60 a 64	Varones	-278
21	Campo de Cariñena	65 a 69	Varones	-369
21	Campo de Cariñena	70 a 74	Varones	-401
21	Campo de Cariñena	75 a 79	Varones	-270
21	Campo de Cariñena	80 a 84	Varones	-161
21	Campo de Cariñena	85 a 90	Varones	-61
21	Campo de Cariñena	90 ó más	Varones	-36
21	Campo de Cariñena	00 a 04	Mujeres	122
21	Campo de Cariñena	05 a 09	Mujeres	201
21	Campo de Cariñena	10 a 14	Mujeres	180
21	Campo de Cariñena	15 a 19	Mujeres	201
21	Campo de Cariñena	20 a 24	Mujeres	289
21	Campo de Cariñena	25 a 29	Mujeres	327
21	Campo de Cariñena	30 a 34	Mujeres	316
21	Campo de Cariñena	35 a 39	Mujeres	327
21	Campo de Cariñena	40 a 44	Mujeres	331
21	Campo de Cariñena	45 a 49	Mujeres	259
21	Campo de Cariñena	50 a 54	Mujeres	221
21	Campo de Cariñena	55 a 59	Mujeres	261
21	Campo de Cariñena	60 a 64	Mujeres	268
21	Campo de Cariñena	65 a 69	Mujeres	347
21	Campo de Cariñena	70 a 74	Mujeres	437
21	Campo de Cariñena	75 a 79	Mujeres	336
21	Campo de Cariñena	80 a 84	Mujeres	208
21	Campo de Cariñena	85 a 90	Mujeres	110
21	Campo de Cariñena	90 ó más	Mujeres	75
22	Campo de Belchite	00 a 04	Varones	-86
22	Campo de Belchite	05 a 09	Varones	-58
22	Campo de Belchite	10 a 14	Varones	-84
22	Campo de Belchite	15 a 19	Varones	-101
22	Campo de Belchite	20 a 24	Varones	-130
22	Campo de Belchite	25 a 29	Varones	-190
22	Campo de Belchite	30 a 34	Varones	-181
22	Campo de Belchite	35 a 39	Varones	-223
22	Campo de Belchite	40 a 44	Varones	-159
22	Campo de Belchite	45 a 49	Varones	-126
22	Campo de Belchite	50 a 54	Varones	-161
22	Campo de Belchite	55 a 59	Varones	-192
22	Campo de Belchite	60 a 64	Varones	-184
22	Campo de Belchite	65 a 69	Varones	-293
22	Campo de Belchite	70 a 74	Varones	-268
22	Campo de Belchite	75 a 79	Varones	-207
22	Campo de Belchite	80 a 84	Varones	-107
22	Campo de Belchite	85 a 90	Varones	-58
22	Campo de Belchite	90 ó más	Varones	-23
22	Campo de Belchite	00 a 04	Mujeres	69
22	Campo de Belchite	05 a 09	Mujeres	63
22	Campo de Belchite	10 a 14	Mujeres	71
22	Campo de Belchite	15 a 19	Mujeres	80
22	Campo de Belchite	20 a 24	Mujeres	121
22	Campo de Belchite	25 a 29	Mujeres	166
22	Campo de Belchite	30 a 34	Mujeres	164
22	Campo de Belchite	35 a 39	Mujeres	150
22	Campo de Belchite	40 a 44	Mujeres	117
22	Campo de Belchite	45 a 49	Mujeres	130
22	Campo de Belchite	50 a 54	Mujeres	138
22	Campo de Belchite	55 a 59	Mujeres	167
22	Campo de Belchite	60 a 64	Mujeres	191
22	Campo de Belchite	65 a 69	Mujeres	260
22	Campo de Belchite	70 a 74	Mujeres	281
22	Campo de Belchite	75 a 79	Mujeres	214
22	Campo de Belchite	80 a 84	Mujeres	140
22	Campo de Belchite	85 a 90	Mujeres	104
22	Campo de Belchite	90 ó más	Mujeres	73
23	Bajo Martín	00 a 04	Varones	-119
23	Bajo Martín	05 a 09	Varones	-146
23	Bajo Martín	10 a 14	Varones	-165
23	Bajo Martín	15 a 19	Varones	-146
23	Bajo Martín	20 a 24	Varones	-196
23	Bajo Martín	25 a 29	Varones	-252
23	Bajo Martín	30 a 34	Varones	-215
23	Bajo Martín	35 a 39	Varones	-268
23	Bajo Martín	40 a 44	Varones	-283
23	Bajo Martín	45 a 49	Varones	-199
23	Bajo Martín	50 a 54	Varones	-187
23	Bajo Martín	55 a 59	Varones	-192
23	Bajo Martín	60 a 64	Varones	-200
23	Bajo Martín	65 a 69	Varones	-313
23	Bajo Martín	70 a 74	Varones	-300
23	Bajo Martín	75 a 79	Varones	-249
23	Bajo Martín	80 a 84	Varones	-129
23	Bajo Martín	85 a 90	Varones	-82
23	Bajo Martín	90 ó más	Varones	-34
23	Bajo Martín	00 a 04	Mujeres	87
23	Bajo Martín	05 a 09	Mujeres	128
23	Bajo Martín	10 a 14	Mujeres	133
23	Bajo Martín	15 a 19	Mujeres	161
23	Bajo Martín	20 a 24	Mujeres	220
23	Bajo Martín	25 a 29	Mujeres	202
23	Bajo Martín	30 a 34	Mujeres	198
23	Bajo Martín	35 a 39	Mujeres	214
23	Bajo Martín	40 a 44	Mujeres	230
23	Bajo Martín	45 a 49	Mujeres	187
23	Bajo Martín	50 a 54	Mujeres	187
23	Bajo Martín	55 a 59	Mujeres	205
23	Bajo Martín	60 a 64	Mujeres	202
23	Bajo Martín	65 a 69	Mujeres	312
23	Bajo Martín	70 a 74	Mujeres	320
23	Bajo Martín	75 a 79	Mujeres	284
23	Bajo Martín	80 a 84	Mujeres	213
23	Bajo Martín	85 a 90	Mujeres	110
23	Bajo Martín	90 ó más	Mujeres	61
24	Campo de Daroca	00 a 04	Varones	-91
24	Campo de Daroca	05 a 09	Varones	-104
24	Campo de Daroca	10 a 14	Varones	-105
24	Campo de Daroca	15 a 19	Varones	-107
24	Campo de Daroca	20 a 24	Varones	-146
24	Campo de Daroca	25 a 29	Varones	-199
24	Campo de Daroca	30 a 34	Varones	-248
24	Campo de Daroca	35 a 39	Varones	-233
24	Campo de Daroca	40 a 44	Varones	-224
24	Campo de Daroca	45 a 49	Varones	-202
24	Campo de Daroca	50 a 54	Varones	-189
24	Campo de Daroca	55 a 59	Varones	-197
24	Campo de Daroca	60 a 64	Varones	-225
24	Campo de Daroca	65 a 69	Varones	-309
24	Campo de Daroca	70 a 74	Varones	-334
24	Campo de Daroca	75 a 79	Varones	-223
24	Campo de Daroca	80 a 84	Varones	-134
24	Campo de Daroca	85 a 90	Varones	-50
24	Campo de Daroca	90 ó más	Varones	-42
24	Campo de Daroca	00 a 04	Mujeres	74
24	Campo de Daroca	05 a 09	Mujeres	78
24	Campo de Daroca	10 a 14	Mujeres	80
24	Campo de Daroca	15 a 19	Mujeres	118
24	Campo de Daroca	20 a 24	Mujeres	112
24	Campo de Daroca	25 a 29	Mujeres	177
24	Campo de Daroca	30 a 34	Mujeres	178
24	Campo de Daroca	35 a 39	Mujeres	175
24	Campo de Daroca	40 a 44	Mujeres	169
24	Campo de Daroca	45 a 49	Mujeres	139
24	Campo de Daroca	50 a 54	Mujeres	163
24	Campo de Daroca	55 a 59	Mujeres	180
24	Campo de Daroca	60 a 64	Mujeres	211
24	Campo de Daroca	65 a 69	Mujeres	302
24	Campo de Daroca	70 a 74	Mujeres	324
24	Campo de Daroca	75 a 79	Mujeres	256
24	Campo de Daroca	80 a 84	Mujeres	181
24	Campo de Daroca	85 a 90	Mujeres	125
24	Campo de Daroca	90 ó más	Mujeres	63
25	Jiloca	00 a 04	Varones	-176
25	Jiloca	05 a 09	Varones	-229
25	Jiloca	10 a 14	Varones	-246
25	Jiloca	15 a 19	Varones	-276
25	Jiloca	20 a 24	Varones	-398
25	Jiloca	25 a 29	Varones	-423
25	Jiloca	30 a 34	Varones	-455
25	Jiloca	35 a 39	Varones	-537
25	Jiloca	40 a 44	Varones	-462
25	Jiloca	45 a 49	Varones	-393
25	Jiloca	50 a 54	Varones	-379
25	Jiloca	55 a 59	Varones	-377
25	Jiloca	60 a 64	Varones	-386
25	Jiloca	65 a 69	Varones	-603
25	Jiloca	70 a 74	Varones	-674
25	Jiloca	75 a 79	Varones	-482
25	Jiloca	80 a 84	Varones	-236
25	Jiloca	85 a 90	Varones	-118
25	Jiloca	90 ó más	Varones	-57
25	Jiloca	00 a 04	Mujeres	226
25	Jiloca	05 a 09	Mujeres	228
25	Jiloca	10 a 14	Mujeres	256
25	Jiloca	15 a 19	Mujeres	277
25	Jiloca	20 a 24	Mujeres	340
25	Jiloca	25 a 29	Mujeres	407
25	Jiloca	30 a 34	Mujeres	383
25	Jiloca	35 a 39	Mujeres	417
25	Jiloca	40 a 44	Mujeres	332
25	Jiloca	45 a 49	Mujeres	320
25	Jiloca	50 a 54	Mujeres	300
25	Jiloca	55 a 59	Mujeres	381
25	Jiloca	60 a 64	Mujeres	401
25	Jiloca	65 a 69	Mujeres	613
25	Jiloca	70 a 74	Mujeres	632
25	Jiloca	75 a 79	Mujeres	550
25	Jiloca	80 a 84	Mujeres	341
25	Jiloca	85 a 90	Mujeres	231
25	Jiloca	90 ó más	Mujeres	111
26	Cuencas Mineras	00 a 04	Varones	-169
26	Cuencas Mineras	05 a 09	Varones	-174
26	Cuencas Mineras	10 a 14	Varones	-250
26	Cuencas Mineras	15 a 19	Varones	-299
26	Cuencas Mineras	20 a 24	Varones	-346
26	Cuencas Mineras	25 a 29	Varones	-368
26	Cuencas Mineras	30 a 34	Varones	-357
26	Cuencas Mineras	35 a 39	Varones	-391
26	Cuencas Mineras	40 a 44	Varones	-384
26	Cuencas Mineras	45 a 49	Varones	-332
26	Cuencas Mineras	50 a 54	Varones	-270
26	Cuencas Mineras	55 a 59	Varones	-245
26	Cuencas Mineras	60 a 64	Varones	-243
26	Cuencas Mineras	65 a 69	Varones	-350
26	Cuencas Mineras	70 a 74	Varones	-319
26	Cuencas Mineras	75 a 79	Varones	-273
26	Cuencas Mineras	80 a 84	Varones	-113
26	Cuencas Mineras	85 a 90	Varones	-65
26	Cuencas Mineras	90 ó más	Varones	-36
26	Cuencas Mineras	00 a 04	Mujeres	138
26	Cuencas Mineras	05 a 09	Mujeres	188
26	Cuencas Mineras	10 a 14	Mujeres	222
26	Cuencas Mineras	15 a 19	Mujeres	265
26	Cuencas Mineras	20 a 24	Mujeres	260
26	Cuencas Mineras	25 a 29	Mujeres	289
26	Cuencas Mineras	30 a 34	Mujeres	286
26	Cuencas Mineras	35 a 39	Mujeres	319
26	Cuencas Mineras	40 a 44	Mujeres	276
26	Cuencas Mineras	45 a 49	Mujeres	235
26	Cuencas Mineras	50 a 54	Mujeres	239
26	Cuencas Mineras	55 a 59	Mujeres	225
26	Cuencas Mineras	60 a 64	Mujeres	225
26	Cuencas Mineras	65 a 69	Mujeres	364
26	Cuencas Mineras	70 a 74	Mujeres	329
26	Cuencas Mineras	75 a 79	Mujeres	293
26	Cuencas Mineras	80 a 84	Mujeres	174
26	Cuencas Mineras	85 a 90	Mujeres	117
26	Cuencas Mineras	90 ó más	Mujeres	57
27	Andorra-Sierra de Arcos	00 a 04	Varones	-207
27	Andorra-Sierra de Arcos	05 a 09	Varones	-247
27	Andorra-Sierra de Arcos	10 a 14	Varones	-332
27	Andorra-Sierra de Arcos	15 a 19	Varones	-356
27	Andorra-Sierra de Arcos	20 a 24	Varones	-414
27	Andorra-Sierra de Arcos	25 a 29	Varones	-362
27	Andorra-Sierra de Arcos	30 a 34	Varones	-368
27	Andorra-Sierra de Arcos	35 a 39	Varones	-456
27	Andorra-Sierra de Arcos	40 a 44	Varones	-553
27	Andorra-Sierra de Arcos	45 a 49	Varones	-430
27	Andorra-Sierra de Arcos	50 a 54	Varones	-309
27	Andorra-Sierra de Arcos	55 a 59	Varones	-258
27	Andorra-Sierra de Arcos	60 a 64	Varones	-216
27	Andorra-Sierra de Arcos	65 a 69	Varones	-295
27	Andorra-Sierra de Arcos	70 a 74	Varones	-379
27	Andorra-Sierra de Arcos	75 a 79	Varones	-254
27	Andorra-Sierra de Arcos	80 a 84	Varones	-146
27	Andorra-Sierra de Arcos	85 a 90	Varones	-60
27	Andorra-Sierra de Arcos	90 ó más	Varones	-23
27	Andorra-Sierra de Arcos	00 a 04	Mujeres	225
27	Andorra-Sierra de Arcos	05 a 09	Mujeres	249
27	Andorra-Sierra de Arcos	10 a 14	Mujeres	306
27	Andorra-Sierra de Arcos	15 a 19	Mujeres	339
27	Andorra-Sierra de Arcos	20 a 24	Mujeres	344
27	Andorra-Sierra de Arcos	25 a 29	Mujeres	300
27	Andorra-Sierra de Arcos	30 a 34	Mujeres	368
27	Andorra-Sierra de Arcos	35 a 39	Mujeres	434
27	Andorra-Sierra de Arcos	40 a 44	Mujeres	432
27	Andorra-Sierra de Arcos	45 a 49	Mujeres	341
27	Andorra-Sierra de Arcos	50 a 54	Mujeres	260
27	Andorra-Sierra de Arcos	55 a 59	Mujeres	231
27	Andorra-Sierra de Arcos	60 a 64	Mujeres	220
27	Andorra-Sierra de Arcos	65 a 69	Mujeres	370
27	Andorra-Sierra de Arcos	70 a 74	Mujeres	340
27	Andorra-Sierra de Arcos	75 a 79	Mujeres	254
27	Andorra-Sierra de Arcos	80 a 84	Mujeres	183
27	Andorra-Sierra de Arcos	85 a 90	Mujeres	115
27	Andorra-Sierra de Arcos	90 ó más	Mujeres	58
28	Bajo Aragón	00 a 04	Varones	-654
28	Bajo Aragón	05 a 09	Varones	-590
28	Bajo Aragón	10 a 14	Varones	-673
28	Bajo Aragón	15 a 19	Varones	-739
28	Bajo Aragón	20 a 24	Varones	-908
28	Bajo Aragón	25 a 29	Varones	-1005
28	Bajo Aragón	30 a 34	Varones	-980
28	Bajo Aragón	35 a 39	Varones	-1070
28	Bajo Aragón	40 a 44	Varones	-1003
28	Bajo Aragón	45 a 49	Varones	-869
28	Bajo Aragón	50 a 54	Varones	-761
28	Bajo Aragón	55 a 59	Varones	-637
28	Bajo Aragón	60 a 64	Varones	-593
28	Bajo Aragón	65 a 69	Varones	-759
28	Bajo Aragón	70 a 74	Varones	-777
28	Bajo Aragón	75 a 79	Varones	-661
28	Bajo Aragón	80 a 84	Varones	-404
28	Bajo Aragón	85 a 90	Varones	-189
28	Bajo Aragón	90 ó más	Varones	-94
28	Bajo Aragón	00 a 04	Mujeres	557
28	Bajo Aragón	05 a 09	Mujeres	595
28	Bajo Aragón	10 a 14	Mujeres	683
28	Bajo Aragón	15 a 19	Mujeres	695
28	Bajo Aragón	20 a 24	Mujeres	812
28	Bajo Aragón	25 a 29	Mujeres	845
28	Bajo Aragón	30 a 34	Mujeres	956
28	Bajo Aragón	35 a 39	Mujeres	989
28	Bajo Aragón	40 a 44	Mujeres	878
28	Bajo Aragón	45 a 49	Mujeres	750
28	Bajo Aragón	50 a 54	Mujeres	696
28	Bajo Aragón	55 a 59	Mujeres	644
28	Bajo Aragón	60 a 64	Mujeres	585
28	Bajo Aragón	65 a 69	Mujeres	860
28	Bajo Aragón	70 a 74	Mujeres	835
28	Bajo Aragón	75 a 79	Mujeres	745
28	Bajo Aragón	80 a 84	Mujeres	535
28	Bajo Aragón	85 a 90	Mujeres	334
28	Bajo Aragón	90 ó más	Mujeres	156
29	Comunidad de Teruel	00 a 04	Varones	-868
29	Comunidad de Teruel	05 a 09	Varones	-1052
29	Comunidad de Teruel	10 a 14	Varones	-1103
29	Comunidad de Teruel	15 a 19	Varones	-1167
29	Comunidad de Teruel	20 a 24	Varones	-1395
29	Comunidad de Teruel	25 a 29	Varones	-1407
29	Comunidad de Teruel	30 a 34	Varones	-1516
29	Comunidad de Teruel	35 a 39	Varones	-1676
29	Comunidad de Teruel	40 a 44	Varones	-1703
29	Comunidad de Teruel	45 a 49	Varones	-1419
29	Comunidad de Teruel	50 a 54	Varones	-1180
29	Comunidad de Teruel	55 a 59	Varones	-1103
29	Comunidad de Teruel	60 a 64	Varones	-847
29	Comunidad de Teruel	65 a 69	Varones	-1289
29	Comunidad de Teruel	70 a 74	Varones	-1231
29	Comunidad de Teruel	75 a 79	Varones	-1028
29	Comunidad de Teruel	80 a 84	Varones	-602
29	Comunidad de Teruel	85 a 90	Varones	-282
29	Comunidad de Teruel	90 ó más	Varones	-161
29	Comunidad de Teruel	00 a 04	Mujeres	881
29	Comunidad de Teruel	05 a 09	Mujeres	934
29	Comunidad de Teruel	10 a 14	Mujeres	1062
29	Comunidad de Teruel	15 a 19	Mujeres	1163
29	Comunidad de Teruel	20 a 24	Mujeres	1262
29	Comunidad de Teruel	25 a 29	Mujeres	1427
29	Comunidad de Teruel	30 a 34	Mujeres	1506
29	Comunidad de Teruel	35 a 39	Mujeres	1672
29	Comunidad de Teruel	40 a 44	Mujeres	1625
29	Comunidad de Teruel	45 a 49	Mujeres	1280
29	Comunidad de Teruel	50 a 54	Mujeres	1140
29	Comunidad de Teruel	55 a 59	Mujeres	1079
29	Comunidad de Teruel	60 a 64	Mujeres	990
29	Comunidad de Teruel	65 a 69	Mujeres	1383
29	Comunidad de Teruel	70 a 74	Mujeres	1361
29	Comunidad de Teruel	75 a 79	Mujeres	1228
29	Comunidad de Teruel	80 a 84	Mujeres	853
29	Comunidad de Teruel	85 a 90	Mujeres	551
29	Comunidad de Teruel	90 ó más	Mujeres	341
30	Maestrazgo	00 a 04	Varones	-62
30	Maestrazgo	05 a 09	Varones	-70
30	Maestrazgo	10 a 14	Varones	-78
30	Maestrazgo	15 a 19	Varones	-87
30	Maestrazgo	20 a 24	Varones	-98
30	Maestrazgo	25 a 29	Varones	-127
30	Maestrazgo	30 a 34	Varones	-140
30	Maestrazgo	35 a 39	Varones	-159
30	Maestrazgo	40 a 44	Varones	-137
30	Maestrazgo	45 a 49	Varones	-119
30	Maestrazgo	50 a 54	Varones	-125
30	Maestrazgo	55 a 59	Varones	-104
30	Maestrazgo	60 a 64	Varones	-107
30	Maestrazgo	65 a 69	Varones	-158
30	Maestrazgo	70 a 74	Varones	-155
30	Maestrazgo	75 a 79	Varones	-152
30	Maestrazgo	80 a 84	Varones	-62
30	Maestrazgo	85 a 90	Varones	-30
30	Maestrazgo	90 ó más	Varones	-10
30	Maestrazgo	00 a 04	Mujeres	43
30	Maestrazgo	05 a 09	Mujeres	62
30	Maestrazgo	10 a 14	Mujeres	72
30	Maestrazgo	15 a 19	Mujeres	72
30	Maestrazgo	20 a 24	Mujeres	86
30	Maestrazgo	25 a 29	Mujeres	90
30	Maestrazgo	30 a 34	Mujeres	99
30	Maestrazgo	35 a 39	Mujeres	109
30	Maestrazgo	40 a 44	Mujeres	105
30	Maestrazgo	45 a 49	Mujeres	91
30	Maestrazgo	50 a 54	Mujeres	91
30	Maestrazgo	55 a 59	Mujeres	77
30	Maestrazgo	60 a 64	Mujeres	106
30	Maestrazgo	65 a 69	Mujeres	160
30	Maestrazgo	70 a 74	Mujeres	158
30	Maestrazgo	75 a 79	Mujeres	141
30	Maestrazgo	80 a 84	Mujeres	74
30	Maestrazgo	85 a 90	Mujeres	62
30	Maestrazgo	90 ó más	Mujeres	35
31	Sierra de Albarracín	00 a 04	Varones	-75
31	Sierra de Albarracín	05 a 09	Varones	-72
31	Sierra de Albarracín	10 a 14	Varones	-98
31	Sierra de Albarracín	15 a 19	Varones	-90
31	Sierra de Albarracín	20 a 24	Varones	-127
31	Sierra de Albarracín	25 a 29	Varones	-150
31	Sierra de Albarracín	30 a 34	Varones	-162
31	Sierra de Albarracín	35 a 39	Varones	-192
31	Sierra de Albarracín	40 a 44	Varones	-191
31	Sierra de Albarracín	45 a 49	Varones	-147
31	Sierra de Albarracín	50 a 54	Varones	-129
31	Sierra de Albarracín	55 a 59	Varones	-136
31	Sierra de Albarracín	60 a 64	Varones	-155
31	Sierra de Albarracín	65 a 69	Varones	-197
31	Sierra de Albarracín	70 a 74	Varones	-243
31	Sierra de Albarracín	75 a 79	Varones	-192
31	Sierra de Albarracín	80 a 84	Varones	-106
31	Sierra de Albarracín	85 a 90	Varones	-55
31	Sierra de Albarracín	90 ó más	Varones	-29
31	Sierra de Albarracín	00 a 04	Mujeres	63
31	Sierra de Albarracín	05 a 09	Mujeres	91
31	Sierra de Albarracín	10 a 14	Mujeres	99
31	Sierra de Albarracín	15 a 19	Mujeres	82
31	Sierra de Albarracín	20 a 24	Mujeres	99
31	Sierra de Albarracín	25 a 29	Mujeres	139
31	Sierra de Albarracín	30 a 34	Mujeres	141
31	Sierra de Albarracín	35 a 39	Mujeres	130
31	Sierra de Albarracín	40 a 44	Mujeres	137
31	Sierra de Albarracín	45 a 49	Mujeres	92
31	Sierra de Albarracín	50 a 54	Mujeres	96
31	Sierra de Albarracín	55 a 59	Mujeres	114
31	Sierra de Albarracín	60 a 64	Mujeres	153
31	Sierra de Albarracín	65 a 69	Mujeres	206
31	Sierra de Albarracín	70 a 74	Mujeres	237
31	Sierra de Albarracín	75 a 79	Mujeres	202
31	Sierra de Albarracín	80 a 84	Mujeres	115
31	Sierra de Albarracín	85 a 90	Mujeres	92
31	Sierra de Albarracín	90 ó más	Mujeres	69
32	Gúdar-Javalambre	00 a 04	Varones	-147
32	Gúdar-Javalambre	05 a 09	Varones	-151
32	Gúdar-Javalambre	10 a 14	Varones	-165
32	Gúdar-Javalambre	15 a 19	Varones	-152
32	Gúdar-Javalambre	20 a 24	Varones	-229
32	Gúdar-Javalambre	25 a 29	Varones	-287
32	Gúdar-Javalambre	30 a 34	Varones	-310
32	Gúdar-Javalambre	35 a 39	Varones	-340
32	Gúdar-Javalambre	40 a 44	Varones	-295
32	Gúdar-Javalambre	45 a 49	Varones	-231
32	Gúdar-Javalambre	50 a 54	Varones	-240
32	Gúdar-Javalambre	55 a 59	Varones	-198
32	Gúdar-Javalambre	60 a 64	Varones	-203
32	Gúdar-Javalambre	65 a 69	Varones	-310
32	Gúdar-Javalambre	70 a 74	Varones	-328
32	Gúdar-Javalambre	75 a 79	Varones	-237
32	Gúdar-Javalambre	80 a 84	Varones	-140
32	Gúdar-Javalambre	85 a 90	Varones	-80
32	Gúdar-Javalambre	90 ó más	Varones	-39
32	Gúdar-Javalambre	00 a 04	Mujeres	146
32	Gúdar-Javalambre	05 a 09	Mujeres	179
32	Gúdar-Javalambre	10 a 14	Mujeres	157
32	Gúdar-Javalambre	15 a 19	Mujeres	145
32	Gúdar-Javalambre	20 a 24	Mujeres	167
32	Gúdar-Javalambre	25 a 29	Mujeres	212
32	Gúdar-Javalambre	30 a 34	Mujeres	268
32	Gúdar-Javalambre	35 a 39	Mujeres	238
32	Gúdar-Javalambre	40 a 44	Mujeres	222
32	Gúdar-Javalambre	45 a 49	Mujeres	184
32	Gúdar-Javalambre	50 a 54	Mujeres	154
32	Gúdar-Javalambre	55 a 59	Mujeres	194
32	Gúdar-Javalambre	60 a 64	Mujeres	184
32	Gúdar-Javalambre	65 a 69	Mujeres	246
32	Gúdar-Javalambre	70 a 74	Mujeres	306
32	Gúdar-Javalambre	75 a 79	Mujeres	250
32	Gúdar-Javalambre	80 a 84	Mujeres	216
32	Gúdar-Javalambre	85 a 90	Mujeres	115
32	Gúdar-Javalambre	90 ó más	Mujeres	77
33	Matarraña / Matarranya	00 a 04	Varones	-141
33	Matarraña / Matarranya	05 a 09	Varones	-171
33	Matarraña / Matarranya	10 a 14	Varones	-204
33	Matarraña / Matarranya	15 a 19	Varones	-209
33	Matarraña / Matarranya	20 a 24	Varones	-248
33	Matarraña / Matarranya	25 a 29	Varones	-255
33	Matarraña / Matarranya	30 a 34	Varones	-258
33	Matarraña / Matarranya	35 a 39	Varones	-297
33	Matarraña / Matarranya	40 a 44	Varones	-323
33	Matarraña / Matarranya	45 a 49	Varones	-289
33	Matarraña / Matarranya	50 a 54	Varones	-278
33	Matarraña / Matarranya	55 a 59	Varones	-248
33	Matarraña / Matarranya	60 a 64	Varones	-243
33	Matarraña / Matarranya	65 a 69	Varones	-328
33	Matarraña / Matarranya	70 a 74	Varones	-349
33	Matarraña / Matarranya	75 a 79	Varones	-305
33	Matarraña / Matarranya	80 a 84	Varones	-194
33	Matarraña / Matarranya	85 a 90	Varones	-105
33	Matarraña / Matarranya	90 ó más	Varones	-45
33	Matarraña / Matarranya	00 a 04	Mujeres	135
33	Matarraña / Matarranya	05 a 09	Mujeres	156
33	Matarraña / Matarranya	10 a 14	Mujeres	177
33	Matarraña / Matarranya	15 a 19	Mujeres	197
33	Matarraña / Matarranya	20 a 24	Mujeres	212
33	Matarraña / Matarranya	25 a 29	Mujeres	208
33	Matarraña / Matarranya	30 a 34	Mujeres	222
33	Matarraña / Matarranya	35 a 39	Mujeres	284
33	Matarraña / Matarranya	40 a 44	Mujeres	245
33	Matarraña / Matarranya	45 a 49	Mujeres	239
33	Matarraña / Matarranya	50 a 54	Mujeres	235
33	Matarraña / Matarranya	55 a 59	Mujeres	204
33	Matarraña / Matarranya	60 a 64	Mujeres	231
33	Matarraña / Matarranya	65 a 69	Mujeres	325
33	Matarraña / Matarranya	70 a 74	Mujeres	370
33	Matarraña / Matarranya	75 a 79	Mujeres	322
33	Matarraña / Matarranya	80 a 84	Mujeres	233
33	Matarraña / Matarranya	85 a 90	Mujeres	163
33	Matarraña / Matarranya	90 ó más	Mujeres	68