Municipio código	Municipio nombre	Estudios en curso	Personas residentes viviendas familiares
22001	Abiego	Con estudios en curso	20
22001	Abiego	Sin estudios en curso	107
22002	Abizanda	Con estudios en curso	10
22002	Abizanda	Sin estudios en curso	58
22003	Adahuesca	Con estudios en curso	6
22003	Adahuesca	Sin estudios en curso	61
22004	Agüero	Con estudios en curso	3
22004	Agüero	Sin estudios en curso	56
22006	Aísa	Con estudios en curso	43
22006	Aísa	Sin estudios en curso	206
22007	Albalate de Cinca	Con estudios en curso	67
22007	Albalate de Cinca	Sin estudios en curso	548
22008	Albalatillo	Con estudios en curso	17
22008	Albalatillo	Sin estudios en curso	94
22009	Albelda	Con estudios en curso	74
22009	Albelda	Sin estudios en curso	307
22011	Albero Alto	Con estudios en curso	7
22011	Albero Alto	Sin estudios en curso	42
22012	Albero Bajo	Con estudios en curso	9
22012	Albero Bajo	Sin estudios en curso	42
22013	Alberuela de Tubo	Con estudios en curso	34
22013	Alberuela de Tubo	Sin estudios en curso	139
22014	Alcalá de Gurrea	Con estudios en curso	23
22014	Alcalá de Gurrea	Sin estudios en curso	101
22015	Alcalá del Obispo	Con estudios en curso	33
22015	Alcalá del Obispo	Sin estudios en curso	137
22016	Alcampell	Con estudios en curso	55
22016	Alcampell	Sin estudios en curso	293
22017	Alcolea de Cinca	Con estudios en curso	88
22017	Alcolea de Cinca	Sin estudios en curso	492
22018	Alcubierre	Con estudios en curso	22
22018	Alcubierre	Sin estudios en curso	171
22019	Alerre	Con estudios en curso	33
22019	Alerre	Sin estudios en curso	86
22020	Alfántega	Con estudios en curso	4
22020	Alfántega	Sin estudios en curso	42
22021	Almudévar	Con estudios en curso	199
22021	Almudévar	Sin estudios en curso	859
22022	Almunia de San Juan	Con estudios en curso	44
22022	Almunia de San Juan	Sin estudios en curso	243
22023	Almuniente	Con estudios en curso	42
22023	Almuniente	Sin estudios en curso	264
22024	Alquézar	Con estudios en curso	11
22024	Alquézar	Sin estudios en curso	123
22025	Altorricón	Con estudios en curso	107
22025	Altorricón	Sin estudios en curso	601
22027	Angüés	Con estudios en curso	24
22027	Angüés	Sin estudios en curso	159
22028	Ansó	Con estudios en curso	31
22028	Ansó	Sin estudios en curso	224
22029	Antillón	Con estudios en curso	14
22029	Antillón	Sin estudios en curso	66
22032	Aragüés del Puerto	Con estudios en curso	25
22032	Aragüés del Puerto	Sin estudios en curso	45
22035	Arén	Con estudios en curso	26
22035	Arén	Sin estudios en curso	129
22036	Argavieso	Con estudios en curso	3
22036	Argavieso	Sin estudios en curso	42
22037	Arguis	Con estudios en curso	7
22037	Arguis	Sin estudios en curso	29
22039	Ayerbe	Con estudios en curso	95
22039	Ayerbe	Sin estudios en curso	398
22040	Azanuy-Alins	Con estudios en curso	11
22040	Azanuy-Alins	Sin estudios en curso	59
22041	Azara	Con estudios en curso	10
22041	Azara	Sin estudios en curso	83
22042	Azlor	Con estudios en curso	11
22042	Azlor	Sin estudios en curso	55
22043	Baells	Con estudios en curso	13
22043	Baells	Sin estudios en curso	50
22044	Bailo	Con estudios en curso	21
22044	Bailo	Sin estudios en curso	124
22045	Baldellou	Con estudios en curso	6
22045	Baldellou	Sin estudios en curso	48
22046	Ballobar	Con estudios en curso	71
22046	Ballobar	Sin estudios en curso	357
22047	Banastás	Con estudios en curso	23
22047	Banastás	Sin estudios en curso	83
22048	Barbastro	Con estudios en curso	1444
22048	Barbastro	Sin estudios en curso	6319
22049	Barbués	Con estudios en curso	9
22049	Barbués	Sin estudios en curso	29
22050	Barbuñales	Con estudios en curso	4
22050	Barbuñales	Sin estudios en curso	38
22051	Bárcabo	Con estudios en curso	1
22051	Bárcabo	Sin estudios en curso	51
22052	Belver de Cinca	Con estudios en curso	76
22052	Belver de Cinca	Sin estudios en curso	512
22053	Benabarre	Con estudios en curso	80
22053	Benabarre	Sin estudios en curso	403
22054	Benasque	Con estudios en curso	133
22054	Benasque	Sin estudios en curso	867
22055	Berbegal	Con estudios en curso	32
22055	Berbegal	Sin estudios en curso	163
22057	Bielsa	Con estudios en curso	29
22057	Bielsa	Sin estudios en curso	187
22058	Bierge	Con estudios en curso	5
22058	Bierge	Sin estudios en curso	92
22059	Biescas	Con estudios en curso	107
22059	Biescas	Sin estudios en curso	504
22060	Binaced	Con estudios en curso	140
22060	Binaced	Sin estudios en curso	687
22061	Binéfar	Con estudios en curso	637
22061	Binéfar	Sin estudios en curso	3704
22062	Bisaurri	Con estudios en curso	13
22062	Bisaurri	Sin estudios en curso	106
22063	Biscarrués	Con estudios en curso	15
22063	Biscarrués	Sin estudios en curso	75
22064	Blecua y Torres	Con estudios en curso	12
22064	Blecua y Torres	Sin estudios en curso	86
22066	Boltaña	Con estudios en curso	76
22066	Boltaña	Sin estudios en curso	347
22067	Bonansa	Con estudios en curso	3
22067	Bonansa	Sin estudios en curso	41
22068	Borau	Con estudios en curso	3
22068	Borau	Sin estudios en curso	39
22069	Broto	Con estudios en curso	19
22069	Broto	Sin estudios en curso	238
22072	Caldearenas	Con estudios en curso	15
22072	Caldearenas	Sin estudios en curso	103
22074	Campo	Con estudios en curso	27
22074	Campo	Sin estudios en curso	146
22075	Camporrells	Con estudios en curso	9
22075	Camporrells	Sin estudios en curso	93
22076	Canal de Berdún	Con estudios en curso	21
22076	Canal de Berdún	Sin estudios en curso	164
22077	Candasnos	Con estudios en curso	32
22077	Candasnos	Sin estudios en curso	275
22078	Canfranc	Con estudios en curso	51
22078	Canfranc	Sin estudios en curso	315
22079	Capdesaso	Con estudios en curso	13
22079	Capdesaso	Sin estudios en curso	55
22080	Capella	Con estudios en curso	17
22080	Capella	Sin estudios en curso	140
22081	Casbas de Huesca	Con estudios en curso	22
22081	Casbas de Huesca	Sin estudios en curso	113
22082	Castejón del Puente	Con estudios en curso	22
22082	Castejón del Puente	Sin estudios en curso	172
22083	Castejón de Monegros	Con estudios en curso	25
22083	Castejón de Monegros	Sin estudios en curso	253
22084	Castejón de Sos	Con estudios en curso	90
22084	Castejón de Sos	Sin estudios en curso	249
22085	Castelflorite	Con estudios en curso	13
22085	Castelflorite	Sin estudios en curso	56
22086	Castiello de Jaca	Con estudios en curso	14
22086	Castiello de Jaca	Sin estudios en curso	81
22087	Castigaleu	Con estudios en curso	11
22087	Castigaleu	Sin estudios en curso	39
22088	Castillazuelo	Con estudios en curso	10
22088	Castillazuelo	Sin estudios en curso	72
22089	Castillonroy	Con estudios en curso	34
22089	Castillonroy	Sin estudios en curso	164
22090	Colungo	Con estudios en curso	5
22090	Colungo	Sin estudios en curso	46
22094	Chalamera	Con estudios en curso	6
22094	Chalamera	Sin estudios en curso	51
22095	Chía	Con estudios en curso	4
22095	Chía	Sin estudios en curso	40
22096	Chimillas	Con estudios en curso	30
22096	Chimillas	Sin estudios en curso	94
22099	Esplús	Con estudios en curso	37
22099	Esplús	Sin estudios en curso	298
22102	Estada	Con estudios en curso	10
22102	Estada	Sin estudios en curso	75
22103	Estadilla	Con estudios en curso	71
22103	Estadilla	Sin estudios en curso	345
22105	Estopiñán del Castillo	Con estudios en curso	15
22105	Estopiñán del Castillo	Sin estudios en curso	84
22106	Fago	Sin estudios en curso	16
22107	Fanlo	Con estudios en curso	8
22107	Fanlo	Sin estudios en curso	106
22109	Fiscal	Con estudios en curso	12
22109	Fiscal	Sin estudios en curso	109
22110	Fonz	Con estudios en curso	70
22110	Fonz	Sin estudios en curso	364
22111	Foradada del Toscar	Con estudios en curso	18
22111	Foradada del Toscar	Sin estudios en curso	108
22112	Fraga	Con estudios en curso	923
22112	Fraga	Sin estudios en curso	5309
22113	Fueva (La)	Con estudios en curso	40
22113	Fueva (La)	Sin estudios en curso	238
22114	Gistaín	Con estudios en curso	9
22114	Gistaín	Sin estudios en curso	76
22115	Grado (El)	Con estudios en curso	41
22115	Grado (El)	Sin estudios en curso	204
22116	Grañén	Con estudios en curso	143
22116	Grañén	Sin estudios en curso	756
22117	Graus	Con estudios en curso	244
22117	Graus	Sin estudios en curso	1195
22119	Gurrea de Gállego	Con estudios en curso	124
22119	Gurrea de Gállego	Sin estudios en curso	713
22122	Hoz de Jaca	Con estudios en curso	7
22122	Hoz de Jaca	Sin estudios en curso	41
22124	Huerto	Con estudios en curso	15
22124	Huerto	Sin estudios en curso	94
22125	Huesca	Con estudios en curso	6256
22125	Huesca	Sin estudios en curso	19364
22126	Ibieca	Con estudios en curso	1
22126	Ibieca	Sin estudios en curso	46
22127	Igriés	Con estudios en curso	26
22127	Igriés	Sin estudios en curso	113
22128	Ilche	Con estudios en curso	23
22128	Ilche	Sin estudios en curso	105
22129	Isábena	Con estudios en curso	13
22129	Isábena	Sin estudios en curso	96
22130	Jaca	Con estudios en curso	1351
22130	Jaca	Sin estudios en curso	4767
22131	Jasa	Con estudios en curso	13
22131	Jasa	Sin estudios en curso	46
22133	Labuerda	Con estudios en curso	7
22133	Labuerda	Sin estudios en curso	73
22135	Laluenga	Con estudios en curso	11
22135	Laluenga	Sin estudios en curso	93
22136	Lalueza	Con estudios en curso	69
22136	Lalueza	Sin estudios en curso	465
22137	Lanaja	Con estudios en curso	100
22137	Lanaja	Sin estudios en curso	533
22139	Laperdiguera	Con estudios en curso	15
22139	Laperdiguera	Sin estudios en curso	31
22141	Lascellas-Ponzano	Con estudios en curso	5
22141	Lascellas-Ponzano	Sin estudios en curso	65
22142	Lascuarre	Con estudios en curso	15
22142	Lascuarre	Sin estudios en curso	58
22143	Laspaúles	Con estudios en curso	22
22143	Laspaúles	Sin estudios en curso	126
22144	Laspuña	Con estudios en curso	23
22144	Laspuña	Sin estudios en curso	103
22149	Loarre	Con estudios en curso	33
22149	Loarre	Sin estudios en curso	142
22150	Loporzano	Con estudios en curso	49
22150	Loporzano	Sin estudios en curso	213
22151	Loscorrales	Con estudios en curso	10
22151	Loscorrales	Sin estudios en curso	36
22155	Monesma y Cajigar	Con estudios en curso	5
22155	Monesma y Cajigar	Sin estudios en curso	37
22156	Monflorite-Lascasas	Con estudios en curso	17
22156	Monflorite-Lascasas	Sin estudios en curso	91
22157	Montanuy	Con estudios en curso	13
22157	Montanuy	Sin estudios en curso	127
22158	Monzón	Con estudios en curso	1427
22158	Monzón	Sin estudios en curso	6186
22160	Naval	Con estudios en curso	24
22160	Naval	Sin estudios en curso	139
22162	Novales	Con estudios en curso	9
22162	Novales	Sin estudios en curso	68
22163	Nueno	Con estudios en curso	42
22163	Nueno	Sin estudios en curso	169
22164	Olvena	Con estudios en curso	5
22164	Olvena	Sin estudios en curso	12
22165	Ontiñena	Con estudios en curso	38
22165	Ontiñena	Sin estudios en curso	194
22167	Osso de Cinca	Con estudios en curso	42
22167	Osso de Cinca	Sin estudios en curso	322
22168	Palo	Con estudios en curso	2
22168	Palo	Sin estudios en curso	14
22170	Panticosa	Con estudios en curso	72
22170	Panticosa	Sin estudios en curso	323
22172	Peñalba	Con estudios en curso	37
22172	Peñalba	Sin estudios en curso	286
22173	Peñas de Riglos (Las)	Con estudios en curso	9
22173	Peñas de Riglos (Las)	Sin estudios en curso	99
22174	Peralta de Alcofea	Con estudios en curso	54
22174	Peralta de Alcofea	Sin estudios en curso	260
22175	Peralta de Calasanz	Con estudios en curso	9
22175	Peralta de Calasanz	Sin estudios en curso	85
22176	Peraltilla	Con estudios en curso	10
22176	Peraltilla	Sin estudios en curso	66
22177	Perarrúa	Con estudios en curso	5
22177	Perarrúa	Sin estudios en curso	45
22178	Pertusa	Con estudios en curso	13
22178	Pertusa	Sin estudios en curso	68
22181	Piracés	Con estudios en curso	3
22181	Piracés	Sin estudios en curso	42
22182	Plan	Con estudios en curso	22
22182	Plan	Sin estudios en curso	120
22184	Poleñino	Con estudios en curso	19
22184	Poleñino	Sin estudios en curso	106
22186	Pozán de Vero	Con estudios en curso	11
22186	Pozán de Vero	Sin estudios en curso	74
22187	Puebla de Castro (La)	Con estudios en curso	19
22187	Puebla de Castro (La)	Sin estudios en curso	131
22188	Puente de Montañana	Con estudios en curso	10
22188	Puente de Montañana	Sin estudios en curso	34
22189	Puértolas	Con estudios en curso	20
22189	Puértolas	Sin estudios en curso	90
22190	Pueyo de Araguás (El)	Con estudios en curso	4
22190	Pueyo de Araguás (El)	Sin estudios en curso	66
22193	Pueyo de Santa Cruz	Con estudios en curso	27
22193	Pueyo de Santa Cruz	Sin estudios en curso	113
22195	Quicena	Con estudios en curso	18
22195	Quicena	Sin estudios en curso	54
22197	Robres	Con estudios en curso	35
22197	Robres	Sin estudios en curso	251
22199	Sabiñánigo	Con estudios en curso	1032
22199	Sabiñánigo	Sin estudios en curso	3328
22200	Sahún	Con estudios en curso	16
22200	Sahún	Sin estudios en curso	126
22201	Salas Altas	Con estudios en curso	29
22201	Salas Altas	Sin estudios en curso	120
22202	Salas Bajas	Con estudios en curso	5
22202	Salas Bajas	Sin estudios en curso	57
22203	Salillas	Con estudios en curso	8
22203	Salillas	Sin estudios en curso	33
22204	Sallent de Gállego	Con estudios en curso	80
22204	Sallent de Gállego	Sin estudios en curso	568
22205	San Esteban de Litera	Con estudios en curso	53
22205	San Esteban de Litera	Sin estudios en curso	212
22206	Sangarrén	Con estudios en curso	16
22206	Sangarrén	Sin estudios en curso	94
22207	San Juan de Plan	Con estudios en curso	7
22207	San Juan de Plan	Sin estudios en curso	70
22208	Santa Cilia	Con estudios en curso	27
22208	Santa Cilia	Sin estudios en curso	72
22209	Santa Cruz de la Serós	Con estudios en curso	17
22209	Santa Cruz de la Serós	Sin estudios en curso	65
22212	Santaliestra y San Quílez	Con estudios en curso	6
22212	Santaliestra y San Quílez	Sin estudios en curso	56
22213	Sariñena	Con estudios en curso	380
22213	Sariñena	Sin estudios en curso	1512
22214	Secastilla	Con estudios en curso	7
22214	Secastilla	Sin estudios en curso	38
22215	Seira	Con estudios en curso	22
22215	Seira	Sin estudios en curso	79
22217	Sena	Con estudios en curso	38
22217	Sena	Sin estudios en curso	234
22218	Senés de Alcubierre	Con estudios en curso	4
22218	Senés de Alcubierre	Sin estudios en curso	24
22220	Sesa	Con estudios en curso	10
22220	Sesa	Sin estudios en curso	90
22221	Sesué	Con estudios en curso	13
22221	Sesué	Sin estudios en curso	61
22222	Siétamo	Con estudios en curso	35
22222	Siétamo	Sin estudios en curso	212
22223	Sopeira	Con estudios en curso	7
22223	Sopeira	Sin estudios en curso	41
22225	Tamarite de Litera	Con estudios en curso	323
22225	Tamarite de Litera	Sin estudios en curso	1387
22226	Tardienta	Con estudios en curso	117
22226	Tardienta	Sin estudios en curso	393
22227	Tella-Sin	Con estudios en curso	16
22227	Tella-Sin	Sin estudios en curso	98
22228	Tierz	Con estudios en curso	16
22228	Tierz	Sin estudios en curso	68
22229	Tolva	Con estudios en curso	8
22229	Tolva	Sin estudios en curso	69
22230	Torla	Con estudios en curso	24
22230	Torla	Sin estudios en curso	151
22232	Torralba de Aragón	Con estudios en curso	7
22232	Torralba de Aragón	Sin estudios en curso	50
22233	Torre la Ribera	Con estudios en curso	7
22233	Torre la Ribera	Sin estudios en curso	31
22234	Torrente de Cinca	Con estudios en curso	72
22234	Torrente de Cinca	Sin estudios en curso	457
22235	Torres de Alcanadre	Con estudios en curso	9
22235	Torres de Alcanadre	Sin estudios en curso	32
22236	Torres de Barbués	Con estudios en curso	19
22236	Torres de Barbués	Sin estudios en curso	145
22239	Tramaced	Con estudios en curso	8
22239	Tramaced	Sin estudios en curso	42
22242	Valfarta	Sin estudios en curso	29
22243	Valle de Bardají	Con estudios en curso	1
22243	Valle de Bardají	Sin estudios en curso	12
22244	Valle de Lierp	Con estudios en curso	1
22244	Valle de Lierp	Sin estudios en curso	15
22245	Velilla de Cinca	Con estudios en curso	26
22245	Velilla de Cinca	Sin estudios en curso	170
22246	Veracruz	Con estudios en curso	5
22246	Veracruz	Sin estudios en curso	34
22247	Viacamp y Litera	Con estudios en curso	2
22247	Viacamp y Litera	Sin estudios en curso	21
22248	Vicién	Con estudios en curso	12
22248	Vicién	Sin estudios en curso	52
22249	Villanova	Con estudios en curso	10
22249	Villanova	Sin estudios en curso	68
22250	Villanúa	Con estudios en curso	24
22250	Villanúa	Sin estudios en curso	158
22251	Villanueva de Sigena	Con estudios en curso	43
22251	Villanueva de Sigena	Sin estudios en curso	167
22252	Yebra de Basa	Con estudios en curso	18
22252	Yebra de Basa	Sin estudios en curso	67
22253	Yésero	Con estudios en curso	5
22253	Yésero	Sin estudios en curso	39
22254	Zaidín	Con estudios en curso	130
22254	Zaidín	Sin estudios en curso	617
22901	Valle de Hecho	Con estudios en curso	61
22901	Valle de Hecho	Sin estudios en curso	394
22902	Puente la Reina de Jaca	Con estudios en curso	39
22902	Puente la Reina de Jaca	Sin estudios en curso	88
22903	San Miguel del Cinca	Con estudios en curso	67
22903	San Miguel del Cinca	Sin estudios en curso	319
22904	Sotonera (La)	Con estudios en curso	75
22904	Sotonera (La)	Sin estudios en curso	399
22905	Lupiñén-Ortilla	Con estudios en curso	37
22905	Lupiñén-Ortilla	Sin estudios en curso	142
22906	Santa María de Dulcis	Con estudios en curso	16
22906	Santa María de Dulcis	Sin estudios en curso	76
22907	Aínsa-Sobrarbe	Con estudios en curso	149
22907	Aínsa-Sobrarbe	Sin estudios en curso	646
22908	Hoz y Costeán	Con estudios en curso	11
22908	Hoz y Costeán	Sin estudios en curso	83
22909	Vencillón	Con estudios en curso	17
22909	Vencillón	Sin estudios en curso	209
44001	Ababuj	Sin estudios en curso	50
44002	Abejuela	Con estudios en curso	3
44002	Abejuela	Sin estudios en curso	19
44003	Aguatón	Con estudios en curso	4
44003	Aguatón	Sin estudios en curso	12
44004	Aguaviva	Con estudios en curso	35
44004	Aguaviva	Sin estudios en curso	223
44005	Aguilar del Alfambra	Con estudios en curso	3
44005	Aguilar del Alfambra	Sin estudios en curso	31
44006	Alacón	Con estudios en curso	11
44006	Alacón	Sin estudios en curso	115
44007	Alba	Con estudios en curso	9
44007	Alba	Sin estudios en curso	93
44008	Albalate del Arzobispo	Con estudios en curso	160
44008	Albalate del Arzobispo	Sin estudios en curso	681
44009	Albarracín	Con estudios en curso	53
44009	Albarracín	Sin estudios en curso	436
44010	Albentosa	Con estudios en curso	13
44010	Albentosa	Sin estudios en curso	107
44011	Alcaine	Con estudios en curso	3
44011	Alcaine	Sin estudios en curso	37
44012	Alcalá de la Selva	Con estudios en curso	30
44012	Alcalá de la Selva	Sin estudios en curso	231
44013	Alcañiz	Con estudios en curso	1193
44013	Alcañiz	Sin estudios en curso	5761
44014	Alcorisa	Con estudios en curso	302
44014	Alcorisa	Sin estudios en curso	1178
44016	Alfambra	Con estudios en curso	40
44016	Alfambra	Sin estudios en curso	229
44017	Aliaga	Con estudios en curso	14
44017	Aliaga	Sin estudios en curso	134
44018	Almohaja	Sin estudios en curso	12
44019	Alobras	Con estudios en curso	5
44019	Alobras	Sin estudios en curso	24
44020	Alpeñés	Con estudios en curso	1
44020	Alpeñés	Sin estudios en curso	10
44021	Allepuz	Con estudios en curso	5
44021	Allepuz	Sin estudios en curso	44
44022	Alloza	Con estudios en curso	46
44022	Alloza	Sin estudios en curso	185
44023	Allueva	Sin estudios en curso	4
44024	Anadón	Con estudios en curso	1
44024	Anadón	Sin estudios en curso	7
44025	Andorra	Con estudios en curso	622
44025	Andorra	Sin estudios en curso	2782
44026	Arcos de las Salinas	Con estudios en curso	7
44026	Arcos de las Salinas	Sin estudios en curso	43
44027	Arens de Lledó	Con estudios en curso	5
44027	Arens de Lledó	Sin estudios en curso	83
44028	Argente	Con estudios en curso	15
44028	Argente	Sin estudios en curso	79
44029	Ariño	Con estudios en curso	58
44029	Ariño	Sin estudios en curso	246
44031	Azaila	Con estudios en curso	6
44031	Azaila	Sin estudios en curso	54
44032	Bádenas	Sin estudios en curso	9
44033	Báguena	Con estudios en curso	13
44033	Báguena	Sin estudios en curso	138
44034	Bañón	Con estudios en curso	4
44034	Bañón	Sin estudios en curso	62
44035	Barrachina	Con estudios en curso	6
44035	Barrachina	Sin estudios en curso	47
44036	Bea	Sin estudios en curso	15
44037	Beceite	Con estudios en curso	40
44037	Beceite	Sin estudios en curso	217
44038	Belmonte de San José	Con estudios en curso	4
44038	Belmonte de San José	Sin estudios en curso	46
44039	Bello	Con estudios en curso	13
44039	Bello	Sin estudios en curso	115
44040	Berge	Con estudios en curso	10
44040	Berge	Sin estudios en curso	78
44041	Bezas	Con estudios en curso	1
44041	Bezas	Sin estudios en curso	25
44042	Blancas	Con estudios en curso	5
44042	Blancas	Sin estudios en curso	64
44043	Blesa	Con estudios en curso	4
44043	Blesa	Sin estudios en curso	53
44044	Bordón	Con estudios en curso	3
44044	Bordón	Sin estudios en curso	44
44045	Bronchales	Con estudios en curso	30
44045	Bronchales	Sin estudios en curso	186
44046	Bueña	Con estudios en curso	3
44046	Bueña	Sin estudios en curso	32
44047	Burbáguena	Con estudios en curso	12
44047	Burbáguena	Sin estudios en curso	64
44048	Cabra de Mora	Con estudios en curso	4
44048	Cabra de Mora	Sin estudios en curso	42
44049	Calaceite	Con estudios en curso	58
44049	Calaceite	Sin estudios en curso	425
44050	Calamocha	Con estudios en curso	327
44050	Calamocha	Sin estudios en curso	1556
44051	Calanda	Con estudios en curso	300
44051	Calanda	Sin estudios en curso	1323
44052	Calomarde	Sin estudios en curso	25
44053	Camañas	Con estudios en curso	5
44053	Camañas	Sin estudios en curso	49
44054	Camarena de la Sierra	Con estudios en curso	5
44054	Camarena de la Sierra	Sin estudios en curso	80
44055	Camarillas	Con estudios en curso	5
44055	Camarillas	Sin estudios en curso	45
44056	Caminreal	Con estudios en curso	58
44056	Caminreal	Sin estudios en curso	275
44059	Cantavieja	Con estudios en curso	88
44059	Cantavieja	Sin estudios en curso	303
44060	Cañada de Benatanduz	Con estudios en curso	2
44060	Cañada de Benatanduz	Sin estudios en curso	20
44061	Cañada de Verich (La)	Con estudios en curso	2
44061	Cañada de Verich (La)	Sin estudios en curso	30
44062	Cañada Vellida	Sin estudios en curso	27
44063	Cañizar del Olivar	Con estudios en curso	4
44063	Cañizar del Olivar	Sin estudios en curso	38
44064	Cascante del Río	Con estudios en curso	2
44064	Cascante del Río	Sin estudios en curso	37
44065	Castejón de Tornos	Con estudios en curso	2
44065	Castejón de Tornos	Sin estudios en curso	32
44066	Castel de Cabra	Con estudios en curso	6
44066	Castel de Cabra	Sin estudios en curso	38
44067	Castelnou	Con estudios en curso	3
44067	Castelnou	Sin estudios en curso	41
44068	Castelserás	Con estudios en curso	45
44068	Castelserás	Sin estudios en curso	321
44070	Castellar (El)	Con estudios en curso	4
44070	Castellar (El)	Sin estudios en curso	33
44071	Castellote	Con estudios en curso	33
44071	Castellote	Sin estudios en curso	274
44074	Cedrillas	Con estudios en curso	34
44074	Cedrillas	Sin estudios en curso	228
44075	Celadas	Con estudios en curso	23
44075	Celadas	Sin estudios en curso	145
44076	Cella	Con estudios en curso	218
44076	Cella	Sin estudios en curso	1147
44077	Cerollera (La)	Con estudios en curso	4
44077	Cerollera (La)	Sin estudios en curso	37
44080	Codoñera (La)	Con estudios en curso	19
44080	Codoñera (La)	Sin estudios en curso	126
44082	Corbalán	Con estudios en curso	1
44082	Corbalán	Sin estudios en curso	32
44084	Cortes de Aragón	Con estudios en curso	4
44084	Cortes de Aragón	Sin estudios en curso	28
44085	Cosa	Con estudios en curso	3
44085	Cosa	Sin estudios en curso	31
44086	Cretas	Con estudios en curso	27
44086	Cretas	Sin estudios en curso	232
44087	Crivillén	Con estudios en curso	5
44087	Crivillén	Sin estudios en curso	32
44088	Cuba (La)	Con estudios en curso	5
44088	Cuba (La)	Sin estudios en curso	19
44089	Cubla	Con estudios en curso	2
44089	Cubla	Sin estudios en curso	9
44090	Cucalón	Con estudios en curso	8
44090	Cucalón	Sin estudios en curso	30
44092	Cuervo (El)	Con estudios en curso	4
44092	Cuervo (El)	Sin estudios en curso	30
44093	Cuevas de Almudén	Con estudios en curso	12
44093	Cuevas de Almudén	Sin estudios en curso	34
44094	Cuevas Labradas	Con estudios en curso	6
44094	Cuevas Labradas	Sin estudios en curso	58
44096	Ejulve	Con estudios en curso	6
44096	Ejulve	Sin estudios en curso	59
44097	Escorihuela	Con estudios en curso	5
44097	Escorihuela	Sin estudios en curso	60
44099	Escucha	Con estudios en curso	69
44099	Escucha	Sin estudios en curso	412
44100	Estercuel	Con estudios en curso	17
44100	Estercuel	Sin estudios en curso	83
44101	Ferreruela de Huerva	Con estudios en curso	8
44101	Ferreruela de Huerva	Sin estudios en curso	20
44102	Fonfría	Sin estudios en curso	8
44103	Formiche Alto	Con estudios en curso	13
44103	Formiche Alto	Sin estudios en curso	65
44105	Fórnoles	Con estudios en curso	3
44105	Fórnoles	Sin estudios en curso	29
44106	Fortanete	Con estudios en curso	8
44106	Fortanete	Sin estudios en curso	69
44107	Foz-Calanda	Con estudios en curso	7
44107	Foz-Calanda	Sin estudios en curso	91
44108	Fresneda (La)	Con estudios en curso	15
44108	Fresneda (La)	Sin estudios en curso	157
44109	Frías de Albarracín	Con estudios en curso	6
44109	Frías de Albarracín	Sin estudios en curso	57
44110	Fuenferrada	Con estudios en curso	1
44110	Fuenferrada	Sin estudios en curso	12
44111	Fuentes Calientes	Con estudios en curso	9
44111	Fuentes Calientes	Sin estudios en curso	49
44112	Fuentes Claras	Con estudios en curso	36
44112	Fuentes Claras	Sin estudios en curso	218
44113	Fuentes de Rubielos	Con estudios en curso	1
44113	Fuentes de Rubielos	Sin estudios en curso	29
44114	Fuentespalda	Con estudios en curso	41
44114	Fuentespalda	Sin estudios en curso	117
44115	Galve	Con estudios en curso	7
44115	Galve	Sin estudios en curso	52
44116	Gargallo	Con estudios en curso	2
44116	Gargallo	Sin estudios en curso	45
44117	Gea de Albarracín	Con estudios en curso	35
44117	Gea de Albarracín	Sin estudios en curso	126
44118	Ginebrosa (La)	Con estudios en curso	8
44118	Ginebrosa (La)	Sin estudios en curso	80
44119	Griegos	Con estudios en curso	11
44119	Griegos	Sin estudios en curso	48
44120	Guadalaviar	Con estudios en curso	12
44120	Guadalaviar	Sin estudios en curso	103
44121	Gúdar	Con estudios en curso	1
44121	Gúdar	Sin estudios en curso	30
44122	Híjar	Con estudios en curso	132
44122	Híjar	Sin estudios en curso	683
44123	Hinojosa de Jarque	Con estudios en curso	8
44123	Hinojosa de Jarque	Sin estudios en curso	54
44124	Hoz de la Vieja (La)	Con estudios en curso	3
44124	Hoz de la Vieja (La)	Sin estudios en curso	37
44125	Huesa del Común	Con estudios en curso	7
44125	Huesa del Común	Sin estudios en curso	43
44126	Iglesuela del Cid (La)	Con estudios en curso	17
44126	Iglesuela del Cid (La)	Sin estudios en curso	216
44127	Jabaloyas	Con estudios en curso	3
44127	Jabaloyas	Sin estudios en curso	23
44128	Jarque de la Val	Con estudios en curso	6
44128	Jarque de la Val	Sin estudios en curso	29
44129	Jatiel	Con estudios en curso	1
44129	Jatiel	Sin estudios en curso	13
44130	Jorcas	Con estudios en curso	2
44130	Jorcas	Sin estudios en curso	21
44131	Josa	Sin estudios en curso	12
44132	Lagueruela	Con estudios en curso	3
44132	Lagueruela	Sin estudios en curso	23
44133	Lanzuela	Con estudios en curso	1
44133	Lanzuela	Sin estudios en curso	5
44135	Libros	Con estudios en curso	4
44135	Libros	Sin estudios en curso	61
44136	Lidón	Con estudios en curso	5
44136	Lidón	Sin estudios en curso	19
44137	Linares de Mora	Con estudios en curso	8
44137	Linares de Mora	Sin estudios en curso	131
44138	Loscos	Con estudios en curso	2
44138	Loscos	Sin estudios en curso	65
44141	Lledó	Con estudios en curso	6
44141	Lledó	Sin estudios en curso	73
44142	Maicas	Sin estudios en curso	16
44143	Manzanera	Con estudios en curso	20
44143	Manzanera	Sin estudios en curso	185
44144	Martín del Río	Con estudios en curso	41
44144	Martín del Río	Sin estudios en curso	152
44145	Mas de las Matas	Con estudios en curso	93
44145	Mas de las Matas	Sin estudios en curso	507
44146	Mata de los Olmos (La)	Con estudios en curso	27
44146	Mata de los Olmos (La)	Sin estudios en curso	87
44147	Mazaleón	Con estudios en curso	31
44147	Mazaleón	Sin estudios en curso	253
44148	Mezquita de Jarque	Con estudios en curso	13
44148	Mezquita de Jarque	Sin estudios en curso	43
44149	Mirambel	Con estudios en curso	8
44149	Mirambel	Sin estudios en curso	52
44150	Miravete de la Sierra	Sin estudios en curso	15
44151	Molinos	Con estudios en curso	20
44151	Molinos	Sin estudios en curso	86
44152	Monforte de Moyuela	Con estudios en curso	4
44152	Monforte de Moyuela	Sin estudios en curso	25
44153	Monreal del Campo	Con estudios en curso	206
44153	Monreal del Campo	Sin estudios en curso	914
44154	Monroyo	Con estudios en curso	11
44154	Monroyo	Sin estudios en curso	142
44155	Montalbán	Con estudios en curso	191
44155	Montalbán	Sin estudios en curso	485
44156	Monteagudo del Castillo	Con estudios en curso	1
44156	Monteagudo del Castillo	Sin estudios en curso	26
44157	Monterde de Albarracín	Sin estudios en curso	25
44158	Mora de Rubielos	Con estudios en curso	82
44158	Mora de Rubielos	Sin estudios en curso	546
44159	Moscardón	Con estudios en curso	3
44159	Moscardón	Sin estudios en curso	17
44160	Mosqueruela	Con estudios en curso	32
44160	Mosqueruela	Sin estudios en curso	321
44161	Muniesa	Con estudios en curso	38
44161	Muniesa	Sin estudios en curso	210
44163	Noguera de Albarracín	Con estudios en curso	5
44163	Noguera de Albarracín	Sin estudios en curso	57
44164	Nogueras	Sin estudios en curso	10
44165	Nogueruelas	Con estudios en curso	15
44165	Nogueruelas	Sin estudios en curso	82
44167	Obón	Sin estudios en curso	36
44168	Odón	Con estudios en curso	17
44168	Odón	Sin estudios en curso	118
44169	Ojos Negros	Con estudios en curso	36
44169	Ojos Negros	Sin estudios en curso	172
44171	Olba	Con estudios en curso	9
44171	Olba	Sin estudios en curso	67
44172	Oliete	Con estudios en curso	13
44172	Oliete	Sin estudios en curso	112
44173	Olmos (Los)	Con estudios en curso	5
44173	Olmos (Los)	Sin estudios en curso	46
44174	Orihuela del Tremedal	Con estudios en curso	26
44174	Orihuela del Tremedal	Sin estudios en curso	248
44175	Orrios	Con estudios en curso	15
44175	Orrios	Sin estudios en curso	60
44176	Palomar de Arroyos	Con estudios en curso	16
44176	Palomar de Arroyos	Sin estudios en curso	79
44177	Pancrudo	Con estudios en curso	4
44177	Pancrudo	Sin estudios en curso	41
44178	Parras de Castellote (Las)	Sin estudios en curso	28
44179	Peñarroya de Tastavins	Con estudios en curso	40
44179	Peñarroya de Tastavins	Sin estudios en curso	189
44180	Peracense	Con estudios en curso	1
44180	Peracense	Sin estudios en curso	33
44181	Peralejos	Con estudios en curso	2
44181	Peralejos	Sin estudios en curso	28
44182	Perales del Alfambra	Con estudios en curso	22
44182	Perales del Alfambra	Sin estudios en curso	110
44183	Pitarque	Con estudios en curso	4
44183	Pitarque	Sin estudios en curso	32
44184	Plou	Con estudios en curso	4
44184	Plou	Sin estudios en curso	12
44185	Pobo (El)	Con estudios en curso	11
44185	Pobo (El)	Sin estudios en curso	52
44187	Portellada (La)	Con estudios en curso	18
44187	Portellada (La)	Sin estudios en curso	121
44189	Pozondón	Sin estudios en curso	22
44190	Pozuel del Campo	Con estudios en curso	2
44190	Pozuel del Campo	Sin estudios en curso	38
44191	Puebla de Híjar (La)	Con estudios en curso	50
44191	Puebla de Híjar (La)	Sin estudios en curso	385
44192	Puebla de Valverde (La)	Con estudios en curso	22
44192	Puebla de Valverde (La)	Sin estudios en curso	192
44193	Puertomingalvo	Con estudios en curso	5
44193	Puertomingalvo	Sin estudios en curso	66
44194	Ráfales	Con estudios en curso	5
44194	Ráfales	Sin estudios en curso	70
44195	Rillo	Con estudios en curso	3
44195	Rillo	Sin estudios en curso	41
44196	Riodeva	Con estudios en curso	3
44196	Riodeva	Sin estudios en curso	71
44197	Ródenas	Con estudios en curso	4
44197	Ródenas	Sin estudios en curso	21
44198	Royuela	Con estudios en curso	10
44198	Royuela	Sin estudios en curso	100
44199	Rubiales	Con estudios en curso	2
44199	Rubiales	Sin estudios en curso	16
44200	Rubielos de la Cérida	Sin estudios en curso	19
44201	Rubielos de Mora	Con estudios en curso	54
44201	Rubielos de Mora	Sin estudios en curso	204
44203	Salcedillo	Sin estudios en curso	1
44204	Saldón	Sin estudios en curso	7
44205	Samper de Calanda	Con estudios en curso	58
44205	Samper de Calanda	Sin estudios en curso	318
44206	San Agustín	Con estudios en curso	7
44206	San Agustín	Sin estudios en curso	43
44207	San Martín del Río	Con estudios en curso	7
44207	San Martín del Río	Sin estudios en curso	79
44208	Santa Cruz de Nogueras	Sin estudios en curso	8
44209	Santa Eulalia	Con estudios en curso	45
44209	Santa Eulalia	Sin estudios en curso	397
44210	Sarrión	Con estudios en curso	65
44210	Sarrión	Sin estudios en curso	412
44211	Segura de los Baños	Con estudios en curso	3
44211	Segura de los Baños	Sin estudios en curso	8
44212	Seno	Con estudios en curso	2
44212	Seno	Sin estudios en curso	15
44213	Singra	Con estudios en curso	4
44213	Singra	Sin estudios en curso	29
44215	Terriente	Con estudios en curso	8
44215	Terriente	Sin estudios en curso	54
44216	Teruel	Con estudios en curso	3378
44216	Teruel	Sin estudios en curso	13394
44217	Toril y Masegoso	Sin estudios en curso	11
44218	Tormón	Sin estudios en curso	7
44219	Tornos	Con estudios en curso	6
44219	Tornos	Sin estudios en curso	80
44220	Torralba de los Sisones	Con estudios en curso	7
44220	Torralba de los Sisones	Sin estudios en curso	73
44221	Torrecilla de Alcañiz	Con estudios en curso	18
44221	Torrecilla de Alcañiz	Sin estudios en curso	156
44222	Torrecilla del Rebollar	Con estudios en curso	6
44222	Torrecilla del Rebollar	Sin estudios en curso	57
44223	Torre de Arcas	Con estudios en curso	5
44223	Torre de Arcas	Sin estudios en curso	37
44224	Torre de las Arcas	Sin estudios en curso	10
44225	Torre del Compte	Con estudios en curso	17
44225	Torre del Compte	Sin estudios en curso	56
44226	Torrelacárcel	Con estudios en curso	9
44226	Torrelacárcel	Sin estudios en curso	91
44227	Torre los Negros	Con estudios en curso	3
44227	Torre los Negros	Sin estudios en curso	27
44228	Torremocha de Jiloca	Con estudios en curso	16
44228	Torremocha de Jiloca	Sin estudios en curso	39
44229	Torres de Albarracín	Con estudios en curso	7
44229	Torres de Albarracín	Sin estudios en curso	67
44230	Torrevelilla	Con estudios en curso	8
44230	Torrevelilla	Sin estudios en curso	56
44231	Torrijas	Con estudios en curso	4
44231	Torrijas	Sin estudios en curso	20
44232	Torrijo del Campo	Con estudios en curso	42
44232	Torrijo del Campo	Sin estudios en curso	192
44234	Tramacastiel	Con estudios en curso	5
44234	Tramacastiel	Sin estudios en curso	32
44235	Tramacastilla	Con estudios en curso	5
44235	Tramacastilla	Sin estudios en curso	41
44236	Tronchón	Con estudios en curso	1
44236	Tronchón	Sin estudios en curso	43
44237	Urrea de Gaén	Con estudios en curso	42
44237	Urrea de Gaén	Sin estudios en curso	190
44238	Utrillas	Con estudios en curso	258
44238	Utrillas	Sin estudios en curso	1206
44239	Valacloche	Sin estudios en curso	3
44240	Valbona	Con estudios en curso	8
44240	Valbona	Sin estudios en curso	84
44241	Valdealgorfa	Con estudios en curso	43
44241	Valdealgorfa	Sin estudios en curso	268
44243	Valdecuenca	Con estudios en curso	1
44243	Valdecuenca	Sin estudios en curso	6
44244	Valdelinares	Con estudios en curso	2
44244	Valdelinares	Sin estudios en curso	55
44245	Valdeltormo	Con estudios en curso	28
44245	Valdeltormo	Sin estudios en curso	119
44246	Valderrobres	Con estudios en curso	148
44246	Valderrobres	Sin estudios en curso	774
44247	Valjunquera	Con estudios en curso	25
44247	Valjunquera	Sin estudios en curso	135
44249	Vallecillo (El)	Con estudios en curso	2
44249	Vallecillo (El)	Sin estudios en curso	11
44250	Veguillas de la Sierra	Sin estudios en curso	10
44251	Villafranca del Campo	Con estudios en curso	24
44251	Villafranca del Campo	Sin estudios en curso	151
44252	Villahermosa del Campo	Con estudios en curso	6
44252	Villahermosa del Campo	Sin estudios en curso	29
44256	Villanueva del Rebollar de la Sierra	Con estudios en curso	1
44256	Villanueva del Rebollar de la Sierra	Sin estudios en curso	14
44257	Villar del Cobo	Con estudios en curso	10
44257	Villar del Cobo	Sin estudios en curso	88
44258	Villar del Salz	Con estudios en curso	6
44258	Villar del Salz	Sin estudios en curso	25
44260	Villarluengo	Con estudios en curso	4
44260	Villarluengo	Sin estudios en curso	96
44261	Villarquemado	Con estudios en curso	71
44261	Villarquemado	Sin estudios en curso	362
44262	Villarroya de los Pinares	Con estudios en curso	9
44262	Villarroya de los Pinares	Sin estudios en curso	67
44263	Villastar	Con estudios en curso	20
44263	Villastar	Sin estudios en curso	127
44264	Villel	Con estudios en curso	16
44264	Villel	Sin estudios en curso	115
44265	Vinaceite	Con estudios en curso	17
44265	Vinaceite	Sin estudios en curso	111
44266	Visiedo	Con estudios en curso	10
44266	Visiedo	Sin estudios en curso	72
44267	Vivel del Río Martín	Con estudios en curso	5
44267	Vivel del Río Martín	Sin estudios en curso	22
44268	Zoma (La)	Sin estudios en curso	8
50001	Abanto	Con estudios en curso	6
50001	Abanto	Sin estudios en curso	49
50002	Acered	Con estudios en curso	7
50002	Acered	Sin estudios en curso	78
50003	Agón	Con estudios en curso	6
50003	Agón	Sin estudios en curso	81
50004	Aguarón	Con estudios en curso	66
50004	Aguarón	Sin estudios en curso	241
50005	Aguilón	Con estudios en curso	14
50005	Aguilón	Sin estudios en curso	98
50006	Ainzón	Con estudios en curso	85
50006	Ainzón	Sin estudios en curso	452
50007	Aladrén	Con estudios en curso	5
50007	Aladrén	Sin estudios en curso	35
50008	Alagón	Con estudios en curso	467
50008	Alagón	Sin estudios en curso	2453
50009	Alarba	Con estudios en curso	4
50009	Alarba	Sin estudios en curso	52
50010	Alberite de San Juan	Con estudios en curso	1
50010	Alberite de San Juan	Sin estudios en curso	40
50011	Albeta	Con estudios en curso	6
50011	Albeta	Sin estudios en curso	45
50012	Alborge	Con estudios en curso	4
50012	Alborge	Sin estudios en curso	54
50013	Alcalá de Ebro	Con estudios en curso	19
50013	Alcalá de Ebro	Sin estudios en curso	98
50014	Alcalá de Moncayo	Con estudios en curso	3
50014	Alcalá de Moncayo	Sin estudios en curso	62
50015	Alconchel de Ariza	Con estudios en curso	5
50015	Alconchel de Ariza	Sin estudios en curso	36
50016	Aldehuela de Liestos	Sin estudios en curso	13
50017	Alfajarín	Con estudios en curso	137
50017	Alfajarín	Sin estudios en curso	697
50018	Alfamén	Con estudios en curso	90
50018	Alfamén	Sin estudios en curso	632
50019	Alforque	Con estudios en curso	7
50019	Alforque	Sin estudios en curso	27
50020	Alhama de Aragón	Con estudios en curso	72
50020	Alhama de Aragón	Sin estudios en curso	526
50021	Almochuel	Con estudios en curso	1
50021	Almochuel	Sin estudios en curso	14
50022	Almolda (La)	Con estudios en curso	61
50022	Almolda (La)	Sin estudios en curso	258
50023	Almonacid de la Cuba	Con estudios en curso	10
50023	Almonacid de la Cuba	Sin estudios en curso	114
50024	Almonacid de la Sierra	Con estudios en curso	84
50024	Almonacid de la Sierra	Sin estudios en curso	314
50025	Almunia de Doña Godina (La)	Con estudios en curso	544
50025	Almunia de Doña Godina (La)	Sin estudios en curso	2540
50026	Alpartir	Con estudios en curso	33
50026	Alpartir	Sin estudios en curso	230
50027	Ambel	Con estudios en curso	36
50027	Ambel	Sin estudios en curso	116
50028	Anento	Con estudios en curso	13
50028	Anento	Sin estudios en curso	53
50029	Aniñón	Con estudios en curso	32
50029	Aniñón	Sin estudios en curso	291
50030	Añón de Moncayo	Con estudios en curso	9
50030	Añón de Moncayo	Sin estudios en curso	103
50031	Aranda de Moncayo	Con estudios en curso	12
50031	Aranda de Moncayo	Sin estudios en curso	80
50032	Arándiga	Con estudios en curso	18
50032	Arándiga	Sin estudios en curso	123
50033	Ardisa	Con estudios en curso	5
50033	Ardisa	Sin estudios en curso	28
50034	Ariza	Con estudios en curso	81
50034	Ariza	Sin estudios en curso	492
50035	Artieda	Con estudios en curso	6
50035	Artieda	Sin estudios en curso	42
50036	Asín	Con estudios en curso	6
50036	Asín	Sin estudios en curso	32
50037	Atea	Con estudios en curso	6
50037	Atea	Sin estudios en curso	60
50038	Ateca	Con estudios en curso	189
50038	Ateca	Sin estudios en curso	871
50039	Azuara	Con estudios en curso	25
50039	Azuara	Sin estudios en curso	255
50040	Badules	Con estudios en curso	6
50040	Badules	Sin estudios en curso	40
50041	Bagüés	Con estudios en curso	1
50041	Bagüés	Sin estudios en curso	13
50042	Balconchán	Sin estudios en curso	5
50043	Bárboles	Con estudios en curso	24
50043	Bárboles	Sin estudios en curso	128
50044	Bardallur	Con estudios en curso	17
50044	Bardallur	Sin estudios en curso	108
50045	Belchite	Con estudios en curso	165
50045	Belchite	Sin estudios en curso	665
50046	Belmonte de Gracián	Con estudios en curso	10
50046	Belmonte de Gracián	Sin estudios en curso	80
50047	Berdejo	Sin estudios en curso	33
50048	Berrueco	Sin estudios en curso	11
50050	Bijuesca	Sin estudios en curso	48
50051	Biota	Con estudios en curso	80
50051	Biota	Sin estudios en curso	461
50052	Bisimbre	Con estudios en curso	9
50052	Bisimbre	Sin estudios en curso	44
50053	Boquiñeni	Con estudios en curso	57
50053	Boquiñeni	Sin estudios en curso	402
50054	Bordalba	Con estudios en curso	4
50054	Bordalba	Sin estudios en curso	26
50055	Borja	Con estudios en curso	325
50055	Borja	Sin estudios en curso	1859
50056	Botorrita	Con estudios en curso	34
50056	Botorrita	Sin estudios en curso	211
50057	Brea de Aragón	Con estudios en curso	107
50057	Brea de Aragón	Sin estudios en curso	905
50058	Bubierca	Con estudios en curso	5
50058	Bubierca	Sin estudios en curso	40
50059	Bujaraloz	Con estudios en curso	89
50059	Bujaraloz	Sin estudios en curso	356
50060	Bulbuente	Con estudios en curso	12
50060	Bulbuente	Sin estudios en curso	88
50061	Bureta	Con estudios en curso	19
50061	Bureta	Sin estudios en curso	123
50062	Burgo de Ebro (El)	Con estudios en curso	151
50062	Burgo de Ebro (El)	Sin estudios en curso	760
50063	Buste (El)	Con estudios en curso	4
50063	Buste (El)	Sin estudios en curso	40
50064	Cabañas de Ebro	Con estudios en curso	21
50064	Cabañas de Ebro	Sin estudios en curso	220
50065	Cabolafuente	Con estudios en curso	4
50065	Cabolafuente	Sin estudios en curso	24
50066	Cadrete	Con estudios en curso	161
50066	Cadrete	Sin estudios en curso	894
50067	Calatayud	Con estudios en curso	1944
50067	Calatayud	Sin estudios en curso	7493
50068	Calatorao	Con estudios en curso	206
50068	Calatorao	Sin estudios en curso	1210
50069	Calcena	Con estudios en curso	2
50069	Calcena	Sin estudios en curso	33
50070	Calmarza	Con estudios en curso	2
50070	Calmarza	Sin estudios en curso	30
50071	Campillo de Aragón	Con estudios en curso	9
50071	Campillo de Aragón	Sin estudios en curso	58
50072	Carenas	Con estudios en curso	3
50072	Carenas	Sin estudios en curso	53
50073	Cariñena	Con estudios en curso	233
50073	Cariñena	Sin estudios en curso	1488
50074	Caspe	Con estudios en curso	621
50074	Caspe	Sin estudios en curso	3340
50075	Castejón de Alarba	Con estudios en curso	2
50075	Castejón de Alarba	Sin estudios en curso	34
50076	Castejón de las Armas	Con estudios en curso	5
50076	Castejón de las Armas	Sin estudios en curso	37
50077	Castejón de Valdejasa	Con estudios en curso	7
50077	Castejón de Valdejasa	Sin estudios en curso	122
50078	Castiliscar	Con estudios en curso	27
50078	Castiliscar	Sin estudios en curso	166
50079	Cervera de la Cañada	Con estudios en curso	18
50079	Cervera de la Cañada	Sin estudios en curso	103
50080	Cerveruela	Sin estudios en curso	13
50081	Cetina	Con estudios en curso	24
50081	Cetina	Sin estudios en curso	230
50082	Cimballa	Con estudios en curso	5
50082	Cimballa	Sin estudios en curso	41
50083	Cinco Olivas	Con estudios en curso	9
50083	Cinco Olivas	Sin estudios en curso	43
50084	Clarés de Ribota	Con estudios en curso	1
50084	Clarés de Ribota	Sin estudios en curso	31
50085	Codo	Con estudios en curso	14
50085	Codo	Sin estudios en curso	80
50086	Codos	Con estudios en curso	13
50086	Codos	Sin estudios en curso	82
50087	Contamina	Con estudios en curso	1
50087	Contamina	Sin estudios en curso	20
50088	Cosuenda	Con estudios en curso	8
50088	Cosuenda	Sin estudios en curso	170
50089	Cuarte de Huerva	Con estudios en curso	207
50089	Cuarte de Huerva	Sin estudios en curso	939
50090	Cubel	Con estudios en curso	22
50090	Cubel	Sin estudios en curso	71
50091	Cuerlas (Las)	Con estudios en curso	1
50091	Cuerlas (Las)	Sin estudios en curso	24
50092	Chiprana	Con estudios en curso	21
50092	Chiprana	Sin estudios en curso	164
50093	Chodes	Con estudios en curso	5
50093	Chodes	Sin estudios en curso	37
50094	Daroca	Con estudios en curso	160
50094	Daroca	Sin estudios en curso	853
50095	Ejea de los Caballeros	Con estudios en curso	1369
50095	Ejea de los Caballeros	Sin estudios en curso	7047
50096	Embid de Ariza	Con estudios en curso	1
50096	Embid de Ariza	Sin estudios en curso	19
50098	Encinacorba	Con estudios en curso	8
50098	Encinacorba	Sin estudios en curso	104
50099	Épila	Con estudios en curso	303
50099	Épila	Sin estudios en curso	1707
50100	Erla	Con estudios en curso	39
50100	Erla	Sin estudios en curso	164
50101	Escatrón	Con estudios en curso	73
50101	Escatrón	Sin estudios en curso	409
50102	Fabara	Con estudios en curso	67
50102	Fabara	Sin estudios en curso	486
50104	Farlete	Con estudios en curso	46
50104	Farlete	Sin estudios en curso	178
50105	Fayón	Con estudios en curso	22
50105	Fayón	Sin estudios en curso	133
50106	Fayos (Los)	Con estudios en curso	1
50106	Fayos (Los)	Sin estudios en curso	54
50107	Figueruelas	Con estudios en curso	82
50107	Figueruelas	Sin estudios en curso	488
50108	Fombuena	Con estudios en curso	1
50108	Fombuena	Sin estudios en curso	4
50109	Frago (El)	Con estudios en curso	3
50109	Frago (El)	Sin estudios en curso	52
50110	Frasno (El)	Con estudios en curso	50
50110	Frasno (El)	Sin estudios en curso	184
50111	Fréscano	Con estudios en curso	14
50111	Fréscano	Sin estudios en curso	82
50113	Fuendejalón	Con estudios en curso	29
50113	Fuendejalón	Sin estudios en curso	356
50114	Fuendetodos	Con estudios en curso	3
50114	Fuendetodos	Sin estudios en curso	80
50115	Fuentes de Ebro	Con estudios en curso	407
50115	Fuentes de Ebro	Sin estudios en curso	1674
50116	Fuentes de Jiloca	Con estudios en curso	18
50116	Fuentes de Jiloca	Sin estudios en curso	107
50117	Gallocanta	Con estudios en curso	3
50117	Gallocanta	Sin estudios en curso	64
50118	Gallur	Con estudios en curso	203
50118	Gallur	Sin estudios en curso	1182
50119	Gelsa	Con estudios en curso	72
50119	Gelsa	Sin estudios en curso	457
50120	Godojos	Sin estudios en curso	20
50121	Gotor	Con estudios en curso	21
50121	Gotor	Sin estudios en curso	167
50122	Grisel	Con estudios en curso	5
50122	Grisel	Sin estudios en curso	18
50123	Grisén	Con estudios en curso	19
50123	Grisén	Sin estudios en curso	204
50124	Herrera de los Navarros	Con estudios en curso	40
50124	Herrera de los Navarros	Sin estudios en curso	211
50125	Ibdes	Con estudios en curso	19
50125	Ibdes	Sin estudios en curso	193
50126	Illueca	Con estudios en curso	244
50126	Illueca	Sin estudios en curso	1508
50128	Isuerre	Sin estudios en curso	32
50129	Jaraba	Con estudios en curso	17
50129	Jaraba	Sin estudios en curso	137
50130	Jarque	Con estudios en curso	22
50130	Jarque	Sin estudios en curso	204
50131	Jaulín	Con estudios en curso	12
50131	Jaulín	Sin estudios en curso	110
50132	Joyosa (La)	Con estudios en curso	25
50132	Joyosa (La)	Sin estudios en curso	184
50133	Lagata	Con estudios en curso	7
50133	Lagata	Sin estudios en curso	46
50134	Langa del Castillo	Con estudios en curso	10
50134	Langa del Castillo	Sin estudios en curso	47
50135	Layana	Con estudios en curso	11
50135	Layana	Sin estudios en curso	61
50136	Lécera	Con estudios en curso	35
50136	Lécera	Sin estudios en curso	270
50137	Leciñena	Con estudios en curso	164
50137	Leciñena	Sin estudios en curso	466
50138	Lechón	Con estudios en curso	3
50138	Lechón	Sin estudios en curso	19
50139	Letux	Con estudios en curso	13
50139	Letux	Sin estudios en curso	155
50140	Litago	Con estudios en curso	3
50140	Litago	Sin estudios en curso	66
50141	Lituénigo	Con estudios en curso	6
50141	Lituénigo	Sin estudios en curso	37
50142	Lobera de Onsella	Con estudios en curso	1
50142	Lobera de Onsella	Sin estudios en curso	12
50143	Longares	Con estudios en curso	80
50143	Longares	Sin estudios en curso	353
50144	Longás	Con estudios en curso	3
50144	Longás	Sin estudios en curso	20
50146	Lucena de Jalón	Con estudios en curso	3
50146	Lucena de Jalón	Sin estudios en curso	97
50147	Luceni	Con estudios en curso	40
50147	Luceni	Sin estudios en curso	387
50148	Luesia	Con estudios en curso	32
50148	Luesia	Sin estudios en curso	137
50149	Luesma	Con estudios en curso	1
50149	Luesma	Sin estudios en curso	20
50150	Lumpiaque	Con estudios en curso	36
50150	Lumpiaque	Sin estudios en curso	309
50151	Luna	Con estudios en curso	37
50151	Luna	Sin estudios en curso	319
50152	Maella	Con estudios en curso	119
50152	Maella	Sin estudios en curso	844
50153	Magallón	Con estudios en curso	50
50153	Magallón	Sin estudios en curso	469
50154	Mainar	Con estudios en curso	8
50154	Mainar	Sin estudios en curso	65
50155	Malanquilla	Con estudios en curso	7
50155	Malanquilla	Sin estudios en curso	69
50156	Maleján	Con estudios en curso	19
50156	Maleján	Sin estudios en curso	115
50157	Malón	Con estudios en curso	25
50157	Malón	Sin estudios en curso	168
50159	Maluenda	Con estudios en curso	64
50159	Maluenda	Sin estudios en curso	394
50160	Mallén	Con estudios en curso	256
50160	Mallén	Sin estudios en curso	1328
50161	Manchones	Con estudios en curso	8
50161	Manchones	Sin estudios en curso	51
50162	Mara	Con estudios en curso	7
50162	Mara	Sin estudios en curso	74
50163	María de Huerva	Con estudios en curso	152
50163	María de Huerva	Sin estudios en curso	704
50164	Mediana de Aragón	Con estudios en curso	24
50164	Mediana de Aragón	Sin estudios en curso	184
50165	Mequinenza	Con estudios en curso	222
50165	Mequinenza	Sin estudios en curso	809
50166	Mesones de Isuela	Con estudios en curso	18
50166	Mesones de Isuela	Sin estudios en curso	116
50167	Mezalocha	Con estudios en curso	14
50167	Mezalocha	Sin estudios en curso	104
50168	Mianos	Sin estudios en curso	22
50169	Miedes de Aragón	Con estudios en curso	19
50169	Miedes de Aragón	Sin estudios en curso	175
50170	Monegrillo	Con estudios en curso	80
50170	Monegrillo	Sin estudios en curso	220
50171	Moneva	Con estudios en curso	10
50171	Moneva	Sin estudios en curso	53
50172	Monreal de Ariza	Con estudios en curso	19
50172	Monreal de Ariza	Sin estudios en curso	110
50173	Monterde	Con estudios en curso	5
50173	Monterde	Sin estudios en curso	84
50174	Montón	Con estudios en curso	1
50174	Montón	Sin estudios en curso	42
50175	Morata de Jalón	Con estudios en curso	160
50175	Morata de Jalón	Sin estudios en curso	503
50176	Morata de Jiloca	Con estudios en curso	12
50176	Morata de Jiloca	Sin estudios en curso	105
50177	Morés	Con estudios en curso	42
50177	Morés	Sin estudios en curso	135
50178	Moros	Con estudios en curso	20
50178	Moros	Sin estudios en curso	136
50179	Moyuela	Con estudios en curso	13
50179	Moyuela	Sin estudios en curso	113
50180	Mozota	Con estudios en curso	3
50180	Mozota	Sin estudios en curso	43
50181	Muel	Con estudios en curso	87
50181	Muel	Sin estudios en curso	438
50182	Muela (La)	Con estudios en curso	158
50182	Muela (La)	Sin estudios en curso	840
50183	Munébrega	Con estudios en curso	16
50183	Munébrega	Sin estudios en curso	150
50184	Murero	Con estudios en curso	8
50184	Murero	Sin estudios en curso	47
50185	Murillo de Gállego	Con estudios en curso	11
50185	Murillo de Gállego	Sin estudios en curso	51
50186	Navardún	Sin estudios en curso	23
50187	Nigüella	Con estudios en curso	4
50187	Nigüella	Sin estudios en curso	33
50188	Nombrevilla	Con estudios en curso	2
50188	Nombrevilla	Sin estudios en curso	29
50189	Nonaspe	Con estudios en curso	36
50189	Nonaspe	Sin estudios en curso	365
50190	Novallas	Con estudios en curso	49
50190	Novallas	Sin estudios en curso	319
50191	Novillas	Con estudios en curso	29
50191	Novillas	Sin estudios en curso	265
50192	Nuévalos	Con estudios en curso	18
50192	Nuévalos	Sin estudios en curso	175
50193	Nuez de Ebro	Con estudios en curso	65
50193	Nuez de Ebro	Sin estudios en curso	252
50194	Olvés	Con estudios en curso	7
50194	Olvés	Sin estudios en curso	52
50195	Orcajo	Con estudios en curso	3
50195	Orcajo	Sin estudios en curso	19
50196	Orera	Con estudios en curso	3
50196	Orera	Sin estudios en curso	28
50197	Orés	Con estudios en curso	4
50197	Orés	Sin estudios en curso	36
50198	Oseja	Con estudios en curso	2
50198	Oseja	Sin estudios en curso	23
50199	Osera de Ebro	Con estudios en curso	31
50199	Osera de Ebro	Sin estudios en curso	164
50200	Paniza	Con estudios en curso	33
50200	Paniza	Sin estudios en curso	265
50201	Paracuellos de Jiloca	Con estudios en curso	37
50201	Paracuellos de Jiloca	Sin estudios en curso	191
50202	Paracuellos de la Ribera	Con estudios en curso	4
50202	Paracuellos de la Ribera	Sin estudios en curso	65
50203	Pastriz	Con estudios en curso	85
50203	Pastriz	Sin estudios en curso	493
50204	Pedrola	Con estudios en curso	206
50204	Pedrola	Sin estudios en curso	1155
50205	Pedrosas (Las)	Con estudios en curso	6
50205	Pedrosas (Las)	Sin estudios en curso	41
50206	Perdiguera	Con estudios en curso	44
50206	Perdiguera	Sin estudios en curso	208
50207	Piedratajada	Con estudios en curso	7
50207	Piedratajada	Sin estudios en curso	66
50208	Pina de Ebro	Con estudios en curso	249
50208	Pina de Ebro	Sin estudios en curso	1044
50209	Pinseque	Con estudios en curso	196
50209	Pinseque	Sin estudios en curso	833
50210	Pintanos (Los)	Con estudios en curso	1
50210	Pintanos (Los)	Sin estudios en curso	30
50211	Plasencia de Jalón	Con estudios en curso	16
50211	Plasencia de Jalón	Sin estudios en curso	147
50212	Pleitas	Sin estudios en curso	18
50213	Plenas	Con estudios en curso	2
50213	Plenas	Sin estudios en curso	65
50214	Pomer	Sin estudios en curso	12
50215	Pozuel de Ariza	Con estudios en curso	1
50215	Pozuel de Ariza	Sin estudios en curso	3
50216	Pozuelo de Aragón	Con estudios en curso	15
50216	Pozuelo de Aragón	Sin estudios en curso	131
50217	Pradilla de Ebro	Con estudios en curso	28
50217	Pradilla de Ebro	Sin estudios en curso	256
50218	Puebla de Albortón	Con estudios en curso	2
50218	Puebla de Albortón	Sin estudios en curso	61
50219	Puebla de Alfindén (La)	Con estudios en curso	235
50219	Puebla de Alfindén (La)	Sin estudios en curso	1136
50220	Puendeluna	Con estudios en curso	3
50220	Puendeluna	Sin estudios en curso	25
50221	Purujosa	Sin estudios en curso	30
50222	Quinto	Con estudios en curso	172
50222	Quinto	Sin estudios en curso	860
50223	Remolinos	Con estudios en curso	81
50223	Remolinos	Sin estudios en curso	467
50224	Retascón	Con estudios en curso	1
50224	Retascón	Sin estudios en curso	31
50225	Ricla	Con estudios en curso	91
50225	Ricla	Sin estudios en curso	1042
50227	Romanos	Con estudios en curso	7
50227	Romanos	Sin estudios en curso	51
50228	Rueda de Jalón	Con estudios en curso	38
50228	Rueda de Jalón	Sin estudios en curso	125
50229	Ruesca	Con estudios en curso	2
50229	Ruesca	Sin estudios en curso	32
50230	Sádaba	Con estudios en curso	137
50230	Sádaba	Sin estudios en curso	668
50231	Salillas de Jalón	Con estudios en curso	29
50231	Salillas de Jalón	Sin estudios en curso	116
50232	Salvatierra de Esca	Con estudios en curso	7
50232	Salvatierra de Esca	Sin estudios en curso	78
50233	Samper del Salz	Con estudios en curso	14
50233	Samper del Salz	Sin estudios en curso	54
50234	San Martín de la Virgen de Moncayo	Con estudios en curso	27
50234	San Martín de la Virgen de Moncayo	Sin estudios en curso	111
50235	San Mateo de Gállego	Con estudios en curso	218
50235	San Mateo de Gállego	Sin estudios en curso	933
50236	Santa Cruz de Grío	Con estudios en curso	3
50236	Santa Cruz de Grío	Sin estudios en curso	55
50237	Santa Cruz de Moncayo	Con estudios en curso	9
50237	Santa Cruz de Moncayo	Sin estudios en curso	42
50238	Santa Eulalia de Gállego	Con estudios en curso	14
50238	Santa Eulalia de Gállego	Sin estudios en curso	43
50239	Santed	Con estudios en curso	8
50239	Santed	Sin estudios en curso	25
50240	Sástago	Con estudios en curso	150
50240	Sástago	Sin estudios en curso	519
50241	Saviñán	Con estudios en curso	42
50241	Saviñán	Sin estudios en curso	363
50242	Sediles	Con estudios en curso	6
50242	Sediles	Sin estudios en curso	36
50243	Sestrica	Con estudios en curso	11
50243	Sestrica	Sin estudios en curso	177
50244	Sierra de Luna	Con estudios en curso	2
50244	Sierra de Luna	Sin estudios en curso	89
50245	Sigüés	Con estudios en curso	5
50245	Sigüés	Sin estudios en curso	63
50246	Sisamón	Con estudios en curso	1
50246	Sisamón	Sin estudios en curso	23
50247	Sobradiel	Con estudios en curso	57
50247	Sobradiel	Sin estudios en curso	291
50248	Sos del Rey Católico	Con estudios en curso	48
50248	Sos del Rey Católico	Sin estudios en curso	315
50249	Tabuenca	Con estudios en curso	26
50249	Tabuenca	Sin estudios en curso	176
50250	Talamantes	Sin estudios en curso	16
50251	Tarazona	Con estudios en curso	981
50251	Tarazona	Sin estudios en curso	4351
50252	Tauste	Con estudios en curso	816
50252	Tauste	Sin estudios en curso	2934
50253	Terrer	Con estudios en curso	35
50253	Terrer	Sin estudios en curso	214
50254	Tierga	Con estudios en curso	10
50254	Tierga	Sin estudios en curso	97
50255	Tobed	Con estudios en curso	22
50255	Tobed	Sin estudios en curso	58
50256	Torralba de los Frailes	Con estudios en curso	6
50256	Torralba de los Frailes	Sin estudios en curso	35
50257	Torralba de Ribota	Con estudios en curso	7
50257	Torralba de Ribota	Sin estudios en curso	57
50258	Torralbilla	Con estudios en curso	3
50258	Torralbilla	Sin estudios en curso	25
50259	Torrehermosa	Con estudios en curso	6
50259	Torrehermosa	Sin estudios en curso	34
50260	Torrelapaja	Con estudios en curso	1
50260	Torrelapaja	Sin estudios en curso	17
50261	Torrellas	Con estudios en curso	8
50261	Torrellas	Sin estudios en curso	116
50262	Torres de Berrellén	Con estudios en curso	94
50262	Torres de Berrellén	Sin estudios en curso	595
50263	Torrijo de la Cañada	Con estudios en curso	14
50263	Torrijo de la Cañada	Sin estudios en curso	98
50264	Tosos	Con estudios en curso	2
50264	Tosos	Sin estudios en curso	49
50265	Trasmoz	Con estudios en curso	1
50265	Trasmoz	Sin estudios en curso	21
50266	Trasobares	Con estudios en curso	7
50266	Trasobares	Sin estudios en curso	67
50267	Uncastillo	Con estudios en curso	97
50267	Uncastillo	Sin estudios en curso	301
50268	Undués de Lerda	Con estudios en curso	2
50268	Undués de Lerda	Sin estudios en curso	13
50269	Urrea de Jalón	Con estudios en curso	16
50269	Urrea de Jalón	Sin estudios en curso	126
50270	Urriés	Con estudios en curso	1
50270	Urriés	Sin estudios en curso	20
50271	Used	Con estudios en curso	28
50271	Used	Sin estudios en curso	121
50272	Utebo	Con estudios en curso	1337
50272	Utebo	Sin estudios en curso	5684
50273	Valdehorna	Con estudios en curso	2
50273	Valdehorna	Sin estudios en curso	18
50274	Val de San Martín	Con estudios en curso	4
50274	Val de San Martín	Sin estudios en curso	32
50275	Valmadrid	Con estudios en curso	2
50275	Valmadrid	Sin estudios en curso	30
50276	Valpalmas	Con estudios en curso	8
50276	Valpalmas	Sin estudios en curso	66
50277	Valtorres	Con estudios en curso	1
50277	Valtorres	Sin estudios en curso	23
50278	Velilla de Ebro	Con estudios en curso	11
50278	Velilla de Ebro	Sin estudios en curso	92
50279	Velilla de Jiloca	Con estudios en curso	2
50279	Velilla de Jiloca	Sin estudios en curso	34
50280	Vera de Moncayo	Con estudios en curso	37
50280	Vera de Moncayo	Sin estudios en curso	175
50281	Vierlas	Con estudios en curso	1
50281	Vierlas	Sin estudios en curso	33
50282	Vilueña (La)	Con estudios en curso	2
50282	Vilueña (La)	Sin estudios en curso	26
50283	Villadoz	Con estudios en curso	2
50283	Villadoz	Sin estudios en curso	36
50284	Villafeliche	Con estudios en curso	3
50284	Villafeliche	Sin estudios en curso	74
50285	Villafranca de Ebro	Con estudios en curso	49
50285	Villafranca de Ebro	Sin estudios en curso	280
50286	Villalba de Perejil	Con estudios en curso	7
50286	Villalba de Perejil	Sin estudios en curso	42
50287	Villalengua	Con estudios en curso	23
50287	Villalengua	Sin estudios en curso	153
50288	Villanueva de Gállego	Con estudios en curso	327
50288	Villanueva de Gállego	Sin estudios en curso	1557
50289	Villanueva de Jiloca	Con estudios en curso	5
50289	Villanueva de Jiloca	Sin estudios en curso	25
50290	Villanueva de Huerva	Con estudios en curso	29
50290	Villanueva de Huerva	Sin estudios en curso	167
50291	Villar de los Navarros	Con estudios en curso	4
50291	Villar de los Navarros	Sin estudios en curso	50
50292	Villarreal de Huerva	Con estudios en curso	6
50292	Villarreal de Huerva	Sin estudios en curso	76
50293	Villarroya de la Sierra	Con estudios en curso	17
50293	Villarroya de la Sierra	Sin estudios en curso	219
50294	Villarroya del Campo	Con estudios en curso	4
50294	Villarroya del Campo	Sin estudios en curso	23
50295	Vistabella	Con estudios en curso	3
50295	Vistabella	Sin estudios en curso	13
50296	Zaida (La)	Con estudios en curso	54
50296	Zaida (La)	Sin estudios en curso	229
50297	Zaragoza	Con estudios en curso	75155
50297	Zaragoza	Sin estudios en curso	265168
50298	Zuera	Con estudios en curso	462
50298	Zuera	Sin estudios en curso	2357
50901	Biel	Con estudios en curso	12
50901	Biel	Sin estudios en curso	94
50902	Marracos	Con estudios en curso	8
50902	Marracos	Sin estudios en curso	46