Comarca código	Comarca nombre	Tipo estudios	Personas residentes viviendas familiares
01	La Jacetania	Derecho	142
01	La Jacetania	Magisterio, Educación infantil...	357
01	La Jacetania	Ciencias Sociales	477
01	La Jacetania	Artes y Humanidades	273
01	La Jacetania	Informática	39
01	La Jacetania	Ingenierías	178
01	La Jacetania	Formación Técnica e Industrial	445
01	La Jacetania	Ciencias	142
01	La Jacetania	Arquitectura o Construcción	58
01	La Jacetania	Agricultura, Veterinaria,...	126
01	La Jacetania	Salud, Servicios Sociales	385
01	La Jacetania	Otros Servicios	325
02	Alto Gállego	Derecho	101
02	Alto Gállego	Magisterio, Educación infantil...	246
02	Alto Gállego	Ciencias Sociales	462
02	Alto Gállego	Artes y Humanidades	145
02	Alto Gállego	Informática	36
02	Alto Gállego	Ingenierías	160
02	Alto Gállego	Formación Técnica e Industrial	558
02	Alto Gállego	Ciencias	135
02	Alto Gállego	Arquitectura o Construcción	33
02	Alto Gállego	Agricultura, Veterinaria,...	65
02	Alto Gállego	Salud, Servicios Sociales	203
02	Alto Gállego	Otros Servicios	201
03	Sobrarbe	Derecho	39
03	Sobrarbe	Magisterio, Educación infantil...	140
03	Sobrarbe	Ciencias Sociales	184
03	Sobrarbe	Artes y Humanidades	73
03	Sobrarbe	Informática	12
03	Sobrarbe	Ingenierías	65
03	Sobrarbe	Formación Técnica e Industrial	181
03	Sobrarbe	Ciencias	47
03	Sobrarbe	Arquitectura o Construcción	14
03	Sobrarbe	Agricultura, Veterinaria,...	77
03	Sobrarbe	Salud, Servicios Sociales	105
03	Sobrarbe	Otros Servicios	90
04	La Ribagorza	Derecho	84
04	La Ribagorza	Magisterio, Educación infantil...	257
04	La Ribagorza	Ciencias Sociales	365
04	La Ribagorza	Artes y Humanidades	129
04	La Ribagorza	Informática	44
04	La Ribagorza	Ingenierías	125
04	La Ribagorza	Formación Técnica e Industrial	390
04	La Ribagorza	Ciencias	49
04	La Ribagorza	Arquitectura o Construcción	44
04	La Ribagorza	Agricultura, Veterinaria,...	136
04	La Ribagorza	Salud, Servicios Sociales	206
04	La Ribagorza	Otros Servicios	163
05	Cinco Villas	Derecho	169
05	Cinco Villas	Magisterio, Educación infantil...	472
05	Cinco Villas	Ciencias Sociales	722
05	Cinco Villas	Artes y Humanidades	229
05	Cinco Villas	Informática	85
05	Cinco Villas	Ingenierías	179
05	Cinco Villas	Formación Técnica e Industrial	824
05	Cinco Villas	Ciencias	121
05	Cinco Villas	Arquitectura o Construcción	50
05	Cinco Villas	Agricultura, Veterinaria,...	303
05	Cinco Villas	Salud, Servicios Sociales	449
05	Cinco Villas	Otros Servicios	213
06	Hoya de Huesca / Plana de Uesca	Derecho	687
06	Hoya de Huesca / Plana de Uesca	Magisterio, Educación infantil...	2070
06	Hoya de Huesca / Plana de Uesca	Ciencias Sociales	1948
06	Hoya de Huesca / Plana de Uesca	Artes y Humanidades	961
06	Hoya de Huesca / Plana de Uesca	Informática	195
06	Hoya de Huesca / Plana de Uesca	Ingenierías	768
06	Hoya de Huesca / Plana de Uesca	Formación Técnica e Industrial	1523
06	Hoya de Huesca / Plana de Uesca	Ciencias	443
06	Hoya de Huesca / Plana de Uesca	Arquitectura o Construcción	187
06	Hoya de Huesca / Plana de Uesca	Agricultura, Veterinaria,...	377
06	Hoya de Huesca / Plana de Uesca	Salud, Servicios Sociales	1938
06	Hoya de Huesca / Plana de Uesca	Otros Servicios	739
07	Somontano de Barbastro	Derecho	118
07	Somontano de Barbastro	Magisterio, Educación infantil...	452
07	Somontano de Barbastro	Ciencias Sociales	698
07	Somontano de Barbastro	Artes y Humanidades	201
07	Somontano de Barbastro	Informática	40
07	Somontano de Barbastro	Ingenierías	216
07	Somontano de Barbastro	Formación Técnica e Industrial	746
07	Somontano de Barbastro	Ciencias	109
07	Somontano de Barbastro	Arquitectura o Construcción	71
07	Somontano de Barbastro	Agricultura, Veterinaria,...	156
07	Somontano de Barbastro	Salud, Servicios Sociales	470
07	Somontano de Barbastro	Otros Servicios	191
08	Cinca Medio	Derecho	123
08	Cinca Medio	Magisterio, Educación infantil...	344
08	Cinca Medio	Ciencias Sociales	733
08	Cinca Medio	Artes y Humanidades	161
08	Cinca Medio	Informática	70
08	Cinca Medio	Ingenierías	204
08	Cinca Medio	Formación Técnica e Industrial	1085
08	Cinca Medio	Ciencias	119
08	Cinca Medio	Arquitectura o Construcción	45
08	Cinca Medio	Agricultura, Veterinaria,...	168
08	Cinca Medio	Salud, Servicios Sociales	365
08	Cinca Medio	Otros Servicios	170
09	La Litera / La Llitera	Derecho	84
09	La Litera / La Llitera	Magisterio, Educación infantil...	309
09	La Litera / La Llitera	Ciencias Sociales	465
09	La Litera / La Llitera	Artes y Humanidades	142
09	La Litera / La Llitera	Informática	42
09	La Litera / La Llitera	Ingenierías	133
09	La Litera / La Llitera	Formación Técnica e Industrial	464
09	La Litera / La Llitera	Ciencias	70
09	La Litera / La Llitera	Arquitectura o Construcción	34
09	La Litera / La Llitera	Agricultura, Veterinaria,...	149
09	La Litera / La Llitera	Salud, Servicios Sociales	247
09	La Litera / La Llitera	Otros Servicios	123
10	Los Monegros	Derecho	115
10	Los Monegros	Magisterio, Educación infantil...	275
10	Los Monegros	Ciencias Sociales	430
10	Los Monegros	Artes y Humanidades	136
10	Los Monegros	Informática	45
10	Los Monegros	Ingenierías	134
10	Los Monegros	Formación Técnica e Industrial	404
10	Los Monegros	Ciencias	92
10	Los Monegros	Arquitectura o Construcción	23
10	Los Monegros	Agricultura, Veterinaria,...	333
10	Los Monegros	Salud, Servicios Sociales	276
10	Los Monegros	Otros Servicios	122
11	Bajo Cinca / Baix Cinca	Derecho	107
11	Bajo Cinca / Baix Cinca	Magisterio, Educación infantil...	284
11	Bajo Cinca / Baix Cinca	Ciencias Sociales	560
11	Bajo Cinca / Baix Cinca	Artes y Humanidades	114
11	Bajo Cinca / Baix Cinca	Informática	42
11	Bajo Cinca / Baix Cinca	Ingenierías	106
11	Bajo Cinca / Baix Cinca	Formación Técnica e Industrial	485
11	Bajo Cinca / Baix Cinca	Ciencias	67
11	Bajo Cinca / Baix Cinca	Arquitectura o Construcción	29
11	Bajo Cinca / Baix Cinca	Agricultura, Veterinaria,...	173
11	Bajo Cinca / Baix Cinca	Salud, Servicios Sociales	194
11	Bajo Cinca / Baix Cinca	Otros Servicios	109
12	Tarazona y el Moncayo	Derecho	64
12	Tarazona y el Moncayo	Magisterio, Educación infantil...	197
12	Tarazona y el Moncayo	Ciencias Sociales	346
12	Tarazona y el Moncayo	Artes y Humanidades	139
12	Tarazona y el Moncayo	Informática	66
12	Tarazona y el Moncayo	Ingenierías	103
12	Tarazona y el Moncayo	Formación Técnica e Industrial	381
12	Tarazona y el Moncayo	Ciencias	42
12	Tarazona y el Moncayo	Arquitectura o Construcción	34
12	Tarazona y el Moncayo	Agricultura, Veterinaria,...	31
12	Tarazona y el Moncayo	Salud, Servicios Sociales	270
12	Tarazona y el Moncayo	Otros Servicios	91
13	Campo de Borja	Derecho	57
13	Campo de Borja	Magisterio, Educación infantil...	159
13	Campo de Borja	Ciencias Sociales	232
13	Campo de Borja	Artes y Humanidades	89
13	Campo de Borja	Informática	46
13	Campo de Borja	Ingenierías	70
13	Campo de Borja	Formación Técnica e Industrial	352
13	Campo de Borja	Ciencias	56
13	Campo de Borja	Arquitectura o Construcción	16
13	Campo de Borja	Agricultura, Veterinaria,...	92
13	Campo de Borja	Salud, Servicios Sociales	167
13	Campo de Borja	Otros Servicios	103
14	Aranda	Derecho	22
14	Aranda	Magisterio, Educación infantil...	60
14	Aranda	Ciencias Sociales	133
14	Aranda	Artes y Humanidades	19
14	Aranda	Informática	39
14	Aranda	Ingenierías	34
14	Aranda	Formación Técnica e Industrial	128
14	Aranda	Ciencias	15
14	Aranda	Arquitectura o Construcción	6
14	Aranda	Agricultura, Veterinaria,...	9
14	Aranda	Salud, Servicios Sociales	64
14	Aranda	Otros Servicios	27
15	Ribera Alta del Ebro	Derecho	69
15	Ribera Alta del Ebro	Magisterio, Educación infantil...	208
15	Ribera Alta del Ebro	Ciencias Sociales	485
15	Ribera Alta del Ebro	Artes y Humanidades	129
15	Ribera Alta del Ebro	Informática	84
15	Ribera Alta del Ebro	Ingenierías	130
15	Ribera Alta del Ebro	Formación Técnica e Industrial	779
15	Ribera Alta del Ebro	Ciencias	80
15	Ribera Alta del Ebro	Arquitectura o Construcción	28
15	Ribera Alta del Ebro	Agricultura, Veterinaria,...	112
15	Ribera Alta del Ebro	Salud, Servicios Sociales	231
15	Ribera Alta del Ebro	Otros Servicios	143
16	Valdejalón	Derecho	88
16	Valdejalón	Magisterio, Educación infantil...	257
16	Valdejalón	Ciencias Sociales	441
16	Valdejalón	Artes y Humanidades	142
16	Valdejalón	Informática	151
16	Valdejalón	Ingenierías	256
16	Valdejalón	Formación Técnica e Industrial	697
16	Valdejalón	Ciencias	74
16	Valdejalón	Arquitectura o Construcción	23
16	Valdejalón	Agricultura, Veterinaria,...	118
16	Valdejalón	Salud, Servicios Sociales	268
16	Valdejalón	Otros Servicios	134
17	D.C. Zaragoza	Derecho	10027
17	D.C. Zaragoza	Magisterio, Educación infantil...	12880
17	D.C. Zaragoza	Ciencias Sociales	26364
17	D.C. Zaragoza	Artes y Humanidades	11333
17	D.C. Zaragoza	Informática	4823
17	D.C. Zaragoza	Ingenierías	10588
17	D.C. Zaragoza	Formación Técnica e Industrial	29069
17	D.C. Zaragoza	Ciencias	6545
17	D.C. Zaragoza	Arquitectura o Construcción	2096
17	D.C. Zaragoza	Agricultura, Veterinaria,...	2370
17	D.C. Zaragoza	Salud, Servicios Sociales	19560
17	D.C. Zaragoza	Otros Servicios	8276
18	Ribera Baja del Ebro	Derecho	36
18	Ribera Baja del Ebro	Magisterio, Educación infantil...	93
18	Ribera Baja del Ebro	Ciencias Sociales	172
18	Ribera Baja del Ebro	Artes y Humanidades	27
18	Ribera Baja del Ebro	Informática	14
18	Ribera Baja del Ebro	Ingenierías	56
18	Ribera Baja del Ebro	Formación Técnica e Industrial	286
18	Ribera Baja del Ebro	Ciencias	20
18	Ribera Baja del Ebro	Arquitectura o Construcción	11
18	Ribera Baja del Ebro	Agricultura, Veterinaria,...	43
18	Ribera Baja del Ebro	Salud, Servicios Sociales	111
18	Ribera Baja del Ebro	Otros Servicios	75
19	Bajo Aragón-Caspe / Baix Aragó-Casp	Derecho	55
19	Bajo Aragón-Caspe / Baix Aragó-Casp	Magisterio, Educación infantil...	151
19	Bajo Aragón-Caspe / Baix Aragó-Casp	Ciencias Sociales	249
19	Bajo Aragón-Caspe / Baix Aragó-Casp	Artes y Humanidades	52
19	Bajo Aragón-Caspe / Baix Aragó-Casp	Informática	25
19	Bajo Aragón-Caspe / Baix Aragó-Casp	Ingenierías	38
19	Bajo Aragón-Caspe / Baix Aragó-Casp	Formación Técnica e Industrial	324
19	Bajo Aragón-Caspe / Baix Aragó-Casp	Ciencias	48
19	Bajo Aragón-Caspe / Baix Aragó-Casp	Arquitectura o Construcción	17
19	Bajo Aragón-Caspe / Baix Aragó-Casp	Agricultura, Veterinaria,...	80
19	Bajo Aragón-Caspe / Baix Aragó-Casp	Salud, Servicios Sociales	121
19	Bajo Aragón-Caspe / Baix Aragó-Casp	Otros Servicios	76
20	Comunidad de Calatayud	Derecho	211
20	Comunidad de Calatayud	Magisterio, Educación infantil...	517
20	Comunidad de Calatayud	Ciencias Sociales	857
20	Comunidad de Calatayud	Artes y Humanidades	235
20	Comunidad de Calatayud	Informática	279
20	Comunidad de Calatayud	Ingenierías	275
20	Comunidad de Calatayud	Formación Técnica e Industrial	1125
20	Comunidad de Calatayud	Ciencias	134
20	Comunidad de Calatayud	Arquitectura o Construcción	59
20	Comunidad de Calatayud	Agricultura, Veterinaria,...	114
20	Comunidad de Calatayud	Salud, Servicios Sociales	763
20	Comunidad de Calatayud	Otros Servicios	298
21	Campo de Cariñena	Derecho	34
21	Campo de Cariñena	Magisterio, Educación infantil...	82
21	Campo de Cariñena	Ciencias Sociales	160
21	Campo de Cariñena	Artes y Humanidades	94
21	Campo de Cariñena	Informática	46
21	Campo de Cariñena	Ingenierías	63
21	Campo de Cariñena	Formación Técnica e Industrial	277
21	Campo de Cariñena	Ciencias	37
21	Campo de Cariñena	Arquitectura o Construcción	8
21	Campo de Cariñena	Agricultura, Veterinaria,...	50
21	Campo de Cariñena	Salud, Servicios Sociales	105
21	Campo de Cariñena	Otros Servicios	69
22	Campo de Belchite	Derecho	25
22	Campo de Belchite	Magisterio, Educación infantil...	42
22	Campo de Belchite	Ciencias Sociales	73
22	Campo de Belchite	Artes y Humanidades	27
22	Campo de Belchite	Informática	21
22	Campo de Belchite	Ingenierías	22
22	Campo de Belchite	Formación Técnica e Industrial	103
22	Campo de Belchite	Ciencias	15
22	Campo de Belchite	Arquitectura o Construcción	6
22	Campo de Belchite	Agricultura, Veterinaria,...	13
22	Campo de Belchite	Salud, Servicios Sociales	43
22	Campo de Belchite	Otros Servicios	19
23	Bajo Martín	Derecho	29
23	Bajo Martín	Magisterio, Educación infantil...	52
23	Bajo Martín	Ciencias Sociales	95
23	Bajo Martín	Artes y Humanidades	28
23	Bajo Martín	Informática	7
23	Bajo Martín	Ingenierías	31
23	Bajo Martín	Formación Técnica e Industrial	203
23	Bajo Martín	Ciencias	23
23	Bajo Martín	Arquitectura o Construcción	8
23	Bajo Martín	Agricultura, Veterinaria,...	25
23	Bajo Martín	Salud, Servicios Sociales	45
23	Bajo Martín	Otros Servicios	21
24	Campo de Daroca	Derecho	48
24	Campo de Daroca	Magisterio, Educación infantil...	83
24	Campo de Daroca	Ciencias Sociales	97
24	Campo de Daroca	Artes y Humanidades	46
24	Campo de Daroca	Informática	18
24	Campo de Daroca	Ingenierías	45
24	Campo de Daroca	Formación Técnica e Industrial	163
24	Campo de Daroca	Ciencias	30
24	Campo de Daroca	Arquitectura o Construcción	3
24	Campo de Daroca	Agricultura, Veterinaria,...	46
24	Campo de Daroca	Salud, Servicios Sociales	80
24	Campo de Daroca	Otros Servicios	39
25	Jiloca	Derecho	57
25	Jiloca	Magisterio, Educación infantil...	220
25	Jiloca	Ciencias Sociales	191
25	Jiloca	Artes y Humanidades	88
25	Jiloca	Informática	20
25	Jiloca	Ingenierías	90
25	Jiloca	Formación Técnica e Industrial	270
25	Jiloca	Ciencias	57
25	Jiloca	Arquitectura o Construcción	16
25	Jiloca	Agricultura, Veterinaria,...	87
25	Jiloca	Salud, Servicios Sociales	185
25	Jiloca	Otros Servicios	50
26	Cuencas Mineras	Derecho	26
26	Cuencas Mineras	Magisterio, Educación infantil...	100
26	Cuencas Mineras	Ciencias Sociales	122
26	Cuencas Mineras	Artes y Humanidades	27
26	Cuencas Mineras	Informática	15
26	Cuencas Mineras	Ingenierías	48
26	Cuencas Mineras	Formación Técnica e Industrial	230
26	Cuencas Mineras	Ciencias	25
26	Cuencas Mineras	Arquitectura o Construcción	8
26	Cuencas Mineras	Agricultura, Veterinaria,...	21
26	Cuencas Mineras	Salud, Servicios Sociales	101
26	Cuencas Mineras	Otros Servicios	40
27	Andorra-Sierra de Arcos	Derecho	29
27	Andorra-Sierra de Arcos	Magisterio, Educación infantil...	166
27	Andorra-Sierra de Arcos	Ciencias Sociales	211
27	Andorra-Sierra de Arcos	Artes y Humanidades	61
27	Andorra-Sierra de Arcos	Informática	26
27	Andorra-Sierra de Arcos	Ingenierías	79
27	Andorra-Sierra de Arcos	Formación Técnica e Industrial	468
27	Andorra-Sierra de Arcos	Ciencias	31
27	Andorra-Sierra de Arcos	Arquitectura o Construcción	10
27	Andorra-Sierra de Arcos	Agricultura, Veterinaria,...	23
27	Andorra-Sierra de Arcos	Salud, Servicios Sociales	140
27	Andorra-Sierra de Arcos	Otros Servicios	54
28	Bajo Aragón	Derecho	112
28	Bajo Aragón	Magisterio, Educación infantil...	394
28	Bajo Aragón	Ciencias Sociales	537
28	Bajo Aragón	Artes y Humanidades	222
28	Bajo Aragón	Informática	87
28	Bajo Aragón	Ingenierías	144
28	Bajo Aragón	Formación Técnica e Industrial	678
28	Bajo Aragón	Ciencias	120
28	Bajo Aragón	Arquitectura o Construcción	45
28	Bajo Aragón	Agricultura, Veterinaria,...	94
28	Bajo Aragón	Salud, Servicios Sociales	483
28	Bajo Aragón	Otros Servicios	105
29	Comunidad de Teruel	Derecho	475
29	Comunidad de Teruel	Magisterio, Educación infantil...	1163
29	Comunidad de Teruel	Ciencias Sociales	1184
29	Comunidad de Teruel	Artes y Humanidades	558
29	Comunidad de Teruel	Informática	96
29	Comunidad de Teruel	Ingenierías	374
29	Comunidad de Teruel	Formación Técnica e Industrial	1309
29	Comunidad de Teruel	Ciencias	205
29	Comunidad de Teruel	Arquitectura o Construcción	119
29	Comunidad de Teruel	Agricultura, Veterinaria,...	213
29	Comunidad de Teruel	Salud, Servicios Sociales	1364
29	Comunidad de Teruel	Otros Servicios	239
30	Maestrazgo	Derecho	15
30	Maestrazgo	Magisterio, Educación infantil...	49
30	Maestrazgo	Ciencias Sociales	36
30	Maestrazgo	Artes y Humanidades	7
30	Maestrazgo	Informática	3
30	Maestrazgo	Ingenierías	14
30	Maestrazgo	Formación Técnica e Industrial	39
30	Maestrazgo	Ciencias	11
30	Maestrazgo	Arquitectura o Construcción	6
30	Maestrazgo	Agricultura, Veterinaria,...	13
30	Maestrazgo	Salud, Servicios Sociales	35
30	Maestrazgo	Otros Servicios	16
31	Sierra de Albarracín	Derecho	12
31	Sierra de Albarracín	Magisterio, Educación infantil...	88
31	Sierra de Albarracín	Ciencias Sociales	55
31	Sierra de Albarracín	Artes y Humanidades	33
31	Sierra de Albarracín	Informática	2
31	Sierra de Albarracín	Ingenierías	18
31	Sierra de Albarracín	Formación Técnica e Industrial	110
31	Sierra de Albarracín	Ciencias	19
31	Sierra de Albarracín	Arquitectura o Construcción	10
31	Sierra de Albarracín	Agricultura, Veterinaria,...	7
31	Sierra de Albarracín	Salud, Servicios Sociales	60
31	Sierra de Albarracín	Otros Servicios	12
32	Gúdar-Javalambre	Derecho	36
32	Gúdar-Javalambre	Magisterio, Educación infantil...	97
32	Gúdar-Javalambre	Ciencias Sociales	128
32	Gúdar-Javalambre	Artes y Humanidades	34
32	Gúdar-Javalambre	Informática	16
32	Gúdar-Javalambre	Ingenierías	29
32	Gúdar-Javalambre	Formación Técnica e Industrial	201
32	Gúdar-Javalambre	Ciencias	24
32	Gúdar-Javalambre	Arquitectura o Construcción	21
32	Gúdar-Javalambre	Agricultura, Veterinaria,...	35
32	Gúdar-Javalambre	Salud, Servicios Sociales	101
32	Gúdar-Javalambre	Otros Servicios	41
33	Matarraña / Matarranya	Derecho	25
33	Matarraña / Matarranya	Magisterio, Educación infantil...	89
33	Matarraña / Matarranya	Ciencias Sociales	159
33	Matarraña / Matarranya	Artes y Humanidades	36
33	Matarraña / Matarranya	Informática	10
33	Matarraña / Matarranya	Ingenierías	30
33	Matarraña / Matarranya	Formación Técnica e Industrial	136
33	Matarraña / Matarranya	Ciencias	28
33	Matarraña / Matarranya	Arquitectura o Construcción	8
33	Matarraña / Matarranya	Agricultura, Veterinaria,...	30
33	Matarraña / Matarranya	Salud, Servicios Sociales	73
33	Matarraña / Matarranya	Otros Servicios	33