Superficie útil	Superficie útil agrupada	CCAA codigo	CCAA nombre	Nº habitaciones
10	45 metros o menos	02	Aragón	32,936018772
11	45 metros o menos	02	Aragón	2,1551489532
12	45 metros o menos	02	Aragón	3,2157381441
15	45 metros o menos	02	Aragón	11,2440496915
16	45 metros o menos	02	Aragón	6,5772183856
18	45 metros o menos	02	Aragón	1,8809952243
19	45 metros o menos	02	Aragón	22,2098968292
20	45 metros o menos	02	Aragón	59,956079907
21	45 metros o menos	02	Aragón	1,8350638132
22	45 metros o menos	02	Aragón	15,1200056275
23	45 metros o menos	02	Aragón	3,6388498949
24	45 metros o menos	02	Aragón	30,6780484244
25	45 metros o menos	02	Aragón	171,7359799121
26	45 metros o menos	02	Aragón	2,4821527033
27	45 metros o menos	02	Aragón	28,4668721547
28	45 metros o menos	02	Aragón	132,5036070216
29	45 metros o menos	02	Aragón	28,5441612443
30	45 metros o menos	02	Aragón	681,1129270232
31	45 metros o menos	02	Aragón	41,3982822069
32	45 metros o menos	02	Aragón	92,3206976885
33	45 metros o menos	02	Aragón	78,800902195
34	45 metros o menos	02	Aragón	41,8837441242
35	45 metros o menos	02	Aragón	911,1011267001
36	45 metros o menos	02	Aragón	166,1880356937
37	45 metros o menos	02	Aragón	101,8929466267
38	45 metros o menos	02	Aragón	309,6174065397
39	45 metros o menos	02	Aragón	127,6121761204
40	45 metros o menos	02	Aragón	4053,1280001434
41	45 metros o menos	02	Aragón	207,9331427738
42	45 metros o menos	02	Aragón	981,5291162287
43	45 metros o menos	02	Aragón	552,783763398
44	45 metros o menos	02	Aragón	399,8289392172
45	45 metros o menos	02	Aragón	4337,0459226045
46	46-60 metros	02	Aragón	614,8154098223
47	46-60 metros	02	Aragón	1209,0551861882
48	46-60 metros	02	Aragón	2027,3725404248
49	46-60 metros	02	Aragón	1124,9781489815
50	46-60 metros	02	Aragón	13490,0038114818
51	46-60 metros	02	Aragón	527,0072598209
52	46-60 metros	02	Aragón	2226,1733920884
53	46-60 metros	02	Aragón	1197,2384229297
54	46-60 metros	02	Aragón	2030,9911568502
55	46-60 metros	02	Aragón	7133,1154762812
56	46-60 metros	02	Aragón	2454,2516001375
57	46-60 metros	02	Aragón	1585,6331594508
58	46-60 metros	02	Aragón	3215,842735215
59	46-60 metros	02	Aragón	2083,7106088166
60	46-60 metros	02	Aragón	28159,4960796075
61	61-75 metros	02	Aragón	872,0704520515
62	61-75 metros	02	Aragón	3859,0793650481
63	61-75 metros	02	Aragón	2697,22927633
64	61-75 metros	02	Aragón	3396,3803251835
65	61-75 metros	02	Aragón	18411,4271237337
66	61-75 metros	02	Aragón	1511,2612557249
67	61-75 metros	02	Aragón	3837,2455914345
68	61-75 metros	02	Aragón	6045,0867473383
69	61-75 metros	02	Aragón	3785,3490660975
70	61-75 metros	02	Aragón	41387,9564648372
71	61-75 metros	02	Aragón	1067,42332554
72	61-75 metros	02	Aragón	5590,0902990348
73	61-75 metros	02	Aragón	2116,7722797094
74	61-75 metros	02	Aragón	3413,8045916296
75	61-75 metros	02	Aragón	15955,4062235365
76	76-90 metros	02	Aragón	2508,803298195
77	76-90 metros	02	Aragón	1463,2737557033
78	76-90 metros	02	Aragón	4642,5944322677
79	76-90 metros	02	Aragón	2031,7247718803
80	76-90 metros	02	Aragón	41262,093977864
81	76-90 metros	02	Aragón	939,8105316556
82	76-90 metros	02	Aragón	3988,1753925918
83	76-90 metros	02	Aragón	2366,0983276571
84	76-90 metros	02	Aragón	3082,9996140413
85	76-90 metros	02	Aragón	14235,5144281816
86	76-90 metros	02	Aragón	3289,1057590614
87	76-90 metros	02	Aragón	3598,278994597
88	76-90 metros	02	Aragón	2623,9345841188
89	76-90 metros	02	Aragón	4040,7418107544
90	76-90 metros	02	Aragón	74073,6900378459
91	91-105 metros	02	Aragón	529,5700633152
92	91-105 metros	02	Aragón	3435,6446111548
93	91-105 metros	02	Aragón	1152,0217474984
94	91-105 metros	02	Aragón	1222,4020350882
95	91-105 metros	02	Aragón	8337,4808134497
96	91-105 metros	02	Aragón	2521,9084078481
97	91-105 metros	02	Aragón	1624,4277938049
98	91-105 metros	02	Aragón	3261,7160731394
99	91-105 metros	02	Aragón	948,684552286
100	91-105 metros	02	Aragón	36084,0971904639
101	91-105 metros	02	Aragón	238,4427655267
102	91-105 metros	02	Aragón	897,4056141472
103	91-105 metros	02	Aragón	690,3475747501
104	91-105 metros	02	Aragón	942,1662698711
105	91-105 metros	02	Aragón	3678,5843810424
106	106-120 metros	02	Aragón	751,6771293513
107	106-120 metros	02	Aragón	801,6827256489
108	106-120 metros	02	Aragón	862,493175428
109	106-120 metros	02	Aragón	309,2078806731
110	106-120 metros	02	Aragón	12009,0728114893
111	106-120 metros	02	Aragón	350,3092940325
112	106-120 metros	02	Aragón	919,0469917219
113	106-120 metros	02	Aragón	428,0291705073
114	106-120 metros	02	Aragón	613,0128795144
115	106-120 metros	02	Aragón	2676,038740138
116	106-120 metros	02	Aragón	525,7783083111
117	106-120 metros	02	Aragón	365,9833592683
118	106-120 metros	02	Aragón	379,2928442198
119	106-120 metros	02	Aragón	264,6041039462
120	106-120 metros	02	Aragón	21715,9338986138
121	121-150 metros	02	Aragón	54,9374438501
122	121-150 metros	02	Aragón	235,5926348017
123	121-150 metros	02	Aragón	126,277610195
124	121-150 metros	02	Aragón	303,1814173256
125	121-150 metros	02	Aragón	2218,5978020847
126	121-150 metros	02	Aragón	238,3062128963
127	121-150 metros	02	Aragón	332,0706704612
128	121-150 metros	02	Aragón	218,7113317923
129	121-150 metros	02	Aragón	175,0822074118
130	121-150 metros	02	Aragón	6421,4260920852
131	121-150 metros	02	Aragón	85,5273999438
132	121-150 metros	02	Aragón	366,1286660431
133	121-150 metros	02	Aragón	57,6679840271
134	121-150 metros	02	Aragón	169,0446704881
135	121-150 metros	02	Aragón	1191,6137643805
136	121-150 metros	02	Aragón	211,5118413937
137	121-150 metros	02	Aragón	194,3561623978
138	121-150 metros	02	Aragón	239,908636208
139	121-150 metros	02	Aragón	80,539870952
140	121-150 metros	02	Aragón	7816,8467470178
141	121-150 metros	02	Aragón	33,8292047345
142	121-150 metros	02	Aragón	123,1845958893
143	121-150 metros	02	Aragón	69,5674053292
144	121-150 metros	02	Aragón	220,7324011909
145	121-150 metros	02	Aragón	669,0022103413
146	121-150 metros	02	Aragón	127,3755227097
147	121-150 metros	02	Aragón	172,3659053978
148	121-150 metros	02	Aragón	194,809107057
149	121-150 metros	02	Aragón	114,1511871687
150	121-150 metros	02	Aragón	11592,7820954844
151	Más de 150 metros	02	Aragón	48,2606526221
152	Más de 150 metros	02	Aragón	83,1104199754
153	Más de 150 metros	02	Aragón	38,6761444976
154	Más de 150 metros	02	Aragón	132,0745299186
155	Más de 150 metros	02	Aragón	238,2601953792
156	Más de 150 metros	02	Aragón	108,6522567099
157	Más de 150 metros	02	Aragón	91,3581487985
158	Más de 150 metros	02	Aragón	51,198460601
159	Más de 150 metros	02	Aragón	30,6906979165
160	Más de 150 metros	02	Aragón	4882,0008419254
161	Más de 150 metros	02	Aragón	7,0480008363
162	Más de 150 metros	02	Aragón	68,7634298483
163	Más de 150 metros	02	Aragón	34,3578236976
164	Más de 150 metros	02	Aragón	47,8807209799
165	Más de 150 metros	02	Aragón	270,5493220354
166	Más de 150 metros	02	Aragón	59,8955111332
167	Más de 150 metros	02	Aragón	35,1790795239
168	Más de 150 metros	02	Aragón	152,2656315684
169	Más de 150 metros	02	Aragón	21,4637992646
170	Más de 150 metros	02	Aragón	2100,0210174286
171	Más de 150 metros	02	Aragón	37,0446640586
172	Más de 150 metros	02	Aragón	57,7067936224
173	Más de 150 metros	02	Aragón	29,1936535761
174	Más de 150 metros	02	Aragón	38,2215372685
175	Más de 150 metros	02	Aragón	540,1425659155
176	Más de 150 metros	02	Aragón	81,1610305388
177	Más de 150 metros	02	Aragón	28,5806534132
178	Más de 150 metros	02	Aragón	47,9363816844
179	Más de 150 metros	02	Aragón	8,2115845392
180	Más de 150 metros	02	Aragón	5283,8338701237
181	Más de 150 metros	02	Aragón	2,44318787
182	Más de 150 metros	02	Aragón	64,6757869752
183	Más de 150 metros	02	Aragón	22,7496226756
184	Más de 150 metros	02	Aragón	32,9151015277
185	Más de 150 metros	02	Aragón	113,6150321122
186	Más de 150 metros	02	Aragón	12,0432370371
187	Más de 150 metros	02	Aragón	15,6920266772
188	Más de 150 metros	02	Aragón	21,3296875998
189	Más de 150 metros	02	Aragón	44,2736315395
190	Más de 150 metros	02	Aragón	1338,4259875362
191	Más de 150 metros	02	Aragón	1,0883733244
192	Más de 150 metros	02	Aragón	88,5689522956
193	Más de 150 metros	02	Aragón	4,6206117353
194	Más de 150 metros	02	Aragón	26,2776016524
195	Más de 150 metros	02	Aragón	57,8947400468
196	Más de 150 metros	02	Aragón	46,1051757438
197	Más de 150 metros	02	Aragón	28,0432918973
198	Más de 150 metros	02	Aragón	51,3866590378
199	Más de 150 metros	02	Aragón	10,4626043901
200	Más de 150 metros	02	Aragón	7692,496022028
201	Más de 150 metros	02	Aragón	3,3234788122
202	Más de 150 metros	02	Aragón	15,8975615217
203	Más de 150 metros	02	Aragón	47,8656194327
204	Más de 150 metros	02	Aragón	6,004220169
205	Más de 150 metros	02	Aragón	45,9908610702
206	Más de 150 metros	02	Aragón	29,2081259679
207	Más de 150 metros	02	Aragón	1,5918063713
208	Más de 150 metros	02	Aragón	21,7157747608
209	Más de 150 metros	02	Aragón	18,1673015016
210	Más de 150 metros	02	Aragón	734,1505486302
211	Más de 150 metros	02	Aragón	3,036812612
212	Más de 150 metros	02	Aragón	68,1511715894
213	Más de 150 metros	02	Aragón	18,6244569209
214	Más de 150 metros	02	Aragón	49,6303740663
215	Más de 150 metros	02	Aragón	92,4617708305
216	Más de 150 metros	02	Aragón	14,310130438
217	Más de 150 metros	02	Aragón	9,7416156698
219	Más de 150 metros	02	Aragón	4,0328375122
220	Más de 150 metros	02	Aragón	786,9549498516
221	Más de 150 metros	02	Aragón	2,4028832199
222	Más de 150 metros	02	Aragón	9,8136070809
223	Más de 150 metros	02	Aragón	2,2375890743
224	Más de 150 metros	02	Aragón	28,8710741011
225	Más de 150 metros	02	Aragón	167,6843978525
226	Más de 150 metros	02	Aragón	3,6607487324
227	Más de 150 metros	02	Aragón	4,4710051876
228	Más de 150 metros	02	Aragón	23,4256469392
229	Más de 150 metros	02	Aragón	4,746308282
230	Más de 150 metros	02	Aragón	348,222133818
232	Más de 150 metros	02	Aragón	5,362838706
233	Más de 150 metros	02	Aragón	1,5445686868
234	Más de 150 metros	02	Aragón	37,3621838314
235	Más de 150 metros	02	Aragón	11,8287333581
236	Más de 150 metros	02	Aragón	17,2519713951
237	Más de 150 metros	02	Aragón	1,2408040896
238	Más de 150 metros	02	Aragón	10,8394740672
240	Más de 150 metros	02	Aragón	1024,4270315456
241	Más de 150 metros	02	Aragón	3,0742862433
242	Más de 150 metros	02	Aragón	5,6829308788
243	Más de 150 metros	02	Aragón	8,4393991757
244	Más de 150 metros	02	Aragón	12,2366854125
245	Más de 150 metros	02	Aragón	17,9427297544
247	Más de 150 metros	02	Aragón	11,8308422675
248	Más de 150 metros	02	Aragón	15,5498319253
249	Más de 150 metros	02	Aragón	6,2492283403
250	Más de 150 metros	02	Aragón	1828,8439897308
251	Más de 150 metros	02	Aragón	6,2094138571
252	Más de 150 metros	02	Aragón	0,8846353221
255	Más de 150 metros	02	Aragón	13,9601648088
256	Más de 150 metros	02	Aragón	20,0298841381
257	Más de 150 metros	02	Aragón	16,033252917
258	Más de 150 metros	02	Aragón	9,6611556628
259	Más de 150 metros	02	Aragón	1,1016616775
260	Más de 150 metros	02	Aragón	246,3131651052
261	Más de 150 metros	02	Aragón	27,7243329334
262	Más de 150 metros	02	Aragón	2,3568034752
263	Más de 150 metros	02	Aragón	31,5637618355
264	Más de 150 metros	02	Aragón	14,9187481112
265	Más de 150 metros	02	Aragón	38,1427087904
266	Más de 150 metros	02	Aragón	0,7177689595
267	Más de 150 metros	02	Aragón	1,0851206588
268	Más de 150 metros	02	Aragón	11,5288792777
269	Más de 150 metros	02	Aragón	3,0397530046
270	Más de 150 metros	02	Aragón	267,8450092568
272	Más de 150 metros	02	Aragón	3,4964073475
273	Más de 150 metros	02	Aragón	17,1034315007
275	Más de 150 metros	02	Aragón	59,0509550323
279	Más de 150 metros	02	Aragón	1,5652675807
280	Más de 150 metros	02	Aragón	402,1607158569
281	Más de 150 metros	02	Aragón	0,1665632853
282	Más de 150 metros	02	Aragón	6,8320564092
284	Más de 150 metros	02	Aragón	1,2483636
285	Más de 150 metros	02	Aragón	12,1471480692
286	Más de 150 metros	02	Aragón	25,30083804
288	Más de 150 metros	02	Aragón	15,0418524142
290	Más de 150 metros	02	Aragón	135,6951950427
291	Más de 150 metros	02	Aragón	6,032254666
292	Más de 150 metros	02	Aragón	5,6996601792
293	Más de 150 metros	02	Aragón	5,4386616816
294	Más de 150 metros	02	Aragón	4,4092025113
295	Más de 150 metros	02	Aragón	18,784299556
297	Más de 150 metros	02	Aragón	10,840128729
298	Más de 150 metros	02	Aragón	11,318417227
299	Más de 150 metros	02	Aragón	1,69419998
300	Más de 150 metros	02	Aragón	1733,173171973
301	Más de 150 metros	02	Aragón	7,2440168982
303	Más de 150 metros	02	Aragón	7,7890794431
304	Más de 150 metros	02	Aragón	1,4304809497
305	Más de 150 metros	02	Aragón	3,1948618737
306	Más de 150 metros	02	Aragón	2,6852744705
308	Más de 150 metros	02	Aragón	14,4047444925
310	Más de 150 metros	02	Aragón	25,1326931897
312	Más de 150 metros	02	Aragón	1,6864370478
313	Más de 150 metros	02	Aragón	5,9620240908
315	Más de 150 metros	02	Aragón	1,6434257125
316	Más de 150 metros	02	Aragón	11,882118929
317	Más de 150 metros	02	Aragón	2,6440861847
318	Más de 150 metros	02	Aragón	2,9541615109
320	Más de 150 metros	02	Aragón	157,2356814775
321	Más de 150 metros	02	Aragón	1,9014118867
325	Más de 150 metros	02	Aragón	19,4581314721
326	Más de 150 metros	02	Aragón	2,4843858035
330	Más de 150 metros	02	Aragón	60,3794609234
332	Más de 150 metros	02	Aragón	1,1249283687
333	Más de 150 metros	02	Aragón	21,9874656325
335	Más de 150 metros	02	Aragón	2,6353866061
337	Más de 150 metros	02	Aragón	3,360658028
340	Más de 150 metros	02	Aragón	87,2037478133
342	Más de 150 metros	02	Aragón	3,2325881639
344	Más de 150 metros	02	Aragón	2,0210831593
345	Más de 150 metros	02	Aragón	2,9825364742
346	Más de 150 metros	02	Aragón	2,4620443413
350	Más de 150 metros	02	Aragón	394,8846205971
352	Más de 150 metros	02	Aragón	2,8698874647
355	Más de 150 metros	02	Aragón	10,309990784
357	Más de 150 metros	02	Aragón	2,1861528845
359	Más de 150 metros	02	Aragón	1,5608024595
360	Más de 150 metros	02	Aragón	47,39949166
367	Más de 150 metros	02	Aragón	2,2849600596
370	Más de 150 metros	02	Aragón	25,1624315458
372	Más de 150 metros	02	Aragón	1,9368993345
375	Más de 150 metros	02	Aragón	4,8483889402
380	Más de 150 metros	02	Aragón	91,305103892
384	Más de 150 metros	02	Aragón	5,2885097175
385	Más de 150 metros	02	Aragón	4,8849086255
386	Más de 150 metros	02	Aragón	2,36125936
390	Más de 150 metros	02	Aragón	6,2570080663
392	Más de 150 metros	02	Aragón	3,0195981401
398	Más de 150 metros	02	Aragón	18,2392447437
399	Más de 150 metros	02	Aragón	2,0536921266
400	Más de 150 metros	02	Aragón	431,416230981
401	Más de 150 metros	02	Aragón	6,5391797729
403	Más de 150 metros	02	Aragón	12,5013792393
405	Más de 150 metros	02	Aragón	17,1202850843
407	Más de 150 metros	02	Aragón	2,0216007084
410	Más de 150 metros	02	Aragón	1,5881296829
415	Más de 150 metros	02	Aragón	1,2790016805
417	Más de 150 metros	02	Aragón	2,726487213
420	Más de 150 metros	02	Aragón	24,4583250275
428	Más de 150 metros	02	Aragón	2,1669071071
436	Más de 150 metros	02	Aragón	2,2868195201
440	Más de 150 metros	02	Aragón	5,6196942078
450	Más de 150 metros	02	Aragón	32,3236014046
459	Más de 150 metros	02	Aragón	1,9361307003
460	Más de 150 metros	02	Aragón	2,6053159225
470	Más de 150 metros	02	Aragón	2,600902165
480	Más de 150 metros	02	Aragón	8,2955368962
490	Más de 150 metros	02	Aragón	2,6567042927
500	Más de 150 metros	02	Aragón	192,3539935908
518	Más de 150 metros	02	Aragón	2,2525420434
519	Más de 150 metros	02	Aragón	2,4578352249
520	Más de 150 metros	02	Aragón	0,9240570859
525	Más de 150 metros	02	Aragón	3,4394895533
542	Más de 150 metros	02	Aragón	1,8868569874
550	Más de 150 metros	02	Aragón	3,6341302409
560	Más de 150 metros	02	Aragón	1,1815316924
580	Más de 150 metros	02	Aragón	26,2667052833
598	Más de 150 metros	02	Aragón	10,824363791
600	Más de 150 metros	02	Aragón	51,9213769081
601	Más de 150 metros	02	Aragón	1,1824121911
620	Más de 150 metros	02	Aragón	17,3688436075
628	Más de 150 metros	02	Aragón	1,8976929107
632	Más de 150 metros	02	Aragón	1,2333809859
650	Más de 150 metros	02	Aragón	12,4774950725
651	Más de 150 metros	02	Aragón	4,6265642165
680	Más de 150 metros	02	Aragón	13,1710451977
690	Más de 150 metros	02	Aragón	1,255989901
694	Más de 150 metros	02	Aragón	1,0233525807
695	Más de 150 metros	02	Aragón	13,577229681
700	Más de 150 metros	02	Aragón	30,3508742134
708	Más de 150 metros	02	Aragón	1,5151830759
710	Más de 150 metros	02	Aragón	13,448140043
720	Más de 150 metros	02	Aragón	2,624012662
725	Más de 150 metros	02	Aragón	10,825013002
750	Más de 150 metros	02	Aragón	1,2442269278
765	Más de 150 metros	02	Aragón	2,5315863063
775	Más de 150 metros	02	Aragón	14,262461526
780	Más de 150 metros	02	Aragón	14,1884410746
800	Más de 150 metros	02	Aragón	68,237011904
821	Más de 150 metros	02	Aragón	13,841126933
830	Más de 150 metros	02	Aragón	5,4702872345
834	Más de 150 metros	02	Aragón	8,7497072079
840	Más de 150 metros	02	Aragón	1,5622122509
842	Más de 150 metros	02	Aragón	10,491148459
844	Más de 150 metros	02	Aragón	15,9093724092
850	Más de 150 metros	02	Aragón	11,8839564648
862	Más de 150 metros	02	Aragón	19,488596629
871	Más de 150 metros	02	Aragón	14,836599289
875	Más de 150 metros	02	Aragón	1,9283393573
880	Más de 150 metros	02	Aragón	11,077500595
885	Más de 150 metros	02	Aragón	4,7638508969
895	Más de 150 metros	02	Aragón	8,3764113309
900	Más de 150 metros	02	Aragón	11,7365989903
901	Más de 150 metros	02	Aragón	13,527801187
908	Más de 150 metros	02	Aragón	10,852858017
930	Más de 150 metros	02	Aragón	0,9234237445
950	Más de 150 metros	02	Aragón	4,1418683182
999	Más de 150 metros	02	Aragón	22,6749423476