Año	Residencia provincia nombre	Tipo de nacionalidad	Nacionalidad área código	Nacionalidad área nombre	Nacionalidad continente nombre	Sexo	Personas
1998	Huesca	Españoles	01	UE-15	Europa	Mujeres	100903
1998	Huesca	Extranjeros	01	UE-15	Europa	Mujeres	260
1998	Huesca	Extranjeros	02	Resto de Europa	Europa	Mujeres	14
1998	Huesca	Extranjeros	03	Magreb	África	Mujeres	55
1998	Huesca	Extranjeros	04	Resto de África	África	Mujeres	41
1998	Huesca	Extranjeros	05	América del Norte	América	Mujeres	17
1998	Huesca	Extranjeros	06	Resto de América	América	Mujeres	158
1998	Huesca	Extranjeros	07	Asia	Asia	Mujeres	22
1998	Huesca	Extranjeros	08	Oceanía	Oceanía	Mujeres	4
1998	Teruel	Españoles	01	UE-15	Europa	Mujeres	67538
1998	Teruel	Extranjeros	01	UE-15	Europa	Mujeres	80
1998	Teruel	Extranjeros	02	Resto de Europa	Europa	Mujeres	20
1998	Teruel	Extranjeros	03	Magreb	África	Mujeres	24
1998	Teruel	Extranjeros	04	Resto de África	África	Mujeres	31
1998	Teruel	Extranjeros	05	América del Norte	América	Mujeres	2
1998	Teruel	Extranjeros	06	Resto de América	América	Mujeres	101
1998	Teruel	Extranjeros	07	Asia	Asia	Mujeres	13
1998	Zaragoza	Españoles	01	UE-15	Europa	Mujeres	417737
1998	Zaragoza	Extranjeros	01	UE-15	Europa	Mujeres	820
1998	Zaragoza	Extranjeros	02	Resto de Europa	Europa	Mujeres	122
1998	Zaragoza	Extranjeros	03	Magreb	África	Mujeres	305
1998	Zaragoza	Extranjeros	04	Resto de África	África	Mujeres	336
1998	Zaragoza	Extranjeros	05	América del Norte	América	Mujeres	114
1998	Zaragoza	Extranjeros	06	Resto de América	América	Mujeres	912
1998	Zaragoza	Extranjeros	07	Asia	Asia	Mujeres	141
1998	Zaragoza	Extranjeros	08	Oceanía	Oceanía	Mujeres	4
1998	Zaragoza	Extranjeros	09	Apátridas y no consta	Apátridas y no consta	Mujeres	3
1999	Huesca	Españoles	01	UE-15	Europa	Mujeres	100120
1999	Huesca	Extranjeros	01	UE-15	Europa	Mujeres	264
1999	Huesca	Extranjeros	02	Resto de Europa	Europa	Mujeres	22
1999	Huesca	Extranjeros	03	Magreb	África	Mujeres	78
1999	Huesca	Extranjeros	04	Resto de África	África	Mujeres	52
1999	Huesca	Extranjeros	05	América del Norte	América	Mujeres	23
1999	Huesca	Extranjeros	06	Resto de América	América	Mujeres	173
1999	Huesca	Extranjeros	07	Asia	Asia	Mujeres	21
1999	Huesca	Extranjeros	08	Oceanía	Oceanía	Mujeres	3
1999	Teruel	Españoles	01	UE-15	Europa	Mujeres	66557
1999	Teruel	Extranjeros	01	UE-15	Europa	Mujeres	84
1999	Teruel	Extranjeros	02	Resto de Europa	Europa	Mujeres	23
1999	Teruel	Extranjeros	03	Magreb	África	Mujeres	27
1999	Teruel	Extranjeros	04	Resto de África	África	Mujeres	31
1999	Teruel	Extranjeros	05	América del Norte	América	Mujeres	2
1999	Teruel	Extranjeros	06	Resto de América	América	Mujeres	101
1999	Teruel	Extranjeros	07	Asia	Asia	Mujeres	14
1999	Zaragoza	Españoles	01	UE-15	Europa	Mujeres	423418
1999	Zaragoza	Extranjeros	01	UE-15	Europa	Mujeres	861
1999	Zaragoza	Extranjeros	02	Resto de Europa	Europa	Mujeres	149
1999	Zaragoza	Extranjeros	03	Magreb	África	Mujeres	370
1999	Zaragoza	Extranjeros	04	Resto de África	África	Mujeres	427
1999	Zaragoza	Extranjeros	05	América del Norte	América	Mujeres	117
1999	Zaragoza	Extranjeros	06	Resto de América	América	Mujeres	1065
1999	Zaragoza	Extranjeros	07	Asia	Asia	Mujeres	160
1999	Zaragoza	Extranjeros	08	Oceanía	Oceanía	Mujeres	4
1999	Zaragoza	Extranjeros	09	Apátridas y no consta	Apátridas y no consta	Mujeres	3
2000	Huesca	Españoles	01	UE-15	Europa	Mujeres	101248
2000	Huesca	Extranjeros	01	UE-15	Europa	Mujeres	304
2000	Huesca	Extranjeros	02	Resto de Europa	Europa	Mujeres	45
2000	Huesca	Extranjeros	03	Magreb	África	Mujeres	142
2000	Huesca	Extranjeros	04	Resto de África	África	Mujeres	96
2000	Huesca	Extranjeros	05	América del Norte	América	Mujeres	26
2000	Huesca	Extranjeros	06	Resto de América	América	Mujeres	273
2000	Huesca	Extranjeros	07	Asia	Asia	Mujeres	34
2000	Huesca	Extranjeros	08	Oceanía	Oceanía	Mujeres	4
2000	Teruel	Españoles	01	UE-15	Europa	Mujeres	67220
2000	Teruel	Extranjeros	01	UE-15	Europa	Mujeres	96
2000	Teruel	Extranjeros	02	Resto de Europa	Europa	Mujeres	30
2000	Teruel	Extranjeros	03	Magreb	África	Mujeres	56
2000	Teruel	Extranjeros	04	Resto de África	África	Mujeres	37
2000	Teruel	Extranjeros	05	América del Norte	América	Mujeres	2
2000	Teruel	Extranjeros	06	Resto de América	América	Mujeres	118
2000	Teruel	Extranjeros	07	Asia	Asia	Mujeres	14
2000	Zaragoza	Españoles	01	UE-15	Europa	Mujeres	428569
2000	Zaragoza	Extranjeros	01	UE-15	Europa	Mujeres	937
2000	Zaragoza	Extranjeros	02	Resto de Europa	Europa	Mujeres	234
2000	Zaragoza	Extranjeros	03	Magreb	África	Mujeres	545
2000	Zaragoza	Extranjeros	04	Resto de África	África	Mujeres	594
2000	Zaragoza	Extranjeros	05	América del Norte	América	Mujeres	123
2000	Zaragoza	Extranjeros	06	Resto de América	América	Mujeres	1481
2000	Zaragoza	Extranjeros	07	Asia	Asia	Mujeres	183
2000	Zaragoza	Extranjeros	08	Oceanía	Oceanía	Mujeres	4
2000	Zaragoza	Extranjeros	09	Apátridas y no consta	Apátridas y no consta	Mujeres	7
2001	Huesca	Españoles	01	UE-15	Europa	Mujeres	100765
2001	Huesca	Extranjeros	01	UE-15	Europa	Mujeres	333
2001	Huesca	Extranjeros	02	Resto de Europa	Europa	Mujeres	162
2001	Huesca	Extranjeros	03	Magreb	África	Mujeres	234
2001	Huesca	Extranjeros	04	Resto de África	África	Mujeres	127
2001	Huesca	Extranjeros	05	América del Norte	América	Mujeres	28
2001	Huesca	Extranjeros	06	Resto de América	América	Mujeres	503
2001	Huesca	Extranjeros	07	Asia	Asia	Mujeres	37
2001	Huesca	Extranjeros	08	Oceanía	Oceanía	Mujeres	9
2001	Teruel	Españoles	01	UE-15	Europa	Mujeres	66739
2001	Teruel	Extranjeros	01	UE-15	Europa	Mujeres	101
2001	Teruel	Extranjeros	02	Resto de Europa	Europa	Mujeres	95
2001	Teruel	Extranjeros	03	Magreb	África	Mujeres	118
2001	Teruel	Extranjeros	04	Resto de África	África	Mujeres	32
2001	Teruel	Extranjeros	05	América del Norte	América	Mujeres	2
2001	Teruel	Extranjeros	06	Resto de América	América	Mujeres	252
2001	Teruel	Extranjeros	07	Asia	Asia	Mujeres	20
2001	Zaragoza	Españoles	01	UE-15	Europa	Mujeres	428095
2001	Zaragoza	Extranjeros	01	UE-15	Europa	Mujeres	1032
2001	Zaragoza	Extranjeros	02	Resto de Europa	Europa	Mujeres	1156
2001	Zaragoza	Extranjeros	03	Magreb	África	Mujeres	942
2001	Zaragoza	Extranjeros	04	Resto de África	África	Mujeres	1003
2001	Zaragoza	Extranjeros	05	América del Norte	América	Mujeres	131
2001	Zaragoza	Extranjeros	06	Resto de América	América	Mujeres	4015
2001	Zaragoza	Extranjeros	07	Asia	Asia	Mujeres	266
2001	Zaragoza	Extranjeros	08	Oceanía	Oceanía	Mujeres	6
2001	Zaragoza	Extranjeros	09	Apátridas y no consta	Apátridas y no consta	Mujeres	8
2002	Huesca	Españoles	01	UE-15	Europa	Mujeres	100891
2002	Huesca	Extranjeros	01	UE-15	Europa	Mujeres	373
2002	Huesca	Extranjeros	02	Resto de Europa	Europa	Mujeres	412
2002	Huesca	Extranjeros	03	Magreb	África	Mujeres	333
2002	Huesca	Extranjeros	04	Resto de África	África	Mujeres	177
2002	Huesca	Extranjeros	05	América del Norte	América	Mujeres	27
2002	Huesca	Extranjeros	06	Resto de América	América	Mujeres	1108
2002	Huesca	Extranjeros	07	Asia	Asia	Mujeres	59
2002	Huesca	Extranjeros	08	Oceanía	Oceanía	Mujeres	17
2002	Teruel	Españoles	01	UE-15	Europa	Mujeres	66267
2002	Teruel	Extranjeros	01	UE-15	Europa	Mujeres	119
2002	Teruel	Extranjeros	02	Resto de Europa	Europa	Mujeres	337
2002	Teruel	Extranjeros	03	Magreb	África	Mujeres	201
2002	Teruel	Extranjeros	04	Resto de África	África	Mujeres	42
2002	Teruel	Extranjeros	05	América del Norte	América	Mujeres	2
2002	Teruel	Extranjeros	06	Resto de América	América	Mujeres	654
2002	Teruel	Extranjeros	07	Asia	Asia	Mujeres	38
2002	Zaragoza	Españoles	01	UE-15	Europa	Mujeres	427860
2002	Zaragoza	Extranjeros	01	UE-15	Europa	Mujeres	1185
2002	Zaragoza	Extranjeros	02	Resto de Europa	Europa	Mujeres	2667
2002	Zaragoza	Extranjeros	03	Magreb	África	Mujeres	1406
2002	Zaragoza	Extranjeros	04	Resto de África	África	Mujeres	1342
2002	Zaragoza	Extranjeros	05	América del Norte	América	Mujeres	139
2002	Zaragoza	Extranjeros	06	Resto de América	América	Mujeres	7486
2002	Zaragoza	Extranjeros	07	Asia	Asia	Mujeres	402
2002	Zaragoza	Extranjeros	08	Oceanía	Oceanía	Mujeres	8
2002	Zaragoza	Extranjeros	09	Apátridas y no consta	Apátridas y no consta	Mujeres	7
2003	Huesca	Españoles	01	UE-15	Europa	Mujeres	100539
2003	Huesca	Extranjeros	01	UE-15	Europa	Mujeres	422
2003	Huesca	Extranjeros	02	Resto de Europa	Europa	Mujeres	890
2003	Huesca	Extranjeros	03	Magreb	África	Mujeres	485
2003	Huesca	Extranjeros	04	Resto de África	África	Mujeres	230
2003	Huesca	Extranjeros	05	América del Norte	América	Mujeres	27
2003	Huesca	Extranjeros	06	Resto de América	América	Mujeres	1637
2003	Huesca	Extranjeros	07	Asia	Asia	Mujeres	70
2003	Huesca	Extranjeros	08	Oceanía	Oceanía	Mujeres	24
2003	Teruel	Españoles	01	UE-15	Europa	Mujeres	65671
2003	Teruel	Extranjeros	01	UE-15	Europa	Mujeres	142
2003	Teruel	Extranjeros	02	Resto de Europa	Europa	Mujeres	845
2003	Teruel	Extranjeros	03	Magreb	África	Mujeres	378
2003	Teruel	Extranjeros	04	Resto de África	África	Mujeres	54
2003	Teruel	Extranjeros	05	América del Norte	América	Mujeres	4
2003	Teruel	Extranjeros	06	Resto de América	América	Mujeres	903
2003	Teruel	Extranjeros	07	Asia	Asia	Mujeres	47
2003	Teruel	Extranjeros	08	Oceanía	Oceanía	Mujeres	1
2003	Zaragoza	Españoles	01	UE-15	Europa	Mujeres	427015
2003	Zaragoza	Extranjeros	01	UE-15	Europa	Mujeres	1264
2003	Zaragoza	Extranjeros	02	Resto de Europa	Europa	Mujeres	5115
2003	Zaragoza	Extranjeros	03	Magreb	África	Mujeres	1848
2003	Zaragoza	Extranjeros	04	Resto de África	África	Mujeres	1647
2003	Zaragoza	Extranjeros	05	América del Norte	América	Mujeres	148
2003	Zaragoza	Extranjeros	06	Resto de América	América	Mujeres	9921
2003	Zaragoza	Extranjeros	07	Asia	Asia	Mujeres	535
2003	Zaragoza	Extranjeros	08	Oceanía	Oceanía	Mujeres	8
2003	Zaragoza	Extranjeros	09	Apátridas y no consta	Apátridas y no consta	Mujeres	10
2004	Huesca	Españoles	01	UE-15	Europa	Mujeres	100116
2004	Huesca	Extranjeros	01	UE-15	Europa	Mujeres	448
2004	Huesca	Extranjeros	02	Resto de Europa	Europa	Mujeres	1341
2004	Huesca	Extranjeros	03	Magreb	África	Mujeres	638
2004	Huesca	Extranjeros	04	Resto de África	África	Mujeres	302
2004	Huesca	Extranjeros	05	América del Norte	América	Mujeres	29
2004	Huesca	Extranjeros	06	Resto de América	América	Mujeres	1982
2004	Huesca	Extranjeros	07	Asia	Asia	Mujeres	71
2004	Huesca	Extranjeros	08	Oceanía	Oceanía	Mujeres	13
2004	Teruel	Españoles	01	UE-15	Europa	Mujeres	65294
2004	Teruel	Extranjeros	01	UE-15	Europa	Mujeres	169
2004	Teruel	Extranjeros	02	Resto de Europa	Europa	Mujeres	1170
2004	Teruel	Extranjeros	03	Magreb	África	Mujeres	480
2004	Teruel	Extranjeros	04	Resto de África	África	Mujeres	65
2004	Teruel	Extranjeros	05	América del Norte	América	Mujeres	4
2004	Teruel	Extranjeros	06	Resto de América	América	Mujeres	1011
2004	Teruel	Extranjeros	07	Asia	Asia	Mujeres	66
2004	Teruel	Extranjeros	08	Oceanía	Oceanía	Mujeres	1
2004	Zaragoza	Españoles	01	UE-15	Europa	Mujeres	429209
2004	Zaragoza	Extranjeros	01	UE-15	Europa	Mujeres	1490
2004	Zaragoza	Extranjeros	02	Resto de Europa	Europa	Mujeres	7518
2004	Zaragoza	Extranjeros	03	Magreb	África	Mujeres	2283
2004	Zaragoza	Extranjeros	04	Resto de África	África	Mujeres	1972
2004	Zaragoza	Extranjeros	05	América del Norte	América	Mujeres	176
2004	Zaragoza	Extranjeros	06	Resto de América	América	Mujeres	12079
2004	Zaragoza	Extranjeros	07	Asia	Asia	Mujeres	765
2004	Zaragoza	Extranjeros	08	Oceanía	Oceanía	Mujeres	7
2004	Zaragoza	Extranjeros	09	Apátridas y no consta	Apátridas y no consta	Mujeres	11
2005	Huesca	Españoles	01	UE-25	Europa	Mujeres	99851
2005	Huesca	Extranjeros	01	UE-25	Europa	Mujeres	734
2005	Huesca	Extranjeros	02	Resto de Europa	Europa	Mujeres	1796
2005	Huesca	Extranjeros	03	Magreb	África	Mujeres	828
2005	Huesca	Extranjeros	04	Resto de África	África	Mujeres	358
2005	Huesca	Extranjeros	05	América del Norte	América	Mujeres	29
2005	Huesca	Extranjeros	06	Resto de América	América	Mujeres	2295
2005	Huesca	Extranjeros	07	Asia	Asia	Mujeres	83
2005	Huesca	Extranjeros	08	Oceanía	Oceanía	Mujeres	21
2005	Teruel	Españoles	01	UE-25	Europa	Mujeres	64953
2005	Teruel	Extranjeros	01	UE-25	Europa	Mujeres	351
2005	Teruel	Extranjeros	02	Resto de Europa	Europa	Mujeres	1474
2005	Teruel	Extranjeros	03	Magreb	África	Mujeres	626
2005	Teruel	Extranjeros	04	Resto de África	África	Mujeres	76
2005	Teruel	Extranjeros	05	América del Norte	América	Mujeres	7
2005	Teruel	Extranjeros	06	Resto de América	América	Mujeres	1253
2005	Teruel	Extranjeros	07	Asia	Asia	Mujeres	77
2005	Teruel	Extranjeros	08	Oceanía	Oceanía	Mujeres	1
2005	Zaragoza	Españoles	01	UE-25	Europa	Mujeres	429678
2005	Zaragoza	Extranjeros	01	UE-25	Europa	Mujeres	2080
2005	Zaragoza	Extranjeros	02	Resto de Europa	Europa	Mujeres	10345
2005	Zaragoza	Extranjeros	03	Magreb	África	Mujeres	2858
2005	Zaragoza	Extranjeros	04	Resto de África	África	Mujeres	2341
2005	Zaragoza	Extranjeros	05	América del Norte	América	Mujeres	187
2005	Zaragoza	Extranjeros	06	Resto de América	América	Mujeres	13508
2005	Zaragoza	Extranjeros	07	Asia	Asia	Mujeres	1048
2005	Zaragoza	Extranjeros	08	Oceanía	Oceanía	Mujeres	10
2005	Zaragoza	Extranjeros	09	Apátridas y no consta	Apátridas y no consta	Mujeres	11
2006	Huesca	Españoles	01	UE-25	Europa	Mujeres	99903
2006	Huesca	Extranjeros	01	UE-25	Europa	Mujeres	863
2006	Huesca	Extranjeros	02	Resto de Europa	Europa	Mujeres	2295
2006	Huesca	Extranjeros	03	Magreb	África	Mujeres	1037
2006	Huesca	Extranjeros	04	Resto de África	África	Mujeres	409
2006	Huesca	Extranjeros	05	América del Norte	América	Mujeres	23
2006	Huesca	Extranjeros	06	Resto de América	América	Mujeres	2389
2006	Huesca	Extranjeros	07	Asia	Asia	Mujeres	107
2006	Huesca	Extranjeros	08	Oceanía	Oceanía	Mujeres	14
2006	Teruel	Españoles	01	UE-25	Europa	Mujeres	64614
2006	Teruel	Extranjeros	01	UE-25	Europa	Mujeres	415
2006	Teruel	Extranjeros	02	Resto de Europa	Europa	Mujeres	1838
2006	Teruel	Extranjeros	03	Magreb	África	Mujeres	679
2006	Teruel	Extranjeros	04	Resto de África	África	Mujeres	68
2006	Teruel	Extranjeros	05	América del Norte	América	Mujeres	7
2006	Teruel	Extranjeros	06	Resto de América	América	Mujeres	1356
2006	Teruel	Extranjeros	07	Asia	Asia	Mujeres	111
2006	Teruel	Extranjeros	08	Oceanía	Oceanía	Mujeres	3
2006	Zaragoza	Españoles	01	UE-25	Europa	Mujeres	429582
2006	Zaragoza	Extranjeros	01	UE-25	Europa	Mujeres	2416
2006	Zaragoza	Extranjeros	02	Resto de Europa	Europa	Mujeres	12458
2006	Zaragoza	Extranjeros	03	Magreb	África	Mujeres	3138
2006	Zaragoza	Extranjeros	04	Resto de África	África	Mujeres	2438
2006	Zaragoza	Extranjeros	05	América del Norte	América	Mujeres	143
2006	Zaragoza	Extranjeros	06	Resto de América	América	Mujeres	13302
2006	Zaragoza	Extranjeros	07	Asia	Asia	Mujeres	1190
2006	Zaragoza	Extranjeros	08	Oceanía	Oceanía	Mujeres	7
2006	Zaragoza	Extranjeros	09	Apátridas y no consta	Apátridas y no consta	Mujeres	7
2007	Huesca	Españoles	01	UE-27	Europa	Mujeres	99773
2007	Huesca	Extranjeros	01	UE-27	Europa	Mujeres	3767
2007	Huesca	Extranjeros	02	Resto de Europa	Europa	Mujeres	337
2007	Huesca	Extranjeros	03	Magreb	África	Mujeres	1145
2007	Huesca	Extranjeros	04	Resto de África	África	Mujeres	445
2007	Huesca	Extranjeros	05	América del Norte	América	Mujeres	19
2007	Huesca	Extranjeros	06	Resto de América	América	Mujeres	2510
2007	Huesca	Extranjeros	07	Asia	Asia	Mujeres	123
2007	Huesca	Extranjeros	08	Oceanía	Oceanía	Mujeres	10
2007	Teruel	Españoles	01	UE-27	Europa	Mujeres	64271
2007	Teruel	Extranjeros	01	UE-27	Europa	Mujeres	2944
2007	Teruel	Extranjeros	02	Resto de Europa	Europa	Mujeres	122
2007	Teruel	Extranjeros	03	Magreb	África	Mujeres	797
2007	Teruel	Extranjeros	04	Resto de África	África	Mujeres	52
2007	Teruel	Extranjeros	05	América del Norte	América	Mujeres	8
2007	Teruel	Extranjeros	06	Resto de América	América	Mujeres	1466
2007	Teruel	Extranjeros	07	Asia	Asia	Mujeres	121
2007	Teruel	Extranjeros	08	Oceanía	Oceanía	Mujeres	3
2007	Zaragoza	Españoles	01	UE-27	Europa	Mujeres	429906
2007	Zaragoza	Extranjeros	01	UE-27	Europa	Mujeres	18754
2007	Zaragoza	Extranjeros	02	Resto de Europa	Europa	Mujeres	1258
2007	Zaragoza	Extranjeros	03	Magreb	África	Mujeres	3482
2007	Zaragoza	Extranjeros	04	Resto de África	África	Mujeres	2556
2007	Zaragoza	Extranjeros	05	América del Norte	América	Mujeres	140
2007	Zaragoza	Extranjeros	06	Resto de América	América	Mujeres	14278
2007	Zaragoza	Extranjeros	07	Asia	Asia	Mujeres	1356
2007	Zaragoza	Extranjeros	08	Oceanía	Oceanía	Mujeres	8
2007	Zaragoza	Extranjeros	09	Apátridas y no consta	Apátridas y no consta	Mujeres	8
2008	Huesca	Españoles	01	UE-27	Europa	Mujeres	99868
2008	Huesca	Extranjeros	01	UE-27	Europa	Mujeres	5149
2008	Huesca	Extranjeros	02	Resto de Europa	Europa	Mujeres	398
2008	Huesca	Extranjeros	03	Magreb	África	Mujeres	1450
2008	Huesca	Extranjeros	04	Resto de África	África	Mujeres	463
2008	Huesca	Extranjeros	05	América del Norte	América	Mujeres	21
2008	Huesca	Extranjeros	06	Resto de América	América	Mujeres	2815
2008	Huesca	Extranjeros	07	Asia	Asia	Mujeres	160
2008	Huesca	Extranjeros	08	Oceanía	Oceanía	Mujeres	8
2008	Teruel	Españoles	01	UE-27	Europa	Mujeres	63796
2008	Teruel	Extranjeros	01	UE-27	Europa	Mujeres	3802
2008	Teruel	Extranjeros	02	Resto de Europa	Europa	Mujeres	136
2008	Teruel	Extranjeros	03	Magreb	África	Mujeres	993
2008	Teruel	Extranjeros	04	Resto de África	África	Mujeres	45
2008	Teruel	Extranjeros	05	América del Norte	América	Mujeres	11
2008	Teruel	Extranjeros	06	Resto de América	América	Mujeres	1625
2008	Teruel	Extranjeros	07	Asia	Asia	Mujeres	135
2008	Teruel	Extranjeros	08	Oceanía	Oceanía	Mujeres	4
2008	Zaragoza	Españoles	01	UE-27	Europa	Mujeres	430474
2008	Zaragoza	Extranjeros	01	UE-27	Europa	Mujeres	25021
2008	Zaragoza	Extranjeros	02	Resto de Europa	Europa	Mujeres	1435
2008	Zaragoza	Extranjeros	03	Magreb	África	Mujeres	4017
2008	Zaragoza	Extranjeros	04	Resto de África	África	Mujeres	2681
2008	Zaragoza	Extranjeros	05	América del Norte	América	Mujeres	146
2008	Zaragoza	Extranjeros	06	Resto de América	América	Mujeres	16275
2008	Zaragoza	Extranjeros	07	Asia	Asia	Mujeres	1569
2008	Zaragoza	Extranjeros	08	Oceanía	Oceanía	Mujeres	9
2008	Zaragoza	Extranjeros	09	Apátridas y no consta	Apátridas y no consta	Mujeres	9
2009	Huesca	Españoles	01	UE-27	Europa	Mujeres	100046
2009	Huesca	Extranjeros	01	UE-27	Europa	Mujeres	5954
2009	Huesca	Extranjeros	02	Resto de Europa	Europa	Mujeres	423
2009	Huesca	Extranjeros	03	Magreb	África	Mujeres	1688
2009	Huesca	Extranjeros	04	Resto de África	África	Mujeres	550
2009	Huesca	Extranjeros	05	América del Norte	América	Mujeres	19
2009	Huesca	Extranjeros	06	Resto de América	América	Mujeres	2933
2009	Huesca	Extranjeros	07	Asia	Asia	Mujeres	159
2009	Huesca	Extranjeros	08	Oceanía	Oceanía	Mujeres	7
2009	Teruel	Españoles	01	UE-27	Europa	Mujeres	63444
2009	Teruel	Extranjeros	01	UE-27	Europa	Mujeres	4126
2009	Teruel	Extranjeros	02	Resto de Europa	Europa	Mujeres	144
2009	Teruel	Extranjeros	03	Magreb	África	Mujeres	1257
2009	Teruel	Extranjeros	04	Resto de África	África	Mujeres	51
2009	Teruel	Extranjeros	05	América del Norte	América	Mujeres	11
2009	Teruel	Extranjeros	06	Resto de América	América	Mujeres	1787
2009	Teruel	Extranjeros	07	Asia	Asia	Mujeres	195
2009	Teruel	Extranjeros	08	Oceanía	Oceanía	Mujeres	3
2009	Zaragoza	Españoles	01	UE-27	Europa	Mujeres	432017
2009	Zaragoza	Extranjeros	01	UE-27	Europa	Mujeres	28022
2009	Zaragoza	Extranjeros	02	Resto de Europa	Europa	Mujeres	1542
2009	Zaragoza	Extranjeros	03	Magreb	África	Mujeres	4874
2009	Zaragoza	Extranjeros	04	Resto de África	África	Mujeres	2920
2009	Zaragoza	Extranjeros	05	América del Norte	América	Mujeres	159
2009	Zaragoza	Extranjeros	06	Resto de América	América	Mujeres	17278
2009	Zaragoza	Extranjeros	07	Asia	Asia	Mujeres	2028
2009	Zaragoza	Extranjeros	08	Oceanía	Oceanía	Mujeres	8
2009	Zaragoza	Extranjeros	09	Apátridas y no consta	Apátridas y no consta	Mujeres	9
2010	Huesca	Españoles	01	UE-27	Europa	Mujeres	99909
2010	Huesca	Extranjeros	01	UE-27	Europa	Mujeres	6187
2010	Huesca	Extranjeros	02	Resto de Europa	Europa	Mujeres	430
2010	Huesca	Extranjeros	03	Magreb	África	Mujeres	1793
2010	Huesca	Extranjeros	04	Resto de África	África	Mujeres	577
2010	Huesca	Extranjeros	05	América del Norte	América	Mujeres	25
2010	Huesca	Extranjeros	06	Resto de América	América	Mujeres	2936
2010	Huesca	Extranjeros	07	Asia	Asia	Mujeres	175
2010	Huesca	Extranjeros	08	Oceanía	Oceanía	Mujeres	10
2010	Teruel	Españoles	01	UE-27	Europa	Mujeres	63088
2010	Teruel	Extranjeros	01	UE-27	Europa	Mujeres	4044
2010	Teruel	Extranjeros	02	Resto de Europa	Europa	Mujeres	144
2010	Teruel	Extranjeros	03	Magreb	África	Mujeres	1430
2010	Teruel	Extranjeros	04	Resto de África	África	Mujeres	51
2010	Teruel	Extranjeros	05	América del Norte	América	Mujeres	13
2010	Teruel	Extranjeros	06	Resto de América	América	Mujeres	1751
2010	Teruel	Extranjeros	07	Asia	Asia	Mujeres	190
2010	Teruel	Extranjeros	08	Oceanía	Oceanía	Mujeres	3
2010	Zaragoza	Españoles	01	UE-27	Europa	Mujeres	432911
2010	Zaragoza	Extranjeros	01	UE-27	Europa	Mujeres	29099
2010	Zaragoza	Extranjeros	02	Resto de Europa	Europa	Mujeres	1524
2010	Zaragoza	Extranjeros	03	Magreb	África	Mujeres	5366
2010	Zaragoza	Extranjeros	04	Resto de África	África	Mujeres	3059
2010	Zaragoza	Extranjeros	05	América del Norte	América	Mujeres	144
2010	Zaragoza	Extranjeros	06	Resto de América	América	Mujeres	16858
2010	Zaragoza	Extranjeros	07	Asia	Asia	Mujeres	2183
2010	Zaragoza	Extranjeros	08	Oceanía	Oceanía	Mujeres	9
2010	Zaragoza	Extranjeros	09	Apátridas y no consta	Apátridas y no consta	Mujeres	9
2011	Huesca	Españoles	01	UE-27	Europa	Mujeres	99841
2011	Huesca	Extranjeros	01	UE-27	Europa	Mujeres	6521
2011	Huesca	Extranjeros	02	Resto de Europa	Europa	Mujeres	445
2011	Huesca	Extranjeros	03	Magreb	África	Mujeres	1874
2011	Huesca	Extranjeros	04	Resto de África	África	Mujeres	577
2011	Huesca	Extranjeros	05	América del Norte	América	Mujeres	26
2011	Huesca	Extranjeros	06	Resto de América	América	Mujeres	2641
2011	Huesca	Extranjeros	07	Asia	Asia	Mujeres	202
2011	Huesca	Extranjeros	08	Oceanía	Oceanía	Mujeres	10
2011	Teruel	Españoles	01	UE-27	Europa	Mujeres	62862
2011	Teruel	Extranjeros	01	UE-27	Europa	Mujeres	4181
2011	Teruel	Extranjeros	02	Resto de Europa	Europa	Mujeres	143
2011	Teruel	Extranjeros	03	Magreb	África	Mujeres	1528
2011	Teruel	Extranjeros	04	Resto de África	África	Mujeres	58
2011	Teruel	Extranjeros	05	América del Norte	América	Mujeres	12
2011	Teruel	Extranjeros	06	Resto de América	América	Mujeres	1574
2011	Teruel	Extranjeros	07	Asia	Asia	Mujeres	237
2011	Teruel	Extranjeros	08	Oceanía	Oceanía	Mujeres	4
2011	Zaragoza	Españoles	01	UE-27	Europa	Mujeres	434059
2011	Zaragoza	Extranjeros	01	UE-27	Europa	Mujeres	29785
2011	Zaragoza	Extranjeros	02	Resto de Europa	Europa	Mujeres	1583
2011	Zaragoza	Extranjeros	03	Magreb	África	Mujeres	5426
2011	Zaragoza	Extranjeros	04	Resto de África	África	Mujeres	3076
2011	Zaragoza	Extranjeros	05	América del Norte	América	Mujeres	155
2011	Zaragoza	Extranjeros	06	Resto de América	América	Mujeres	15962
2011	Zaragoza	Extranjeros	07	Asia	Asia	Mujeres	2209
2011	Zaragoza	Extranjeros	08	Oceanía	Oceanía	Mujeres	7
2011	Zaragoza	Extranjeros	09	Apátridas y no consta	Apátridas y no consta	Mujeres	9
2012	Huesca	Españoles	01	UE-27	Europa	Mujeres	99544
2012	Huesca	Extranjeros	01	UE-27	Europa	Mujeres	6916
2012	Huesca	Extranjeros	02	Resto de Europa	Europa	Mujeres	453
2012	Huesca	Extranjeros	03	Magreb	África	Mujeres	1867
2012	Huesca	Extranjeros	04	Resto de África	África	Mujeres	583
2012	Huesca	Extranjeros	05	América del Norte	América	Mujeres	30
2012	Huesca	Extranjeros	06	Resto de América	América	Mujeres	2457
2012	Huesca	Extranjeros	07	Asia	Asia	Mujeres	240
2012	Huesca	Extranjeros	08	Oceanía	Oceanía	Mujeres	7
2012	Teruel	Españoles	01	UE-27	Europa	Mujeres	62259
2012	Teruel	Extranjeros	01	UE-27	Europa	Mujeres	4259
2012	Teruel	Extranjeros	02	Resto de Europa	Europa	Mujeres	166
2012	Teruel	Extranjeros	03	Magreb	África	Mujeres	1664
2012	Teruel	Extranjeros	04	Resto de África	África	Mujeres	70
2012	Teruel	Extranjeros	05	América del Norte	América	Mujeres	10
2012	Teruel	Extranjeros	06	Resto de América	América	Mujeres	1543
2012	Teruel	Extranjeros	07	Asia	Asia	Mujeres	274
2012	Teruel	Extranjeros	08	Oceanía	Oceanía	Mujeres	5
2012	Zaragoza	Españoles	01	UE-27	Europa	Mujeres	435810
2012	Zaragoza	Extranjeros	01	UE-27	Europa	Mujeres	31018
2012	Zaragoza	Extranjeros	02	Resto de Europa	Europa	Mujeres	1687
2012	Zaragoza	Extranjeros	03	Magreb	África	Mujeres	5872
2012	Zaragoza	Extranjeros	04	Resto de África	África	Mujeres	3190
2012	Zaragoza	Extranjeros	05	América del Norte	América	Mujeres	192
2012	Zaragoza	Extranjeros	06	Resto de América	América	Mujeres	15007
2012	Zaragoza	Extranjeros	07	Asia	Asia	Mujeres	2428
2012	Zaragoza	Extranjeros	08	Oceanía	Oceanía	Mujeres	8
2012	Zaragoza	Extranjeros	09	Apátridas y no consta	Apátridas y no consta	Mujeres	10
2013	Huesca	Españoles	01	UE-27	Europa	Mujeres	99068
2013	Huesca	Extranjeros	01	UE-27	Europa	Mujeres	6885
2013	Huesca	Extranjeros	02	Resto de Europa	Europa	Mujeres	462
2013	Huesca	Extranjeros	03	Magreb	África	Mujeres	1950
2013	Huesca	Extranjeros	04	Resto de África	África	Mujeres	592
2013	Huesca	Extranjeros	05	América del Norte	América	Mujeres	31
2013	Huesca	Extranjeros	06	Resto de América	América	Mujeres	2316
2013	Huesca	Extranjeros	07	Asia	Asia	Mujeres	234
2013	Huesca	Extranjeros	08	Oceanía	Oceanía	Mujeres	10
2013	Teruel	Españoles	01	UE-27	Europa	Mujeres	61756
2013	Teruel	Extranjeros	01	UE-27	Europa	Mujeres	4114
2013	Teruel	Extranjeros	02	Resto de Europa	Europa	Mujeres	164
2013	Teruel	Extranjeros	03	Magreb	África	Mujeres	1785
2013	Teruel	Extranjeros	04	Resto de África	África	Mujeres	71
2013	Teruel	Extranjeros	05	América del Norte	América	Mujeres	9
2013	Teruel	Extranjeros	06	Resto de América	América	Mujeres	1464
2013	Teruel	Extranjeros	07	Asia	Asia	Mujeres	287
2013	Teruel	Extranjeros	08	Oceanía	Oceanía	Mujeres	4
2013	Zaragoza	Españoles	01	UE-27	Europa	Mujeres	435440
2013	Zaragoza	Extranjeros	01	UE-27	Europa	Mujeres	30873
2013	Zaragoza	Extranjeros	02	Resto de Europa	Europa	Mujeres	1779
2013	Zaragoza	Extranjeros	03	Magreb	África	Mujeres	6307
2013	Zaragoza	Extranjeros	04	Resto de África	África	Mujeres	3339
2013	Zaragoza	Extranjeros	05	América del Norte	América	Mujeres	193
2013	Zaragoza	Extranjeros	06	Resto de América	América	Mujeres	15321
2013	Zaragoza	Extranjeros	07	Asia	Asia	Mujeres	2695
2013	Zaragoza	Extranjeros	08	Oceanía	Oceanía	Mujeres	8
2013	Zaragoza	Extranjeros	09	Apátridas y no consta	Apátridas y no consta	Mujeres	6
2014	Huesca	Españoles	01	UE-28	Europa	Mujeres	99367
2014	Huesca	Extranjeros	01	UE-28	Europa	Mujeres	6576
2014	Huesca	Extranjeros	02	Resto de Europa	Europa	Mujeres	440
2014	Huesca	Extranjeros	03	Magreb	África	Mujeres	1873
2014	Huesca	Extranjeros	04	Resto de África	África	Mujeres	560
2014	Huesca	Extranjeros	05	América del Norte	América	Mujeres	32
2014	Huesca	Extranjeros	06	Resto de América	América	Mujeres	1954
2014	Huesca	Extranjeros	07	Asia	Asia	Mujeres	249
2014	Huesca	Extranjeros	08	Oceanía	Oceanía	Mujeres	18
2014	Teruel	Españoles	01	UE-28	Europa	Mujeres	61731
2014	Teruel	Extranjeros	01	UE-28	Europa	Mujeres	3816
2014	Teruel	Extranjeros	02	Resto de Europa	Europa	Mujeres	152
2014	Teruel	Extranjeros	03	Magreb	África	Mujeres	1825
2014	Teruel	Extranjeros	04	Resto de África	África	Mujeres	62
2014	Teruel	Extranjeros	05	América del Norte	América	Mujeres	13
2014	Teruel	Extranjeros	06	Resto de América	América	Mujeres	1065
2014	Teruel	Extranjeros	07	Asia	Asia	Mujeres	249
2014	Teruel	Extranjeros	08	Oceanía	Oceanía	Mujeres	3
2014	Zaragoza	Españoles	01	UE-28	Europa	Mujeres	436559
2014	Zaragoza	Extranjeros	01	UE-28	Europa	Mujeres	24018
2014	Zaragoza	Extranjeros	02	Resto de Europa	Europa	Mujeres	1684
2014	Zaragoza	Extranjeros	03	Magreb	África	Mujeres	6388
2014	Zaragoza	Extranjeros	04	Resto de África	África	Mujeres	3291
2014	Zaragoza	Extranjeros	05	América del Norte	América	Mujeres	162
2014	Zaragoza	Extranjeros	06	Resto de América	América	Mujeres	13496
2014	Zaragoza	Extranjeros	07	Asia	Asia	Mujeres	2831
2014	Zaragoza	Extranjeros	08	Oceanía	Oceanía	Mujeres	5
2014	Zaragoza	Extranjeros	09	Apátridas y no consta	Apátridas y no consta	Mujeres	2
2015	Huesca	Españoles	01	UE-28	Europa	Mujeres	99186
2015	Huesca	Extranjeros	01	UE-28	Europa	Mujeres	6237
2015	Huesca	Extranjeros	02	Resto de Europa	Europa	Mujeres	437
2015	Huesca	Extranjeros	03	Magreb	África	Mujeres	1835
2015	Huesca	Extranjeros	04	Resto de África	África	Mujeres	557
2015	Huesca	Extranjeros	05	América del Norte	América	Mujeres	31
2015	Huesca	Extranjeros	06	Resto de América	América	Mujeres	1719
2015	Huesca	Extranjeros	07	Asia	Asia	Mujeres	255
2015	Huesca	Extranjeros	08	Oceanía	Oceanía	Mujeres	26
2015	Teruel	Españoles	01	UE-28	Europa	Mujeres	61460
2015	Teruel	Extranjeros	01	UE-28	Europa	Mujeres	3688
2015	Teruel	Extranjeros	02	Resto de Europa	Europa	Mujeres	150
2015	Teruel	Extranjeros	03	Magreb	África	Mujeres	1794
2015	Teruel	Extranjeros	04	Resto de África	África	Mujeres	64
2015	Teruel	Extranjeros	05	América del Norte	América	Mujeres	16
2015	Teruel	Extranjeros	06	Resto de América	América	Mujeres	914
2015	Teruel	Extranjeros	07	Asia	Asia	Mujeres	237
2015	Teruel	Extranjeros	08	Oceanía	Oceanía	Mujeres	4
2015	Zaragoza	Españoles	01	UE-28	Europa	Mujeres	437590
2015	Zaragoza	Extranjeros	01	UE-28	Europa	Mujeres	23047
2015	Zaragoza	Extranjeros	02	Resto de Europa	Europa	Mujeres	1696
2015	Zaragoza	Extranjeros	03	Magreb	África	Mujeres	6147
2015	Zaragoza	Extranjeros	04	Resto de África	África	Mujeres	3194
2015	Zaragoza	Extranjeros	05	América del Norte	América	Mujeres	172
2015	Zaragoza	Extranjeros	06	Resto de América	América	Mujeres	11955
2015	Zaragoza	Extranjeros	07	Asia	Asia	Mujeres	2739
2015	Zaragoza	Extranjeros	08	Oceanía	Oceanía	Mujeres	7
2015	Zaragoza	Extranjeros	09	Apátridas y no consta	Apátridas y no consta	Mujeres	3
1998	Huesca	Españoles	01	UE-15	Europa	Hombres	-101485
1998	Huesca	Extranjeros	01	UE-15	Europa	Hombres	-226
1998	Huesca	Extranjeros	02	Resto de Europa	Europa	Hombres	-21
1998	Huesca	Extranjeros	03	Magreb	África	Hombres	-184
1998	Huesca	Extranjeros	04	Resto de África	África	Hombres	-110
1998	Huesca	Extranjeros	05	América del Norte	América	Hombres	-18
1998	Huesca	Extranjeros	06	Resto de América	América	Hombres	-81
1998	Huesca	Extranjeros	07	Asia	Asia	Hombres	-29
1998	Huesca	Extranjeros	08	Oceanía	Oceanía	Hombres	-2
1998	Teruel	Españoles	01	UE-15	Europa	Hombres	-68625
1998	Teruel	Extranjeros	01	UE-15	Europa	Hombres	-91
1998	Teruel	Extranjeros	02	Resto de Europa	Europa	Hombres	-25
1998	Teruel	Extranjeros	03	Magreb	África	Hombres	-117
1998	Teruel	Extranjeros	04	Resto de África	África	Hombres	-41
1998	Teruel	Extranjeros	05	América del Norte	América	Hombres	-4
1998	Teruel	Extranjeros	06	Resto de América	América	Hombres	-26
1998	Teruel	Extranjeros	07	Asia	Asia	Hombres	-36
1998	Zaragoza	Españoles	01	UE-15	Europa	Hombres	-397604
1998	Zaragoza	Extranjeros	01	UE-15	Europa	Hombres	-782
1998	Zaragoza	Extranjeros	02	Resto de Europa	Europa	Hombres	-111
1998	Zaragoza	Extranjeros	03	Magreb	África	Hombres	-772
1998	Zaragoza	Extranjeros	04	Resto de África	África	Hombres	-568
1998	Zaragoza	Extranjeros	05	América del Norte	América	Hombres	-169
1998	Zaragoza	Extranjeros	06	Resto de América	América	Hombres	-529
1998	Zaragoza	Extranjeros	07	Asia	Asia	Hombres	-166
1998	Zaragoza	Extranjeros	08	Oceanía	Oceanía	Hombres	-5
1998	Zaragoza	Extranjeros	09	Apátridas y no consta	Apátridas y no consta	Hombres	-4
1999	Huesca	Españoles	01	UE-15	Europa	Hombres	-100643
1999	Huesca	Extranjeros	01	UE-15	Europa	Hombres	-237
1999	Huesca	Extranjeros	02	Resto de Europa	Europa	Hombres	-26
1999	Huesca	Extranjeros	03	Magreb	África	Hombres	-244
1999	Huesca	Extranjeros	04	Resto de África	África	Hombres	-152
1999	Huesca	Extranjeros	05	América del Norte	América	Hombres	-20
1999	Huesca	Extranjeros	06	Resto de América	América	Hombres	-88
1999	Huesca	Extranjeros	07	Asia	Asia	Hombres	-26
1999	Huesca	Extranjeros	08	Oceanía	Oceanía	Hombres	-4
1999	Teruel	Españoles	01	UE-15	Europa	Hombres	-67658
1999	Teruel	Extranjeros	01	UE-15	Europa	Hombres	-93
1999	Teruel	Extranjeros	02	Resto de Europa	Europa	Hombres	-27
1999	Teruel	Extranjeros	03	Magreb	África	Hombres	-115
1999	Teruel	Extranjeros	04	Resto de África	África	Hombres	-45
1999	Teruel	Extranjeros	05	América del Norte	América	Hombres	-4
1999	Teruel	Extranjeros	06	Resto de América	América	Hombres	-31
1999	Teruel	Extranjeros	07	Asia	Asia	Hombres	-41
1999	Zaragoza	Españoles	01	UE-15	Europa	Hombres	-402596
1999	Zaragoza	Extranjeros	01	UE-15	Europa	Hombres	-843
1999	Zaragoza	Extranjeros	02	Resto de Europa	Europa	Hombres	-138
1999	Zaragoza	Extranjeros	03	Magreb	África	Hombres	-913
1999	Zaragoza	Extranjeros	04	Resto de África	África	Hombres	-702
1999	Zaragoza	Extranjeros	05	América del Norte	América	Hombres	-172
1999	Zaragoza	Extranjeros	06	Resto de América	América	Hombres	-612
1999	Zaragoza	Extranjeros	07	Asia	Asia	Hombres	-186
1999	Zaragoza	Extranjeros	08	Oceanía	Oceanía	Hombres	-6
1999	Zaragoza	Extranjeros	09	Apátridas y no consta	Apátridas y no consta	Hombres	-4
2000	Huesca	Españoles	01	UE-15	Europa	Hombres	-101938
2000	Huesca	Extranjeros	01	UE-15	Europa	Hombres	-275
2000	Huesca	Extranjeros	02	Resto de Europa	Europa	Hombres	-51
2000	Huesca	Extranjeros	03	Magreb	África	Hombres	-414
2000	Huesca	Extranjeros	04	Resto de África	África	Hombres	-296
2000	Huesca	Extranjeros	05	América del Norte	América	Hombres	-24
2000	Huesca	Extranjeros	06	Resto de América	América	Hombres	-121
2000	Huesca	Extranjeros	07	Asia	Asia	Hombres	-36
2000	Huesca	Extranjeros	08	Oceanía	Oceanía	Hombres	-8
2000	Teruel	Españoles	01	UE-15	Europa	Hombres	-68360
2000	Teruel	Extranjeros	01	UE-15	Europa	Hombres	-105
2000	Teruel	Extranjeros	02	Resto de Europa	Europa	Hombres	-39
2000	Teruel	Extranjeros	03	Magreb	África	Hombres	-243
2000	Teruel	Extranjeros	04	Resto de África	África	Hombres	-56
2000	Teruel	Extranjeros	05	América del Norte	América	Hombres	-4
2000	Teruel	Extranjeros	06	Resto de América	América	Hombres	-39
2000	Teruel	Extranjeros	07	Asia	Asia	Hombres	-54
2000	Zaragoza	Españoles	01	UE-15	Europa	Hombres	-407819
2000	Zaragoza	Extranjeros	01	UE-15	Europa	Hombres	-947
2000	Zaragoza	Extranjeros	02	Resto de Europa	Europa	Hombres	-287
2000	Zaragoza	Extranjeros	03	Magreb	África	Hombres	-1343
2000	Zaragoza	Extranjeros	04	Resto de África	África	Hombres	-1068
2000	Zaragoza	Extranjeros	05	América del Norte	América	Hombres	-192
2000	Zaragoza	Extranjeros	06	Resto de América	América	Hombres	-819
2000	Zaragoza	Extranjeros	07	Asia	Asia	Hombres	-208
2000	Zaragoza	Extranjeros	08	Oceanía	Oceanía	Hombres	-5
2000	Zaragoza	Extranjeros	09	Apátridas y no consta	Apátridas y no consta	Hombres	-6
2001	Huesca	Españoles	01	UE-15	Europa	Hombres	-101460
2001	Huesca	Extranjeros	01	UE-15	Europa	Hombres	-304
2001	Huesca	Extranjeros	02	Resto de Europa	Europa	Hombres	-262
2001	Huesca	Extranjeros	03	Magreb	África	Hombres	-763
2001	Huesca	Extranjeros	04	Resto de África	África	Hombres	-511
2001	Huesca	Extranjeros	05	América del Norte	América	Hombres	-27
2001	Huesca	Extranjeros	06	Resto de América	América	Hombres	-271
2001	Huesca	Extranjeros	07	Asia	Asia	Hombres	-47
2001	Huesca	Extranjeros	08	Oceanía	Oceanía	Hombres	-17
2001	Teruel	Españoles	01	UE-15	Europa	Hombres	-67873
2001	Teruel	Extranjeros	01	UE-15	Europa	Hombres	-119
2001	Teruel	Extranjeros	02	Resto de Europa	Europa	Hombres	-185
2001	Teruel	Extranjeros	03	Magreb	África	Hombres	-415
2001	Teruel	Extranjeros	04	Resto de África	África	Hombres	-54
2001	Teruel	Extranjeros	05	América del Norte	América	Hombres	-5
2001	Teruel	Extranjeros	06	Resto de América	América	Hombres	-115
2001	Teruel	Extranjeros	07	Asia	Asia	Hombres	-106
2001	Teruel	Extranjeros	08	Oceanía	Oceanía	Hombres	-1
2001	Teruel	Extranjeros	09	Apátridas y no consta	Apátridas y no consta	Hombres	-1
2001	Zaragoza	Españoles	01	UE-15	Europa	Hombres	-407988
2001	Zaragoza	Extranjeros	01	UE-15	Europa	Hombres	-1090
2001	Zaragoza	Extranjeros	02	Resto de Europa	Europa	Hombres	-2134
2001	Zaragoza	Extranjeros	03	Magreb	África	Hombres	-2852
2001	Zaragoza	Extranjeros	04	Resto de África	África	Hombres	-1744
2001	Zaragoza	Extranjeros	05	América del Norte	América	Hombres	-203
2001	Zaragoza	Extranjeros	06	Resto de América	América	Hombres	-2846
2001	Zaragoza	Extranjeros	07	Asia	Asia	Hombres	-401
2001	Zaragoza	Extranjeros	08	Oceanía	Oceanía	Hombres	-5
2001	Zaragoza	Extranjeros	09	Apátridas y no consta	Apátridas y no consta	Hombres	-7
2002	Huesca	Españoles	01	UE-15	Europa	Hombres	-101414
2002	Huesca	Extranjeros	01	UE-15	Europa	Hombres	-351
2002	Huesca	Extranjeros	02	Resto de Europa	Europa	Hombres	-700
2002	Huesca	Extranjeros	03	Magreb	África	Hombres	-1302
2002	Huesca	Extranjeros	04	Resto de África	África	Hombres	-946
2002	Huesca	Extranjeros	05	América del Norte	América	Hombres	-32
2002	Huesca	Extranjeros	06	Resto de América	América	Hombres	-715
2002	Huesca	Extranjeros	07	Asia	Asia	Hombres	-67
2002	Huesca	Extranjeros	08	Oceanía	Oceanía	Hombres	-39
2002	Teruel	Españoles	01	UE-15	Europa	Hombres	-67549
2002	Teruel	Extranjeros	01	UE-15	Europa	Hombres	-150
2002	Teruel	Extranjeros	02	Resto de Europa	Europa	Hombres	-593
2002	Teruel	Extranjeros	03	Magreb	África	Hombres	-684
2002	Teruel	Extranjeros	04	Resto de África	África	Hombres	-76
2002	Teruel	Extranjeros	05	América del Norte	América	Hombres	-4
2002	Teruel	Extranjeros	06	Resto de América	América	Hombres	-441
2002	Teruel	Extranjeros	07	Asia	Asia	Hombres	-184
2002	Teruel	Extranjeros	08	Oceanía	Oceanía	Hombres	-1
2002	Zaragoza	Españoles	01	UE-15	Europa	Hombres	-407930
2002	Zaragoza	Extranjeros	01	UE-15	Europa	Hombres	-1313
2002	Zaragoza	Extranjeros	02	Resto de Europa	Europa	Hombres	-4259
2002	Zaragoza	Extranjeros	03	Magreb	África	Hombres	-4689
2002	Zaragoza	Extranjeros	04	Resto de África	África	Hombres	-2592
2002	Zaragoza	Extranjeros	05	América del Norte	América	Hombres	-219
2002	Zaragoza	Extranjeros	06	Resto de América	América	Hombres	-5448
2002	Zaragoza	Extranjeros	07	Asia	Asia	Hombres	-612
2002	Zaragoza	Extranjeros	08	Oceanía	Oceanía	Hombres	-5
2002	Zaragoza	Extranjeros	09	Apátridas y no consta	Apátridas y no consta	Hombres	-10
2003	Huesca	Españoles	01	UE-15	Europa	Hombres	-101069
2003	Huesca	Extranjeros	01	UE-15	Europa	Hombres	-455
2003	Huesca	Extranjeros	02	Resto de Europa	Europa	Hombres	-1288
2003	Huesca	Extranjeros	03	Magreb	África	Hombres	-1673
2003	Huesca	Extranjeros	04	Resto de África	África	Hombres	-1211
2003	Huesca	Extranjeros	05	América del Norte	América	Hombres	-32
2003	Huesca	Extranjeros	06	Resto de América	América	Hombres	-1119
2003	Huesca	Extranjeros	07	Asia	Asia	Hombres	-77
2003	Huesca	Extranjeros	08	Oceanía	Oceanía	Hombres	-38
2003	Teruel	Españoles	01	UE-15	Europa	Hombres	-66999
2003	Teruel	Extranjeros	01	UE-15	Europa	Hombres	-171
2003	Teruel	Extranjeros	02	Resto de Europa	Europa	Hombres	-1246
2003	Teruel	Extranjeros	03	Magreb	África	Hombres	-1158
2003	Teruel	Extranjeros	04	Resto de África	África	Hombres	-97
2003	Teruel	Extranjeros	05	América del Norte	América	Hombres	-3
2003	Teruel	Extranjeros	06	Resto de América	América	Hombres	-699
2003	Teruel	Extranjeros	07	Asia	Asia	Hombres	-267
2003	Teruel	Extranjeros	08	Oceanía	Oceanía	Hombres	-1
2003	Zaragoza	Españoles	01	UE-15	Europa	Hombres	-406901
2003	Zaragoza	Extranjeros	01	UE-15	Europa	Hombres	-1477
2003	Zaragoza	Extranjeros	02	Resto de Europa	Europa	Hombres	-6997
2003	Zaragoza	Extranjeros	03	Magreb	África	Hombres	-5606
2003	Zaragoza	Extranjeros	04	Resto de África	África	Hombres	-3232
2003	Zaragoza	Extranjeros	05	América del Norte	América	Hombres	-229
2003	Zaragoza	Extranjeros	06	Resto de América	América	Hombres	-7424
2003	Zaragoza	Extranjeros	07	Asia	Asia	Hombres	-721
2003	Zaragoza	Extranjeros	08	Oceanía	Oceanía	Hombres	-4
2003	Zaragoza	Extranjeros	09	Apátridas y no consta	Apátridas y no consta	Hombres	-16
2004	Huesca	Españoles	01	UE-15	Europa	Hombres	-100880
2004	Huesca	Extranjeros	01	UE-15	Europa	Hombres	-498
2004	Huesca	Extranjeros	02	Resto de Europa	Europa	Hombres	-1741
2004	Huesca	Extranjeros	03	Magreb	África	Hombres	-1871
2004	Huesca	Extranjeros	04	Resto de África	África	Hombres	-1402
2004	Huesca	Extranjeros	05	América del Norte	América	Hombres	-30
2004	Huesca	Extranjeros	06	Resto de América	América	Hombres	-1423
2004	Huesca	Extranjeros	07	Asia	Asia	Hombres	-82
2004	Huesca	Extranjeros	08	Oceanía	Oceanía	Hombres	-34
2004	Teruel	Españoles	01	UE-15	Europa	Hombres	-66611
2004	Teruel	Extranjeros	01	UE-15	Europa	Hombres	-237
2004	Teruel	Extranjeros	02	Resto de Europa	Europa	Hombres	-1686
2004	Teruel	Extranjeros	03	Magreb	África	Hombres	-1354
2004	Teruel	Extranjeros	04	Resto de África	África	Hombres	-85
2004	Teruel	Extranjeros	05	América del Norte	América	Hombres	-2
2004	Teruel	Extranjeros	06	Resto de América	América	Hombres	-823
2004	Teruel	Extranjeros	07	Asia	Asia	Hombres	-273
2004	Teruel	Extranjeros	08	Oceanía	Oceanía	Hombres	-2
2004	Zaragoza	Españoles	01	UE-15	Europa	Hombres	-409929
2004	Zaragoza	Extranjeros	01	UE-15	Europa	Hombres	-1800
2004	Zaragoza	Extranjeros	02	Resto de Europa	Europa	Hombres	-9451
2004	Zaragoza	Extranjeros	03	Magreb	África	Hombres	-6234
2004	Zaragoza	Extranjeros	04	Resto de África	África	Hombres	-3943
2004	Zaragoza	Extranjeros	05	América del Norte	América	Hombres	-274
2004	Zaragoza	Extranjeros	06	Resto de América	América	Hombres	-9224
2004	Zaragoza	Extranjeros	07	Asia	Asia	Hombres	-960
2004	Zaragoza	Extranjeros	08	Oceanía	Oceanía	Hombres	-5
2004	Zaragoza	Extranjeros	09	Apátridas y no consta	Apátridas y no consta	Hombres	-20
2005	Huesca	Españoles	01	UE-25	Europa	Hombres	-100881
2005	Huesca	Extranjeros	01	UE-25	Europa	Hombres	-860
2005	Huesca	Extranjeros	02	Resto de Europa	Europa	Hombres	-2253
2005	Huesca	Extranjeros	03	Magreb	África	Hombres	-2237
2005	Huesca	Extranjeros	04	Resto de África	África	Hombres	-1720
2005	Huesca	Extranjeros	05	América del Norte	América	Hombres	-28
2005	Huesca	Extranjeros	06	Resto de América	América	Hombres	-1740
2005	Huesca	Extranjeros	07	Asia	Asia	Hombres	-109
2005	Huesca	Extranjeros	08	Oceanía	Oceanía	Hombres	-41
2005	Teruel	Españoles	01	UE-25	Europa	Hombres	-66382
2005	Teruel	Extranjeros	01	UE-25	Europa	Hombres	-769
2005	Teruel	Extranjeros	02	Resto de Europa	Europa	Hombres	-1987
2005	Teruel	Extranjeros	03	Magreb	África	Hombres	-1671
2005	Teruel	Extranjeros	04	Resto de África	África	Hombres	-122
2005	Teruel	Extranjeros	05	América del Norte	América	Hombres	-5
2005	Teruel	Extranjeros	06	Resto de América	América	Hombres	-1028
2005	Teruel	Extranjeros	07	Asia	Asia	Hombres	-307
2005	Teruel	Extranjeros	08	Oceanía	Oceanía	Hombres	-2
2005	Zaragoza	Españoles	01	UE-25	Europa	Hombres	-410434
2005	Zaragoza	Extranjeros	01	UE-25	Europa	Hombres	-2539
2005	Zaragoza	Extranjeros	02	Resto de Europa	Europa	Hombres	-12801
2005	Zaragoza	Extranjeros	03	Magreb	África	Hombres	-7235
2005	Zaragoza	Extranjeros	04	Resto de África	África	Hombres	-4904
2005	Zaragoza	Extranjeros	05	América del Norte	América	Hombres	-297
2005	Zaragoza	Extranjeros	06	Resto de América	América	Hombres	-10377
2005	Zaragoza	Extranjeros	07	Asia	Asia	Hombres	-1389
2005	Zaragoza	Extranjeros	08	Oceanía	Oceanía	Hombres	-6
2005	Zaragoza	Extranjeros	09	Apátridas y no consta	Apátridas y no consta	Hombres	-24
2006	Huesca	Españoles	01	UE-25	Europa	Hombres	-101020
2006	Huesca	Extranjeros	01	UE-25	Europa	Hombres	-1126
2006	Huesca	Extranjeros	02	Resto de Europa	Europa	Hombres	-2788
2006	Huesca	Extranjeros	03	Magreb	África	Hombres	-2351
2006	Huesca	Extranjeros	04	Resto de África	África	Hombres	-1727
2006	Huesca	Extranjeros	05	América del Norte	América	Hombres	-25
2006	Huesca	Extranjeros	06	Resto de América	América	Hombres	-1786
2006	Huesca	Extranjeros	07	Asia	Asia	Hombres	-129
2006	Huesca	Extranjeros	08	Oceanía	Oceanía	Hombres	-31
2006	Teruel	Españoles	01	UE-25	Europa	Hombres	-66132
2006	Teruel	Extranjeros	01	UE-25	Europa	Hombres	-939
2006	Teruel	Extranjeros	02	Resto de Europa	Europa	Hombres	-2440
2006	Teruel	Extranjeros	03	Magreb	África	Hombres	-1949
2006	Teruel	Extranjeros	04	Resto de África	África	Hombres	-122
2006	Teruel	Extranjeros	05	América del Norte	América	Hombres	-8
2006	Teruel	Extranjeros	06	Resto de América	América	Hombres	-1128
2006	Teruel	Extranjeros	07	Asia	Asia	Hombres	-348
2006	Teruel	Extranjeros	08	Oceanía	Oceanía	Hombres	-3
2006	Zaragoza	Españoles	01	UE-25	Europa	Hombres	-410859
2006	Zaragoza	Extranjeros	01	UE-25	Europa	Hombres	-3039
2006	Zaragoza	Extranjeros	02	Resto de Europa	Europa	Hombres	-14172
2006	Zaragoza	Extranjeros	03	Magreb	África	Hombres	-6841
2006	Zaragoza	Extranjeros	04	Resto de África	África	Hombres	-5262
2006	Zaragoza	Extranjeros	05	América del Norte	América	Hombres	-220
2006	Zaragoza	Extranjeros	06	Resto de América	América	Hombres	-10232
2006	Zaragoza	Extranjeros	07	Asia	Asia	Hombres	-1959
2006	Zaragoza	Extranjeros	08	Oceanía	Oceanía	Hombres	-4
2006	Zaragoza	Extranjeros	09	Apátridas y no consta	Apátridas y no consta	Hombres	-19
2007	Huesca	Españoles	01	UE-27	Europa	Hombres	-100914
2007	Huesca	Extranjeros	01	UE-27	Europa	Hombres	-4590
2007	Huesca	Extranjeros	02	Resto de Europa	Europa	Hombres	-341
2007	Huesca	Extranjeros	03	Magreb	África	Hombres	-2291
2007	Huesca	Extranjeros	04	Resto de África	África	Hombres	-1770
2007	Huesca	Extranjeros	05	América del Norte	América	Hombres	-25
2007	Huesca	Extranjeros	06	Resto de América	América	Hombres	-1875
2007	Huesca	Extranjeros	07	Asia	Asia	Hombres	-158
2007	Huesca	Extranjeros	08	Oceanía	Oceanía	Hombres	-14
2007	Teruel	Españoles	01	UE-27	Europa	Hombres	-65917
2007	Teruel	Extranjeros	01	UE-27	Europa	Hombres	-4162
2007	Teruel	Extranjeros	02	Resto de Europa	Europa	Hombres	-126
2007	Teruel	Extranjeros	03	Magreb	África	Hombres	-2365
2007	Teruel	Extranjeros	04	Resto de África	África	Hombres	-106
2007	Teruel	Extranjeros	05	América del Norte	América	Hombres	-5
2007	Teruel	Extranjeros	06	Resto de América	América	Hombres	-1225
2007	Teruel	Extranjeros	07	Asia	Asia	Hombres	-355
2007	Teruel	Extranjeros	08	Oceanía	Oceanía	Hombres	-1
2007	Zaragoza	Españoles	01	UE-27	Europa	Hombres	-411470
2007	Zaragoza	Extranjeros	01	UE-27	Europa	Hombres	-22646
2007	Zaragoza	Extranjeros	02	Resto de Europa	Europa	Hombres	-977
2007	Zaragoza	Extranjeros	03	Magreb	África	Hombres	-7076
2007	Zaragoza	Extranjeros	04	Resto de África	África	Hombres	-5597
2007	Zaragoza	Extranjeros	05	América del Norte	América	Hombres	-228
2007	Zaragoza	Extranjeros	06	Resto de América	América	Hombres	-10842
2007	Zaragoza	Extranjeros	07	Asia	Asia	Hombres	-1897
2007	Zaragoza	Extranjeros	08	Oceanía	Oceanía	Hombres	-3
2007	Zaragoza	Extranjeros	09	Apátridas y no consta	Apátridas y no consta	Hombres	-20
2008	Huesca	Españoles	01	UE-27	Europa	Hombres	-101040
2008	Huesca	Extranjeros	01	UE-27	Europa	Hombres	-6344
2008	Huesca	Extranjeros	02	Resto de Europa	Europa	Hombres	-412
2008	Huesca	Extranjeros	03	Magreb	África	Hombres	-2723
2008	Huesca	Extranjeros	04	Resto de África	África	Hombres	-1937
2008	Huesca	Extranjeros	05	América del Norte	América	Hombres	-29
2008	Huesca	Extranjeros	06	Resto de América	América	Hombres	-2206
2008	Huesca	Extranjeros	07	Asia	Asia	Hombres	-232
2008	Huesca	Extranjeros	08	Oceanía	Oceanía	Hombres	-16
2008	Teruel	Españoles	01	UE-27	Europa	Hombres	-65485
2008	Teruel	Extranjeros	01	UE-27	Europa	Hombres	-5321
2008	Teruel	Extranjeros	02	Resto de Europa	Europa	Hombres	-168
2008	Teruel	Extranjeros	03	Magreb	África	Hombres	-2909
2008	Teruel	Extranjeros	04	Resto de África	África	Hombres	-97
2008	Teruel	Extranjeros	05	América del Norte	América	Hombres	-8
2008	Teruel	Extranjeros	06	Resto de América	América	Hombres	-1405
2008	Teruel	Extranjeros	07	Asia	Asia	Hombres	-383
2008	Teruel	Extranjeros	08	Oceanía	Oceanía	Hombres	-1
2008	Zaragoza	Españoles	01	UE-27	Europa	Hombres	-411363
2008	Zaragoza	Extranjeros	01	UE-27	Europa	Hombres	-32235
2008	Zaragoza	Extranjeros	02	Resto de Europa	Europa	Hombres	-1057
2008	Zaragoza	Extranjeros	03	Magreb	África	Hombres	-7955
2008	Zaragoza	Extranjeros	04	Resto de África	África	Hombres	-6205
2008	Zaragoza	Extranjeros	05	América del Norte	América	Hombres	-236
2008	Zaragoza	Extranjeros	06	Resto de América	América	Hombres	-12535
2008	Zaragoza	Extranjeros	07	Asia	Asia	Hombres	-2075
2008	Zaragoza	Extranjeros	08	Oceanía	Oceanía	Hombres	-6
2008	Zaragoza	Extranjeros	09	Apátridas y no consta	Apátridas y no consta	Hombres	-20
2009	Huesca	Españoles	01	UE-27	Europa	Hombres	-101034
2009	Huesca	Extranjeros	01	UE-27	Europa	Hombres	-7201
2009	Huesca	Extranjeros	02	Resto de Europa	Europa	Hombres	-420
2009	Huesca	Extranjeros	03	Magreb	África	Hombres	-3084
2009	Huesca	Extranjeros	04	Resto de África	África	Hombres	-2258
2009	Huesca	Extranjeros	05	América del Norte	América	Hombres	-28
2009	Huesca	Extranjeros	06	Resto de América	América	Hombres	-2328
2009	Huesca	Extranjeros	07	Asia	Asia	Hombres	-259
2009	Huesca	Extranjeros	08	Oceanía	Oceanía	Hombres	-18
2009	Teruel	Españoles	01	UE-27	Europa	Hombres	-64938
2009	Teruel	Extranjeros	01	UE-27	Europa	Hombres	-5396
2009	Teruel	Extranjeros	02	Resto de Europa	Europa	Hombres	-182
2009	Teruel	Extranjeros	03	Magreb	África	Hombres	-3090
2009	Teruel	Extranjeros	04	Resto de África	África	Hombres	-100
2009	Teruel	Extranjeros	05	América del Norte	América	Hombres	-11
2009	Teruel	Extranjeros	06	Resto de América	América	Hombres	-1562
2009	Teruel	Extranjeros	07	Asia	Asia	Hombres	-453
2009	Teruel	Extranjeros	08	Oceanía	Oceanía	Hombres	-1
2009	Zaragoza	Españoles	01	UE-27	Europa	Hombres	-411856
2009	Zaragoza	Extranjeros	01	UE-27	Europa	Hombres	-35592
2009	Zaragoza	Extranjeros	02	Resto de Europa	Europa	Hombres	-1080
2009	Zaragoza	Extranjeros	03	Magreb	África	Hombres	-9364
2009	Zaragoza	Extranjeros	04	Resto de África	África	Hombres	-6979
2009	Zaragoza	Extranjeros	05	América del Norte	América	Hombres	-256
2009	Zaragoza	Extranjeros	06	Resto de América	América	Hombres	-13595
2009	Zaragoza	Extranjeros	07	Asia	Asia	Hombres	-2707
2009	Zaragoza	Extranjeros	08	Oceanía	Oceanía	Hombres	-7
2009	Zaragoza	Extranjeros	09	Apátridas y no consta	Apátridas y no consta	Hombres	-20
2010	Huesca	Españoles	01	UE-27	Europa	Hombres	-100847
2010	Huesca	Extranjeros	01	UE-27	Europa	Hombres	-7277
2010	Huesca	Extranjeros	02	Resto de Europa	Europa	Hombres	-417
2010	Huesca	Extranjeros	03	Magreb	África	Hombres	-3103
2010	Huesca	Extranjeros	04	Resto de África	África	Hombres	-2254
2010	Huesca	Extranjeros	05	América del Norte	América	Hombres	-23
2010	Huesca	Extranjeros	06	Resto de América	América	Hombres	-2251
2010	Huesca	Extranjeros	07	Asia	Asia	Hombres	-337
2010	Huesca	Extranjeros	08	Oceanía	Oceanía	Hombres	-15
2010	Teruel	Españoles	01	UE-27	Europa	Hombres	-64555
2010	Teruel	Extranjeros	01	UE-27	Europa	Hombres	-4943
2010	Teruel	Extranjeros	02	Resto de Europa	Europa	Hombres	-156
2010	Teruel	Extranjeros	03	Magreb	África	Hombres	-2915
2010	Teruel	Extranjeros	04	Resto de África	África	Hombres	-86
2010	Teruel	Extranjeros	05	América del Norte	América	Hombres	-11
2010	Teruel	Extranjeros	06	Resto de América	América	Hombres	-1487
2010	Teruel	Extranjeros	07	Asia	Asia	Hombres	-409
2010	Teruel	Extranjeros	08	Oceanía	Oceanía	Hombres	-1
2010	Zaragoza	Españoles	01	UE-27	Europa	Hombres	-412699
2010	Zaragoza	Extranjeros	01	UE-27	Europa	Hombres	-35864
2010	Zaragoza	Extranjeros	02	Resto de Europa	Europa	Hombres	-1025
2010	Zaragoza	Extranjeros	03	Magreb	África	Hombres	-9512
2010	Zaragoza	Extranjeros	04	Resto de África	África	Hombres	-6954
2010	Zaragoza	Extranjeros	05	América del Norte	América	Hombres	-260
2010	Zaragoza	Extranjeros	06	Resto de América	América	Hombres	-12875
2010	Zaragoza	Extranjeros	07	Asia	Asia	Hombres	-2874
2010	Zaragoza	Extranjeros	08	Oceanía	Oceanía	Hombres	-7
2010	Zaragoza	Extranjeros	09	Apátridas y no consta	Apátridas y no consta	Hombres	-20
2011	Huesca	Españoles	01	UE-27	Europa	Hombres	-100713
2011	Huesca	Extranjeros	01	UE-27	Europa	Hombres	-7455
2011	Huesca	Extranjeros	02	Resto de Europa	Europa	Hombres	-434
2011	Huesca	Extranjeros	03	Magreb	África	Hombres	-2982
2011	Huesca	Extranjeros	04	Resto de África	África	Hombres	-2320
2011	Huesca	Extranjeros	05	América del Norte	América	Hombres	-26
2011	Huesca	Extranjeros	06	Resto de América	América	Hombres	-1997
2011	Huesca	Extranjeros	07	Asia	Asia	Hombres	-289
2011	Huesca	Extranjeros	08	Oceanía	Oceanía	Hombres	-8
2011	Teruel	Españoles	01	UE-27	Europa	Hombres	-64172
2011	Teruel	Extranjeros	01	UE-27	Europa	Hombres	-4963
2011	Teruel	Extranjeros	02	Resto de Europa	Europa	Hombres	-150
2011	Teruel	Extranjeros	03	Magreb	África	Hombres	-2903
2011	Teruel	Extranjeros	04	Resto de África	África	Hombres	-112
2011	Teruel	Extranjeros	05	América del Norte	América	Hombres	-12
2011	Teruel	Extranjeros	06	Resto de América	América	Hombres	-1254
2011	Teruel	Extranjeros	07	Asia	Asia	Hombres	-441
2011	Teruel	Extranjeros	08	Oceanía	Oceanía	Hombres	-1
2011	Zaragoza	Españoles	01	UE-27	Europa	Hombres	-413453
2011	Zaragoza	Extranjeros	01	UE-27	Europa	Hombres	-35604
2011	Zaragoza	Extranjeros	02	Resto de Europa	Europa	Hombres	-1024
2011	Zaragoza	Extranjeros	03	Magreb	África	Hombres	-9373
2011	Zaragoza	Extranjeros	04	Resto de África	África	Hombres	-6762
2011	Zaragoza	Extranjeros	05	América del Norte	América	Hombres	-239
2011	Zaragoza	Extranjeros	06	Resto de América	América	Hombres	-11567
2011	Zaragoza	Extranjeros	07	Asia	Asia	Hombres	-3002
2011	Zaragoza	Extranjeros	08	Oceanía	Oceanía	Hombres	-9
2011	Zaragoza	Extranjeros	09	Apátridas y no consta	Apátridas y no consta	Hombres	-21
2012	Huesca	Españoles	01	UE-27	Europa	Hombres	-100225
2012	Huesca	Extranjeros	01	UE-27	Europa	Hombres	-7675
2012	Huesca	Extranjeros	02	Resto de Europa	Europa	Hombres	-440
2012	Huesca	Extranjeros	03	Magreb	África	Hombres	-2832
2012	Huesca	Extranjeros	04	Resto de África	África	Hombres	-2321
2012	Huesca	Extranjeros	05	América del Norte	América	Hombres	-24
2012	Huesca	Extranjeros	06	Resto de América	América	Hombres	-1716
2012	Huesca	Extranjeros	07	Asia	Asia	Hombres	-270
2012	Huesca	Extranjeros	08	Oceanía	Oceanía	Hombres	-9
2012	Teruel	Españoles	01	UE-27	Europa	Hombres	-63671
2012	Teruel	Extranjeros	01	UE-27	Europa	Hombres	-4941
2012	Teruel	Extranjeros	02	Resto de Europa	Europa	Hombres	-160
2012	Teruel	Extranjeros	03	Magreb	África	Hombres	-2942
2012	Teruel	Extranjeros	04	Resto de África	África	Hombres	-134
2012	Teruel	Extranjeros	05	América del Norte	América	Hombres	-13
2012	Teruel	Extranjeros	06	Resto de América	América	Hombres	-1158
2012	Teruel	Extranjeros	07	Asia	Asia	Hombres	-458
2012	Teruel	Extranjeros	08	Oceanía	Oceanía	Hombres	-1
2012	Zaragoza	Españoles	01	UE-27	Europa	Hombres	-414847
2012	Zaragoza	Extranjeros	01	UE-27	Europa	Hombres	-36348
2012	Zaragoza	Extranjeros	02	Resto de Europa	Europa	Hombres	-1080
2012	Zaragoza	Extranjeros	03	Magreb	África	Hombres	-9600
2012	Zaragoza	Extranjeros	04	Resto de África	África	Hombres	-6778
2012	Zaragoza	Extranjeros	05	América del Norte	América	Hombres	-241
2012	Zaragoza	Extranjeros	06	Resto de América	América	Hombres	-10625
2012	Zaragoza	Extranjeros	07	Asia	Asia	Hombres	-3359
2012	Zaragoza	Extranjeros	08	Oceanía	Oceanía	Hombres	-10
2012	Zaragoza	Extranjeros	09	Apátridas y no consta	Apátridas y no consta	Hombres	-20
2013	Huesca	Españoles	01	UE-27	Europa	Hombres	-99766
2013	Huesca	Extranjeros	01	UE-27	Europa	Hombres	-7455
2013	Huesca	Extranjeros	02	Resto de Europa	Europa	Hombres	-432
2013	Huesca	Extranjeros	03	Magreb	África	Hombres	-2803
2013	Huesca	Extranjeros	04	Resto de África	África	Hombres	-2360
2013	Huesca	Extranjeros	05	América del Norte	América	Hombres	-22
2013	Huesca	Extranjeros	06	Resto de América	América	Hombres	-1642
2013	Huesca	Extranjeros	07	Asia	Asia	Hombres	-291
2013	Huesca	Extranjeros	08	Oceanía	Oceanía	Hombres	-10
2013	Teruel	Españoles	01	UE-27	Europa	Hombres	-63134
2013	Teruel	Extranjeros	01	UE-27	Europa	Hombres	-4593
2013	Teruel	Extranjeros	02	Resto de Europa	Europa	Hombres	-145
2013	Teruel	Extranjeros	03	Magreb	África	Hombres	-2966
2013	Teruel	Extranjeros	04	Resto de África	África	Hombres	-129
2013	Teruel	Extranjeros	05	América del Norte	América	Hombres	-12
2013	Teruel	Extranjeros	06	Resto de América	América	Hombres	-1068
2013	Teruel	Extranjeros	07	Asia	Asia	Hombres	-480
2013	Teruel	Extranjeros	08	Oceanía	Oceanía	Hombres	-2
2013	Zaragoza	Españoles	01	UE-27	Europa	Hombres	-414333
2013	Zaragoza	Extranjeros	01	UE-27	Europa	Hombres	-35505
2013	Zaragoza	Extranjeros	02	Resto de Europa	Europa	Hombres	-1101
2013	Zaragoza	Extranjeros	03	Magreb	África	Hombres	-10068
2013	Zaragoza	Extranjeros	04	Resto de África	África	Hombres	-7029
2013	Zaragoza	Extranjeros	05	América del Norte	América	Hombres	-235
2013	Zaragoza	Extranjeros	06	Resto de América	América	Hombres	-10553
2013	Zaragoza	Extranjeros	07	Asia	Asia	Hombres	-3828
2013	Zaragoza	Extranjeros	08	Oceanía	Oceanía	Hombres	-10
2013	Zaragoza	Extranjeros	09	Apátridas y no consta	Apátridas y no consta	Hombres	-15
2014	Huesca	Españoles	01	UE-28	Europa	Hombres	-100105
2014	Huesca	Extranjeros	01	UE-28	Europa	Hombres	-6888
2014	Huesca	Extranjeros	02	Resto de Europa	Europa	Hombres	-406
2014	Huesca	Extranjeros	03	Magreb	África	Hombres	-2528
2014	Huesca	Extranjeros	04	Resto de África	África	Hombres	-2244
2014	Huesca	Extranjeros	05	América del Norte	América	Hombres	-25
2014	Huesca	Extranjeros	06	Resto de América	América	Hombres	-1326
2014	Huesca	Extranjeros	07	Asia	Asia	Hombres	-305
2014	Huesca	Extranjeros	08	Oceanía	Oceanía	Hombres	-13
2014	Teruel	Españoles	01	UE-28	Europa	Hombres	-63119
2014	Teruel	Extranjeros	01	UE-28	Europa	Hombres	-4075
2014	Teruel	Extranjeros	02	Resto de Europa	Europa	Hombres	-132
2014	Teruel	Extranjeros	03	Magreb	África	Hombres	-2822
2014	Teruel	Extranjeros	04	Resto de África	África	Hombres	-118
2014	Teruel	Extranjeros	05	América del Norte	América	Hombres	-12
2014	Teruel	Extranjeros	06	Resto de América	América	Hombres	-756
2014	Teruel	Extranjeros	07	Asia	Asia	Hombres	-412
2014	Teruel	Extranjeros	08	Oceanía	Oceanía	Hombres	-3
2014	Zaragoza	Españoles	01	UE-28	Europa	Hombres	-415273
2014	Zaragoza	Extranjeros	01	UE-28	Europa	Hombres	-25279
2014	Zaragoza	Extranjeros	02	Resto de Europa	Europa	Hombres	-1019
2014	Zaragoza	Extranjeros	03	Magreb	África	Hombres	-9928
2014	Zaragoza	Extranjeros	04	Resto de África	África	Hombres	-6819
2014	Zaragoza	Extranjeros	05	América del Norte	América	Hombres	-215
2014	Zaragoza	Extranjeros	06	Resto de América	América	Hombres	-9271
2014	Zaragoza	Extranjeros	07	Asia	Asia	Hombres	-3854
2014	Zaragoza	Extranjeros	08	Oceanía	Oceanía	Hombres	-8
2014	Zaragoza	Extranjeros	09	Apátridas y no consta	Apátridas y no consta	Hombres	-9
2015	Huesca	Españoles	01	UE-28	Europa	Hombres	-99853
2015	Huesca	Extranjeros	01	UE-28	Europa	Hombres	-6337
2015	Huesca	Extranjeros	02	Resto de Europa	Europa	Hombres	-404
2015	Huesca	Extranjeros	03	Magreb	África	Hombres	-2341
2015	Huesca	Extranjeros	04	Resto de África	África	Hombres	-2208
2015	Huesca	Extranjeros	05	América del Norte	América	Hombres	-25
2015	Huesca	Extranjeros	06	Resto de América	América	Hombres	-1163
2015	Huesca	Extranjeros	07	Asia	Asia	Hombres	-278
2015	Huesca	Extranjeros	08	Oceanía	Oceanía	Hombres	-17
2015	Teruel	Españoles	01	UE-28	Europa	Hombres	-62770
2015	Teruel	Extranjeros	01	UE-28	Europa	Hombres	-3845
2015	Teruel	Extranjeros	02	Resto de Europa	Europa	Hombres	-127
2015	Teruel	Extranjeros	03	Magreb	África	Hombres	-2716
2015	Teruel	Extranjeros	04	Resto de África	África	Hombres	-121
2015	Teruel	Extranjeros	05	América del Norte	América	Hombres	-10
2015	Teruel	Extranjeros	06	Resto de América	América	Hombres	-654
2015	Teruel	Extranjeros	07	Asia	Asia	Hombres	-358
2015	Teruel	Extranjeros	08	Oceanía	Oceanía	Hombres	-3
2015	Teruel	Extranjeros	09	Apátridas y no consta	Apátridas y no consta	Hombres	-1
2015	Zaragoza	Españoles	01	UE-28	Europa	Hombres	-416805
2015	Zaragoza	Extranjeros	01	UE-28	Europa	Hombres	-23548
2015	Zaragoza	Extranjeros	02	Resto de Europa	Europa	Hombres	-962
2015	Zaragoza	Extranjeros	03	Magreb	África	Hombres	-9402
2015	Zaragoza	Extranjeros	04	Resto de África	África	Hombres	-6946
2015	Zaragoza	Extranjeros	05	América del Norte	América	Hombres	-197
2015	Zaragoza	Extranjeros	06	Resto de América	América	Hombres	-7878
2015	Zaragoza	Extranjeros	07	Asia	Asia	Hombres	-3699
2015	Zaragoza	Extranjeros	08	Oceanía	Oceanía	Hombres	-7
2015	Zaragoza	Extranjeros	09	Apátridas y no consta	Apátridas y no consta	Hombres	-12