Provincia código	Provincia nombre	Continente	Area nacionalidad, código	Area nacionalidad	Nivel estudios (agregado)	Grado de formación
22	Huesca	Europa	01	UE-15	Analfabetos	28
22	Huesca	Europa	01	UE-15	Sin estudios	55
22	Huesca	Europa	01	UE-15	Primer grado	112
22	Huesca	Europa	01	UE-15	Segundo grado	290
22	Huesca	Europa	01	UE-15	Tercer grado	174
44	Teruel	Europa	01	UE-15	Analfabetos	14
44	Teruel	Europa	01	UE-15	Sin estudios	16
44	Teruel	Europa	01	UE-15	Primer grado	47
44	Teruel	Europa	01	UE-15	Segundo grado	121
44	Teruel	Europa	01	UE-15	Tercer grado	25
50	Zaragoza	Europa	01	UE-15	Analfabetos	153
50	Zaragoza	Europa	01	UE-15	Sin estudios	189
50	Zaragoza	Europa	01	UE-15	Primer grado	335
50	Zaragoza	Europa	01	UE-15	Segundo grado	964
50	Zaragoza	Europa	01	UE-15	Tercer grado	587
22	Huesca	Europa	02	Resto de Europa	Analfabetos	54
22	Huesca	Europa	02	Resto de Europa	Sin estudios	123
22	Huesca	Europa	02	Resto de Europa	Primer grado	211
22	Huesca	Europa	02	Resto de Europa	Segundo grado	595
22	Huesca	Europa	02	Resto de Europa	Tercer grado	88
44	Teruel	Europa	02	Resto de Europa	Analfabetos	73
44	Teruel	Europa	02	Resto de Europa	Sin estudios	64
44	Teruel	Europa	02	Resto de Europa	Primer grado	151
44	Teruel	Europa	02	Resto de Europa	Segundo grado	434
44	Teruel	Europa	02	Resto de Europa	Tercer grado	66
50	Zaragoza	Europa	02	Resto de Europa	Analfabetos	282
50	Zaragoza	Europa	02	Resto de Europa	Sin estudios	523
50	Zaragoza	Europa	02	Resto de Europa	Primer grado	1066
50	Zaragoza	Europa	02	Resto de Europa	Segundo grado	3135
50	Zaragoza	Europa	02	Resto de Europa	Tercer grado	562
22	Huesca	África	03	Magreb	Analfabetos	172
22	Huesca	África	03	Magreb	Sin estudios	276
22	Huesca	África	03	Magreb	Primer grado	424
22	Huesca	África	03	Magreb	Segundo grado	482
22	Huesca	África	03	Magreb	Tercer grado	47
44	Teruel	África	03	Magreb	Analfabetos	95
44	Teruel	África	03	Magreb	Sin estudios	159
44	Teruel	África	03	Magreb	Primer grado	242
44	Teruel	África	03	Magreb	Segundo grado	254
44	Teruel	África	03	Magreb	Tercer grado	24
50	Zaragoza	África	03	Magreb	Analfabetos	633
50	Zaragoza	África	03	Magreb	Sin estudios	781
50	Zaragoza	África	03	Magreb	Primer grado	1242
50	Zaragoza	África	03	Magreb	Segundo grado	2034
50	Zaragoza	África	03	Magreb	Tercer grado	326
22	Huesca	África	04	Resto de África	Analfabetos	217
22	Huesca	África	04	Resto de África	Sin estudios	298
22	Huesca	África	04	Resto de África	Primer grado	203
22	Huesca	África	04	Resto de África	Segundo grado	230
22	Huesca	África	04	Resto de África	Tercer grado	19
44	Teruel	África	04	Resto de África	Analfabetos	9
44	Teruel	África	04	Resto de África	Sin estudios	18
44	Teruel	África	04	Resto de África	Primer grado	33
44	Teruel	África	04	Resto de África	Segundo grado	16
44	Teruel	África	04	Resto de África	Tercer grado	1
50	Zaragoza	África	04	Resto de África	Analfabetos	464
50	Zaragoza	África	04	Resto de África	Sin estudios	576
50	Zaragoza	África	04	Resto de África	Primer grado	808
50	Zaragoza	África	04	Resto de África	Segundo grado	1391
50	Zaragoza	África	04	Resto de África	Tercer grado	181
22	Huesca	América	05	América del Norte	Analfabetos	5
22	Huesca	América	05	América del Norte	Sin estudios	5
22	Huesca	América	05	América del Norte	Primer grado	10
22	Huesca	América	05	América del Norte	Segundo grado	17
22	Huesca	América	05	América del Norte	Tercer grado	13
44	Teruel	América	05	América del Norte	Segundo grado	4
44	Teruel	América	05	América del Norte	Tercer grado	1
50	Zaragoza	América	05	América del Norte	Analfabetos	19
50	Zaragoza	América	05	América del Norte	Sin estudios	22
50	Zaragoza	América	05	América del Norte	Primer grado	32
50	Zaragoza	América	05	América del Norte	Segundo grado	141
50	Zaragoza	América	05	América del Norte	Tercer grado	113
22	Huesca	América	06	Resto de América	Analfabetos	117
22	Huesca	América	06	Resto de América	Sin estudios	170
22	Huesca	América	06	Resto de América	Primer grado	418
22	Huesca	América	06	Resto de América	Segundo grado	818
22	Huesca	América	06	Resto de América	Tercer grado	103
44	Teruel	América	06	Resto de América	Analfabetos	117
44	Teruel	América	06	Resto de América	Sin estudios	115
44	Teruel	América	06	Resto de América	Primer grado	261
44	Teruel	América	06	Resto de América	Segundo grado	478
44	Teruel	América	06	Resto de América	Tercer grado	69
50	Zaragoza	América	06	Resto de América	Analfabetos	878
50	Zaragoza	América	06	Resto de América	Sin estudios	1099
50	Zaragoza	América	06	Resto de América	Primer grado	2292
50	Zaragoza	América	06	Resto de América	Segundo grado	5785
50	Zaragoza	América	06	Resto de América	Tercer grado	1214
22	Huesca	Asia	07	Asia	Analfabetos	15
22	Huesca	Asia	07	Asia	Sin estudios	11
22	Huesca	Asia	07	Asia	Primer grado	29
22	Huesca	Asia	07	Asia	Segundo grado	45
22	Huesca	Asia	07	Asia	Tercer grado	13
44	Teruel	Asia	07	Asia	Analfabetos	48
44	Teruel	Asia	07	Asia	Sin estudios	57
44	Teruel	Asia	07	Asia	Primer grado	41
44	Teruel	Asia	07	Asia	Segundo grado	52
44	Teruel	Asia	07	Asia	Tercer grado	3
50	Zaragoza	Asia	07	Asia	Analfabetos	78
50	Zaragoza	Asia	07	Asia	Sin estudios	95
50	Zaragoza	Asia	07	Asia	Primer grado	207
50	Zaragoza	Asia	07	Asia	Segundo grado	338
50	Zaragoza	Asia	07	Asia	Tercer grado	58
22	Huesca	Oceanía	08	Oceanía	Analfabetos	3
22	Huesca	Oceanía	08	Oceanía	Sin estudios	9
22	Huesca	Oceanía	08	Oceanía	Primer grado	4
22	Huesca	Oceanía	08	Oceanía	Segundo grado	8
22	Huesca	Oceanía	08	Oceanía	Tercer grado	1
44	Teruel	Oceanía	08	Oceanía	Sin estudios	1
44	Teruel	Oceanía	08	Oceanía	Segundo grado	1
50	Zaragoza	Oceanía	08	Oceanía	Primer grado	2
50	Zaragoza	Oceanía	08	Oceanía	Segundo grado	5
50	Zaragoza	Oceanía	08	Oceanía	Tercer grado	4
50	Zaragoza	 Apátridas y no consta	09	Apátridas y no consta	Analfabetos	1
50	Zaragoza	 Apátridas y no consta	09	Apátridas y no consta	Primer grado	6
50	Zaragoza	 Apátridas y no consta	09	Apátridas y no consta	Segundo grado	4
50	Zaragoza	 Apátridas y no consta	09	Apátridas y no consta	Tercer grado	2