Comarca codigo	Comarca nombre	Tipo de estudios realizados, código	Tipo de estudios realizados	Sexo, código	Sexo	Personas
01	La Jacetania	1	Educación (Magisterio, Educación Infantil, Pedagogía, ...)	1	Hombre	182,574069553
02	Alto Gállego	1	Educación (Magisterio, Educación Infantil, Pedagogía, ...)	1	Hombre	153,6363034904
03	Sobrarbe	1	Educación (Magisterio, Educación Infantil, Pedagogía, ...)	1	Hombre	78,6286683607
04	La Ribagorza	1	Educación (Magisterio, Educación Infantil, Pedagogía, ...)	1	Hombre	151,5434595466
05	Cinco Villas	1	Educación (Magisterio, Educación Infantil, Pedagogía, ...)	1	Hombre	174,4139778789
06	Hoya de Huesca / Plana de Uesca	1	Educación (Magisterio, Educación Infantil, Pedagogía, ...)	1	Hombre	769,4931164943
07	Somontano de Barbastro	1	Educación (Magisterio, Educación Infantil, Pedagogía, ...)	1	Hombre	197,0594251551
08	Cinca Medio	1	Educación (Magisterio, Educación Infantil, Pedagogía, ...)	1	Hombre	150,6735854456
09	La Litera / La Llitera	1	Educación (Magisterio, Educación Infantil, Pedagogía, ...)	1	Hombre	121,1973579084
10	Los Monegros	1	Educación (Magisterio, Educación Infantil, Pedagogía, ...)	1	Hombre	95,796140124
11	Bajo Cinca / Baix Cinca	1	Educación (Magisterio, Educación Infantil, Pedagogía, ...)	1	Hombre	202,5257351243
12	Tarazona y el Moncayo	1	Educación (Magisterio, Educación Infantil, Pedagogía, ...)	1	Hombre	44,1903256525
13	Campo de Borja	1	Educación (Magisterio, Educación Infantil, Pedagogía, ...)	1	Hombre	67,3626331996
14	Aranda	1	Educación (Magisterio, Educación Infantil, Pedagogía, ...)	1	Hombre	42,5868071494
15	Ribera Alta del Ebro	1	Educación (Magisterio, Educación Infantil, Pedagogía, ...)	1	Hombre	97,3159561104
16	Valdejalón	1	Educación (Magisterio, Educación Infantil, Pedagogía, ...)	1	Hombre	220,8274623273
17	D.C. Zaragoza	1	Educación (Magisterio, Educación Infantil, Pedagogía, ...)	1	Hombre	5449,9595322292
18	Ribera Baja del Ebro	1	Educación (Magisterio, Educación Infantil, Pedagogía, ...)	1	Hombre	40,6090337292
19	Bajo Aragón-Caspe / Baix Aragó-Casp	1	Educación (Magisterio, Educación Infantil, Pedagogía, ...)	1	Hombre	89,87807373
20	Comunidad de Calatayud	1	Educación (Magisterio, Educación Infantil, Pedagogía, ...)	1	Hombre	288,0258597223
21	Campo de Cariñena	1	Educación (Magisterio, Educación Infantil, Pedagogía, ...)	1	Hombre	50,8833016192
22	Campo de Belchite	1	Educación (Magisterio, Educación Infantil, Pedagogía, ...)	1	Hombre	23,0861791154
23	Bajo Martín	1	Educación (Magisterio, Educación Infantil, Pedagogía, ...)	1	Hombre	27,9467959088
24	Campo de Daroca	1	Educación (Magisterio, Educación Infantil, Pedagogía, ...)	1	Hombre	29,7072387334
25	Jiloca	1	Educación (Magisterio, Educación Infantil, Pedagogía, ...)	1	Hombre	67,9331159434
26	Cuencas Mineras	1	Educación (Magisterio, Educación Infantil, Pedagogía, ...)	1	Hombre	52,4001080109
27	Andorra-Sierra de Arcos	1	Educación (Magisterio, Educación Infantil, Pedagogía, ...)	1	Hombre	62,4989772584
28	Bajo Aragón	1	Educación (Magisterio, Educación Infantil, Pedagogía, ...)	1	Hombre	121,0136075873
29	Comunidad de Teruel	1	Educación (Magisterio, Educación Infantil, Pedagogía, ...)	1	Hombre	591,2055900536
30	Maestrazgo	1	Educación (Magisterio, Educación Infantil, Pedagogía, ...)	1	Hombre	25,5310746006
31	Sierra de Albarracín	1	Educación (Magisterio, Educación Infantil, Pedagogía, ...)	1	Hombre	23,4147137877
32	Gúdar-Javalambre	1	Educación (Magisterio, Educación Infantil, Pedagogía, ...)	1	Hombre	30,566220767
33	Matarraña / Matarranya	1	Educación (Magisterio, Educación Infantil, Pedagogía, ...)	1	Hombre	44,1140192979
01	La Jacetania	2	Artes y Humanidades (Historia, Lenguas, Imagen y Sonido,...)	1	Hombre	187,7037328263
02	Alto Gállego	2	Artes y Humanidades (Historia, Lenguas, Imagen y Sonido,...)	1	Hombre	99,0835595692
03	Sobrarbe	2	Artes y Humanidades (Historia, Lenguas, Imagen y Sonido,...)	1	Hombre	55,4158515714
04	La Ribagorza	2	Artes y Humanidades (Historia, Lenguas, Imagen y Sonido,...)	1	Hombre	120,5397921481
05	Cinco Villas	2	Artes y Humanidades (Historia, Lenguas, Imagen y Sonido,...)	1	Hombre	76,6189440353
06	Hoya de Huesca / Plana de Uesca	2	Artes y Humanidades (Historia, Lenguas, Imagen y Sonido,...)	1	Hombre	564,1699474794
07	Somontano de Barbastro	2	Artes y Humanidades (Historia, Lenguas, Imagen y Sonido,...)	1	Hombre	187,1841383082
08	Cinca Medio	2	Artes y Humanidades (Historia, Lenguas, Imagen y Sonido,...)	1	Hombre	85,242213932
09	La Litera / La Llitera	2	Artes y Humanidades (Historia, Lenguas, Imagen y Sonido,...)	1	Hombre	59,6134924418
10	Los Monegros	2	Artes y Humanidades (Historia, Lenguas, Imagen y Sonido,...)	1	Hombre	60,838764018
11	Bajo Cinca / Baix Cinca	2	Artes y Humanidades (Historia, Lenguas, Imagen y Sonido,...)	1	Hombre	66,0074376942
12	Tarazona y el Moncayo	2	Artes y Humanidades (Historia, Lenguas, Imagen y Sonido,...)	1	Hombre	55,1518900158
13	Campo de Borja	2	Artes y Humanidades (Historia, Lenguas, Imagen y Sonido,...)	1	Hombre	31,6722287168
14	Aranda	2	Artes y Humanidades (Historia, Lenguas, Imagen y Sonido,...)	1	Hombre	8,6123178789
15	Ribera Alta del Ebro	2	Artes y Humanidades (Historia, Lenguas, Imagen y Sonido,...)	1	Hombre	113,8119625183
16	Valdejalón	2	Artes y Humanidades (Historia, Lenguas, Imagen y Sonido,...)	1	Hombre	142,4487860542
17	D.C. Zaragoza	2	Artes y Humanidades (Historia, Lenguas, Imagen y Sonido,...)	1	Hombre	6663,6029273251
18	Ribera Baja del Ebro	2	Artes y Humanidades (Historia, Lenguas, Imagen y Sonido,...)	1	Hombre	8,0200294045
19	Bajo Aragón-Caspe / Baix Aragó-Casp	2	Artes y Humanidades (Historia, Lenguas, Imagen y Sonido,...)	1	Hombre	47,526067055
20	Comunidad de Calatayud	2	Artes y Humanidades (Historia, Lenguas, Imagen y Sonido,...)	1	Hombre	123,7976959032
21	Campo de Cariñena	2	Artes y Humanidades (Historia, Lenguas, Imagen y Sonido,...)	1	Hombre	43,2533756881
22	Campo de Belchite	2	Artes y Humanidades (Historia, Lenguas, Imagen y Sonido,...)	1	Hombre	17,6544180969
23	Bajo Martín	2	Artes y Humanidades (Historia, Lenguas, Imagen y Sonido,...)	1	Hombre	23,856107421
24	Campo de Daroca	2	Artes y Humanidades (Historia, Lenguas, Imagen y Sonido,...)	1	Hombre	54,0070788979
25	Jiloca	2	Artes y Humanidades (Historia, Lenguas, Imagen y Sonido,...)	1	Hombre	82,0244478152
26	Cuencas Mineras	2	Artes y Humanidades (Historia, Lenguas, Imagen y Sonido,...)	1	Hombre	27,504334399
27	Andorra-Sierra de Arcos	2	Artes y Humanidades (Historia, Lenguas, Imagen y Sonido,...)	1	Hombre	25,2688086514
28	Bajo Aragón	2	Artes y Humanidades (Historia, Lenguas, Imagen y Sonido,...)	1	Hombre	169,1415698386
29	Comunidad de Teruel	2	Artes y Humanidades (Historia, Lenguas, Imagen y Sonido,...)	1	Hombre	251,2204551858
30	Maestrazgo	2	Artes y Humanidades (Historia, Lenguas, Imagen y Sonido,...)	1	Hombre	3,2831024806
31	Sierra de Albarracín	2	Artes y Humanidades (Historia, Lenguas, Imagen y Sonido,...)	1	Hombre	20,253948687
32	Gúdar-Javalambre	2	Artes y Humanidades (Historia, Lenguas, Imagen y Sonido,...)	1	Hombre	59,6164428536
33	Matarraña / Matarranya	2	Artes y Humanidades (Historia, Lenguas, Imagen y Sonido,...)	1	Hombre	9,8621734702
01	La Jacetania	3	Derecho y Ciencias Sociales (Administración, Psicología, Economía, Periodismo, ...)	1	Hombre	461,7910036004
02	Alto Gállego	3	Derecho y Ciencias Sociales (Administración, Psicología, Economía, Periodismo, ...)	1	Hombre	451,1235815093
03	Sobrarbe	3	Derecho y Ciencias Sociales (Administración, Psicología, Economía, Periodismo, ...)	1	Hombre	117,8111598148
04	La Ribagorza	3	Derecho y Ciencias Sociales (Administración, Psicología, Economía, Periodismo, ...)	1	Hombre	110,1888186327
05	Cinco Villas	3	Derecho y Ciencias Sociales (Administración, Psicología, Economía, Periodismo, ...)	1	Hombre	325,0457085373
06	Hoya de Huesca / Plana de Uesca	3	Derecho y Ciencias Sociales (Administración, Psicología, Economía, Periodismo, ...)	1	Hombre	1746,3138218104
07	Somontano de Barbastro	3	Derecho y Ciencias Sociales (Administración, Psicología, Economía, Periodismo, ...)	1	Hombre	409,7081990304
08	Cinca Medio	3	Derecho y Ciencias Sociales (Administración, Psicología, Economía, Periodismo, ...)	1	Hombre	422,6002580749
09	La Litera / La Llitera	3	Derecho y Ciencias Sociales (Administración, Psicología, Economía, Periodismo, ...)	1	Hombre	338,8312019079
10	Los Monegros	3	Derecho y Ciencias Sociales (Administración, Psicología, Economía, Periodismo, ...)	1	Hombre	187,6820031493
11	Bajo Cinca / Baix Cinca	3	Derecho y Ciencias Sociales (Administración, Psicología, Economía, Periodismo, ...)	1	Hombre	325,0285971669
12	Tarazona y el Moncayo	3	Derecho y Ciencias Sociales (Administración, Psicología, Economía, Periodismo, ...)	1	Hombre	170,6096813062
13	Campo de Borja	3	Derecho y Ciencias Sociales (Administración, Psicología, Economía, Periodismo, ...)	1	Hombre	186,4712141517
14	Aranda	3	Derecho y Ciencias Sociales (Administración, Psicología, Economía, Periodismo, ...)	1	Hombre	87,6982980307
15	Ribera Alta del Ebro	3	Derecho y Ciencias Sociales (Administración, Psicología, Economía, Periodismo, ...)	1	Hombre	460,2740386857
16	Valdejalón	3	Derecho y Ciencias Sociales (Administración, Psicología, Economía, Periodismo, ...)	1	Hombre	406,5933847479
17	D.C. Zaragoza	3	Derecho y Ciencias Sociales (Administración, Psicología, Economía, Periodismo, ...)	1	Hombre	23203,6992347686
18	Ribera Baja del Ebro	3	Derecho y Ciencias Sociales (Administración, Psicología, Economía, Periodismo, ...)	1	Hombre	87,3838746563
19	Bajo Aragón-Caspe / Baix Aragó-Casp	3	Derecho y Ciencias Sociales (Administración, Psicología, Economía, Periodismo, ...)	1	Hombre	199,7025438259
20	Comunidad de Calatayud	3	Derecho y Ciencias Sociales (Administración, Psicología, Economía, Periodismo, ...)	1	Hombre	806,8162038223
21	Campo de Cariñena	3	Derecho y Ciencias Sociales (Administración, Psicología, Economía, Periodismo, ...)	1	Hombre	108,9770301814
22	Campo de Belchite	3	Derecho y Ciencias Sociales (Administración, Psicología, Economía, Periodismo, ...)	1	Hombre	31,9426099169
23	Bajo Martín	3	Derecho y Ciencias Sociales (Administración, Psicología, Economía, Periodismo, ...)	1	Hombre	86,7186392101
24	Campo de Daroca	3	Derecho y Ciencias Sociales (Administración, Psicología, Economía, Periodismo, ...)	1	Hombre	80,1207496255
25	Jiloca	3	Derecho y Ciencias Sociales (Administración, Psicología, Economía, Periodismo, ...)	1	Hombre	83,148630904
26	Cuencas Mineras	3	Derecho y Ciencias Sociales (Administración, Psicología, Economía, Periodismo, ...)	1	Hombre	55,4181735341
27	Andorra-Sierra de Arcos	3	Derecho y Ciencias Sociales (Administración, Psicología, Economía, Periodismo, ...)	1	Hombre	101,8938929391
28	Bajo Aragón	3	Derecho y Ciencias Sociales (Administración, Psicología, Economía, Periodismo, ...)	1	Hombre	404,6170985291
29	Comunidad de Teruel	3	Derecho y Ciencias Sociales (Administración, Psicología, Economía, Periodismo, ...)	1	Hombre	661,4601034709
30	Maestrazgo	3	Derecho y Ciencias Sociales (Administración, Psicología, Economía, Periodismo, ...)	1	Hombre	33,2123072883
31	Sierra de Albarracín	3	Derecho y Ciencias Sociales (Administración, Psicología, Economía, Periodismo, ...)	1	Hombre	28,9694466016
32	Gúdar-Javalambre	3	Derecho y Ciencias Sociales (Administración, Psicología, Economía, Periodismo, ...)	1	Hombre	110,6614104711
33	Matarraña / Matarranya	3	Derecho y Ciencias Sociales (Administración, Psicología, Economía, Periodismo, ...)	1	Hombre	116,6334952462
01	La Jacetania	4	Ciencias (Biología, Química, Física, Matemáticas, ...) e Informática (incluída Ingeniería Informática)	1	Hombre	381,564415846
02	Alto Gállego	4	Ciencias (Biología, Química, Física, Matemáticas, ...) e Informática (incluída Ingeniería Informática)	1	Hombre	204,0396173095
03	Sobrarbe	4	Ciencias (Biología, Química, Física, Matemáticas, ...) e Informática (incluída Ingeniería Informática)	1	Hombre	60,7527962474
04	La Ribagorza	4	Ciencias (Biología, Química, Física, Matemáticas, ...) e Informática (incluída Ingeniería Informática)	1	Hombre	170,6903348685
05	Cinco Villas	4	Ciencias (Biología, Química, Física, Matemáticas, ...) e Informática (incluída Ingeniería Informática)	1	Hombre	231,5667285826
06	Hoya de Huesca / Plana de Uesca	4	Ciencias (Biología, Química, Física, Matemáticas, ...) e Informática (incluída Ingeniería Informática)	1	Hombre	1109,7044948786
07	Somontano de Barbastro	4	Ciencias (Biología, Química, Física, Matemáticas, ...) e Informática (incluída Ingeniería Informática)	1	Hombre	230,763686346
08	Cinca Medio	4	Ciencias (Biología, Química, Física, Matemáticas, ...) e Informática (incluída Ingeniería Informática)	1	Hombre	218,6955180306
09	La Litera / La Llitera	4	Ciencias (Biología, Química, Física, Matemáticas, ...) e Informática (incluída Ingeniería Informática)	1	Hombre	149,1678014642
10	Los Monegros	4	Ciencias (Biología, Química, Física, Matemáticas, ...) e Informática (incluída Ingeniería Informática)	1	Hombre	95,5359397466
11	Bajo Cinca / Baix Cinca	4	Ciencias (Biología, Química, Física, Matemáticas, ...) e Informática (incluída Ingeniería Informática)	1	Hombre	166,1363841317
12	Tarazona y el Moncayo	4	Ciencias (Biología, Química, Física, Matemáticas, ...) e Informática (incluída Ingeniería Informática)	1	Hombre	108,6959556126
13	Campo de Borja	4	Ciencias (Biología, Química, Física, Matemáticas, ...) e Informática (incluída Ingeniería Informática)	1	Hombre	150,5843513982
14	Aranda	4	Ciencias (Biología, Química, Física, Matemáticas, ...) e Informática (incluída Ingeniería Informática)	1	Hombre	16,5853668239
15	Ribera Alta del Ebro	4	Ciencias (Biología, Química, Física, Matemáticas, ...) e Informática (incluída Ingeniería Informática)	1	Hombre	235,3256545403
16	Valdejalón	4	Ciencias (Biología, Química, Física, Matemáticas, ...) e Informática (incluída Ingeniería Informática)	1	Hombre	258,8405405695
17	D.C. Zaragoza	4	Ciencias (Biología, Química, Física, Matemáticas, ...) e Informática (incluída Ingeniería Informática)	1	Hombre	12829,009835808
18	Ribera Baja del Ebro	4	Ciencias (Biología, Química, Física, Matemáticas, ...) e Informática (incluída Ingeniería Informática)	1	Hombre	104,8972243534
19	Bajo Aragón-Caspe / Baix Aragó-Casp	4	Ciencias (Biología, Química, Física, Matemáticas, ...) e Informática (incluída Ingeniería Informática)	1	Hombre	69,4216314281
20	Comunidad de Calatayud	4	Ciencias (Biología, Química, Física, Matemáticas, ...) e Informática (incluída Ingeniería Informática)	1	Hombre	386,1776485157
21	Campo de Cariñena	4	Ciencias (Biología, Química, Física, Matemáticas, ...) e Informática (incluída Ingeniería Informática)	1	Hombre	75,6389838496
22	Campo de Belchite	4	Ciencias (Biología, Química, Física, Matemáticas, ...) e Informática (incluída Ingeniería Informática)	1	Hombre	40,2279990828
23	Bajo Martín	4	Ciencias (Biología, Química, Física, Matemáticas, ...) e Informática (incluída Ingeniería Informática)	1	Hombre	30,6568797063
24	Campo de Daroca	4	Ciencias (Biología, Química, Física, Matemáticas, ...) e Informática (incluída Ingeniería Informática)	1	Hombre	40,2089646848
25	Jiloca	4	Ciencias (Biología, Química, Física, Matemáticas, ...) e Informática (incluída Ingeniería Informática)	1	Hombre	46,3200424788
26	Cuencas Mineras	4	Ciencias (Biología, Química, Física, Matemáticas, ...) e Informática (incluída Ingeniería Informática)	1	Hombre	48,9803644306
27	Andorra-Sierra de Arcos	4	Ciencias (Biología, Química, Física, Matemáticas, ...) e Informática (incluída Ingeniería Informática)	1	Hombre	79,4404945458
28	Bajo Aragón	4	Ciencias (Biología, Química, Física, Matemáticas, ...) e Informática (incluída Ingeniería Informática)	1	Hombre	232,0918646973
29	Comunidad de Teruel	4	Ciencias (Biología, Química, Física, Matemáticas, ...) e Informática (incluída Ingeniería Informática)	1	Hombre	673,8983612297
30	Maestrazgo	4	Ciencias (Biología, Química, Física, Matemáticas, ...) e Informática (incluída Ingeniería Informática)	1	Hombre	11,696607157
31	Sierra de Albarracín	4	Ciencias (Biología, Química, Física, Matemáticas, ...) e Informática (incluída Ingeniería Informática)	1	Hombre	25,7832656716
32	Gúdar-Javalambre	4	Ciencias (Biología, Química, Física, Matemáticas, ...) e Informática (incluída Ingeniería Informática)	1	Hombre	62,6837942384
33	Matarraña / Matarranya	4	Ciencias (Biología, Química, Física, Matemáticas, ...) e Informática (incluída Ingeniería Informática)	1	Hombre	61,3297908358
01	La Jacetania	5	Arquitectura, Construcción, Formación Técnica e Industrias (Mecánica, Metal, Electrónica, Diseño, Confección, Alimentación, etc., incluídas Ingenierías de estos campos)	1	Hombre	627,5423800692
02	Alto Gállego	5	Arquitectura, Construcción, Formación Técnica e Industrias (Mecánica, Metal, Electrónica, Diseño, Confección, Alimentación, etc., incluídas Ingenierías de estos campos)	1	Hombre	671,3516424869
03	Sobrarbe	5	Arquitectura, Construcción, Formación Técnica e Industrias (Mecánica, Metal, Electrónica, Diseño, Confección, Alimentación, etc., incluídas Ingenierías de estos campos)	1	Hombre	242,0615771118
04	La Ribagorza	5	Arquitectura, Construcción, Formación Técnica e Industrias (Mecánica, Metal, Electrónica, Diseño, Confección, Alimentación, etc., incluídas Ingenierías de estos campos)	1	Hombre	690,237321533
05	Cinco Villas	5	Arquitectura, Construcción, Formación Técnica e Industrias (Mecánica, Metal, Electrónica, Diseño, Confección, Alimentación, etc., incluídas Ingenierías de estos campos)	1	Hombre	1242,3536490251
06	Hoya de Huesca / Plana de Uesca	5	Arquitectura, Construcción, Formación Técnica e Industrias (Mecánica, Metal, Electrónica, Diseño, Confección, Alimentación, etc., incluídas Ingenierías de estos campos)	1	Hombre	2379,5083878093
07	Somontano de Barbastro	5	Arquitectura, Construcción, Formación Técnica e Industrias (Mecánica, Metal, Electrónica, Diseño, Confección, Alimentación, etc., incluídas Ingenierías de estos campos)	1	Hombre	1100,339684631
08	Cinca Medio	5	Arquitectura, Construcción, Formación Técnica e Industrias (Mecánica, Metal, Electrónica, Diseño, Confección, Alimentación, etc., incluídas Ingenierías de estos campos)	1	Hombre	1617,7152573217
09	La Litera / La Llitera	5	Arquitectura, Construcción, Formación Técnica e Industrias (Mecánica, Metal, Electrónica, Diseño, Confección, Alimentación, etc., incluídas Ingenierías de estos campos)	1	Hombre	706,8853610978
10	Los Monegros	5	Arquitectura, Construcción, Formación Técnica e Industrias (Mecánica, Metal, Electrónica, Diseño, Confección, Alimentación, etc., incluídas Ingenierías de estos campos)	1	Hombre	626,8905809018
11	Bajo Cinca / Baix Cinca	5	Arquitectura, Construcción, Formación Técnica e Industrias (Mecánica, Metal, Electrónica, Diseño, Confección, Alimentación, etc., incluídas Ingenierías de estos campos)	1	Hombre	781,7130931981
12	Tarazona y el Moncayo	5	Arquitectura, Construcción, Formación Técnica e Industrias (Mecánica, Metal, Electrónica, Diseño, Confección, Alimentación, etc., incluídas Ingenierías de estos campos)	1	Hombre	553,7070295287
13	Campo de Borja	5	Arquitectura, Construcción, Formación Técnica e Industrias (Mecánica, Metal, Electrónica, Diseño, Confección, Alimentación, etc., incluídas Ingenierías de estos campos)	1	Hombre	506,7762367346
14	Aranda	5	Arquitectura, Construcción, Formación Técnica e Industrias (Mecánica, Metal, Electrónica, Diseño, Confección, Alimentación, etc., incluídas Ingenierías de estos campos)	1	Hombre	154,0325126897
15	Ribera Alta del Ebro	5	Arquitectura, Construcción, Formación Técnica e Industrias (Mecánica, Metal, Electrónica, Diseño, Confección, Alimentación, etc., incluídas Ingenierías de estos campos)	1	Hombre	1642,8250838885
16	Valdejalón	5	Arquitectura, Construcción, Formación Técnica e Industrias (Mecánica, Metal, Electrónica, Diseño, Confección, Alimentación, etc., incluídas Ingenierías de estos campos)	1	Hombre	1517,0682491139
17	D.C. Zaragoza	5	Arquitectura, Construcción, Formación Técnica e Industrias (Mecánica, Metal, Electrónica, Diseño, Confección, Alimentación, etc., incluídas Ingenierías de estos campos)	1	Hombre	46696,040065578
18	Ribera Baja del Ebro	5	Arquitectura, Construcción, Formación Técnica e Industrias (Mecánica, Metal, Electrónica, Diseño, Confección, Alimentación, etc., incluídas Ingenierías de estos campos)	1	Hombre	428,6356794153
19	Bajo Aragón-Caspe / Baix Aragó-Casp	5	Arquitectura, Construcción, Formación Técnica e Industrias (Mecánica, Metal, Electrónica, Diseño, Confección, Alimentación, etc., incluídas Ingenierías de estos campos)	1	Hombre	512,6547102257
20	Comunidad de Calatayud	5	Arquitectura, Construcción, Formación Técnica e Industrias (Mecánica, Metal, Electrónica, Diseño, Confección, Alimentación, etc., incluídas Ingenierías de estos campos)	1	Hombre	1710,0743746463
21	Campo de Cariñena	5	Arquitectura, Construcción, Formación Técnica e Industrias (Mecánica, Metal, Electrónica, Diseño, Confección, Alimentación, etc., incluídas Ingenierías de estos campos)	1	Hombre	393,2940976067
22	Campo de Belchite	5	Arquitectura, Construcción, Formación Técnica e Industrias (Mecánica, Metal, Electrónica, Diseño, Confección, Alimentación, etc., incluídas Ingenierías de estos campos)	1	Hombre	207,1180081658
23	Bajo Martín	5	Arquitectura, Construcción, Formación Técnica e Industrias (Mecánica, Metal, Electrónica, Diseño, Confección, Alimentación, etc., incluídas Ingenierías de estos campos)	1	Hombre	149,9730345666
24	Campo de Daroca	5	Arquitectura, Construcción, Formación Técnica e Industrias (Mecánica, Metal, Electrónica, Diseño, Confección, Alimentación, etc., incluídas Ingenierías de estos campos)	1	Hombre	216,5538067753
25	Jiloca	5	Arquitectura, Construcción, Formación Técnica e Industrias (Mecánica, Metal, Electrónica, Diseño, Confección, Alimentación, etc., incluídas Ingenierías de estos campos)	1	Hombre	565,0285159951
26	Cuencas Mineras	5	Arquitectura, Construcción, Formación Técnica e Industrias (Mecánica, Metal, Electrónica, Diseño, Confección, Alimentación, etc., incluídas Ingenierías de estos campos)	1	Hombre	397,4217180883
27	Andorra-Sierra de Arcos	5	Arquitectura, Construcción, Formación Técnica e Industrias (Mecánica, Metal, Electrónica, Diseño, Confección, Alimentación, etc., incluídas Ingenierías de estos campos)	1	Hombre	636,8207053969
28	Bajo Aragón	5	Arquitectura, Construcción, Formación Técnica e Industrias (Mecánica, Metal, Electrónica, Diseño, Confección, Alimentación, etc., incluídas Ingenierías de estos campos)	1	Hombre	1315,2881263074
29	Comunidad de Teruel	5	Arquitectura, Construcción, Formación Técnica e Industrias (Mecánica, Metal, Electrónica, Diseño, Confección, Alimentación, etc., incluídas Ingenierías de estos campos)	1	Hombre	1755,0625714318
30	Maestrazgo	5	Arquitectura, Construcción, Formación Técnica e Industrias (Mecánica, Metal, Electrónica, Diseño, Confección, Alimentación, etc., incluídas Ingenierías de estos campos)	1	Hombre	118,193342723
31	Sierra de Albarracín	5	Arquitectura, Construcción, Formación Técnica e Industrias (Mecánica, Metal, Electrónica, Diseño, Confección, Alimentación, etc., incluídas Ingenierías de estos campos)	1	Hombre	130,7665610344
32	Gúdar-Javalambre	5	Arquitectura, Construcción, Formación Técnica e Industrias (Mecánica, Metal, Electrónica, Diseño, Confección, Alimentación, etc., incluídas Ingenierías de estos campos)	1	Hombre	267,8942537711
33	Matarraña / Matarranya	5	Arquitectura, Construcción, Formación Técnica e Industrias (Mecánica, Metal, Electrónica, Diseño, Confección, Alimentación, etc., incluídas Ingenierías de estos campos)	1	Hombre	242,7532077588
01	La Jacetania	6	Agricultura, Ganadería, Pesca y Veterinaria (incluída Ingeniería Agrónoma o similar)	1	Hombre	221,9856689723
02	Alto Gállego	6	Agricultura, Ganadería, Pesca y Veterinaria (incluída Ingeniería Agrónoma o similar)	1	Hombre	68,5492230301
03	Sobrarbe	6	Agricultura, Ganadería, Pesca y Veterinaria (incluída Ingeniería Agrónoma o similar)	1	Hombre	163,892182006
04	La Ribagorza	6	Agricultura, Ganadería, Pesca y Veterinaria (incluída Ingeniería Agrónoma o similar)	1	Hombre	229,8495763661
05	Cinco Villas	6	Agricultura, Ganadería, Pesca y Veterinaria (incluída Ingeniería Agrónoma o similar)	1	Hombre	333,8358891798
06	Hoya de Huesca / Plana de Uesca	6	Agricultura, Ganadería, Pesca y Veterinaria (incluída Ingeniería Agrónoma o similar)	1	Hombre	930,2384521753
07	Somontano de Barbastro	6	Agricultura, Ganadería, Pesca y Veterinaria (incluída Ingeniería Agrónoma o similar)	1	Hombre	309,3193881664
08	Cinca Medio	6	Agricultura, Ganadería, Pesca y Veterinaria (incluída Ingeniería Agrónoma o similar)	1	Hombre	241,0587587547
09	La Litera / La Llitera	6	Agricultura, Ganadería, Pesca y Veterinaria (incluída Ingeniería Agrónoma o similar)	1	Hombre	182,2224871892
10	Los Monegros	6	Agricultura, Ganadería, Pesca y Veterinaria (incluída Ingeniería Agrónoma o similar)	1	Hombre	572,2256863944
11	Bajo Cinca / Baix Cinca	6	Agricultura, Ganadería, Pesca y Veterinaria (incluída Ingeniería Agrónoma o similar)	1	Hombre	365,0386989799
12	Tarazona y el Moncayo	6	Agricultura, Ganadería, Pesca y Veterinaria (incluída Ingeniería Agrónoma o similar)	1	Hombre	25,1173415529
13	Campo de Borja	6	Agricultura, Ganadería, Pesca y Veterinaria (incluída Ingeniería Agrónoma o similar)	1	Hombre	191,7709070716
14	Aranda	6	Agricultura, Ganadería, Pesca y Veterinaria (incluída Ingeniería Agrónoma o similar)	1	Hombre	21,5952326005
15	Ribera Alta del Ebro	6	Agricultura, Ganadería, Pesca y Veterinaria (incluída Ingeniería Agrónoma o similar)	1	Hombre	157,6899200582
16	Valdejalón	6	Agricultura, Ganadería, Pesca y Veterinaria (incluída Ingeniería Agrónoma o similar)	1	Hombre	189,6415012577
17	D.C. Zaragoza	6	Agricultura, Ganadería, Pesca y Veterinaria (incluída Ingeniería Agrónoma o similar)	1	Hombre	3254,6967485597
18	Ribera Baja del Ebro	6	Agricultura, Ganadería, Pesca y Veterinaria (incluída Ingeniería Agrónoma o similar)	1	Hombre	121,7683235993
19	Bajo Aragón-Caspe / Baix Aragó-Casp	6	Agricultura, Ganadería, Pesca y Veterinaria (incluída Ingeniería Agrónoma o similar)	1	Hombre	202,8076377769
20	Comunidad de Calatayud	6	Agricultura, Ganadería, Pesca y Veterinaria (incluída Ingeniería Agrónoma o similar)	1	Hombre	133,6027670434
21	Campo de Cariñena	6	Agricultura, Ganadería, Pesca y Veterinaria (incluída Ingeniería Agrónoma o similar)	1	Hombre	137,4228739297
22	Campo de Belchite	6	Agricultura, Ganadería, Pesca y Veterinaria (incluída Ingeniería Agrónoma o similar)	1	Hombre	61,3017368523
23	Bajo Martín	6	Agricultura, Ganadería, Pesca y Veterinaria (incluída Ingeniería Agrónoma o similar)	1	Hombre	56,1404891118
24	Campo de Daroca	6	Agricultura, Ganadería, Pesca y Veterinaria (incluída Ingeniería Agrónoma o similar)	1	Hombre	72,5495134545
25	Jiloca	6	Agricultura, Ganadería, Pesca y Veterinaria (incluída Ingeniería Agrónoma o similar)	1	Hombre	152,2826427661
26	Cuencas Mineras	6	Agricultura, Ganadería, Pesca y Veterinaria (incluída Ingeniería Agrónoma o similar)	1	Hombre	52,5699253841
27	Andorra-Sierra de Arcos	6	Agricultura, Ganadería, Pesca y Veterinaria (incluída Ingeniería Agrónoma o similar)	1	Hombre	32,0169104844
28	Bajo Aragón	6	Agricultura, Ganadería, Pesca y Veterinaria (incluída Ingeniería Agrónoma o similar)	1	Hombre	164,8987133382
29	Comunidad de Teruel	6	Agricultura, Ganadería, Pesca y Veterinaria (incluída Ingeniería Agrónoma o similar)	1	Hombre	396,0077609794
30	Maestrazgo	6	Agricultura, Ganadería, Pesca y Veterinaria (incluída Ingeniería Agrónoma o similar)	1	Hombre	65,4554179656
31	Sierra de Albarracín	6	Agricultura, Ganadería, Pesca y Veterinaria (incluída Ingeniería Agrónoma o similar)	1	Hombre	87,5878462074
32	Gúdar-Javalambre	6	Agricultura, Ganadería, Pesca y Veterinaria (incluída Ingeniería Agrónoma o similar)	1	Hombre	34,173270897
33	Matarraña / Matarranya	6	Agricultura, Ganadería, Pesca y Veterinaria (incluída Ingeniería Agrónoma o similar)	1	Hombre	62,118919487
01	La Jacetania	7	Salud y Servicios Sociales (Medicina, Enfermería, Farmacia, Trabajo Social, ...)	1	Hombre	126,703553864
02	Alto Gállego	7	Salud y Servicios Sociales (Medicina, Enfermería, Farmacia, Trabajo Social, ...)	1	Hombre	97,3813342045
03	Sobrarbe	7	Salud y Servicios Sociales (Medicina, Enfermería, Farmacia, Trabajo Social, ...)	1	Hombre	43,3824420308
04	La Ribagorza	7	Salud y Servicios Sociales (Medicina, Enfermería, Farmacia, Trabajo Social, ...)	1	Hombre	117,7023620474
05	Cinco Villas	7	Salud y Servicios Sociales (Medicina, Enfermería, Farmacia, Trabajo Social, ...)	1	Hombre	98,0942556655
06	Hoya de Huesca / Plana de Uesca	7	Salud y Servicios Sociales (Medicina, Enfermería, Farmacia, Trabajo Social, ...)	1	Hombre	570,0986784996
07	Somontano de Barbastro	7	Salud y Servicios Sociales (Medicina, Enfermería, Farmacia, Trabajo Social, ...)	1	Hombre	141,8536560203
08	Cinca Medio	7	Salud y Servicios Sociales (Medicina, Enfermería, Farmacia, Trabajo Social, ...)	1	Hombre	121,0287186016
09	La Litera / La Llitera	7	Salud y Servicios Sociales (Medicina, Enfermería, Farmacia, Trabajo Social, ...)	1	Hombre	40,6494172316
10	Los Monegros	7	Salud y Servicios Sociales (Medicina, Enfermería, Farmacia, Trabajo Social, ...)	1	Hombre	94,9240969164
11	Bajo Cinca / Baix Cinca	7	Salud y Servicios Sociales (Medicina, Enfermería, Farmacia, Trabajo Social, ...)	1	Hombre	89,2875646599
12	Tarazona y el Moncayo	7	Salud y Servicios Sociales (Medicina, Enfermería, Farmacia, Trabajo Social, ...)	1	Hombre	112,5801377364
13	Campo de Borja	7	Salud y Servicios Sociales (Medicina, Enfermería, Farmacia, Trabajo Social, ...)	1	Hombre	34,53610148
14	Aranda	7	Salud y Servicios Sociales (Medicina, Enfermería, Farmacia, Trabajo Social, ...)	1	Hombre	17,3267376764
15	Ribera Alta del Ebro	7	Salud y Servicios Sociales (Medicina, Enfermería, Farmacia, Trabajo Social, ...)	1	Hombre	131,0488167674
16	Valdejalón	7	Salud y Servicios Sociales (Medicina, Enfermería, Farmacia, Trabajo Social, ...)	1	Hombre	147,0654546662
17	D.C. Zaragoza	7	Salud y Servicios Sociales (Medicina, Enfermería, Farmacia, Trabajo Social, ...)	1	Hombre	7135,2388391259
18	Ribera Baja del Ebro	7	Salud y Servicios Sociales (Medicina, Enfermería, Farmacia, Trabajo Social, ...)	1	Hombre	57,3385529866
19	Bajo Aragón-Caspe / Baix Aragó-Casp	7	Salud y Servicios Sociales (Medicina, Enfermería, Farmacia, Trabajo Social, ...)	1	Hombre	66,5146887377
20	Comunidad de Calatayud	7	Salud y Servicios Sociales (Medicina, Enfermería, Farmacia, Trabajo Social, ...)	1	Hombre	389,6885632748
21	Campo de Cariñena	7	Salud y Servicios Sociales (Medicina, Enfermería, Farmacia, Trabajo Social, ...)	1	Hombre	20,406287421
22	Campo de Belchite	7	Salud y Servicios Sociales (Medicina, Enfermería, Farmacia, Trabajo Social, ...)	1	Hombre	18,8706064454
23	Bajo Martín	7	Salud y Servicios Sociales (Medicina, Enfermería, Farmacia, Trabajo Social, ...)	1	Hombre	18,4675734863
24	Campo de Daroca	7	Salud y Servicios Sociales (Medicina, Enfermería, Farmacia, Trabajo Social, ...)	1	Hombre	15,7973087757
25	Jiloca	7	Salud y Servicios Sociales (Medicina, Enfermería, Farmacia, Trabajo Social, ...)	1	Hombre	33,6711879305
26	Cuencas Mineras	7	Salud y Servicios Sociales (Medicina, Enfermería, Farmacia, Trabajo Social, ...)	1	Hombre	4,7607732813
27	Andorra-Sierra de Arcos	7	Salud y Servicios Sociales (Medicina, Enfermería, Farmacia, Trabajo Social, ...)	1	Hombre	46,7266325415
28	Bajo Aragón	7	Salud y Servicios Sociales (Medicina, Enfermería, Farmacia, Trabajo Social, ...)	1	Hombre	115,1085438553
29	Comunidad de Teruel	7	Salud y Servicios Sociales (Medicina, Enfermería, Farmacia, Trabajo Social, ...)	1	Hombre	424,3131802002
30	Maestrazgo	7	Salud y Servicios Sociales (Medicina, Enfermería, Farmacia, Trabajo Social, ...)	1	Hombre	12,9875106568
31	Sierra de Albarracín	7	Salud y Servicios Sociales (Medicina, Enfermería, Farmacia, Trabajo Social, ...)	1	Hombre	22,186737144
32	Gúdar-Javalambre	7	Salud y Servicios Sociales (Medicina, Enfermería, Farmacia, Trabajo Social, ...)	1	Hombre	42,8555025127
33	Matarraña / Matarranya	7	Salud y Servicios Sociales (Medicina, Enfermería, Farmacia, Trabajo Social, ...)	1	Hombre	8,9020315899
01	La Jacetania	8	Otros servicios (Turismo, Hostelería, Peluquería, Enseñanza Naútica, Militar, ...)	1	Hombre	407,2721498374
02	Alto Gállego	8	Otros servicios (Turismo, Hostelería, Peluquería, Enseñanza Naútica, Militar, ...)	1	Hombre	172,2677248652
03	Sobrarbe	8	Otros servicios (Turismo, Hostelería, Peluquería, Enseñanza Naútica, Militar, ...)	1	Hombre	96,7782723744
04	La Ribagorza	8	Otros servicios (Turismo, Hostelería, Peluquería, Enseñanza Naútica, Militar, ...)	1	Hombre	184,0155259112
05	Cinco Villas	8	Otros servicios (Turismo, Hostelería, Peluquería, Enseñanza Naútica, Militar, ...)	1	Hombre	179,5610325128
06	Hoya de Huesca / Plana de Uesca	8	Otros servicios (Turismo, Hostelería, Peluquería, Enseñanza Naútica, Militar, ...)	1	Hombre	559,0524995308
07	Somontano de Barbastro	8	Otros servicios (Turismo, Hostelería, Peluquería, Enseñanza Naútica, Militar, ...)	1	Hombre	225,7014892616
08	Cinca Medio	8	Otros servicios (Turismo, Hostelería, Peluquería, Enseñanza Naútica, Militar, ...)	1	Hombre	208,2807730708
09	La Litera / La Llitera	8	Otros servicios (Turismo, Hostelería, Peluquería, Enseñanza Naútica, Militar, ...)	1	Hombre	76,9901809249
10	Los Monegros	8	Otros servicios (Turismo, Hostelería, Peluquería, Enseñanza Naútica, Militar, ...)	1	Hombre	148,3988082938
11	Bajo Cinca / Baix Cinca	8	Otros servicios (Turismo, Hostelería, Peluquería, Enseñanza Naútica, Militar, ...)	1	Hombre	74,0983122797
12	Tarazona y el Moncayo	8	Otros servicios (Turismo, Hostelería, Peluquería, Enseñanza Naútica, Militar, ...)	1	Hombre	134,0779675153
13	Campo de Borja	8	Otros servicios (Turismo, Hostelería, Peluquería, Enseñanza Naútica, Militar, ...)	1	Hombre	136,0890868148
14	Aranda	8	Otros servicios (Turismo, Hostelería, Peluquería, Enseñanza Naútica, Militar, ...)	1	Hombre	20,3232018681
15	Ribera Alta del Ebro	8	Otros servicios (Turismo, Hostelería, Peluquería, Enseñanza Naútica, Militar, ...)	1	Hombre	309,7016268124
16	Valdejalón	8	Otros servicios (Turismo, Hostelería, Peluquería, Enseñanza Naútica, Militar, ...)	1	Hombre	160,6509951972
17	D.C. Zaragoza	8	Otros servicios (Turismo, Hostelería, Peluquería, Enseñanza Naútica, Militar, ...)	1	Hombre	7111,9860532821
18	Ribera Baja del Ebro	8	Otros servicios (Turismo, Hostelería, Peluquería, Enseñanza Naútica, Militar, ...)	1	Hombre	29,5828157274
19	Bajo Aragón-Caspe / Baix Aragó-Casp	8	Otros servicios (Turismo, Hostelería, Peluquería, Enseñanza Naútica, Militar, ...)	1	Hombre	97,5351751981
20	Comunidad de Calatayud	8	Otros servicios (Turismo, Hostelería, Peluquería, Enseñanza Naútica, Militar, ...)	1	Hombre	331,9899873024
21	Campo de Cariñena	8	Otros servicios (Turismo, Hostelería, Peluquería, Enseñanza Naútica, Militar, ...)	1	Hombre	29,6022587021
22	Campo de Belchite	8	Otros servicios (Turismo, Hostelería, Peluquería, Enseñanza Naútica, Militar, ...)	1	Hombre	13,2258124763
23	Bajo Martín	8	Otros servicios (Turismo, Hostelería, Peluquería, Enseñanza Naútica, Militar, ...)	1	Hombre	25,3851669208
24	Campo de Daroca	8	Otros servicios (Turismo, Hostelería, Peluquería, Enseñanza Naútica, Militar, ...)	1	Hombre	32,6121691432
25	Jiloca	8	Otros servicios (Turismo, Hostelería, Peluquería, Enseñanza Naútica, Militar, ...)	1	Hombre	72,2056624846
26	Cuencas Mineras	8	Otros servicios (Turismo, Hostelería, Peluquería, Enseñanza Naútica, Militar, ...)	1	Hombre	21,6592762469
27	Andorra-Sierra de Arcos	8	Otros servicios (Turismo, Hostelería, Peluquería, Enseñanza Naútica, Militar, ...)	1	Hombre	50,48239994
28	Bajo Aragón	8	Otros servicios (Turismo, Hostelería, Peluquería, Enseñanza Naútica, Militar, ...)	1	Hombre	159,9437165479
29	Comunidad de Teruel	8	Otros servicios (Turismo, Hostelería, Peluquería, Enseñanza Naútica, Militar, ...)	1	Hombre	184,6739185613
30	Maestrazgo	8	Otros servicios (Turismo, Hostelería, Peluquería, Enseñanza Naútica, Militar, ...)	1	Hombre	15,750000004
31	Sierra de Albarracín	8	Otros servicios (Turismo, Hostelería, Peluquería, Enseñanza Naútica, Militar, ...)	1	Hombre	39,7640489615
32	Gúdar-Javalambre	8	Otros servicios (Turismo, Hostelería, Peluquería, Enseñanza Naútica, Militar, ...)	1	Hombre	53,7074869617
33	Matarraña / Matarranya	8	Otros servicios (Turismo, Hostelería, Peluquería, Enseñanza Naútica, Militar, ...)	1	Hombre	44,4913703451
01	La Jacetania	1	Educación (Magisterio, Educación Infantil, Pedagogía, ...)	6	Mujer	440,2906571725
02	Alto Gállego	1	Educación (Magisterio, Educación Infantil, Pedagogía, ...)	6	Mujer	297,99886777
03	Sobrarbe	1	Educación (Magisterio, Educación Infantil, Pedagogía, ...)	6	Mujer	162,4568389489
04	La Ribagorza	1	Educación (Magisterio, Educación Infantil, Pedagogía, ...)	6	Mujer	300,8339584122
05	Cinco Villas	1	Educación (Magisterio, Educación Infantil, Pedagogía, ...)	6	Mujer	596,5098936051
06	Hoya de Huesca / Plana de Uesca	1	Educación (Magisterio, Educación Infantil, Pedagogía, ...)	6	Mujer	2122,1306760178
07	Somontano de Barbastro	1	Educación (Magisterio, Educación Infantil, Pedagogía, ...)	6	Mujer	510,6694850046
08	Cinca Medio	1	Educación (Magisterio, Educación Infantil, Pedagogía, ...)	6	Mujer	438,8714905825
09	La Litera / La Llitera	1	Educación (Magisterio, Educación Infantil, Pedagogía, ...)	6	Mujer	324,7532556927
10	Los Monegros	1	Educación (Magisterio, Educación Infantil, Pedagogía, ...)	6	Mujer	343,5197747875
11	Bajo Cinca / Baix Cinca	1	Educación (Magisterio, Educación Infantil, Pedagogía, ...)	6	Mujer	430,0919239219
12	Tarazona y el Moncayo	1	Educación (Magisterio, Educación Infantil, Pedagogía, ...)	6	Mujer	315,1030893413
13	Campo de Borja	1	Educación (Magisterio, Educación Infantil, Pedagogía, ...)	6	Mujer	142,8701273067
14	Aranda	1	Educación (Magisterio, Educación Infantil, Pedagogía, ...)	6	Mujer	67,9303713432
15	Ribera Alta del Ebro	1	Educación (Magisterio, Educación Infantil, Pedagogía, ...)	6	Mujer	315,4957839034
16	Valdejalón	1	Educación (Magisterio, Educación Infantil, Pedagogía, ...)	6	Mujer	381,350213792
17	D.C. Zaragoza	1	Educación (Magisterio, Educación Infantil, Pedagogía, ...)	6	Mujer	15659,8852098644
18	Ribera Baja del Ebro	1	Educación (Magisterio, Educación Infantil, Pedagogía, ...)	6	Mujer	159,5609877887
19	Bajo Aragón-Caspe / Baix Aragó-Casp	1	Educación (Magisterio, Educación Infantil, Pedagogía, ...)	6	Mujer	161,5017090078
20	Comunidad de Calatayud	1	Educación (Magisterio, Educación Infantil, Pedagogía, ...)	6	Mujer	645,3799576586
21	Campo de Cariñena	1	Educación (Magisterio, Educación Infantil, Pedagogía, ...)	6	Mujer	156,7536903146
22	Campo de Belchite	1	Educación (Magisterio, Educación Infantil, Pedagogía, ...)	6	Mujer	24,5756424754
23	Bajo Martín	1	Educación (Magisterio, Educación Infantil, Pedagogía, ...)	6	Mujer	72,8209894985
24	Campo de Daroca	1	Educación (Magisterio, Educación Infantil, Pedagogía, ...)	6	Mujer	121,458439297
25	Jiloca	1	Educación (Magisterio, Educación Infantil, Pedagogía, ...)	6	Mujer	205,748954014
26	Cuencas Mineras	1	Educación (Magisterio, Educación Infantil, Pedagogía, ...)	6	Mujer	112,0621482101
27	Andorra-Sierra de Arcos	1	Educación (Magisterio, Educación Infantil, Pedagogía, ...)	6	Mujer	136,4253311928
28	Bajo Aragón	1	Educación (Magisterio, Educación Infantil, Pedagogía, ...)	6	Mujer	598,1223872424
29	Comunidad de Teruel	1	Educación (Magisterio, Educación Infantil, Pedagogía, ...)	6	Mujer	971,0948536005
30	Maestrazgo	1	Educación (Magisterio, Educación Infantil, Pedagogía, ...)	6	Mujer	48,3920522922
31	Sierra de Albarracín	1	Educación (Magisterio, Educación Infantil, Pedagogía, ...)	6	Mujer	69,0077825961
32	Gúdar-Javalambre	1	Educación (Magisterio, Educación Infantil, Pedagogía, ...)	6	Mujer	131,2806757689
33	Matarraña / Matarranya	1	Educación (Magisterio, Educación Infantil, Pedagogía, ...)	6	Mujer	99,4858690834
01	La Jacetania	2	Artes y Humanidades (Historia, Lenguas, Imagen y Sonido,...)	6	Mujer	318,2783330259
02	Alto Gállego	2	Artes y Humanidades (Historia, Lenguas, Imagen y Sonido,...)	6	Mujer	144,2112571512
03	Sobrarbe	2	Artes y Humanidades (Historia, Lenguas, Imagen y Sonido,...)	6	Mujer	72,9620516816
04	La Ribagorza	2	Artes y Humanidades (Historia, Lenguas, Imagen y Sonido,...)	6	Mujer	97,9781464399
05	Cinco Villas	2	Artes y Humanidades (Historia, Lenguas, Imagen y Sonido,...)	6	Mujer	97,2983431048
06	Hoya de Huesca / Plana de Uesca	2	Artes y Humanidades (Historia, Lenguas, Imagen y Sonido,...)	6	Mujer	885,7634780663
07	Somontano de Barbastro	2	Artes y Humanidades (Historia, Lenguas, Imagen y Sonido,...)	6	Mujer	239,7557148414
08	Cinca Medio	2	Artes y Humanidades (Historia, Lenguas, Imagen y Sonido,...)	6	Mujer	176,5526415185
09	La Litera / La Llitera	2	Artes y Humanidades (Historia, Lenguas, Imagen y Sonido,...)	6	Mujer	169,5866804793
10	Los Monegros	2	Artes y Humanidades (Historia, Lenguas, Imagen y Sonido,...)	6	Mujer	64,4244811003
11	Bajo Cinca / Baix Cinca	2	Artes y Humanidades (Historia, Lenguas, Imagen y Sonido,...)	6	Mujer	223,6511993511
12	Tarazona y el Moncayo	2	Artes y Humanidades (Historia, Lenguas, Imagen y Sonido,...)	6	Mujer	71,7739622574
13	Campo de Borja	2	Artes y Humanidades (Historia, Lenguas, Imagen y Sonido,...)	6	Mujer	41,3663782379
14	Aranda	2	Artes y Humanidades (Historia, Lenguas, Imagen y Sonido,...)	6	Mujer	4,8908256749
15	Ribera Alta del Ebro	2	Artes y Humanidades (Historia, Lenguas, Imagen y Sonido,...)	6	Mujer	244,9039920081
16	Valdejalón	2	Artes y Humanidades (Historia, Lenguas, Imagen y Sonido,...)	6	Mujer	114,7752480024
17	D.C. Zaragoza	2	Artes y Humanidades (Historia, Lenguas, Imagen y Sonido,...)	6	Mujer	10493,5344192304
18	Ribera Baja del Ebro	2	Artes y Humanidades (Historia, Lenguas, Imagen y Sonido,...)	6	Mujer	26,9397039612
19	Bajo Aragón-Caspe / Baix Aragó-Casp	2	Artes y Humanidades (Historia, Lenguas, Imagen y Sonido,...)	6	Mujer	111,1810990664
20	Comunidad de Calatayud	2	Artes y Humanidades (Historia, Lenguas, Imagen y Sonido,...)	6	Mujer	114,6172410738
21	Campo de Cariñena	2	Artes y Humanidades (Historia, Lenguas, Imagen y Sonido,...)	6	Mujer	68,2435106086
22	Campo de Belchite	2	Artes y Humanidades (Historia, Lenguas, Imagen y Sonido,...)	6	Mujer	10,8651852102
23	Bajo Martín	2	Artes y Humanidades (Historia, Lenguas, Imagen y Sonido,...)	6	Mujer	21,5598380212
24	Campo de Daroca	2	Artes y Humanidades (Historia, Lenguas, Imagen y Sonido,...)	6	Mujer	8,9566256895
25	Jiloca	2	Artes y Humanidades (Historia, Lenguas, Imagen y Sonido,...)	6	Mujer	69,9554404507
26	Cuencas Mineras	2	Artes y Humanidades (Historia, Lenguas, Imagen y Sonido,...)	6	Mujer	20,8409665716
27	Andorra-Sierra de Arcos	2	Artes y Humanidades (Historia, Lenguas, Imagen y Sonido,...)	6	Mujer	18,2259362566
28	Bajo Aragón	2	Artes y Humanidades (Historia, Lenguas, Imagen y Sonido,...)	6	Mujer	133,3114997357
29	Comunidad de Teruel	2	Artes y Humanidades (Historia, Lenguas, Imagen y Sonido,...)	6	Mujer	422,6814199263
30	Maestrazgo	2	Artes y Humanidades (Historia, Lenguas, Imagen y Sonido,...)	6	Mujer	11,9684308638
31	Sierra de Albarracín	2	Artes y Humanidades (Historia, Lenguas, Imagen y Sonido,...)	6	Mujer	30,5258590004
32	Gúdar-Javalambre	2	Artes y Humanidades (Historia, Lenguas, Imagen y Sonido,...)	6	Mujer	34,0487945137
33	Matarraña / Matarranya	2	Artes y Humanidades (Historia, Lenguas, Imagen y Sonido,...)	6	Mujer	52,3253914707
01	La Jacetania	3	Derecho y Ciencias Sociales (Administración, Psicología, Economía, Periodismo, ...)	6	Mujer	624,6468996869
02	Alto Gállego	3	Derecho y Ciencias Sociales (Administración, Psicología, Economía, Periodismo, ...)	6	Mujer	642,9514930766
03	Sobrarbe	3	Derecho y Ciencias Sociales (Administración, Psicología, Economía, Periodismo, ...)	6	Mujer	222,7142146786
04	La Ribagorza	3	Derecho y Ciencias Sociales (Administración, Psicología, Economía, Periodismo, ...)	6	Mujer	286,927244102
05	Cinco Villas	3	Derecho y Ciencias Sociales (Administración, Psicología, Economía, Periodismo, ...)	6	Mujer	958,5622111682
06	Hoya de Huesca / Plana de Uesca	3	Derecho y Ciencias Sociales (Administración, Psicología, Economía, Periodismo, ...)	6	Mujer	2501,9922221381
07	Somontano de Barbastro	3	Derecho y Ciencias Sociales (Administración, Psicología, Economía, Periodismo, ...)	6	Mujer	832,2215436155
08	Cinca Medio	3	Derecho y Ciencias Sociales (Administración, Psicología, Economía, Periodismo, ...)	6	Mujer	771,0689452318
09	La Litera / La Llitera	3	Derecho y Ciencias Sociales (Administración, Psicología, Economía, Periodismo, ...)	6	Mujer	555,9921632908
10	Los Monegros	3	Derecho y Ciencias Sociales (Administración, Psicología, Economía, Periodismo, ...)	6	Mujer	421,0099346112
11	Bajo Cinca / Baix Cinca	3	Derecho y Ciencias Sociales (Administración, Psicología, Economía, Periodismo, ...)	6	Mujer	822,0890169135
12	Tarazona y el Moncayo	3	Derecho y Ciencias Sociales (Administración, Psicología, Economía, Periodismo, ...)	6	Mujer	383,7064896735
13	Campo de Borja	3	Derecho y Ciencias Sociales (Administración, Psicología, Economía, Periodismo, ...)	6	Mujer	305,7121847857
14	Aranda	3	Derecho y Ciencias Sociales (Administración, Psicología, Economía, Periodismo, ...)	6	Mujer	98,6132649613
15	Ribera Alta del Ebro	3	Derecho y Ciencias Sociales (Administración, Psicología, Economía, Periodismo, ...)	6	Mujer	843,6886826986
16	Valdejalón	3	Derecho y Ciencias Sociales (Administración, Psicología, Economía, Periodismo, ...)	6	Mujer	817,250619331
17	D.C. Zaragoza	3	Derecho y Ciencias Sociales (Administración, Psicología, Economía, Periodismo, ...)	6	Mujer	35440,2117422822
18	Ribera Baja del Ebro	3	Derecho y Ciencias Sociales (Administración, Psicología, Economía, Periodismo, ...)	6	Mujer	269,7719962458
19	Bajo Aragón-Caspe / Baix Aragó-Casp	3	Derecho y Ciencias Sociales (Administración, Psicología, Economía, Periodismo, ...)	6	Mujer	418,1856941289
20	Comunidad de Calatayud	3	Derecho y Ciencias Sociales (Administración, Psicología, Economía, Periodismo, ...)	6	Mujer	1225,393931388
21	Campo de Cariñena	3	Derecho y Ciencias Sociales (Administración, Psicología, Economía, Periodismo, ...)	6	Mujer	196,4629795152
22	Campo de Belchite	3	Derecho y Ciencias Sociales (Administración, Psicología, Economía, Periodismo, ...)	6	Mujer	71,1699655218
23	Bajo Martín	3	Derecho y Ciencias Sociales (Administración, Psicología, Economía, Periodismo, ...)	6	Mujer	164,8673423946
24	Campo de Daroca	3	Derecho y Ciencias Sociales (Administración, Psicología, Economía, Periodismo, ...)	6	Mujer	136,891620198
25	Jiloca	3	Derecho y Ciencias Sociales (Administración, Psicología, Economía, Periodismo, ...)	6	Mujer	152,4727872517
26	Cuencas Mineras	3	Derecho y Ciencias Sociales (Administración, Psicología, Economía, Periodismo, ...)	6	Mujer	144,9559882932
27	Andorra-Sierra de Arcos	3	Derecho y Ciencias Sociales (Administración, Psicología, Economía, Periodismo, ...)	6	Mujer	362,4480095916
28	Bajo Aragón	3	Derecho y Ciencias Sociales (Administración, Psicología, Economía, Periodismo, ...)	6	Mujer	741,4777010898
29	Comunidad de Teruel	3	Derecho y Ciencias Sociales (Administración, Psicología, Economía, Periodismo, ...)	6	Mujer	1302,1770043717
30	Maestrazgo	3	Derecho y Ciencias Sociales (Administración, Psicología, Economía, Periodismo, ...)	6	Mujer	60,2731519514
31	Sierra de Albarracín	3	Derecho y Ciencias Sociales (Administración, Psicología, Economía, Periodismo, ...)	6	Mujer	85,8707229119
32	Gúdar-Javalambre	3	Derecho y Ciencias Sociales (Administración, Psicología, Economía, Periodismo, ...)	6	Mujer	197,8520900645
33	Matarraña / Matarranya	3	Derecho y Ciencias Sociales (Administración, Psicología, Economía, Periodismo, ...)	6	Mujer	207,8817642666
01	La Jacetania	4	Ciencias (Biología, Química, Física, Matemáticas, ...) e Informática (incluída Ingeniería Informática)	6	Mujer	91,729857045
02	Alto Gállego	4	Ciencias (Biología, Química, Física, Matemáticas, ...) e Informática (incluída Ingeniería Informática)	6	Mujer	110,2091112591
03	Sobrarbe	4	Ciencias (Biología, Química, Física, Matemáticas, ...) e Informática (incluída Ingeniería Informática)	6	Mujer	37,9778016997
04	La Ribagorza	4	Ciencias (Biología, Química, Física, Matemáticas, ...) e Informática (incluída Ingeniería Informática)	6	Mujer	84,3435262673
05	Cinco Villas	4	Ciencias (Biología, Química, Física, Matemáticas, ...) e Informática (incluída Ingeniería Informática)	6	Mujer	102,0966254516
06	Hoya de Huesca / Plana de Uesca	4	Ciencias (Biología, Química, Física, Matemáticas, ...) e Informática (incluída Ingeniería Informática)	6	Mujer	621,0290283777
07	Somontano de Barbastro	4	Ciencias (Biología, Química, Física, Matemáticas, ...) e Informática (incluída Ingeniería Informática)	6	Mujer	96,6360396504
08	Cinca Medio	4	Ciencias (Biología, Química, Física, Matemáticas, ...) e Informática (incluída Ingeniería Informática)	6	Mujer	87,6558483597
09	La Litera / La Llitera	4	Ciencias (Biología, Química, Física, Matemáticas, ...) e Informática (incluída Ingeniería Informática)	6	Mujer	58,1338602952
10	Los Monegros	4	Ciencias (Biología, Química, Física, Matemáticas, ...) e Informática (incluída Ingeniería Informática)	6	Mujer	120,5815954236
11	Bajo Cinca / Baix Cinca	4	Ciencias (Biología, Química, Física, Matemáticas, ...) e Informática (incluída Ingeniería Informática)	6	Mujer	62,0420665582
12	Tarazona y el Moncayo	4	Ciencias (Biología, Química, Física, Matemáticas, ...) e Informática (incluída Ingeniería Informática)	6	Mujer	60,5948296298
13	Campo de Borja	4	Ciencias (Biología, Química, Física, Matemáticas, ...) e Informática (incluída Ingeniería Informática)	6	Mujer	85,6648918692
14	Aranda	4	Ciencias (Biología, Química, Física, Matemáticas, ...) e Informática (incluída Ingeniería Informática)	6	Mujer	12,0774357939
15	Ribera Alta del Ebro	4	Ciencias (Biología, Química, Física, Matemáticas, ...) e Informática (incluída Ingeniería Informática)	6	Mujer	348,3038124777
16	Valdejalón	4	Ciencias (Biología, Química, Física, Matemáticas, ...) e Informática (incluída Ingeniería Informática)	6	Mujer	218,4262023986
17	D.C. Zaragoza	4	Ciencias (Biología, Química, Física, Matemáticas, ...) e Informática (incluída Ingeniería Informática)	6	Mujer	8429,9543789766
18	Ribera Baja del Ebro	4	Ciencias (Biología, Química, Física, Matemáticas, ...) e Informática (incluída Ingeniería Informática)	6	Mujer	51,8773645419
19	Bajo Aragón-Caspe / Baix Aragó-Casp	4	Ciencias (Biología, Química, Física, Matemáticas, ...) e Informática (incluída Ingeniería Informática)	6	Mujer	47,9822319796
20	Comunidad de Calatayud	4	Ciencias (Biología, Química, Física, Matemáticas, ...) e Informática (incluída Ingeniería Informática)	6	Mujer	181,3901485537
21	Campo de Cariñena	4	Ciencias (Biología, Química, Física, Matemáticas, ...) e Informática (incluída Ingeniería Informática)	6	Mujer	124,328741
22	Campo de Belchite	4	Ciencias (Biología, Química, Física, Matemáticas, ...) e Informática (incluída Ingeniería Informática)	6	Mujer	14,0989901934
23	Bajo Martín	4	Ciencias (Biología, Química, Física, Matemáticas, ...) e Informática (incluída Ingeniería Informática)	6	Mujer	19,2748532506
24	Campo de Daroca	4	Ciencias (Biología, Química, Física, Matemáticas, ...) e Informática (incluída Ingeniería Informática)	6	Mujer	30,6173094448
25	Jiloca	4	Ciencias (Biología, Química, Física, Matemáticas, ...) e Informática (incluída Ingeniería Informática)	6	Mujer	74,6427080299
26	Cuencas Mineras	4	Ciencias (Biología, Química, Física, Matemáticas, ...) e Informática (incluída Ingeniería Informática)	6	Mujer	15,0246506202
27	Andorra-Sierra de Arcos	4	Ciencias (Biología, Química, Física, Matemáticas, ...) e Informática (incluída Ingeniería Informática)	6	Mujer	61,9723111125
28	Bajo Aragón	4	Ciencias (Biología, Química, Física, Matemáticas, ...) e Informática (incluída Ingeniería Informática)	6	Mujer	181,4717420344
29	Comunidad de Teruel	4	Ciencias (Biología, Química, Física, Matemáticas, ...) e Informática (incluída Ingeniería Informática)	6	Mujer	268,0834958039
30	Maestrazgo	4	Ciencias (Biología, Química, Física, Matemáticas, ...) e Informática (incluída Ingeniería Informática)	6	Mujer	8,4500001588
31	Sierra de Albarracín	4	Ciencias (Biología, Química, Física, Matemáticas, ...) e Informática (incluída Ingeniería Informática)	6	Mujer	5,6530890259
32	Gúdar-Javalambre	4	Ciencias (Biología, Química, Física, Matemáticas, ...) e Informática (incluída Ingeniería Informática)	6	Mujer	45,1985905107
33	Matarraña / Matarranya	4	Ciencias (Biología, Química, Física, Matemáticas, ...) e Informática (incluída Ingeniería Informática)	6	Mujer	21,5756939711
01	La Jacetania	5	Arquitectura, Construcción, Formación Técnica e Industrias (Mecánica, Metal, Electrónica, Diseño, Confección, Alimentación, etc., incluídas Ingenierías de estos campos)	6	Mujer	124,3646493977
02	Alto Gállego	5	Arquitectura, Construcción, Formación Técnica e Industrias (Mecánica, Metal, Electrónica, Diseño, Confección, Alimentación, etc., incluídas Ingenierías de estos campos)	6	Mujer	84,4187098812
03	Sobrarbe	5	Arquitectura, Construcción, Formación Técnica e Industrias (Mecánica, Metal, Electrónica, Diseño, Confección, Alimentación, etc., incluídas Ingenierías de estos campos)	6	Mujer	56,6197721
04	La Ribagorza	5	Arquitectura, Construcción, Formación Técnica e Industrias (Mecánica, Metal, Electrónica, Diseño, Confección, Alimentación, etc., incluídas Ingenierías de estos campos)	6	Mujer	124,8085912071
05	Cinco Villas	5	Arquitectura, Construcción, Formación Técnica e Industrias (Mecánica, Metal, Electrónica, Diseño, Confección, Alimentación, etc., incluídas Ingenierías de estos campos)	6	Mujer	331,8531415691
06	Hoya de Huesca / Plana de Uesca	5	Arquitectura, Construcción, Formación Técnica e Industrias (Mecánica, Metal, Electrónica, Diseño, Confección, Alimentación, etc., incluídas Ingenierías de estos campos)	6	Mujer	459,3454407738
07	Somontano de Barbastro	5	Arquitectura, Construcción, Formación Técnica e Industrias (Mecánica, Metal, Electrónica, Diseño, Confección, Alimentación, etc., incluídas Ingenierías de estos campos)	6	Mujer	166,2719802655
08	Cinca Medio	5	Arquitectura, Construcción, Formación Técnica e Industrias (Mecánica, Metal, Electrónica, Diseño, Confección, Alimentación, etc., incluídas Ingenierías de estos campos)	6	Mujer	158,5418312566
09	La Litera / La Llitera	5	Arquitectura, Construcción, Formación Técnica e Industrias (Mecánica, Metal, Electrónica, Diseño, Confección, Alimentación, etc., incluídas Ingenierías de estos campos)	6	Mujer	93,6665326763
10	Los Monegros	5	Arquitectura, Construcción, Formación Técnica e Industrias (Mecánica, Metal, Electrónica, Diseño, Confección, Alimentación, etc., incluídas Ingenierías de estos campos)	6	Mujer	86,7269904068
11	Bajo Cinca / Baix Cinca	5	Arquitectura, Construcción, Formación Técnica e Industrias (Mecánica, Metal, Electrónica, Diseño, Confección, Alimentación, etc., incluídas Ingenierías de estos campos)	6	Mujer	119,6794115594
12	Tarazona y el Moncayo	5	Arquitectura, Construcción, Formación Técnica e Industrias (Mecánica, Metal, Electrónica, Diseño, Confección, Alimentación, etc., incluídas Ingenierías de estos campos)	6	Mujer	154,522488612
13	Campo de Borja	5	Arquitectura, Construcción, Formación Técnica e Industrias (Mecánica, Metal, Electrónica, Diseño, Confección, Alimentación, etc., incluídas Ingenierías de estos campos)	6	Mujer	68,3578042906
14	Aranda	5	Arquitectura, Construcción, Formación Técnica e Industrias (Mecánica, Metal, Electrónica, Diseño, Confección, Alimentación, etc., incluídas Ingenierías de estos campos)	6	Mujer	18,970067149
15	Ribera Alta del Ebro	5	Arquitectura, Construcción, Formación Técnica e Industrias (Mecánica, Metal, Electrónica, Diseño, Confección, Alimentación, etc., incluídas Ingenierías de estos campos)	6	Mujer	257,3536503438
16	Valdejalón	5	Arquitectura, Construcción, Formación Técnica e Industrias (Mecánica, Metal, Electrónica, Diseño, Confección, Alimentación, etc., incluídas Ingenierías de estos campos)	6	Mujer	237,8639152634
17	D.C. Zaragoza	5	Arquitectura, Construcción, Formación Técnica e Industrias (Mecánica, Metal, Electrónica, Diseño, Confección, Alimentación, etc., incluídas Ingenierías de estos campos)	6	Mujer	7907,2372216703
18	Ribera Baja del Ebro	5	Arquitectura, Construcción, Formación Técnica e Industrias (Mecánica, Metal, Electrónica, Diseño, Confección, Alimentación, etc., incluídas Ingenierías de estos campos)	6	Mujer	79,884406899
19	Bajo Aragón-Caspe / Baix Aragó-Casp	5	Arquitectura, Construcción, Formación Técnica e Industrias (Mecánica, Metal, Electrónica, Diseño, Confección, Alimentación, etc., incluídas Ingenierías de estos campos)	6	Mujer	137,9362396496
20	Comunidad de Calatayud	5	Arquitectura, Construcción, Formación Técnica e Industrias (Mecánica, Metal, Electrónica, Diseño, Confección, Alimentación, etc., incluídas Ingenierías de estos campos)	6	Mujer	213,2919829326
21	Campo de Cariñena	5	Arquitectura, Construcción, Formación Técnica e Industrias (Mecánica, Metal, Electrónica, Diseño, Confección, Alimentación, etc., incluídas Ingenierías de estos campos)	6	Mujer	54,6117207941
22	Campo de Belchite	5	Arquitectura, Construcción, Formación Técnica e Industrias (Mecánica, Metal, Electrónica, Diseño, Confección, Alimentación, etc., incluídas Ingenierías de estos campos)	6	Mujer	28,8101226195
23	Bajo Martín	5	Arquitectura, Construcción, Formación Técnica e Industrias (Mecánica, Metal, Electrónica, Diseño, Confección, Alimentación, etc., incluídas Ingenierías de estos campos)	6	Mujer	53,2345279171
24	Campo de Daroca	5	Arquitectura, Construcción, Formación Técnica e Industrias (Mecánica, Metal, Electrónica, Diseño, Confección, Alimentación, etc., incluídas Ingenierías de estos campos)	6	Mujer	21,3790407658
25	Jiloca	5	Arquitectura, Construcción, Formación Técnica e Industrias (Mecánica, Metal, Electrónica, Diseño, Confección, Alimentación, etc., incluídas Ingenierías de estos campos)	6	Mujer	100,0810487026
26	Cuencas Mineras	5	Arquitectura, Construcción, Formación Técnica e Industrias (Mecánica, Metal, Electrónica, Diseño, Confección, Alimentación, etc., incluídas Ingenierías de estos campos)	6	Mujer	32,502097974
27	Andorra-Sierra de Arcos	5	Arquitectura, Construcción, Formación Técnica e Industrias (Mecánica, Metal, Electrónica, Diseño, Confección, Alimentación, etc., incluídas Ingenierías de estos campos)	6	Mujer	35,6467954701
28	Bajo Aragón	5	Arquitectura, Construcción, Formación Técnica e Industrias (Mecánica, Metal, Electrónica, Diseño, Confección, Alimentación, etc., incluídas Ingenierías de estos campos)	6	Mujer	269,6219844169
29	Comunidad de Teruel	5	Arquitectura, Construcción, Formación Técnica e Industrias (Mecánica, Metal, Electrónica, Diseño, Confección, Alimentación, etc., incluídas Ingenierías de estos campos)	6	Mujer	305,3320874182
30	Maestrazgo	5	Arquitectura, Construcción, Formación Técnica e Industrias (Mecánica, Metal, Electrónica, Diseño, Confección, Alimentación, etc., incluídas Ingenierías de estos campos)	6	Mujer	13,9488293075
31	Sierra de Albarracín	5	Arquitectura, Construcción, Formación Técnica e Industrias (Mecánica, Metal, Electrónica, Diseño, Confección, Alimentación, etc., incluídas Ingenierías de estos campos)	6	Mujer	25,0146479103
32	Gúdar-Javalambre	5	Arquitectura, Construcción, Formación Técnica e Industrias (Mecánica, Metal, Electrónica, Diseño, Confección, Alimentación, etc., incluídas Ingenierías de estos campos)	6	Mujer	63,2816223671
33	Matarraña / Matarranya	5	Arquitectura, Construcción, Formación Técnica e Industrias (Mecánica, Metal, Electrónica, Diseño, Confección, Alimentación, etc., incluídas Ingenierías de estos campos)	6	Mujer	39,485136467
01	La Jacetania	6	Agricultura, Ganadería, Pesca y Veterinaria (incluída Ingeniería Agrónoma o similar)	6	Mujer	68,6049785346
02	Alto Gállego	6	Agricultura, Ganadería, Pesca y Veterinaria (incluída Ingeniería Agrónoma o similar)	6	Mujer	27,5215237198
03	Sobrarbe	6	Agricultura, Ganadería, Pesca y Veterinaria (incluída Ingeniería Agrónoma o similar)	6	Mujer	30,0350381051
04	La Ribagorza	6	Agricultura, Ganadería, Pesca y Veterinaria (incluída Ingeniería Agrónoma o similar)	6	Mujer	64,6605180865
05	Cinco Villas	6	Agricultura, Ganadería, Pesca y Veterinaria (incluída Ingeniería Agrónoma o similar)	6	Mujer	79,4773842876
06	Hoya de Huesca / Plana de Uesca	6	Agricultura, Ganadería, Pesca y Veterinaria (incluída Ingeniería Agrónoma o similar)	6	Mujer	203,9698523337
07	Somontano de Barbastro	6	Agricultura, Ganadería, Pesca y Veterinaria (incluída Ingeniería Agrónoma o similar)	6	Mujer	92,0186219923
08	Cinca Medio	6	Agricultura, Ganadería, Pesca y Veterinaria (incluída Ingeniería Agrónoma o similar)	6	Mujer	51,1839903548
09	La Litera / La Llitera	6	Agricultura, Ganadería, Pesca y Veterinaria (incluída Ingeniería Agrónoma o similar)	6	Mujer	24,5104808302
10	Los Monegros	6	Agricultura, Ganadería, Pesca y Veterinaria (incluída Ingeniería Agrónoma o similar)	6	Mujer	112,4510689322
11	Bajo Cinca / Baix Cinca	6	Agricultura, Ganadería, Pesca y Veterinaria (incluída Ingeniería Agrónoma o similar)	6	Mujer	57,9624385418
12	Tarazona y el Moncayo	6	Agricultura, Ganadería, Pesca y Veterinaria (incluída Ingeniería Agrónoma o similar)	6	Mujer	60,9391049392
13	Campo de Borja	6	Agricultura, Ganadería, Pesca y Veterinaria (incluída Ingeniería Agrónoma o similar)	6	Mujer	53,8220713528
14	Aranda	6	Agricultura, Ganadería, Pesca y Veterinaria (incluída Ingeniería Agrónoma o similar)	6	Mujer	3,8359593151
15	Ribera Alta del Ebro	6	Agricultura, Ganadería, Pesca y Veterinaria (incluída Ingeniería Agrónoma o similar)	6	Mujer	43,0679240497
16	Valdejalón	6	Agricultura, Ganadería, Pesca y Veterinaria (incluída Ingeniería Agrónoma o similar)	6	Mujer	89,6790075368
17	D.C. Zaragoza	6	Agricultura, Ganadería, Pesca y Veterinaria (incluída Ingeniería Agrónoma o similar)	6	Mujer	2015,245833879
18	Ribera Baja del Ebro	6	Agricultura, Ganadería, Pesca y Veterinaria (incluída Ingeniería Agrónoma o similar)	6	Mujer	9,245798602
19	Bajo Aragón-Caspe / Baix Aragó-Casp	6	Agricultura, Ganadería, Pesca y Veterinaria (incluída Ingeniería Agrónoma o similar)	6	Mujer	31,4802569113
20	Comunidad de Calatayud	6	Agricultura, Ganadería, Pesca y Veterinaria (incluída Ingeniería Agrónoma o similar)	6	Mujer	54,1896801432
21	Campo de Cariñena	6	Agricultura, Ganadería, Pesca y Veterinaria (incluída Ingeniería Agrónoma o similar)	6	Mujer	10,8585685198
22	Campo de Belchite	6	Agricultura, Ganadería, Pesca y Veterinaria (incluída Ingeniería Agrónoma o similar)	6	Mujer	15,103764139
23	Bajo Martín	6	Agricultura, Ganadería, Pesca y Veterinaria (incluída Ingeniería Agrónoma o similar)	6	Mujer	3,9665604922
24	Campo de Daroca	6	Agricultura, Ganadería, Pesca y Veterinaria (incluída Ingeniería Agrónoma o similar)	6	Mujer	19,192085849
25	Jiloca	6	Agricultura, Ganadería, Pesca y Veterinaria (incluída Ingeniería Agrónoma o similar)	6	Mujer	55,0939029604
26	Cuencas Mineras	6	Agricultura, Ganadería, Pesca y Veterinaria (incluída Ingeniería Agrónoma o similar)	6	Mujer	35,7212099234
27	Andorra-Sierra de Arcos	6	Agricultura, Ganadería, Pesca y Veterinaria (incluída Ingeniería Agrónoma o similar)	6	Mujer	20,2366048673
28	Bajo Aragón	6	Agricultura, Ganadería, Pesca y Veterinaria (incluída Ingeniería Agrónoma o similar)	6	Mujer	96,8714132423
29	Comunidad de Teruel	6	Agricultura, Ganadería, Pesca y Veterinaria (incluída Ingeniería Agrónoma o similar)	6	Mujer	61,4984318114
30	Maestrazgo	6	Agricultura, Ganadería, Pesca y Veterinaria (incluída Ingeniería Agrónoma o similar)	6	Mujer	14,576601947
31	Sierra de Albarracín	6	Agricultura, Ganadería, Pesca y Veterinaria (incluída Ingeniería Agrónoma o similar)	6	Mujer	7,0172739211
32	Gúdar-Javalambre	6	Agricultura, Ganadería, Pesca y Veterinaria (incluída Ingeniería Agrónoma o similar)	6	Mujer	12,7980301604
33	Matarraña / Matarranya	6	Agricultura, Ganadería, Pesca y Veterinaria (incluída Ingeniería Agrónoma o similar)	6	Mujer	15,4260615422
01	La Jacetania	7	Salud y Servicios Sociales (Medicina, Enfermería, Farmacia, Trabajo Social, ...)	6	Mujer	355,1645082244
02	Alto Gállego	7	Salud y Servicios Sociales (Medicina, Enfermería, Farmacia, Trabajo Social, ...)	6	Mujer	318,9763643269
03	Sobrarbe	7	Salud y Servicios Sociales (Medicina, Enfermería, Farmacia, Trabajo Social, ...)	6	Mujer	125,0213403199
04	La Ribagorza	7	Salud y Servicios Sociales (Medicina, Enfermería, Farmacia, Trabajo Social, ...)	6	Mujer	264,7863686762
05	Cinco Villas	7	Salud y Servicios Sociales (Medicina, Enfermería, Farmacia, Trabajo Social, ...)	6	Mujer	525,450789471
06	Hoya de Huesca / Plana de Uesca	7	Salud y Servicios Sociales (Medicina, Enfermería, Farmacia, Trabajo Social, ...)	6	Mujer	2351,9866230831
07	Somontano de Barbastro	7	Salud y Servicios Sociales (Medicina, Enfermería, Farmacia, Trabajo Social, ...)	6	Mujer	611,025161907
08	Cinca Medio	7	Salud y Servicios Sociales (Medicina, Enfermería, Farmacia, Trabajo Social, ...)	6	Mujer	312,8148254929
09	La Litera / La Llitera	7	Salud y Servicios Sociales (Medicina, Enfermería, Farmacia, Trabajo Social, ...)	6	Mujer	232,6989428403
10	Los Monegros	7	Salud y Servicios Sociales (Medicina, Enfermería, Farmacia, Trabajo Social, ...)	6	Mujer	302,2888299674
11	Bajo Cinca / Baix Cinca	7	Salud y Servicios Sociales (Medicina, Enfermería, Farmacia, Trabajo Social, ...)	6	Mujer	305,9214302395
12	Tarazona y el Moncayo	7	Salud y Servicios Sociales (Medicina, Enfermería, Farmacia, Trabajo Social, ...)	6	Mujer	274,9750258563
13	Campo de Borja	7	Salud y Servicios Sociales (Medicina, Enfermería, Farmacia, Trabajo Social, ...)	6	Mujer	142,652231761
14	Aranda	7	Salud y Servicios Sociales (Medicina, Enfermería, Farmacia, Trabajo Social, ...)	6	Mujer	52,9900041055
15	Ribera Alta del Ebro	7	Salud y Servicios Sociales (Medicina, Enfermería, Farmacia, Trabajo Social, ...)	6	Mujer	489,0236220758
16	Valdejalón	7	Salud y Servicios Sociales (Medicina, Enfermería, Farmacia, Trabajo Social, ...)	6	Mujer	294,5300846471
17	D.C. Zaragoza	7	Salud y Servicios Sociales (Medicina, Enfermería, Farmacia, Trabajo Social, ...)	6	Mujer	22984,9956176569
18	Ribera Baja del Ebro	7	Salud y Servicios Sociales (Medicina, Enfermería, Farmacia, Trabajo Social, ...)	6	Mujer	84,6265322693
19	Bajo Aragón-Caspe / Baix Aragó-Casp	7	Salud y Servicios Sociales (Medicina, Enfermería, Farmacia, Trabajo Social, ...)	6	Mujer	139,7549346663
20	Comunidad de Calatayud	7	Salud y Servicios Sociales (Medicina, Enfermería, Farmacia, Trabajo Social, ...)	6	Mujer	996,5033228741
21	Campo de Cariñena	7	Salud y Servicios Sociales (Medicina, Enfermería, Farmacia, Trabajo Social, ...)	6	Mujer	96,0844168705
22	Campo de Belchite	7	Salud y Servicios Sociales (Medicina, Enfermería, Farmacia, Trabajo Social, ...)	6	Mujer	65,1850855454
23	Bajo Martín	7	Salud y Servicios Sociales (Medicina, Enfermería, Farmacia, Trabajo Social, ...)	6	Mujer	40,6608768141
24	Campo de Daroca	7	Salud y Servicios Sociales (Medicina, Enfermería, Farmacia, Trabajo Social, ...)	6	Mujer	70,2794513091
25	Jiloca	7	Salud y Servicios Sociales (Medicina, Enfermería, Farmacia, Trabajo Social, ...)	6	Mujer	188,7059518201
26	Cuencas Mineras	7	Salud y Servicios Sociales (Medicina, Enfermería, Farmacia, Trabajo Social, ...)	6	Mujer	151,4381235995
27	Andorra-Sierra de Arcos	7	Salud y Servicios Sociales (Medicina, Enfermería, Farmacia, Trabajo Social, ...)	6	Mujer	86,4625103493
28	Bajo Aragón	7	Salud y Servicios Sociales (Medicina, Enfermería, Farmacia, Trabajo Social, ...)	6	Mujer	558,6380522541
29	Comunidad de Teruel	7	Salud y Servicios Sociales (Medicina, Enfermería, Farmacia, Trabajo Social, ...)	6	Mujer	1772,9517531507
30	Maestrazgo	7	Salud y Servicios Sociales (Medicina, Enfermería, Farmacia, Trabajo Social, ...)	6	Mujer	40,1019155586
31	Sierra de Albarracín	7	Salud y Servicios Sociales (Medicina, Enfermería, Farmacia, Trabajo Social, ...)	6	Mujer	79,4844420221
32	Gúdar-Javalambre	7	Salud y Servicios Sociales (Medicina, Enfermería, Farmacia, Trabajo Social, ...)	6	Mujer	74,1195084446
33	Matarraña / Matarranya	7	Salud y Servicios Sociales (Medicina, Enfermería, Farmacia, Trabajo Social, ...)	6	Mujer	127,1266528122
01	La Jacetania	8	Otros servicios (Turismo, Hostelería, Peluquería, Enseñanza Naútica, Militar, ...)	6	Mujer	307,8869589585
02	Alto Gállego	8	Otros servicios (Turismo, Hostelería, Peluquería, Enseñanza Naútica, Militar, ...)	6	Mujer	168,4361571804
03	Sobrarbe	8	Otros servicios (Turismo, Hostelería, Peluquería, Enseñanza Naútica, Militar, ...)	6	Mujer	125,9224240659
04	La Ribagorza	8	Otros servicios (Turismo, Hostelería, Peluquería, Enseñanza Naútica, Militar, ...)	6	Mujer	273,2248040301
05	Cinco Villas	8	Otros servicios (Turismo, Hostelería, Peluquería, Enseñanza Naútica, Militar, ...)	6	Mujer	296,9505602875
06	Hoya de Huesca / Plana de Uesca	8	Otros servicios (Turismo, Hostelería, Peluquería, Enseñanza Naútica, Militar, ...)	6	Mujer	821,7642636066
07	Somontano de Barbastro	8	Otros servicios (Turismo, Hostelería, Peluquería, Enseñanza Naútica, Militar, ...)	6	Mujer	246,3889107639
08	Cinca Medio	8	Otros servicios (Turismo, Hostelería, Peluquería, Enseñanza Naútica, Militar, ...)	6	Mujer	323,8794876566
09	La Litera / La Llitera	8	Otros servicios (Turismo, Hostelería, Peluquería, Enseñanza Naútica, Militar, ...)	6	Mujer	159,8353846993
10	Los Monegros	8	Otros servicios (Turismo, Hostelería, Peluquería, Enseñanza Naútica, Militar, ...)	6	Mujer	250,6260007728
11	Bajo Cinca / Baix Cinca	8	Otros servicios (Turismo, Hostelería, Peluquería, Enseñanza Naútica, Militar, ...)	6	Mujer	211,7156718718
12	Tarazona y el Moncayo	8	Otros servicios (Turismo, Hostelería, Peluquería, Enseñanza Naútica, Militar, ...)	6	Mujer	83,0317066449
13	Campo de Borja	8	Otros servicios (Turismo, Hostelería, Peluquería, Enseñanza Naútica, Militar, ...)	6	Mujer	132,4688759634
14	Aranda	8	Otros servicios (Turismo, Hostelería, Peluquería, Enseñanza Naútica, Militar, ...)	6	Mujer	16,6897621308
15	Ribera Alta del Ebro	8	Otros servicios (Turismo, Hostelería, Peluquería, Enseñanza Naútica, Militar, ...)	6	Mujer	292,0400954078
16	Valdejalón	8	Otros servicios (Turismo, Hostelería, Peluquería, Enseñanza Naútica, Militar, ...)	6	Mujer	247,5508675855
17	D.C. Zaragoza	8	Otros servicios (Turismo, Hostelería, Peluquería, Enseñanza Naútica, Militar, ...)	6	Mujer	8976,9716313316
18	Ribera Baja del Ebro	8	Otros servicios (Turismo, Hostelería, Peluquería, Enseñanza Naútica, Militar, ...)	6	Mujer	75,2408873236
19	Bajo Aragón-Caspe / Baix Aragó-Casp	8	Otros servicios (Turismo, Hostelería, Peluquería, Enseñanza Naútica, Militar, ...)	6	Mujer	96,1634687659
20	Comunidad de Calatayud	8	Otros servicios (Turismo, Hostelería, Peluquería, Enseñanza Naútica, Militar, ...)	6	Mujer	260,4699328321
21	Campo de Cariñena	8	Otros servicios (Turismo, Hostelería, Peluquería, Enseñanza Naútica, Militar, ...)	6	Mujer	75,3423964765
22	Campo de Belchite	8	Otros servicios (Turismo, Hostelería, Peluquería, Enseñanza Naútica, Militar, ...)	6	Mujer	44,5605700408
23	Bajo Martín	8	Otros servicios (Turismo, Hostelería, Peluquería, Enseñanza Naútica, Militar, ...)	6	Mujer	36,4482224465
24	Campo de Daroca	8	Otros servicios (Turismo, Hostelería, Peluquería, Enseñanza Naútica, Militar, ...)	6	Mujer	50,8703630593
25	Jiloca	8	Otros servicios (Turismo, Hostelería, Peluquería, Enseñanza Naútica, Militar, ...)	6	Mujer	162,6292928082
26	Cuencas Mineras	8	Otros servicios (Turismo, Hostelería, Peluquería, Enseñanza Naútica, Militar, ...)	6	Mujer	60,0942331067
27	Andorra-Sierra de Arcos	8	Otros servicios (Turismo, Hostelería, Peluquería, Enseñanza Naútica, Militar, ...)	6	Mujer	76,3429341762
28	Bajo Aragón	8	Otros servicios (Turismo, Hostelería, Peluquería, Enseñanza Naútica, Militar, ...)	6	Mujer	299,5326931564
29	Comunidad de Teruel	8	Otros servicios (Turismo, Hostelería, Peluquería, Enseñanza Naútica, Militar, ...)	6	Mujer	348,4188884415
30	Maestrazgo	8	Otros servicios (Turismo, Hostelería, Peluquería, Enseñanza Naútica, Militar, ...)	6	Mujer	27,5171235806
31	Sierra de Albarracín	8	Otros servicios (Turismo, Hostelería, Peluquería, Enseñanza Naútica, Militar, ...)	6	Mujer	33,7402882314
32	Gúdar-Javalambre	8	Otros servicios (Turismo, Hostelería, Peluquería, Enseñanza Naútica, Militar, ...)	6	Mujer	89,6665220183
33	Matarraña / Matarranya	8	Otros servicios (Turismo, Hostelería, Peluquería, Enseñanza Naútica, Militar, ...)	6	Mujer	53,4451914826