Año	Residencia provincia código	Residencia provincia nombre	Edad (grupos quinquenales)	Sexo	Personas
1998	22	Huesca	00 a 04	Mujeres	3622
1998	22	Huesca	05 a 09	Mujeres	4118
1998	22	Huesca	10 a 14	Mujeres	4764
1998	22	Huesca	15 a 19	Mujeres	6012
1998	22	Huesca	20 a 24	Mujeres	6662
1998	22	Huesca	25 a 29	Mujeres	6867
1998	22	Huesca	30 a 34	Mujeres	7379
1998	22	Huesca	35 a 39	Mujeres	7290
1998	22	Huesca	40 a 44	Mujeres	6532
1998	22	Huesca	45 a 49	Mujeres	5837
1998	22	Huesca	50 a 54	Mujeres	5625
1998	22	Huesca	55 a 59	Mujeres	4566
1998	22	Huesca	60 a 64	Mujeres	6251
1998	22	Huesca	65 a 69	Mujeres	6916
1998	22	Huesca	70 a 74	Mujeres	6454
1998	22	Huesca	75 a 79	Mujeres	5362
1998	22	Huesca	80 a 84	Mujeres	3846
1998	22	Huesca	85 a 89	Mujeres	2275
1998	22	Huesca	90 a 94	Mujeres	902
1998	22	Huesca	95 y más	Mujeres	194
1998	44	Teruel	00 a 04	Mujeres	2597
1998	44	Teruel	05 a 09	Mujeres	3075
1998	44	Teruel	10 a 14	Mujeres	3340
1998	44	Teruel	15 a 19	Mujeres	3731
1998	44	Teruel	20 a 24	Mujeres	3917
1998	44	Teruel	25 a 29	Mujeres	4161
1998	44	Teruel	30 a 34	Mujeres	4752
1998	44	Teruel	35 a 39	Mujeres	4587
1998	44	Teruel	40 a 44	Mujeres	3871
1998	44	Teruel	45 a 49	Mujeres	3387
1998	44	Teruel	50 a 54	Mujeres	3342
1998	44	Teruel	55 a 59	Mujeres	3027
1998	44	Teruel	60 a 64	Mujeres	4666
1998	44	Teruel	65 a 69	Mujeres	5167
1998	44	Teruel	70 a 74	Mujeres	4756
1998	44	Teruel	75 a 79	Mujeres	3898
1998	44	Teruel	80 a 84	Mujeres	2730
1998	44	Teruel	85 a 89	Mujeres	1838
1998	44	Teruel	90 a 94	Mujeres	773
1998	44	Teruel	95 y más	Mujeres	194
1998	50	Zaragoza	00 a 04	Mujeres	15615
1998	50	Zaragoza	05 a 09	Mujeres	17143
1998	50	Zaragoza	10 a 14	Mujeres	19578
1998	50	Zaragoza	15 a 19	Mujeres	25888
1998	50	Zaragoza	20 a 24	Mujeres	31573
1998	50	Zaragoza	25 a 29	Mujeres	31019
1998	50	Zaragoza	30 a 34	Mujeres	31122
1998	50	Zaragoza	35 a 39	Mujeres	30534
1998	50	Zaragoza	40 a 44	Mujeres	28188
1998	50	Zaragoza	45 a 49	Mujeres	27185
1998	50	Zaragoza	50 a 54	Mujeres	26059
1998	50	Zaragoza	55 a 59	Mujeres	20898
1998	50	Zaragoza	60 a 64	Mujeres	24690
1998	50	Zaragoza	65 a 69	Mujeres	25609
1998	50	Zaragoza	70 a 74	Mujeres	22992
1998	50	Zaragoza	75 a 79	Mujeres	18972
1998	50	Zaragoza	80 a 84	Mujeres	12535
1998	50	Zaragoza	85 a 89	Mujeres	7427
1998	50	Zaragoza	90 a 94	Mujeres	2768
1998	50	Zaragoza	95 y más	Mujeres	699
1999	22	Huesca	00 a 04	Mujeres	3649
1999	22	Huesca	05 a 09	Mujeres	3993
1999	22	Huesca	10 a 14	Mujeres	4594
1999	22	Huesca	15 a 19	Mujeres	5642
1999	22	Huesca	20 a 24	Mujeres	6575
1999	22	Huesca	25 a 29	Mujeres	6731
1999	22	Huesca	30 a 34	Mujeres	7161
1999	22	Huesca	35 a 39	Mujeres	7389
1999	22	Huesca	40 a 44	Mujeres	6659
1999	22	Huesca	45 a 49	Mujeres	5762
1999	22	Huesca	50 a 54	Mujeres	5733
1999	22	Huesca	55 a 59	Mujeres	4816
1999	22	Huesca	60 a 64	Mujeres	5741
1999	22	Huesca	65 a 69	Mujeres	6823
1999	22	Huesca	70 a 74	Mujeres	6501
1999	22	Huesca	75 a 79	Mujeres	5564
1999	22	Huesca	80 a 84	Mujeres	3886
1999	22	Huesca	85 a 89	Mujeres	2412
1999	22	Huesca	90 a 94	Mujeres	904
1999	22	Huesca	95 y más	Mujeres	221
1999	44	Teruel	00 a 04	Mujeres	2454
1999	44	Teruel	05 a 09	Mujeres	2937
1999	44	Teruel	10 a 14	Mujeres	3297
1999	44	Teruel	15 a 19	Mujeres	3570
1999	44	Teruel	20 a 24	Mujeres	3869
1999	44	Teruel	25 a 29	Mujeres	3963
1999	44	Teruel	30 a 34	Mujeres	4640
1999	44	Teruel	35 a 39	Mujeres	4589
1999	44	Teruel	40 a 44	Mujeres	3943
1999	44	Teruel	45 a 49	Mujeres	3446
1999	44	Teruel	50 a 54	Mujeres	3323
1999	44	Teruel	55 a 59	Mujeres	3088
1999	44	Teruel	60 a 64	Mujeres	4168
1999	44	Teruel	65 a 69	Mujeres	5123
1999	44	Teruel	70 a 74	Mujeres	4756
1999	44	Teruel	75 a 79	Mujeres	4076
1999	44	Teruel	80 a 84	Mujeres	2754
1999	44	Teruel	85 a 89	Mujeres	1880
1999	44	Teruel	90 a 94	Mujeres	770
1999	44	Teruel	95 y más	Mujeres	193
1999	50	Zaragoza	00 a 04	Mujeres	14874
1999	50	Zaragoza	05 a 09	Mujeres	17121
1999	50	Zaragoza	10 a 14	Mujeres	19527
1999	50	Zaragoza	15 a 19	Mujeres	24748
1999	50	Zaragoza	20 a 24	Mujeres	31470
1999	50	Zaragoza	25 a 29	Mujeres	31602
1999	50	Zaragoza	30 a 34	Mujeres	31467
1999	50	Zaragoza	35 a 39	Mujeres	31092
1999	50	Zaragoza	40 a 44	Mujeres	29221
1999	50	Zaragoza	45 a 49	Mujeres	27322
1999	50	Zaragoza	50 a 54	Mujeres	27086
1999	50	Zaragoza	55 a 59	Mujeres	22603
1999	50	Zaragoza	60 a 64	Mujeres	23389
1999	50	Zaragoza	65 a 69	Mujeres	26270
1999	50	Zaragoza	70 a 74	Mujeres	23709
1999	50	Zaragoza	75 a 79	Mujeres	20198
1999	50	Zaragoza	80 a 84	Mujeres	13199
1999	50	Zaragoza	85 a 89	Mujeres	7905
1999	50	Zaragoza	90 a 94	Mujeres	2995
1999	50	Zaragoza	95 y más	Mujeres	776
2000	22	Huesca	00 a 04	Mujeres	3680
2000	22	Huesca	05 a 09	Mujeres	4066
2000	22	Huesca	10 a 14	Mujeres	4466
2000	22	Huesca	15 a 19	Mujeres	5427
2000	22	Huesca	20 a 24	Mujeres	6635
2000	22	Huesca	25 a 29	Mujeres	6862
2000	22	Huesca	30 a 34	Mujeres	7342
2000	22	Huesca	35 a 39	Mujeres	7570
2000	22	Huesca	40 a 44	Mujeres	6958
2000	22	Huesca	45 a 49	Mujeres	5925
2000	22	Huesca	50 a 54	Mujeres	5831
2000	22	Huesca	55 a 59	Mujeres	5259
2000	22	Huesca	60 a 64	Mujeres	5280
2000	22	Huesca	65 a 69	Mujeres	6776
2000	22	Huesca	70 a 74	Mujeres	6606
2000	22	Huesca	75 a 79	Mujeres	5867
2000	22	Huesca	80 a 84	Mujeres	3846
2000	22	Huesca	85 a 89	Mujeres	2570
2000	22	Huesca	90 a 94	Mujeres	958
2000	22	Huesca	95 y más	Mujeres	248
2000	44	Teruel	00 a 04	Mujeres	2359
2000	44	Teruel	05 a 09	Mujeres	2949
2000	44	Teruel	10 a 14	Mujeres	3277
2000	44	Teruel	15 a 19	Mujeres	3514
2000	44	Teruel	20 a 24	Mujeres	3874
2000	44	Teruel	25 a 29	Mujeres	4079
2000	44	Teruel	30 a 34	Mujeres	4628
2000	44	Teruel	35 a 39	Mujeres	4817
2000	44	Teruel	40 a 44	Mujeres	4219
2000	44	Teruel	45 a 49	Mujeres	3481
2000	44	Teruel	50 a 54	Mujeres	3333
2000	44	Teruel	55 a 59	Mujeres	3393
2000	44	Teruel	60 a 64	Mujeres	3752
2000	44	Teruel	65 a 69	Mujeres	5020
2000	44	Teruel	70 a 74	Mujeres	4797
2000	44	Teruel	75 a 79	Mujeres	4271
2000	44	Teruel	80 a 84	Mujeres	2818
2000	44	Teruel	85 a 89	Mujeres	1968
2000	44	Teruel	90 a 94	Mujeres	800
2000	44	Teruel	95 y más	Mujeres	224
2000	50	Zaragoza	00 a 04	Mujeres	15695
2000	50	Zaragoza	05 a 09	Mujeres	17177
2000	50	Zaragoza	10 a 14	Mujeres	19274
2000	50	Zaragoza	15 a 19	Mujeres	23631
2000	50	Zaragoza	20 a 24	Mujeres	31158
2000	50	Zaragoza	25 a 29	Mujeres	32583
2000	50	Zaragoza	30 a 34	Mujeres	31836
2000	50	Zaragoza	35 a 39	Mujeres	31999
2000	50	Zaragoza	40 a 44	Mujeres	30358
2000	50	Zaragoza	45 a 49	Mujeres	27460
2000	50	Zaragoza	50 a 54	Mujeres	27696
2000	50	Zaragoza	55 a 59	Mujeres	24174
2000	50	Zaragoza	60 a 64	Mujeres	21938
2000	50	Zaragoza	65 a 69	Mujeres	26311
2000	50	Zaragoza	70 a 74	Mujeres	24135
2000	50	Zaragoza	75 a 79	Mujeres	21185
2000	50	Zaragoza	80 a 84	Mujeres	13641
2000	50	Zaragoza	85 a 89	Mujeres	8331
2000	50	Zaragoza	90 a 94	Mujeres	3209
2000	50	Zaragoza	95 y más	Mujeres	886
2001	22	Huesca	00 a 04	Mujeres	3687
2001	22	Huesca	05 a 09	Mujeres	4047
2001	22	Huesca	10 a 14	Mujeres	4358
2001	22	Huesca	15 a 19	Mujeres	5123
2001	22	Huesca	20 a 24	Mujeres	6559
2001	22	Huesca	25 a 29	Mujeres	6897
2001	22	Huesca	30 a 34	Mujeres	7177
2001	22	Huesca	35 a 39	Mujeres	7574
2001	22	Huesca	40 a 44	Mujeres	7207
2001	22	Huesca	45 a 49	Mujeres	6200
2001	22	Huesca	50 a 54	Mujeres	5668
2001	22	Huesca	55 a 59	Mujeres	5426
2001	22	Huesca	60 a 64	Mujeres	5088
2001	22	Huesca	65 a 69	Mujeres	6528
2001	22	Huesca	70 a 74	Mujeres	6712
2001	22	Huesca	75 a 79	Mujeres	5898
2001	22	Huesca	80 a 84	Mujeres	4041
2001	22	Huesca	85 a 89	Mujeres	2675
2001	22	Huesca	90 a 94	Mujeres	1036
2001	22	Huesca	95 y más	Mujeres	297
2001	44	Teruel	00 a 04	Mujeres	2305
2001	44	Teruel	05 a 09	Mujeres	2876
2001	44	Teruel	10 a 14	Mujeres	3245
2001	44	Teruel	15 a 19	Mujeres	3409
2001	44	Teruel	20 a 24	Mujeres	3799
2001	44	Teruel	25 a 29	Mujeres	4080
2001	44	Teruel	30 a 34	Mujeres	4521
2001	44	Teruel	35 a 39	Mujeres	4827
2001	44	Teruel	40 a 44	Mujeres	4321
2001	44	Teruel	45 a 49	Mujeres	3621
2001	44	Teruel	50 a 54	Mujeres	3351
2001	44	Teruel	55 a 59	Mujeres	3316
2001	44	Teruel	60 a 64	Mujeres	3539
2001	44	Teruel	65 a 69	Mujeres	4946
2001	44	Teruel	70 a 74	Mujeres	4887
2001	44	Teruel	75 a 79	Mujeres	4310
2001	44	Teruel	80 a 84	Mujeres	2903
2001	44	Teruel	85 a 89	Mujeres	1981
2001	44	Teruel	90 a 94	Mujeres	857
2001	44	Teruel	95 y más	Mujeres	265
2001	50	Zaragoza	00 a 04	Mujeres	15666
2001	50	Zaragoza	05 a 09	Mujeres	17306
2001	50	Zaragoza	10 a 14	Mujeres	18719
2001	50	Zaragoza	15 a 19	Mujeres	22636
2001	50	Zaragoza	20 a 24	Mujeres	30730
2001	50	Zaragoza	25 a 29	Mujeres	33474
2001	50	Zaragoza	30 a 34	Mujeres	32527
2001	50	Zaragoza	35 a 39	Mujeres	32370
2001	50	Zaragoza	40 a 44	Mujeres	31452
2001	50	Zaragoza	45 a 49	Mujeres	28082
2001	50	Zaragoza	50 a 54	Mujeres	27548
2001	50	Zaragoza	55 a 59	Mujeres	24757
2001	50	Zaragoza	60 a 64	Mujeres	21819
2001	50	Zaragoza	65 a 69	Mujeres	25943
2001	50	Zaragoza	70 a 74	Mujeres	24639
2001	50	Zaragoza	75 a 79	Mujeres	21471
2001	50	Zaragoza	80 a 84	Mujeres	14526
2001	50	Zaragoza	85 a 89	Mujeres	8539
2001	50	Zaragoza	90 a 94	Mujeres	3475
2001	50	Zaragoza	95 y más	Mujeres	975
2002	22	Huesca	00 a 04	Mujeres	3928
2002	22	Huesca	05 a 09	Mujeres	4065
2002	22	Huesca	10 a 14	Mujeres	4303
2002	22	Huesca	15 a 19	Mujeres	5030
2002	22	Huesca	20 a 24	Mujeres	6518
2002	22	Huesca	25 a 29	Mujeres	7216
2002	22	Huesca	30 a 34	Mujeres	7299
2002	22	Huesca	35 a 39	Mujeres	7670
2002	22	Huesca	40 a 44	Mujeres	7382
2002	22	Huesca	45 a 49	Mujeres	6438
2002	22	Huesca	50 a 54	Mujeres	5737
2002	22	Huesca	55 a 59	Mujeres	5649
2002	22	Huesca	60 a 64	Mujeres	4699
2002	22	Huesca	65 a 69	Mujeres	6525
2002	22	Huesca	70 a 74	Mujeres	6650
2002	22	Huesca	75 a 79	Mujeres	5991
2002	22	Huesca	80 a 84	Mujeres	4248
2002	22	Huesca	85 a 89	Mujeres	2695
2002	22	Huesca	90 a 94	Mujeres	1051
2002	22	Huesca	95 y más	Mujeres	303
2002	44	Teruel	00 a 04	Mujeres	2347
2002	44	Teruel	05 a 09	Mujeres	2810
2002	44	Teruel	10 a 14	Mujeres	3214
2002	44	Teruel	15 a 19	Mujeres	3412
2002	44	Teruel	20 a 24	Mujeres	3870
2002	44	Teruel	25 a 29	Mujeres	4179
2002	44	Teruel	30 a 34	Mujeres	4493
2002	44	Teruel	35 a 39	Mujeres	4860
2002	44	Teruel	40 a 44	Mujeres	4556
2002	44	Teruel	45 a 49	Mujeres	3803
2002	44	Teruel	50 a 54	Mujeres	3396
2002	44	Teruel	55 a 59	Mujeres	3374
2002	44	Teruel	60 a 64	Mujeres	3268
2002	44	Teruel	65 a 69	Mujeres	4809
2002	44	Teruel	70 a 74	Mujeres	4889
2002	44	Teruel	75 a 79	Mujeres	4346
2002	44	Teruel	80 a 84	Mujeres	3007
2002	44	Teruel	85 a 89	Mujeres	1917
2002	44	Teruel	90 a 94	Mujeres	844
2002	44	Teruel	95 y más	Mujeres	266
2002	50	Zaragoza	00 a 04	Mujeres	16600
2002	50	Zaragoza	05 a 09	Mujeres	17613
2002	50	Zaragoza	10 a 14	Mujeres	18680
2002	50	Zaragoza	15 a 19	Mujeres	21995
2002	50	Zaragoza	20 a 24	Mujeres	30069
2002	50	Zaragoza	25 a 29	Mujeres	34459
2002	50	Zaragoza	30 a 34	Mujeres	33501
2002	50	Zaragoza	35 a 39	Mujeres	33278
2002	50	Zaragoza	40 a 44	Mujeres	32259
2002	50	Zaragoza	45 a 49	Mujeres	28914
2002	50	Zaragoza	50 a 54	Mujeres	27632
2002	50	Zaragoza	55 a 59	Mujeres	25824
2002	50	Zaragoza	60 a 64	Mujeres	20818
2002	50	Zaragoza	65 a 69	Mujeres	25996
2002	50	Zaragoza	70 a 74	Mujeres	24696
2002	50	Zaragoza	75 a 79	Mujeres	21706
2002	50	Zaragoza	80 a 84	Mujeres	15214
2002	50	Zaragoza	85 a 89	Mujeres	8680
2002	50	Zaragoza	90 a 94	Mujeres	3585
2002	50	Zaragoza	95 y más	Mujeres	983
2003	22	Huesca	00 a 04	Mujeres	4047
2003	22	Huesca	05 a 09	Mujeres	4106
2003	22	Huesca	10 a 14	Mujeres	4341
2003	22	Huesca	15 a 19	Mujeres	4935
2003	22	Huesca	20 a 24	Mujeres	6436
2003	22	Huesca	25 a 29	Mujeres	7346
2003	22	Huesca	30 a 34	Mujeres	7346
2003	22	Huesca	35 a 39	Mujeres	7765
2003	22	Huesca	40 a 44	Mujeres	7501
2003	22	Huesca	45 a 49	Mujeres	6657
2003	22	Huesca	50 a 54	Mujeres	5953
2003	22	Huesca	55 a 59	Mujeres	5710
2003	22	Huesca	60 a 64	Mujeres	4611
2003	22	Huesca	65 a 69	Mujeres	6210
2003	22	Huesca	70 a 74	Mujeres	6693
2003	22	Huesca	75 a 79	Mujeres	5971
2003	22	Huesca	80 a 84	Mujeres	4529
2003	22	Huesca	85 a 89	Mujeres	2690
2003	22	Huesca	90 a 94	Mujeres	1163
2003	22	Huesca	95 y más	Mujeres	314
2003	44	Teruel	00 a 04	Mujeres	2403
2003	44	Teruel	05 a 09	Mujeres	2828
2003	44	Teruel	10 a 14	Mujeres	3219
2003	44	Teruel	15 a 19	Mujeres	3362
2003	44	Teruel	20 a 24	Mujeres	3942
2003	44	Teruel	25 a 29	Mujeres	4297
2003	44	Teruel	30 a 34	Mujeres	4369
2003	44	Teruel	35 a 39	Mujeres	4942
2003	44	Teruel	40 a 44	Mujeres	4690
2003	44	Teruel	45 a 49	Mujeres	3938
2003	44	Teruel	50 a 54	Mujeres	3481
2003	44	Teruel	55 a 59	Mujeres	3442
2003	44	Teruel	60 a 64	Mujeres	3069
2003	44	Teruel	65 a 69	Mujeres	4606
2003	44	Teruel	70 a 74	Mujeres	4939
2003	44	Teruel	75 a 79	Mujeres	4321
2003	44	Teruel	80 a 84	Mujeres	3198
2003	44	Teruel	85 a 89	Mujeres	1829
2003	44	Teruel	90 a 94	Mujeres	880
2003	44	Teruel	95 y más	Mujeres	290
2003	50	Zaragoza	00 a 04	Mujeres	17528
2003	50	Zaragoza	05 a 09	Mujeres	17845
2003	50	Zaragoza	10 a 14	Mujeres	18886
2003	50	Zaragoza	15 a 19	Mujeres	21545
2003	50	Zaragoza	20 a 24	Mujeres	29346
2003	50	Zaragoza	25 a 29	Mujeres	35044
2003	50	Zaragoza	30 a 34	Mujeres	34054
2003	50	Zaragoza	35 a 39	Mujeres	33863
2003	50	Zaragoza	40 a 44	Mujeres	32871
2003	50	Zaragoza	45 a 49	Mujeres	29651
2003	50	Zaragoza	50 a 54	Mujeres	28028
2003	50	Zaragoza	55 a 59	Mujeres	26550
2003	50	Zaragoza	60 a 64	Mujeres	21223
2003	50	Zaragoza	65 a 69	Mujeres	24872
2003	50	Zaragoza	70 a 74	Mujeres	25170
2003	50	Zaragoza	75 a 79	Mujeres	21610
2003	50	Zaragoza	80 a 84	Mujeres	16129
2003	50	Zaragoza	85 a 89	Mujeres	8650
2003	50	Zaragoza	90 a 94	Mujeres	3673
2003	50	Zaragoza	95 y más	Mujeres	973
2004	22	Huesca	00 a 04	Mujeres	4085
2004	22	Huesca	05 a 09	Mujeres	4177
2004	22	Huesca	10 a 14	Mujeres	4315
2004	22	Huesca	15 a 19	Mujeres	4849
2004	22	Huesca	20 a 24	Mujeres	6184
2004	22	Huesca	25 a 29	Mujeres	7488
2004	22	Huesca	30 a 34	Mujeres	7467
2004	22	Huesca	35 a 39	Mujeres	7776
2004	22	Huesca	40 a 44	Mujeres	7787
2004	22	Huesca	45 a 49	Mujeres	6856
2004	22	Huesca	50 a 54	Mujeres	5927
2004	22	Huesca	55 a 59	Mujeres	5863
2004	22	Huesca	60 a 64	Mujeres	4883
2004	22	Huesca	65 a 69	Mujeres	5716
2004	22	Huesca	70 a 74	Mujeres	6603
2004	22	Huesca	75 a 79	Mujeres	6059
2004	22	Huesca	80 a 84	Mujeres	4707
2004	22	Huesca	85 a 89	Mujeres	2682
2004	22	Huesca	90 a 94	Mujeres	1176
2004	22	Huesca	95 y más	Mujeres	340
2004	44	Teruel	00 a 04	Mujeres	2445
2004	44	Teruel	05 a 09	Mujeres	2806
2004	44	Teruel	10 a 14	Mujeres	3127
2004	44	Teruel	15 a 19	Mujeres	3429
2004	44	Teruel	20 a 24	Mujeres	3871
2004	44	Teruel	25 a 29	Mujeres	4393
2004	44	Teruel	30 a 34	Mujeres	4346
2004	44	Teruel	35 a 39	Mujeres	4897
2004	44	Teruel	40 a 44	Mujeres	4826
2004	44	Teruel	45 a 49	Mujeres	4107
2004	44	Teruel	50 a 54	Mujeres	3609
2004	44	Teruel	55 a 59	Mujeres	3466
2004	44	Teruel	60 a 64	Mujeres	3166
2004	44	Teruel	65 a 69	Mujeres	4120
2004	44	Teruel	70 a 74	Mujeres	4961
2004	44	Teruel	75 a 79	Mujeres	4332
2004	44	Teruel	80 a 84	Mujeres	3377
2004	44	Teruel	85 a 89	Mujeres	1804
2004	44	Teruel	90 a 94	Mujeres	907
2004	44	Teruel	95 y más	Mujeres	271
2004	50	Zaragoza	00 a 04	Mujeres	18341
2004	50	Zaragoza	05 a 09	Mujeres	18109
2004	50	Zaragoza	10 a 14	Mujeres	19052
2004	50	Zaragoza	15 a 19	Mujeres	21455
2004	50	Zaragoza	20 a 24	Mujeres	28460
2004	50	Zaragoza	25 a 29	Mujeres	35776
2004	50	Zaragoza	30 a 34	Mujeres	35299
2004	50	Zaragoza	35 a 39	Mujeres	34923
2004	50	Zaragoza	40 a 44	Mujeres	33528
2004	50	Zaragoza	45 a 49	Mujeres	30785
2004	50	Zaragoza	50 a 54	Mujeres	28101
2004	50	Zaragoza	55 a 59	Mujeres	27416
2004	50	Zaragoza	60 a 64	Mujeres	22718
2004	50	Zaragoza	65 a 69	Mujeres	23224
2004	50	Zaragoza	70 a 74	Mujeres	25396
2004	50	Zaragoza	75 a 79	Mujeres	21960
2004	50	Zaragoza	80 a 84	Mujeres	16920
2004	50	Zaragoza	85 a 89	Mujeres	9116
2004	50	Zaragoza	90 a 94	Mujeres	3845
2004	50	Zaragoza	95 y más	Mujeres	1086
2005	22	Huesca	00 a 04	Mujeres	4116
2005	22	Huesca	05 a 09	Mujeres	4292
2005	22	Huesca	10 a 14	Mujeres	4362
2005	22	Huesca	15 a 19	Mujeres	4772
2005	22	Huesca	20 a 24	Mujeres	6080
2005	22	Huesca	25 a 29	Mujeres	7629
2005	22	Huesca	30 a 34	Mujeres	7555
2005	22	Huesca	35 a 39	Mujeres	7819
2005	22	Huesca	40 a 44	Mujeres	7932
2005	22	Huesca	45 a 49	Mujeres	7128
2005	22	Huesca	50 a 54	Mujeres	6070
2005	22	Huesca	55 a 59	Mujeres	5904
2005	22	Huesca	60 a 64	Mujeres	5288
2005	22	Huesca	65 a 69	Mujeres	5236
2005	22	Huesca	70 a 74	Mujeres	6478
2005	22	Huesca	75 a 79	Mujeres	6080
2005	22	Huesca	80 a 84	Mujeres	4950
2005	22	Huesca	85 a 89	Mujeres	2673
2005	22	Huesca	90 a 94	Mujeres	1281
2005	22	Huesca	95 y más	Mujeres	350
2005	44	Teruel	00 a 04	Mujeres	2500
2005	44	Teruel	05 a 09	Mujeres	2737
2005	44	Teruel	10 a 14	Mujeres	3181
2005	44	Teruel	15 a 19	Mujeres	3453
2005	44	Teruel	20 a 24	Mujeres	3867
2005	44	Teruel	25 a 29	Mujeres	4353
2005	44	Teruel	30 a 34	Mujeres	4432
2005	44	Teruel	35 a 39	Mujeres	4897
2005	44	Teruel	40 a 44	Mujeres	5004
2005	44	Teruel	45 a 49	Mujeres	4391
2005	44	Teruel	50 a 54	Mujeres	3635
2005	44	Teruel	55 a 59	Mujeres	3442
2005	44	Teruel	60 a 64	Mujeres	3436
2005	44	Teruel	65 a 69	Mujeres	3678
2005	44	Teruel	70 a 74	Mujeres	4839
2005	44	Teruel	75 a 79	Mujeres	4355
2005	44	Teruel	80 a 84	Mujeres	3523
2005	44	Teruel	85 a 89	Mujeres	1872
2005	44	Teruel	90 a 94	Mujeres	953
2005	44	Teruel	95 y más	Mujeres	270
2005	50	Zaragoza	00 a 04	Mujeres	19420
2005	50	Zaragoza	05 a 09	Mujeres	18338
2005	50	Zaragoza	10 a 14	Mujeres	19197
2005	50	Zaragoza	15 a 19	Mujeres	21342
2005	50	Zaragoza	20 a 24	Mujeres	27766
2005	50	Zaragoza	25 a 29	Mujeres	36138
2005	50	Zaragoza	30 a 34	Mujeres	36542
2005	50	Zaragoza	35 a 39	Mujeres	35141
2005	50	Zaragoza	40 a 44	Mujeres	34454
2005	50	Zaragoza	45 a 49	Mujeres	31930
2005	50	Zaragoza	50 a 54	Mujeres	28208
2005	50	Zaragoza	55 a 59	Mujeres	27974
2005	50	Zaragoza	60 a 64	Mujeres	24216
2005	50	Zaragoza	65 a 69	Mujeres	21630
2005	50	Zaragoza	70 a 74	Mujeres	25411
2005	50	Zaragoza	75 a 79	Mujeres	22186
2005	50	Zaragoza	80 a 84	Mujeres	17748
2005	50	Zaragoza	85 a 89	Mujeres	9244
2005	50	Zaragoza	90 a 94	Mujeres	4069
2005	50	Zaragoza	95 y más	Mujeres	1112
2006	22	Huesca	00 a 04	Mujeres	4324
2006	22	Huesca	05 a 09	Mujeres	4415
2006	22	Huesca	10 a 14	Mujeres	4435
2006	22	Huesca	15 a 19	Mujeres	4745
2006	22	Huesca	20 a 24	Mujeres	5896
2006	22	Huesca	25 a 29	Mujeres	7633
2006	22	Huesca	30 a 34	Mujeres	7745
2006	22	Huesca	35 a 39	Mujeres	7841
2006	22	Huesca	40 a 44	Mujeres	8059
2006	22	Huesca	45 a 49	Mujeres	7442
2006	22	Huesca	50 a 54	Mujeres	6353
2006	22	Huesca	55 a 59	Mujeres	5773
2006	22	Huesca	60 a 64	Mujeres	5462
2006	22	Huesca	65 a 69	Mujeres	5053
2006	22	Huesca	70 a 74	Mujeres	6258
2006	22	Huesca	75 a 79	Mujeres	6197
2006	22	Huesca	80 a 84	Mujeres	4920
2006	22	Huesca	85 a 89	Mujeres	2823
2006	22	Huesca	90 a 94	Mujeres	1300
2006	22	Huesca	95 y más	Mujeres	366
2006	44	Teruel	00 a 04	Mujeres	2527
2006	44	Teruel	05 a 09	Mujeres	2762
2006	44	Teruel	10 a 14	Mujeres	3110
2006	44	Teruel	15 a 19	Mujeres	3472
2006	44	Teruel	20 a 24	Mujeres	3832
2006	44	Teruel	25 a 29	Mujeres	4357
2006	44	Teruel	30 a 34	Mujeres	4484
2006	44	Teruel	35 a 39	Mujeres	4895
2006	44	Teruel	40 a 44	Mujeres	5062
2006	44	Teruel	45 a 49	Mujeres	4505
2006	44	Teruel	50 a 54	Mujeres	3803
2006	44	Teruel	55 a 59	Mujeres	3468
2006	44	Teruel	60 a 64	Mujeres	3352
2006	44	Teruel	65 a 69	Mujeres	3522
2006	44	Teruel	70 a 74	Mujeres	4755
2006	44	Teruel	75 a 79	Mujeres	4449
2006	44	Teruel	80 a 84	Mujeres	3553
2006	44	Teruel	85 a 89	Mujeres	1921
2006	44	Teruel	90 a 94	Mujeres	975
2006	44	Teruel	95 y más	Mujeres	287
2006	50	Zaragoza	00 a 04	Mujeres	19860
2006	50	Zaragoza	05 a 09	Mujeres	18574
2006	50	Zaragoza	10 a 14	Mujeres	19412
2006	50	Zaragoza	15 a 19	Mujeres	20953
2006	50	Zaragoza	20 a 24	Mujeres	26825
2006	50	Zaragoza	25 a 29	Mujeres	35575
2006	50	Zaragoza	30 a 34	Mujeres	37096
2006	50	Zaragoza	35 a 39	Mujeres	35509
2006	50	Zaragoza	40 a 44	Mujeres	34601
2006	50	Zaragoza	45 a 49	Mujeres	32950
2006	50	Zaragoza	50 a 54	Mujeres	28741
2006	50	Zaragoza	55 a 59	Mujeres	27846
2006	50	Zaragoza	60 a 64	Mujeres	24717
2006	50	Zaragoza	65 a 69	Mujeres	21467
2006	50	Zaragoza	70 a 74	Mujeres	25033
2006	50	Zaragoza	75 a 79	Mujeres	22609
2006	50	Zaragoza	80 a 84	Mujeres	17824
2006	50	Zaragoza	85 a 89	Mujeres	9863
2006	50	Zaragoza	90 a 94	Mujeres	4056
2006	50	Zaragoza	95 y más	Mujeres	1170
2007	22	Huesca	00 a 04	Mujeres	4376
2007	22	Huesca	05 a 09	Mujeres	4543
2007	22	Huesca	10 a 14	Mujeres	4503
2007	22	Huesca	15 a 19	Mujeres	4719
2007	22	Huesca	20 a 24	Mujeres	5882
2007	22	Huesca	25 a 29	Mujeres	7547
2007	22	Huesca	30 a 34	Mujeres	7993
2007	22	Huesca	35 a 39	Mujeres	7895
2007	22	Huesca	40 a 44	Mujeres	8123
2007	22	Huesca	45 a 49	Mujeres	7688
2007	22	Huesca	50 a 54	Mujeres	6638
2007	22	Huesca	55 a 59	Mujeres	5829
2007	22	Huesca	60 a 64	Mujeres	5685
2007	22	Huesca	65 a 69	Mujeres	4676
2007	22	Huesca	70 a 74	Mujeres	6249
2007	22	Huesca	75 a 79	Mujeres	6103
2007	22	Huesca	80 a 84	Mujeres	5027
2007	22	Huesca	85 a 89	Mujeres	2955
2007	22	Huesca	90 a 94	Mujeres	1335
2007	22	Huesca	95 y más	Mujeres	363
2007	44	Teruel	00 a 04	Mujeres	2637
2007	44	Teruel	05 a 09	Mujeres	2784
2007	44	Teruel	10 a 14	Mujeres	3103
2007	44	Teruel	15 a 19	Mujeres	3471
2007	44	Teruel	20 a 24	Mujeres	3912
2007	44	Teruel	25 a 29	Mujeres	4454
2007	44	Teruel	30 a 34	Mujeres	4568
2007	44	Teruel	35 a 39	Mujeres	4895
2007	44	Teruel	40 a 44	Mujeres	5087
2007	44	Teruel	45 a 49	Mujeres	4773
2007	44	Teruel	50 a 54	Mujeres	3933
2007	44	Teruel	55 a 59	Mujeres	3522
2007	44	Teruel	60 a 64	Mujeres	3437
2007	44	Teruel	65 a 69	Mujeres	3242
2007	44	Teruel	70 a 74	Mujeres	4644
2007	44	Teruel	75 a 79	Mujeres	4477
2007	44	Teruel	80 a 84	Mujeres	3592
2007	44	Teruel	85 a 89	Mujeres	2058
2007	44	Teruel	90 a 94	Mujeres	904
2007	44	Teruel	95 y más	Mujeres	291
2007	50	Zaragoza	00 a 04	Mujeres	20693
2007	50	Zaragoza	05 a 09	Mujeres	19211
2007	50	Zaragoza	10 a 14	Mujeres	19538
2007	50	Zaragoza	15 a 19	Mujeres	21043
2007	50	Zaragoza	20 a 24	Mujeres	26513
2007	50	Zaragoza	25 a 29	Mujeres	35244
2007	50	Zaragoza	30 a 34	Mujeres	38149
2007	50	Zaragoza	35 a 39	Mujeres	36427
2007	50	Zaragoza	40 a 44	Mujeres	35328
2007	50	Zaragoza	45 a 49	Mujeres	33856
2007	50	Zaragoza	50 a 54	Mujeres	29708
2007	50	Zaragoza	55 a 59	Mujeres	27919
2007	50	Zaragoza	60 a 64	Mujeres	25756
2007	50	Zaragoza	65 a 69	Mujeres	20589
2007	50	Zaragoza	70 a 74	Mujeres	25168
2007	50	Zaragoza	75 a 79	Mujeres	22675
2007	50	Zaragoza	80 a 84	Mujeres	18101
2007	50	Zaragoza	85 a 89	Mujeres	10437
2007	50	Zaragoza	90 a 94	Mujeres	4180
2007	50	Zaragoza	95 y más	Mujeres	1211
2008	22	Huesca	00 a 04	Mujeres	4621
2008	22	Huesca	05 a 09	Mujeres	4674
2008	22	Huesca	10 a 14	Mujeres	4572
2008	22	Huesca	15 a 19	Mujeres	4854
2008	22	Huesca	20 a 24	Mujeres	5933
2008	22	Huesca	25 a 29	Mujeres	7623
2008	22	Huesca	30 a 34	Mujeres	8307
2008	22	Huesca	35 a 39	Mujeres	8083
2008	22	Huesca	40 a 44	Mujeres	8297
2008	22	Huesca	45 a 49	Mujeres	7879
2008	22	Huesca	50 a 54	Mujeres	6939
2008	22	Huesca	55 a 59	Mujeres	6068
2008	22	Huesca	60 a 64	Mujeres	5796
2008	22	Huesca	65 a 69	Mujeres	4580
2008	22	Huesca	70 a 74	Mujeres	5997
2008	22	Huesca	75 a 79	Mujeres	6167
2008	22	Huesca	80 a 84	Mujeres	5041
2008	22	Huesca	85 a 89	Mujeres	3164
2008	22	Huesca	90 a 94	Mujeres	1340
2008	22	Huesca	95 y más	Mujeres	397
2008	44	Teruel	00 a 04	Mujeres	2854
2008	44	Teruel	05 a 09	Mujeres	2808
2008	44	Teruel	10 a 14	Mujeres	3108
2008	44	Teruel	15 a 19	Mujeres	3472
2008	44	Teruel	20 a 24	Mujeres	4002
2008	44	Teruel	25 a 29	Mujeres	4478
2008	44	Teruel	30 a 34	Mujeres	4727
2008	44	Teruel	35 a 39	Mujeres	4825
2008	44	Teruel	40 a 44	Mujeres	5208
2008	44	Teruel	45 a 49	Mujeres	4920
2008	44	Teruel	50 a 54	Mujeres	4071
2008	44	Teruel	55 a 59	Mujeres	3586
2008	44	Teruel	60 a 64	Mujeres	3486
2008	44	Teruel	65 a 69	Mujeres	3045
2008	44	Teruel	70 a 74	Mujeres	4440
2008	44	Teruel	75 a 79	Mujeres	4549
2008	44	Teruel	80 a 84	Mujeres	3581
2008	44	Teruel	85 a 89	Mujeres	2223
2008	44	Teruel	90 a 94	Mujeres	867
2008	44	Teruel	95 y más	Mujeres	297
2008	50	Zaragoza	00 a 04	Mujeres	21826
2008	50	Zaragoza	05 a 09	Mujeres	19974
2008	50	Zaragoza	10 a 14	Mujeres	19729
2008	50	Zaragoza	15 a 19	Mujeres	21561
2008	50	Zaragoza	20 a 24	Mujeres	26865
2008	50	Zaragoza	25 a 29	Mujeres	35109
2008	50	Zaragoza	30 a 34	Mujeres	39304
2008	50	Zaragoza	35 a 39	Mujeres	37778
2008	50	Zaragoza	40 a 44	Mujeres	36389
2008	50	Zaragoza	45 a 49	Mujeres	34517
2008	50	Zaragoza	50 a 54	Mujeres	30639
2008	50	Zaragoza	55 a 59	Mujeres	28482
2008	50	Zaragoza	60 a 64	Mujeres	26521
2008	50	Zaragoza	65 a 69	Mujeres	20932
2008	50	Zaragoza	70 a 74	Mujeres	23993
2008	50	Zaragoza	75 a 79	Mujeres	23196
2008	50	Zaragoza	80 a 84	Mujeres	18177
2008	50	Zaragoza	85 a 89	Mujeres	11216
2008	50	Zaragoza	90 a 94	Mujeres	4177
2008	50	Zaragoza	95 y más	Mujeres	1251
2009	22	Huesca	00 a 04	Mujeres	4970
2009	22	Huesca	05 a 09	Mujeres	4800
2009	22	Huesca	10 a 14	Mujeres	4666
2009	22	Huesca	15 a 19	Mujeres	4831
2009	22	Huesca	20 a 24	Mujeres	5938
2009	22	Huesca	25 a 29	Mujeres	7370
2009	22	Huesca	30 a 34	Mujeres	8550
2009	22	Huesca	35 a 39	Mujeres	8218
2009	22	Huesca	40 a 44	Mujeres	8378
2009	22	Huesca	45 a 49	Mujeres	8179
2009	22	Huesca	50 a 54	Mujeres	7122
2009	22	Huesca	55 a 59	Mujeres	6092
2009	22	Huesca	60 a 64	Mujeres	5910
2009	22	Huesca	65 a 69	Mujeres	4841
2009	22	Huesca	70 a 74	Mujeres	5565
2009	22	Huesca	75 a 79	Mujeres	6110
2009	22	Huesca	80 a 84	Mujeres	5177
2009	22	Huesca	85 a 89	Mujeres	3331
2009	22	Huesca	90 a 94	Mujeres	1308
2009	22	Huesca	95 y más	Mujeres	423
2009	44	Teruel	00 a 04	Mujeres	2936
2009	44	Teruel	05 a 09	Mujeres	2933
2009	44	Teruel	10 a 14	Mujeres	3093
2009	44	Teruel	15 a 19	Mujeres	3431
2009	44	Teruel	20 a 24	Mujeres	4031
2009	44	Teruel	25 a 29	Mujeres	4456
2009	44	Teruel	30 a 34	Mujeres	4796
2009	44	Teruel	35 a 39	Mujeres	4787
2009	44	Teruel	40 a 44	Mujeres	5247
2009	44	Teruel	45 a 49	Mujeres	5066
2009	44	Teruel	50 a 54	Mujeres	4211
2009	44	Teruel	55 a 59	Mujeres	3702
2009	44	Teruel	60 a 64	Mujeres	3514
2009	44	Teruel	65 a 69	Mujeres	3126
2009	44	Teruel	70 a 74	Mujeres	3972
2009	44	Teruel	75 a 79	Mujeres	4555
2009	44	Teruel	80 a 84	Mujeres	3626
2009	44	Teruel	85 a 89	Mujeres	2339
2009	44	Teruel	90 a 94	Mujeres	895
2009	44	Teruel	95 y más	Mujeres	302
2009	50	Zaragoza	00 a 04	Mujeres	22908
2009	50	Zaragoza	05 a 09	Mujeres	20945
2009	50	Zaragoza	10 a 14	Mujeres	19813
2009	50	Zaragoza	15 a 19	Mujeres	21330
2009	50	Zaragoza	20 a 24	Mujeres	26941
2009	50	Zaragoza	25 a 29	Mujeres	34121
2009	50	Zaragoza	30 a 34	Mujeres	40042
2009	50	Zaragoza	35 a 39	Mujeres	38612
2009	50	Zaragoza	40 a 44	Mujeres	37261
2009	50	Zaragoza	45 a 49	Mujeres	35126
2009	50	Zaragoza	50 a 54	Mujeres	31723
2009	50	Zaragoza	55 a 59	Mujeres	28405
2009	50	Zaragoza	60 a 64	Mujeres	27298
2009	50	Zaragoza	65 a 69	Mujeres	22369
2009	50	Zaragoza	70 a 74	Mujeres	22405
2009	50	Zaragoza	75 a 79	Mujeres	23519
2009	50	Zaragoza	80 a 84	Mujeres	18454
2009	50	Zaragoza	85 a 89	Mujeres	11820
2009	50	Zaragoza	90 a 94	Mujeres	4441
2009	50	Zaragoza	95 y más	Mujeres	1324
2010	22	Huesca	00 a 04	Mujeres	5032
2010	22	Huesca	05 a 09	Mujeres	4870
2010	22	Huesca	10 a 14	Mujeres	4703
2010	22	Huesca	15 a 19	Mujeres	4808
2010	22	Huesca	20 a 24	Mujeres	5737
2010	22	Huesca	25 a 29	Mujeres	7066
2010	22	Huesca	30 a 34	Mujeres	8497
2010	22	Huesca	35 a 39	Mujeres	8250
2010	22	Huesca	40 a 44	Mujeres	8389
2010	22	Huesca	45 a 49	Mujeres	8259
2010	22	Huesca	50 a 54	Mujeres	7438
2010	22	Huesca	55 a 59	Mujeres	6172
2010	22	Huesca	60 a 64	Mujeres	5973
2010	22	Huesca	65 a 69	Mujeres	5239
2010	22	Huesca	70 a 74	Mujeres	5090
2010	22	Huesca	75 a 79	Mujeres	6016
2010	22	Huesca	80 a 84	Mujeres	5192
2010	22	Huesca	85 a 89	Mujeres	3509
2010	22	Huesca	90 a 94	Mujeres	1332
2010	22	Huesca	95 y más	Mujeres	470
2010	44	Teruel	00 a 04	Mujeres	2972
2010	44	Teruel	05 a 09	Mujeres	2951
2010	44	Teruel	10 a 14	Mujeres	3011
2010	44	Teruel	15 a 19	Mujeres	3441
2010	44	Teruel	20 a 24	Mujeres	3983
2010	44	Teruel	25 a 29	Mujeres	4202
2010	44	Teruel	30 a 34	Mujeres	4724
2010	44	Teruel	35 a 39	Mujeres	4739
2010	44	Teruel	40 a 44	Mujeres	5168
2010	44	Teruel	45 a 49	Mujeres	5202
2010	44	Teruel	50 a 54	Mujeres	4461
2010	44	Teruel	55 a 59	Mujeres	3680
2010	44	Teruel	60 a 64	Mujeres	3512
2010	44	Teruel	65 a 69	Mujeres	3393
2010	44	Teruel	70 a 74	Mujeres	3535
2010	44	Teruel	75 a 79	Mujeres	4419
2010	44	Teruel	80 a 84	Mujeres	3661
2010	44	Teruel	85 a 89	Mujeres	2416
2010	44	Teruel	90 a 94	Mujeres	938
2010	44	Teruel	95 y más	Mujeres	306
2010	50	Zaragoza	00 a 04	Mujeres	23311
2010	50	Zaragoza	05 a 09	Mujeres	21760
2010	50	Zaragoza	10 a 14	Mujeres	19900
2010	50	Zaragoza	15 a 19	Mujeres	21101
2010	50	Zaragoza	20 a 24	Mujeres	26172
2010	50	Zaragoza	25 a 29	Mujeres	32496
2010	50	Zaragoza	30 a 34	Mujeres	39685
2010	50	Zaragoza	35 a 39	Mujeres	39258
2010	50	Zaragoza	40 a 44	Mujeres	37302
2010	50	Zaragoza	45 a 49	Mujeres	35670
2010	50	Zaragoza	50 a 54	Mujeres	32734
2010	50	Zaragoza	55 a 59	Mujeres	28453
2010	50	Zaragoza	60 a 64	Mujeres	27795
2010	50	Zaragoza	65 a 69	Mujeres	23748
2010	50	Zaragoza	70 a 74	Mujeres	20916
2010	50	Zaragoza	75 a 79	Mujeres	23569
2010	50	Zaragoza	80 a 84	Mujeres	18743
2010	50	Zaragoza	85 a 89	Mujeres	12472
2010	50	Zaragoza	90 a 94	Mujeres	4646
2010	50	Zaragoza	95 y más	Mujeres	1431
2011	22	Huesca	00 a 04	Mujeres	5076
2011	22	Huesca	05 a 09	Mujeres	4894
2011	22	Huesca	10 a 14	Mujeres	4784
2011	22	Huesca	15 a 19	Mujeres	4777
2011	22	Huesca	20 a 24	Mujeres	5562
2011	22	Huesca	25 a 29	Mujeres	6728
2011	22	Huesca	30 a 34	Mujeres	8345
2011	22	Huesca	35 a 39	Mujeres	8308
2011	22	Huesca	40 a 44	Mujeres	8381
2011	22	Huesca	45 a 49	Mujeres	8286
2011	22	Huesca	50 a 54	Mujeres	7707
2011	22	Huesca	55 a 59	Mujeres	6484
2011	22	Huesca	60 a 64	Mujeres	5824
2011	22	Huesca	65 a 69	Mujeres	5404
2011	22	Huesca	70 a 74	Mujeres	4892
2011	22	Huesca	75 a 79	Mujeres	5866
2011	22	Huesca	80 a 84	Mujeres	5303
2011	22	Huesca	85 a 89	Mujeres	3575
2011	22	Huesca	90 a 94	Mujeres	1448
2011	22	Huesca	95 y más	Mujeres	493
2011	44	Teruel	00 a 04	Mujeres	3009
2011	44	Teruel	05 a 09	Mujeres	2911
2011	44	Teruel	10 a 14	Mujeres	3051
2011	44	Teruel	15 a 19	Mujeres	3354
2011	44	Teruel	20 a 24	Mujeres	3933
2011	44	Teruel	25 a 29	Mujeres	4064
2011	44	Teruel	30 a 34	Mujeres	4666
2011	44	Teruel	35 a 39	Mujeres	4723
2011	44	Teruel	40 a 44	Mujeres	5151
2011	44	Teruel	45 a 49	Mujeres	5225
2011	44	Teruel	50 a 54	Mujeres	4615
2011	44	Teruel	55 a 59	Mujeres	3795
2011	44	Teruel	60 a 64	Mujeres	3531
2011	44	Teruel	65 a 69	Mujeres	3320
2011	44	Teruel	70 a 74	Mujeres	3341
2011	44	Teruel	75 a 79	Mujeres	4376
2011	44	Teruel	80 a 84	Mujeres	3752
2011	44	Teruel	85 a 89	Mujeres	2437
2011	44	Teruel	90 a 94	Mujeres	1025
2011	44	Teruel	95 y más	Mujeres	320
2011	50	Zaragoza	00 a 04	Mujeres	23534
2011	50	Zaragoza	05 a 09	Mujeres	22270
2011	50	Zaragoza	10 a 14	Mujeres	20021
2011	50	Zaragoza	15 a 19	Mujeres	20943
2011	50	Zaragoza	20 a 24	Mujeres	24940
2011	50	Zaragoza	25 a 29	Mujeres	30870
2011	50	Zaragoza	30 a 34	Mujeres	38839
2011	50	Zaragoza	35 a 39	Mujeres	39764
2011	50	Zaragoza	40 a 44	Mujeres	37741
2011	50	Zaragoza	45 a 49	Mujeres	35843
2011	50	Zaragoza	50 a 54	Mujeres	33692
2011	50	Zaragoza	55 a 59	Mujeres	29120
2011	50	Zaragoza	60 a 64	Mujeres	27640
2011	50	Zaragoza	65 a 69	Mujeres	24256
2011	50	Zaragoza	70 a 74	Mujeres	20759
2011	50	Zaragoza	75 a 79	Mujeres	23375
2011	50	Zaragoza	80 a 84	Mujeres	19303
2011	50	Zaragoza	85 a 89	Mujeres	12713
2011	50	Zaragoza	90 a 94	Mujeres	5143
2011	50	Zaragoza	95 y más	Mujeres	1505
2012	22	Huesca	00 a 04	Mujeres	5077
2012	22	Huesca	05 a 09	Mujeres	4961
2012	22	Huesca	10 a 14	Mujeres	4865
2012	22	Huesca	15 a 19	Mujeres	4762
2012	22	Huesca	20 a 24	Mujeres	5361
2012	22	Huesca	25 a 29	Mujeres	6488
2012	22	Huesca	30 a 34	Mujeres	8071
2012	22	Huesca	35 a 39	Mujeres	8474
2012	22	Huesca	40 a 44	Mujeres	8399
2012	22	Huesca	45 a 49	Mujeres	8329
2012	22	Huesca	50 a 54	Mujeres	7840
2012	22	Huesca	55 a 59	Mujeres	6709
2012	22	Huesca	60 a 64	Mujeres	5857
2012	22	Huesca	65 a 69	Mujeres	5572
2012	22	Huesca	70 a 74	Mujeres	4543
2012	22	Huesca	75 a 79	Mujeres	5797
2012	22	Huesca	80 a 84	Mujeres	5264
2012	22	Huesca	85 a 89	Mujeres	3627
2012	22	Huesca	90 a 94	Mujeres	1600
2012	22	Huesca	95 y más	Mujeres	501
2012	44	Teruel	00 a 04	Mujeres	3068
2012	44	Teruel	05 a 09	Mujeres	2960
2012	44	Teruel	10 a 14	Mujeres	3034
2012	44	Teruel	15 a 19	Mujeres	3281
2012	44	Teruel	20 a 24	Mujeres	3834
2012	44	Teruel	25 a 29	Mujeres	3968
2012	44	Teruel	30 a 34	Mujeres	4589
2012	44	Teruel	35 a 39	Mujeres	4657
2012	44	Teruel	40 a 44	Mujeres	5097
2012	44	Teruel	45 a 49	Mujeres	5173
2012	44	Teruel	50 a 54	Mujeres	4825
2012	44	Teruel	55 a 59	Mujeres	3908
2012	44	Teruel	60 a 64	Mujeres	3519
2012	44	Teruel	65 a 69	Mujeres	3348
2012	44	Teruel	70 a 74	Mujeres	3086
2012	44	Teruel	75 a 79	Mujeres	4281
2012	44	Teruel	80 a 84	Mujeres	3799
2012	44	Teruel	85 a 89	Mujeres	2453
2012	44	Teruel	90 a 94	Mujeres	1046
2012	44	Teruel	95 y más	Mujeres	324
2012	50	Zaragoza	00 a 04	Mujeres	23550
2012	50	Zaragoza	05 a 09	Mujeres	22697
2012	50	Zaragoza	10 a 14	Mujeres	20462
2012	50	Zaragoza	15 a 19	Mujeres	20846
2012	50	Zaragoza	20 a 24	Mujeres	24347
2012	50	Zaragoza	25 a 29	Mujeres	29908
2012	50	Zaragoza	30 a 34	Mujeres	37985
2012	50	Zaragoza	35 a 39	Mujeres	40226
2012	50	Zaragoza	40 a 44	Mujeres	38416
2012	50	Zaragoza	45 a 49	Mujeres	36328
2012	50	Zaragoza	50 a 54	Mujeres	34423
2012	50	Zaragoza	55 a 59	Mujeres	29960
2012	50	Zaragoza	60 a 64	Mujeres	27725
2012	50	Zaragoza	65 a 69	Mujeres	25300
2012	50	Zaragoza	70 a 74	Mujeres	19928
2012	50	Zaragoza	75 a 79	Mujeres	23490
2012	50	Zaragoza	80 a 84	Mujeres	19520
2012	50	Zaragoza	85 a 89	Mujeres	12981
2012	50	Zaragoza	90 a 94	Mujeres	5581
2012	50	Zaragoza	95 y más	Mujeres	1549
2013	22	Huesca	00 a 04	Mujeres	5040
2013	22	Huesca	05 a 09	Mujeres	5059
2013	22	Huesca	10 a 14	Mujeres	4865
2013	22	Huesca	15 a 19	Mujeres	4670
2013	22	Huesca	20 a 24	Mujeres	5205
2013	22	Huesca	25 a 29	Mujeres	6178
2013	22	Huesca	30 a 34	Mujeres	7794
2013	22	Huesca	35 a 39	Mujeres	8452
2013	22	Huesca	40 a 44	Mujeres	8306
2013	22	Huesca	45 a 49	Mujeres	8329
2013	22	Huesca	50 a 54	Mujeres	7929
2013	22	Huesca	55 a 59	Mujeres	6880
2013	22	Huesca	60 a 64	Mujeres	6026
2013	22	Huesca	65 a 69	Mujeres	5618
2013	22	Huesca	70 a 74	Mujeres	4390
2013	22	Huesca	75 a 79	Mujeres	5571
2013	22	Huesca	80 a 84	Mujeres	5330
2013	22	Huesca	85 a 89	Mujeres	3713
2013	22	Huesca	90 a 94	Mujeres	1689
2013	22	Huesca	95 y más	Mujeres	504
2013	44	Teruel	00 a 04	Mujeres	3018
2013	44	Teruel	05 a 09	Mujeres	3039
2013	44	Teruel	10 a 14	Mujeres	2980
2013	44	Teruel	15 a 19	Mujeres	3159
2013	44	Teruel	20 a 24	Mujeres	3690
2013	44	Teruel	25 a 29	Mujeres	3981
2013	44	Teruel	30 a 34	Mujeres	4346
2013	44	Teruel	35 a 39	Mujeres	4694
2013	44	Teruel	40 a 44	Mujeres	4935
2013	44	Teruel	45 a 49	Mujeres	5219
2013	44	Teruel	50 a 54	Mujeres	4882
2013	44	Teruel	55 a 59	Mujeres	4007
2013	44	Teruel	60 a 64	Mujeres	3535
2013	44	Teruel	65 a 69	Mujeres	3420
2013	44	Teruel	70 a 74	Mujeres	2897
2013	44	Teruel	75 a 79	Mujeres	4089
2013	44	Teruel	80 a 84	Mujeres	3818
2013	44	Teruel	85 a 89	Mujeres	2503
2013	44	Teruel	90 a 94	Mujeres	1110
2013	44	Teruel	95 y más	Mujeres	332
2013	50	Zaragoza	00 a 04	Mujeres	22994
2013	50	Zaragoza	05 a 09	Mujeres	23281
2013	50	Zaragoza	10 a 14	Mujeres	20777
2013	50	Zaragoza	15 a 19	Mujeres	20586
2013	50	Zaragoza	20 a 24	Mujeres	23661
2013	50	Zaragoza	25 a 29	Mujeres	28927
2013	50	Zaragoza	30 a 34	Mujeres	36505
2013	50	Zaragoza	35 a 39	Mujeres	40478
2013	50	Zaragoza	40 a 44	Mujeres	38679
2013	50	Zaragoza	45 a 49	Mujeres	37104
2013	50	Zaragoza	50 a 54	Mujeres	34735
2013	50	Zaragoza	55 a 59	Mujeres	30635
2013	50	Zaragoza	60 a 64	Mujeres	28146
2013	50	Zaragoza	65 a 69	Mujeres	26055
2013	50	Zaragoza	70 a 74	Mujeres	20258
2013	50	Zaragoza	75 a 79	Mujeres	22377
2013	50	Zaragoza	80 a 84	Mujeres	20053
2013	50	Zaragoza	85 a 89	Mujeres	13061
2013	50	Zaragoza	90 a 94	Mujeres	6006
2013	50	Zaragoza	95 y más	Mujeres	1643
2014	22	Huesca	00 a 04	Mujeres	4956
2014	22	Huesca	05 a 09	Mujeres	5146
2014	22	Huesca	10 a 14	Mujeres	4932
2014	22	Huesca	15 a 19	Mujeres	4719
2014	22	Huesca	20 a 24	Mujeres	5066
2014	22	Huesca	25 a 29	Mujeres	5959
2014	22	Huesca	30 a 34	Mujeres	7265
2014	22	Huesca	35 a 39	Mujeres	8417
2014	22	Huesca	40 a 44	Mujeres	8228
2014	22	Huesca	45 a 49	Mujeres	8232
2014	22	Huesca	50 a 54	Mujeres	8122
2014	22	Huesca	55 a 59	Mujeres	7057
2014	22	Huesca	60 a 64	Mujeres	6009
2014	22	Huesca	65 a 69	Mujeres	5723
2014	22	Huesca	70 a 74	Mujeres	4623
2014	22	Huesca	75 a 79	Mujeres	5162
2014	22	Huesca	80 a 84	Mujeres	5277
2014	22	Huesca	85 a 89	Mujeres	3837
2014	22	Huesca	90 a 94	Mujeres	1791
2014	22	Huesca	95 y más	Mujeres	548
2014	44	Teruel	00 a 04	Mujeres	2930
2014	44	Teruel	05 a 09	Mujeres	3020
2014	44	Teruel	10 a 14	Mujeres	2967
2014	44	Teruel	15 a 19	Mujeres	3064
2014	44	Teruel	20 a 24	Mujeres	3552
2014	44	Teruel	25 a 29	Mujeres	3920
2014	44	Teruel	30 a 34	Mujeres	4177
2014	44	Teruel	35 a 39	Mujeres	4617
2014	44	Teruel	40 a 44	Mujeres	4755
2014	44	Teruel	45 a 49	Mujeres	5199
2014	44	Teruel	50 a 54	Mujeres	4976
2014	44	Teruel	55 a 59	Mujeres	4111
2014	44	Teruel	60 a 64	Mujeres	3599
2014	44	Teruel	65 a 69	Mujeres	3448
2014	44	Teruel	70 a 74	Mujeres	2965
2014	44	Teruel	75 a 79	Mujeres	3668
2014	44	Teruel	80 a 84	Mujeres	3839
2014	44	Teruel	85 a 89	Mujeres	2571
2014	44	Teruel	90 a 94	Mujeres	1191
2014	44	Teruel	95 y más	Mujeres	347
2014	50	Zaragoza	00 a 04	Mujeres	22180
2014	50	Zaragoza	05 a 09	Mujeres	23155
2014	50	Zaragoza	10 a 14	Mujeres	20995
2014	50	Zaragoza	15 a 19	Mujeres	20013
2014	50	Zaragoza	20 a 24	Mujeres	22320
2014	50	Zaragoza	25 a 29	Mujeres	26961
2014	50	Zaragoza	30 a 34	Mujeres	33560
2014	50	Zaragoza	35 a 39	Mujeres	39642
2014	50	Zaragoza	40 a 44	Mujeres	38230
2014	50	Zaragoza	45 a 49	Mujeres	37010
2014	50	Zaragoza	50 a 54	Mujeres	34626
2014	50	Zaragoza	55 a 59	Mujeres	31136
2014	50	Zaragoza	60 a 64	Mujeres	27733
2014	50	Zaragoza	65 a 69	Mujeres	26577
2014	50	Zaragoza	70 a 74	Mujeres	21545
2014	50	Zaragoza	75 a 79	Mujeres	20834
2014	50	Zaragoza	80 a 84	Mujeres	20391
2014	50	Zaragoza	85 a 89	Mujeres	13386
2014	50	Zaragoza	90 a 94	Mujeres	6377
2014	50	Zaragoza	95 y más	Mujeres	1765
2015	22	Huesca	00 a 04	Mujeres	4797
2015	22	Huesca	05 a 09	Mujeres	5142
2015	22	Huesca	10 a 14	Mujeres	4945
2015	22	Huesca	15 a 19	Mujeres	4747
2015	22	Huesca	20 a 24	Mujeres	5034
2015	22	Huesca	25 a 29	Mujeres	5714
2015	22	Huesca	30 a 34	Mujeres	6825
2015	22	Huesca	35 a 39	Mujeres	8261
2015	22	Huesca	40 a 44	Mujeres	8118
2015	22	Huesca	45 a 49	Mujeres	8220
2015	22	Huesca	50 a 54	Mujeres	8128
2015	22	Huesca	55 a 59	Mujeres	7284
2015	22	Huesca	60 a 64	Mujeres	6036
2015	22	Huesca	65 a 69	Mujeres	5789
2015	22	Huesca	70 a 74	Mujeres	4982
2015	22	Huesca	75 a 79	Mujeres	4701
2015	22	Huesca	80 a 84	Mujeres	5243
2015	22	Huesca	85 a 89	Mujeres	3822
2015	22	Huesca	90 a 94	Mujeres	1930
2015	22	Huesca	95 y más	Mujeres	565
2015	44	Teruel	00 a 04	Mujeres	2841
2015	44	Teruel	05 a 09	Mujeres	3043
2015	44	Teruel	10 a 14	Mujeres	2940
2015	44	Teruel	15 a 19	Mujeres	2980
2015	44	Teruel	20 a 24	Mujeres	3495
2015	44	Teruel	25 a 29	Mujeres	3814
2015	44	Teruel	30 a 34	Mujeres	3977
2015	44	Teruel	35 a 39	Mujeres	4527
2015	44	Teruel	40 a 44	Mujeres	4667
2015	44	Teruel	45 a 49	Mujeres	5111
2015	44	Teruel	50 a 54	Mujeres	5113
2015	44	Teruel	55 a 59	Mujeres	4366
2015	44	Teruel	60 a 64	Mujeres	3568
2015	44	Teruel	65 a 69	Mujeres	3389
2015	44	Teruel	70 a 74	Mujeres	3221
2015	44	Teruel	75 a 79	Mujeres	3257
2015	44	Teruel	80 a 84	Mujeres	3768
2015	44	Teruel	85 a 89	Mujeres	2621
2015	44	Teruel	90 a 94	Mujeres	1252
2015	44	Teruel	95 y más	Mujeres	377
2015	50	Zaragoza	00 a 04	Mujeres	21646
2015	50	Zaragoza	05 a 09	Mujeres	23181
2015	50	Zaragoza	10 a 14	Mujeres	21517
2015	50	Zaragoza	15 a 19	Mujeres	19860
2015	50	Zaragoza	20 a 24	Mujeres	21766
2015	50	Zaragoza	25 a 29	Mujeres	25770
2015	50	Zaragoza	30 a 34	Mujeres	31623
2015	50	Zaragoza	35 a 39	Mujeres	38931
2015	50	Zaragoza	40 a 44	Mujeres	38624
2015	50	Zaragoza	45 a 49	Mujeres	36763
2015	50	Zaragoza	50 a 54	Mujeres	35097
2015	50	Zaragoza	55 a 59	Mujeres	31978
2015	50	Zaragoza	60 a 64	Mujeres	27754
2015	50	Zaragoza	65 a 69	Mujeres	27010
2015	50	Zaragoza	70 a 74	Mujeres	22898
2015	50	Zaragoza	75 a 79	Mujeres	19419
2015	50	Zaragoza	80 a 84	Mujeres	20417
2015	50	Zaragoza	85 a 89	Mujeres	13684
2015	50	Zaragoza	90 a 94	Mujeres	6766
2015	50	Zaragoza	95 y más	Mujeres	1846
1998	22	Huesca	00 a 04	Hombres	-3829
1998	22	Huesca	05 a 09	Hombres	-4434
1998	22	Huesca	10 a 14	Hombres	-5075
1998	22	Huesca	15 a 19	Hombres	-6411
1998	22	Huesca	20 a 24	Hombres	-7131
1998	22	Huesca	25 a 29	Hombres	-7171
1998	22	Huesca	30 a 34	Hombres	-7957
1998	22	Huesca	35 a 39	Hombres	-7862
1998	22	Huesca	40 a 44	Hombres	-7149
1998	22	Huesca	45 a 49	Hombres	-6382
1998	22	Huesca	50 a 54	Hombres	-5999
1998	22	Huesca	55 a 59	Hombres	-4593
1998	22	Huesca	60 a 64	Hombres	-6320
1998	22	Huesca	65 a 69	Hombres	-6593
1998	22	Huesca	70 a 74	Hombres	-6163
1998	22	Huesca	75 a 79	Hombres	-4397
1998	22	Huesca	80 a 84	Hombres	-2600
1998	22	Huesca	85 a 89	Hombres	-1462
1998	22	Huesca	90 a 94	Hombres	-528
1998	22	Huesca	95 y más	Hombres	-100
1998	44	Teruel	00 a 04	Hombres	-2650
1998	44	Teruel	05 a 09	Hombres	-3154
1998	44	Teruel	10 a 14	Hombres	-3428
1998	44	Teruel	15 a 19	Hombres	-4090
1998	44	Teruel	20 a 24	Hombres	-4292
1998	44	Teruel	25 a 29	Hombres	-4485
1998	44	Teruel	30 a 34	Hombres	-5189
1998	44	Teruel	35 a 39	Hombres	-5256
1998	44	Teruel	40 a 44	Hombres	-4610
1998	44	Teruel	45 a 49	Hombres	-4034
1998	44	Teruel	50 a 54	Hombres	-3682
1998	44	Teruel	55 a 59	Hombres	-3001
1998	44	Teruel	60 a 64	Hombres	-4510
1998	44	Teruel	65 a 69	Hombres	-5188
1998	44	Teruel	70 a 74	Hombres	-4728
1998	44	Teruel	75 a 79	Hombres	-3248
1998	44	Teruel	80 a 84	Hombres	-1809
1998	44	Teruel	85 a 89	Hombres	-1132
1998	44	Teruel	90 a 94	Hombres	-397
1998	44	Teruel	95 y más	Hombres	-82
1998	50	Zaragoza	00 a 04	Hombres	-16240
1998	50	Zaragoza	05 a 09	Hombres	-17853
1998	50	Zaragoza	10 a 14	Hombres	-20643
1998	50	Zaragoza	15 a 19	Hombres	-27183
1998	50	Zaragoza	20 a 24	Hombres	-33238
1998	50	Zaragoza	25 a 29	Hombres	-32542
1998	50	Zaragoza	30 a 34	Hombres	-32195
1998	50	Zaragoza	35 a 39	Hombres	-30913
1998	50	Zaragoza	40 a 44	Hombres	-27851
1998	50	Zaragoza	45 a 49	Hombres	-26757
1998	50	Zaragoza	50 a 54	Hombres	-25658
1998	50	Zaragoza	55 a 59	Hombres	-20758
1998	50	Zaragoza	60 a 64	Hombres	-22671
1998	50	Zaragoza	65 a 69	Hombres	-22458
1998	50	Zaragoza	70 a 74	Hombres	-18459
1998	50	Zaragoza	75 a 79	Hombres	-13125
1998	50	Zaragoza	80 a 84	Hombres	-7149
1998	50	Zaragoza	85 a 89	Hombres	-3612
1998	50	Zaragoza	90 a 94	Hombres	-1163
1998	50	Zaragoza	95 y más	Hombres	-242
1999	22	Huesca	00 a 04	Hombres	-3892
1999	22	Huesca	05 a 09	Hombres	-4277
1999	22	Huesca	10 a 14	Hombres	-4944
1999	22	Huesca	15 a 19	Hombres	-6053
1999	22	Huesca	20 a 24	Hombres	-7102
1999	22	Huesca	25 a 29	Hombres	-7201
1999	22	Huesca	30 a 34	Hombres	-7625
1999	22	Huesca	35 a 39	Hombres	-7815
1999	22	Huesca	40 a 44	Hombres	-7296
1999	22	Huesca	45 a 49	Hombres	-6431
1999	22	Huesca	50 a 54	Hombres	-6104
1999	22	Huesca	55 a 59	Hombres	-4780
1999	22	Huesca	60 a 64	Hombres	-5913
1999	22	Huesca	65 a 69	Hombres	-6480
1999	22	Huesca	70 a 74	Hombres	-6160
1999	22	Huesca	75 a 79	Hombres	-4631
1999	22	Huesca	80 a 84	Hombres	-2619
1999	22	Huesca	85 a 89	Hombres	-1439
1999	22	Huesca	90 a 94	Hombres	-565
1999	22	Huesca	95 y más	Hombres	-113
1999	44	Teruel	00 a 04	Hombres	-2518
1999	44	Teruel	05 a 09	Hombres	-3045
1999	44	Teruel	10 a 14	Hombres	-3422
1999	44	Teruel	15 a 19	Hombres	-3875
1999	44	Teruel	20 a 24	Hombres	-4227
1999	44	Teruel	25 a 29	Hombres	-4356
1999	44	Teruel	30 a 34	Hombres	-4958
1999	44	Teruel	35 a 39	Hombres	-5217
1999	44	Teruel	40 a 44	Hombres	-4709
1999	44	Teruel	45 a 49	Hombres	-4085
1999	44	Teruel	50 a 54	Hombres	-3706
1999	44	Teruel	55 a 59	Hombres	-3140
1999	44	Teruel	60 a 64	Hombres	-4002
1999	44	Teruel	65 a 69	Hombres	-5098
1999	44	Teruel	70 a 74	Hombres	-4759
1999	44	Teruel	75 a 79	Hombres	-3456
1999	44	Teruel	80 a 84	Hombres	-1830
1999	44	Teruel	85 a 89	Hombres	-1096
1999	44	Teruel	90 a 94	Hombres	-434
1999	44	Teruel	95 y más	Hombres	-81
1999	50	Zaragoza	00 a 04	Hombres	-15628
1999	50	Zaragoza	05 a 09	Hombres	-17902
1999	50	Zaragoza	10 a 14	Hombres	-20438
1999	50	Zaragoza	15 a 19	Hombres	-25996
1999	50	Zaragoza	20 a 24	Hombres	-33223
1999	50	Zaragoza	25 a 29	Hombres	-33194
1999	50	Zaragoza	30 a 34	Hombres	-32537
1999	50	Zaragoza	35 a 39	Hombres	-31780
1999	50	Zaragoza	40 a 44	Hombres	-29094
1999	50	Zaragoza	45 a 49	Hombres	-26740
1999	50	Zaragoza	50 a 54	Hombres	-26543
1999	50	Zaragoza	55 a 59	Hombres	-22296
1999	50	Zaragoza	60 a 64	Hombres	-21516
1999	50	Zaragoza	65 a 69	Hombres	-23192
1999	50	Zaragoza	70 a 74	Hombres	-19086
1999	50	Zaragoza	75 a 79	Hombres	-14290
1999	50	Zaragoza	80 a 84	Hombres	-7459
1999	50	Zaragoza	85 a 89	Hombres	-3728
1999	50	Zaragoza	90 a 94	Hombres	-1266
1999	50	Zaragoza	95 y más	Hombres	-264
2000	22	Huesca	00 a 04	Hombres	-3889
2000	22	Huesca	05 a 09	Hombres	-4317
2000	22	Huesca	10 a 14	Hombres	-4865
2000	22	Huesca	15 a 19	Hombres	-5783
2000	22	Huesca	20 a 24	Hombres	-7157
2000	22	Huesca	25 a 29	Hombres	-7445
2000	22	Huesca	30 a 34	Hombres	-7784
2000	22	Huesca	35 a 39	Hombres	-8146
2000	22	Huesca	40 a 44	Hombres	-7717
2000	22	Huesca	45 a 49	Hombres	-6571
2000	22	Huesca	50 a 54	Hombres	-6326
2000	22	Huesca	55 a 59	Hombres	-5275
2000	22	Huesca	60 a 64	Hombres	-5310
2000	22	Huesca	65 a 69	Hombres	-6554
2000	22	Huesca	70 a 74	Hombres	-6128
2000	22	Huesca	75 a 79	Hombres	-5054
2000	22	Huesca	80 a 84	Hombres	-2657
2000	22	Huesca	85 a 89	Hombres	-1513
2000	22	Huesca	90 a 94	Hombres	-543
2000	22	Huesca	95 y más	Hombres	-129
2000	44	Teruel	00 a 04	Hombres	-2420
2000	44	Teruel	05 a 09	Hombres	-3026
2000	44	Teruel	10 a 14	Hombres	-3425
2000	44	Teruel	15 a 19	Hombres	-3774
2000	44	Teruel	20 a 24	Hombres	-4308
2000	44	Teruel	25 a 29	Hombres	-4477
2000	44	Teruel	30 a 34	Hombres	-5006
2000	44	Teruel	35 a 39	Hombres	-5329
2000	44	Teruel	40 a 44	Hombres	-5070
2000	44	Teruel	45 a 49	Hombres	-4166
2000	44	Teruel	50 a 54	Hombres	-3779
2000	44	Teruel	55 a 59	Hombres	-3505
2000	44	Teruel	60 a 64	Hombres	-3548
2000	44	Teruel	65 a 69	Hombres	-4970
2000	44	Teruel	70 a 74	Hombres	-4826
2000	44	Teruel	75 a 79	Hombres	-3713
2000	44	Teruel	80 a 84	Hombres	-1867
2000	44	Teruel	85 a 89	Hombres	-1129
2000	44	Teruel	90 a 94	Hombres	-468
2000	44	Teruel	95 y más	Hombres	-94
2000	50	Zaragoza	00 a 04	Hombres	-16788
2000	50	Zaragoza	05 a 09	Hombres	-17849
2000	50	Zaragoza	10 a 14	Hombres	-20090
2000	50	Zaragoza	15 a 19	Hombres	-25147
2000	50	Zaragoza	20 a 24	Hombres	-32479
2000	50	Zaragoza	25 a 29	Hombres	-34356
2000	50	Zaragoza	30 a 34	Hombres	-33106
2000	50	Zaragoza	35 a 39	Hombres	-33053
2000	50	Zaragoza	40 a 44	Hombres	-30473
2000	50	Zaragoza	45 a 49	Hombres	-27109
2000	50	Zaragoza	50 a 54	Hombres	-26865
2000	50	Zaragoza	55 a 59	Hombres	-24028
2000	50	Zaragoza	60 a 64	Hombres	-20127
2000	50	Zaragoza	65 a 69	Hombres	-23384
2000	50	Zaragoza	70 a 74	Hombres	-19358
2000	50	Zaragoza	75 a 79	Hombres	-15207
2000	50	Zaragoza	80 a 84	Hombres	-7705
2000	50	Zaragoza	85 a 89	Hombres	-3949
2000	50	Zaragoza	90 a 94	Hombres	-1336
2000	50	Zaragoza	95 y más	Hombres	-285
2001	22	Huesca	00 a 04	Hombres	-3776
2001	22	Huesca	05 a 09	Hombres	-4344
2001	22	Huesca	10 a 14	Hombres	-4675
2001	22	Huesca	15 a 19	Hombres	-5624
2001	22	Huesca	20 a 24	Hombres	-7140
2001	22	Huesca	25 a 29	Hombres	-7626
2001	22	Huesca	30 a 34	Hombres	-7812
2001	22	Huesca	35 a 39	Hombres	-8311
2001	22	Huesca	40 a 44	Hombres	-7851
2001	22	Huesca	45 a 49	Hombres	-6854
2001	22	Huesca	50 a 54	Hombres	-6341
2001	22	Huesca	55 a 59	Hombres	-5481
2001	22	Huesca	60 a 64	Hombres	-4978
2001	22	Huesca	65 a 69	Hombres	-6456
2001	22	Huesca	70 a 74	Hombres	-6118
2001	22	Huesca	75 a 79	Hombres	-5236
2001	22	Huesca	80 a 84	Hombres	-2794
2001	22	Huesca	85 a 89	Hombres	-1528
2001	22	Huesca	90 a 94	Hombres	-588
2001	22	Huesca	95 y más	Hombres	-129
2001	44	Teruel	00 a 04	Hombres	-2434
2001	44	Teruel	05 a 09	Hombres	-2899
2001	44	Teruel	10 a 14	Hombres	-3384
2001	44	Teruel	15 a 19	Hombres	-3646
2001	44	Teruel	20 a 24	Hombres	-4346
2001	44	Teruel	25 a 29	Hombres	-4570
2001	44	Teruel	30 a 34	Hombres	-4846
2001	44	Teruel	35 a 39	Hombres	-5352
2001	44	Teruel	40 a 44	Hombres	-5272
2001	44	Teruel	45 a 49	Hombres	-4267
2001	44	Teruel	50 a 54	Hombres	-3813
2001	44	Teruel	55 a 59	Hombres	-3430
2001	44	Teruel	60 a 64	Hombres	-3418
2001	44	Teruel	65 a 69	Hombres	-4801
2001	44	Teruel	70 a 74	Hombres	-4858
2001	44	Teruel	75 a 79	Hombres	-3805
2001	44	Teruel	80 a 84	Hombres	-1997
2001	44	Teruel	85 a 89	Hombres	-1145
2001	44	Teruel	90 a 94	Hombres	-475
2001	44	Teruel	95 y más	Hombres	-116
2001	50	Zaragoza	00 a 04	Hombres	-16899
2001	50	Zaragoza	05 a 09	Hombres	-17803
2001	50	Zaragoza	10 a 14	Hombres	-19709
2001	50	Zaragoza	15 a 19	Hombres	-24111
2001	50	Zaragoza	20 a 24	Hombres	-32086
2001	50	Zaragoza	25 a 29	Hombres	-35961
2001	50	Zaragoza	30 a 34	Hombres	-34837
2001	50	Zaragoza	35 a 39	Hombres	-33996
2001	50	Zaragoza	40 a 44	Hombres	-31755
2001	50	Zaragoza	45 a 49	Hombres	-27902
2001	50	Zaragoza	50 a 54	Hombres	-26936
2001	50	Zaragoza	55 a 59	Hombres	-24410
2001	50	Zaragoza	60 a 64	Hombres	-20364
2001	50	Zaragoza	65 a 69	Hombres	-23026
2001	50	Zaragoza	70 a 74	Hombres	-19851
2001	50	Zaragoza	75 a 79	Hombres	-15490
2001	50	Zaragoza	80 a 84	Hombres	-8313
2001	50	Zaragoza	85 a 89	Hombres	-4121
2001	50	Zaragoza	90 a 94	Hombres	-1355
2001	50	Zaragoza	95 y más	Hombres	-345
2002	22	Huesca	00 a 04	Hombres	-3949
2002	22	Huesca	05 a 09	Hombres	-4362
2002	22	Huesca	10 a 14	Hombres	-4624
2002	22	Huesca	15 a 19	Hombres	-5509
2002	22	Huesca	20 a 24	Hombres	-7241
2002	22	Huesca	25 a 29	Hombres	-8050
2002	22	Huesca	30 a 34	Hombres	-8110
2002	22	Huesca	35 a 39	Hombres	-8656
2002	22	Huesca	40 a 44	Hombres	-8163
2002	22	Huesca	45 a 49	Hombres	-7206
2002	22	Huesca	50 a 54	Hombres	-6310
2002	22	Huesca	55 a 59	Hombres	-5766
2002	22	Huesca	60 a 64	Hombres	-4691
2002	22	Huesca	65 a 69	Hombres	-6321
2002	22	Huesca	70 a 74	Hombres	-6113
2002	22	Huesca	75 a 79	Hombres	-5251
2002	22	Huesca	80 a 84	Hombres	-3007
2002	22	Huesca	85 a 89	Hombres	-1523
2002	22	Huesca	90 a 94	Hombres	-571
2002	22	Huesca	95 y más	Hombres	-143
2002	44	Teruel	00 a 04	Hombres	-2476
2002	44	Teruel	05 a 09	Hombres	-2930
2002	44	Teruel	10 a 14	Hombres	-3336
2002	44	Teruel	15 a 19	Hombres	-3566
2002	44	Teruel	20 a 24	Hombres	-4401
2002	44	Teruel	25 a 29	Hombres	-4842
2002	44	Teruel	30 a 34	Hombres	-4892
2002	44	Teruel	35 a 39	Hombres	-5526
2002	44	Teruel	40 a 44	Hombres	-5448
2002	44	Teruel	45 a 49	Hombres	-4506
2002	44	Teruel	50 a 54	Hombres	-3893
2002	44	Teruel	55 a 59	Hombres	-3549
2002	44	Teruel	60 a 64	Hombres	-3173
2002	44	Teruel	65 a 69	Hombres	-4618
2002	44	Teruel	70 a 74	Hombres	-4762
2002	44	Teruel	75 a 79	Hombres	-3886
2002	44	Teruel	80 a 84	Hombres	-2198
2002	44	Teruel	85 a 89	Hombres	-1108
2002	44	Teruel	90 a 94	Hombres	-445
2002	44	Teruel	95 y más	Hombres	-127
2002	50	Zaragoza	00 a 04	Hombres	-17973
2002	50	Zaragoza	05 a 09	Hombres	-18060
2002	50	Zaragoza	10 a 14	Hombres	-19514
2002	50	Zaragoza	15 a 19	Hombres	-23403
2002	50	Zaragoza	20 a 24	Hombres	-31522
2002	50	Zaragoza	25 a 29	Hombres	-37811
2002	50	Zaragoza	30 a 34	Hombres	-36286
2002	50	Zaragoza	35 a 39	Hombres	-35425
2002	50	Zaragoza	40 a 44	Hombres	-32711
2002	50	Zaragoza	45 a 49	Hombres	-28902
2002	50	Zaragoza	50 a 54	Hombres	-27107
2002	50	Zaragoza	55 a 59	Hombres	-25236
2002	50	Zaragoza	60 a 64	Hombres	-19732
2002	50	Zaragoza	65 a 69	Hombres	-22795
2002	50	Zaragoza	70 a 74	Hombres	-20333
2002	50	Zaragoza	75 a 79	Hombres	-15477
2002	50	Zaragoza	80 a 84	Hombres	-8946
2002	50	Zaragoza	85 a 89	Hombres	-4139
2002	50	Zaragoza	90 a 94	Hombres	-1379
2002	50	Zaragoza	95 y más	Hombres	-326
2003	22	Huesca	00 a 04	Hombres	-4087
2003	22	Huesca	05 a 09	Hombres	-4338
2003	22	Huesca	10 a 14	Hombres	-4688
2003	22	Huesca	15 a 19	Hombres	-5354
2003	22	Huesca	20 a 24	Hombres	-7086
2003	22	Huesca	25 a 29	Hombres	-8441
2003	22	Huesca	30 a 34	Hombres	-8418
2003	22	Huesca	35 a 39	Hombres	-8793
2003	22	Huesca	40 a 44	Hombres	-8419
2003	22	Huesca	45 a 49	Hombres	-7424
2003	22	Huesca	50 a 54	Hombres	-6509
2003	22	Huesca	55 a 59	Hombres	-6004
2003	22	Huesca	60 a 64	Hombres	-4517
2003	22	Huesca	65 a 69	Hombres	-6122
2003	22	Huesca	70 a 74	Hombres	-6078
2003	22	Huesca	75 a 79	Hombres	-5296
2003	22	Huesca	80 a 84	Hombres	-3172
2003	22	Huesca	85 a 89	Hombres	-1509
2003	22	Huesca	90 a 94	Hombres	-559
2003	22	Huesca	95 y más	Hombres	-148
2003	44	Teruel	00 a 04	Hombres	-2548
2003	44	Teruel	05 a 09	Hombres	-2933
2003	44	Teruel	10 a 14	Hombres	-3311
2003	44	Teruel	15 a 19	Hombres	-3580
2003	44	Teruel	20 a 24	Hombres	-4488
2003	44	Teruel	25 a 29	Hombres	-5013
2003	44	Teruel	30 a 34	Hombres	-5067
2003	44	Teruel	35 a 39	Hombres	-5581
2003	44	Teruel	40 a 44	Hombres	-5552
2003	44	Teruel	45 a 49	Hombres	-4767
2003	44	Teruel	50 a 54	Hombres	-4056
2003	44	Teruel	55 a 59	Hombres	-3662
2003	44	Teruel	60 a 64	Hombres	-3031
2003	44	Teruel	65 a 69	Hombres	-4358
2003	44	Teruel	70 a 74	Hombres	-4754
2003	44	Teruel	75 a 79	Hombres	-3980
2003	44	Teruel	80 a 84	Hombres	-2323
2003	44	Teruel	85 a 89	Hombres	-1048
2003	44	Teruel	90 a 94	Hombres	-459
2003	44	Teruel	95 y más	Hombres	-130
2003	50	Zaragoza	00 a 04	Hombres	-18974
2003	50	Zaragoza	05 a 09	Hombres	-18443
2003	50	Zaragoza	10 a 14	Hombres	-19733
2003	50	Zaragoza	15 a 19	Hombres	-22785
2003	50	Zaragoza	20 a 24	Hombres	-30764
2003	50	Zaragoza	25 a 29	Hombres	-38105
2003	50	Zaragoza	30 a 34	Hombres	-37408
2003	50	Zaragoza	35 a 39	Hombres	-35877
2003	50	Zaragoza	40 a 44	Hombres	-33520
2003	50	Zaragoza	45 a 49	Hombres	-29650
2003	50	Zaragoza	50 a 54	Hombres	-27455
2003	50	Zaragoza	55 a 59	Hombres	-25712
2003	50	Zaragoza	60 a 64	Hombres	-20367
2003	50	Zaragoza	65 a 69	Hombres	-21809
2003	50	Zaragoza	70 a 74	Hombres	-20693
2003	50	Zaragoza	75 a 79	Hombres	-15644
2003	50	Zaragoza	80 a 84	Hombres	-9701
2003	50	Zaragoza	85 a 89	Hombres	-4138
2003	50	Zaragoza	90 a 94	Hombres	-1486
2003	50	Zaragoza	95 y más	Hombres	-343
2004	22	Huesca	00 a 04	Hombres	-4161
2004	22	Huesca	05 a 09	Hombres	-4461
2004	22	Huesca	10 a 14	Hombres	-4619
2004	22	Huesca	15 a 19	Hombres	-5238
2004	22	Huesca	20 a 24	Hombres	-6888
2004	22	Huesca	25 a 29	Hombres	-8693
2004	22	Huesca	30 a 34	Hombres	-8657
2004	22	Huesca	35 a 39	Hombres	-8735
2004	22	Huesca	40 a 44	Hombres	-8551
2004	22	Huesca	45 a 49	Hombres	-7713
2004	22	Huesca	50 a 54	Hombres	-6626
2004	22	Huesca	55 a 59	Hombres	-6149
2004	22	Huesca	60 a 64	Hombres	-4769
2004	22	Huesca	65 a 69	Hombres	-5723
2004	22	Huesca	70 a 74	Hombres	-6046
2004	22	Huesca	75 a 79	Hombres	-5286
2004	22	Huesca	80 a 84	Hombres	-3424
2004	22	Huesca	85 a 89	Hombres	-1497
2004	22	Huesca	90 a 94	Hombres	-573
2004	22	Huesca	95 y más	Hombres	-152
2004	44	Teruel	00 a 04	Hombres	-2516
2004	44	Teruel	05 a 09	Hombres	-2890
2004	44	Teruel	10 a 14	Hombres	-3324
2004	44	Teruel	15 a 19	Hombres	-3623
2004	44	Teruel	20 a 24	Hombres	-4379
2004	44	Teruel	25 a 29	Hombres	-5168
2004	44	Teruel	30 a 34	Hombres	-5099
2004	44	Teruel	35 a 39	Hombres	-5522
2004	44	Teruel	40 a 44	Hombres	-5663
2004	44	Teruel	45 a 49	Hombres	-4969
2004	44	Teruel	50 a 54	Hombres	-4181
2004	44	Teruel	55 a 59	Hombres	-3742
2004	44	Teruel	60 a 64	Hombres	-3172
2004	44	Teruel	65 a 69	Hombres	-3924
2004	44	Teruel	70 a 74	Hombres	-4715
2004	44	Teruel	75 a 79	Hombres	-4044
2004	44	Teruel	80 a 84	Hombres	-2519
2004	44	Teruel	85 a 89	Hombres	-1055
2004	44	Teruel	90 a 94	Hombres	-434
2004	44	Teruel	95 y más	Hombres	-134
2004	50	Zaragoza	00 a 04	Hombres	-19901
2004	50	Zaragoza	05 a 09	Hombres	-18935
2004	50	Zaragoza	10 a 14	Hombres	-19897
2004	50	Zaragoza	15 a 19	Hombres	-22545
2004	50	Zaragoza	20 a 24	Hombres	-29733
2004	50	Zaragoza	25 a 29	Hombres	-39051
2004	50	Zaragoza	30 a 34	Hombres	-39037
2004	50	Zaragoza	35 a 39	Hombres	-37159
2004	50	Zaragoza	40 a 44	Hombres	-34784
2004	50	Zaragoza	45 a 49	Hombres	-31100
2004	50	Zaragoza	50 a 54	Hombres	-27526
2004	50	Zaragoza	55 a 59	Hombres	-26541
2004	50	Zaragoza	60 a 64	Hombres	-21723
2004	50	Zaragoza	65 a 69	Hombres	-20337
2004	50	Zaragoza	70 a 74	Hombres	-21078
2004	50	Zaragoza	75 a 79	Hombres	-16041
2004	50	Zaragoza	80 a 84	Hombres	-10336
2004	50	Zaragoza	85 a 89	Hombres	-4233
2004	50	Zaragoza	90 a 94	Hombres	-1515
2004	50	Zaragoza	95 y más	Hombres	-368
2005	22	Huesca	00 a 04	Hombres	-4369
2005	22	Huesca	05 a 09	Hombres	-4518
2005	22	Huesca	10 a 14	Hombres	-4687
2005	22	Huesca	15 a 19	Hombres	-5207
2005	22	Huesca	20 a 24	Hombres	-6708
2005	22	Huesca	25 a 29	Hombres	-8967
2005	22	Huesca	30 a 34	Hombres	-8980
2005	22	Huesca	35 a 39	Hombres	-8889
2005	22	Huesca	40 a 44	Hombres	-8842
2005	22	Huesca	45 a 49	Hombres	-8134
2005	22	Huesca	50 a 54	Hombres	-6720
2005	22	Huesca	55 a 59	Hombres	-6314
2005	22	Huesca	60 a 64	Hombres	-5196
2005	22	Huesca	65 a 69	Hombres	-5123
2005	22	Huesca	70 a 74	Hombres	-6006
2005	22	Huesca	75 a 79	Hombres	-5214
2005	22	Huesca	80 a 84	Hombres	-3719
2005	22	Huesca	85 a 89	Hombres	-1517
2005	22	Huesca	90 a 94	Hombres	-622
2005	22	Huesca	95 y más	Hombres	-137
2005	44	Teruel	00 a 04	Hombres	-2671
2005	44	Teruel	05 a 09	Hombres	-2873
2005	44	Teruel	10 a 14	Hombres	-3317
2005	44	Teruel	15 a 19	Hombres	-3691
2005	44	Teruel	20 a 24	Hombres	-4421
2005	44	Teruel	25 a 29	Hombres	-5316
2005	44	Teruel	30 a 34	Hombres	-5314
2005	44	Teruel	35 a 39	Hombres	-5501
2005	44	Teruel	40 a 44	Hombres	-5808
2005	44	Teruel	45 a 49	Hombres	-5321
2005	44	Teruel	50 a 54	Hombres	-4258
2005	44	Teruel	55 a 59	Hombres	-3793
2005	44	Teruel	60 a 64	Hombres	-3488
2005	44	Teruel	65 a 69	Hombres	-3467
2005	44	Teruel	70 a 74	Hombres	-4566
2005	44	Teruel	75 a 79	Hombres	-4103
2005	44	Teruel	80 a 84	Hombres	-2706
2005	44	Teruel	85 a 89	Hombres	-1071
2005	44	Teruel	90 a 94	Hombres	-456
2005	44	Teruel	95 y más	Hombres	-132
2005	50	Zaragoza	00 a 04	Hombres	-20585
2005	50	Zaragoza	05 a 09	Hombres	-19457
2005	50	Zaragoza	10 a 14	Hombres	-19814
2005	50	Zaragoza	15 a 19	Hombres	-22342
2005	50	Zaragoza	20 a 24	Hombres	-29453
2005	50	Zaragoza	25 a 29	Hombres	-39491
2005	50	Zaragoza	30 a 34	Hombres	-40818
2005	50	Zaragoza	35 a 39	Hombres	-37998
2005	50	Zaragoza	40 a 44	Hombres	-36177
2005	50	Zaragoza	45 a 49	Hombres	-32459
2005	50	Zaragoza	50 a 54	Hombres	-27741
2005	50	Zaragoza	55 a 59	Hombres	-26759
2005	50	Zaragoza	60 a 64	Hombres	-23316
2005	50	Zaragoza	65 a 69	Hombres	-18992
2005	50	Zaragoza	70 a 74	Hombres	-21166
2005	50	Zaragoza	75 a 79	Hombres	-16251
2005	50	Zaragoza	80 a 84	Hombres	-10877
2005	50	Zaragoza	85 a 89	Hombres	-4385
2005	50	Zaragoza	90 a 94	Hombres	-1562
2005	50	Zaragoza	95 y más	Hombres	-363
2006	22	Huesca	00 a 04	Hombres	-4637
2006	22	Huesca	05 a 09	Hombres	-4577
2006	22	Huesca	10 a 14	Hombres	-4760
2006	22	Huesca	15 a 19	Hombres	-5126
2006	22	Huesca	20 a 24	Hombres	-6564
2006	22	Huesca	25 a 29	Hombres	-8871
2006	22	Huesca	30 a 34	Hombres	-9175
2006	22	Huesca	35 a 39	Hombres	-8911
2006	22	Huesca	40 a 44	Hombres	-9077
2006	22	Huesca	45 a 49	Hombres	-8310
2006	22	Huesca	50 a 54	Hombres	-7026
2006	22	Huesca	55 a 59	Hombres	-6385
2006	22	Huesca	60 a 64	Hombres	-5414
2006	22	Huesca	65 a 69	Hombres	-4816
2006	22	Huesca	70 a 74	Hombres	-5929
2006	22	Huesca	75 a 79	Hombres	-5169
2006	22	Huesca	80 a 84	Hombres	-3830
2006	22	Huesca	85 a 89	Hombres	-1622
2006	22	Huesca	90 a 94	Hombres	-634
2006	22	Huesca	95 y más	Hombres	-150
2006	44	Teruel	00 a 04	Hombres	-2728
2006	44	Teruel	05 a 09	Hombres	-2952
2006	44	Teruel	10 a 14	Hombres	-3185
2006	44	Teruel	15 a 19	Hombres	-3698
2006	44	Teruel	20 a 24	Hombres	-4445
2006	44	Teruel	25 a 29	Hombres	-5457
2006	44	Teruel	30 a 34	Hombres	-5540
2006	44	Teruel	35 a 39	Hombres	-5471
2006	44	Teruel	40 a 44	Hombres	-5834
2006	44	Teruel	45 a 49	Hombres	-5591
2006	44	Teruel	50 a 54	Hombres	-4417
2006	44	Teruel	55 a 59	Hombres	-3861
2006	44	Teruel	60 a 64	Hombres	-3417
2006	44	Teruel	65 a 69	Hombres	-3351
2006	44	Teruel	70 a 74	Hombres	-4434
2006	44	Teruel	75 a 79	Hombres	-4145
2006	44	Teruel	80 a 84	Hombres	-2795
2006	44	Teruel	85 a 89	Hombres	-1158
2006	44	Teruel	90 a 94	Hombres	-466
2006	44	Teruel	95 y más	Hombres	-124
2006	50	Zaragoza	00 a 04	Hombres	-21037
2006	50	Zaragoza	05 a 09	Hombres	-19955
2006	50	Zaragoza	10 a 14	Hombres	-19918
2006	50	Zaragoza	15 a 19	Hombres	-21974
2006	50	Zaragoza	20 a 24	Hombres	-28263
2006	50	Zaragoza	25 a 29	Hombres	-38393
2006	50	Zaragoza	30 a 34	Hombres	-41178
2006	50	Zaragoza	35 a 39	Hombres	-38853
2006	50	Zaragoza	40 a 44	Hombres	-36561
2006	50	Zaragoza	45 a 49	Hombres	-33292
2006	50	Zaragoza	50 a 54	Hombres	-28364
2006	50	Zaragoza	55 a 59	Hombres	-26666
2006	50	Zaragoza	60 a 64	Hombres	-23662
2006	50	Zaragoza	65 a 69	Hombres	-19205
2006	50	Zaragoza	70 a 74	Hombres	-20886
2006	50	Zaragoza	75 a 79	Hombres	-16622
2006	50	Zaragoza	80 a 84	Hombres	-11099
2006	50	Zaragoza	85 a 89	Hombres	-4692
2006	50	Zaragoza	90 a 94	Hombres	-1611
2006	50	Zaragoza	95 y más	Hombres	-376
2007	22	Huesca	00 a 04	Hombres	-4763
2007	22	Huesca	05 a 09	Hombres	-4698
2007	22	Huesca	10 a 14	Hombres	-4799
2007	22	Huesca	15 a 19	Hombres	-5120
2007	22	Huesca	20 a 24	Hombres	-6455
2007	22	Huesca	25 a 29	Hombres	-8700
2007	22	Huesca	30 a 34	Hombres	-9336
2007	22	Huesca	35 a 39	Hombres	-8945
2007	22	Huesca	40 a 44	Hombres	-9194
2007	22	Huesca	45 a 49	Hombres	-8555
2007	22	Huesca	50 a 54	Hombres	-7378
2007	22	Huesca	55 a 59	Hombres	-6370
2007	22	Huesca	60 a 64	Hombres	-5711
2007	22	Huesca	65 a 69	Hombres	-4554
2007	22	Huesca	70 a 74	Hombres	-5783
2007	22	Huesca	75 a 79	Hombres	-5171
2007	22	Huesca	80 a 84	Hombres	-3876
2007	22	Huesca	85 a 89	Hombres	-1775
2007	22	Huesca	90 a 94	Hombres	-640
2007	22	Huesca	95 y más	Hombres	-155
2007	44	Teruel	00 a 04	Hombres	-2844
2007	44	Teruel	05 a 09	Hombres	-3044
2007	44	Teruel	10 a 14	Hombres	-3215
2007	44	Teruel	15 a 19	Hombres	-3670
2007	44	Teruel	20 a 24	Hombres	-4522
2007	44	Teruel	25 a 29	Hombres	-5610
2007	44	Teruel	30 a 34	Hombres	-5767
2007	44	Teruel	35 a 39	Hombres	-5522
2007	44	Teruel	40 a 44	Hombres	-5937
2007	44	Teruel	45 a 49	Hombres	-5757
2007	44	Teruel	50 a 54	Hombres	-4639
2007	44	Teruel	55 a 59	Hombres	-3955
2007	44	Teruel	60 a 64	Hombres	-3567
2007	44	Teruel	65 a 69	Hombres	-3112
2007	44	Teruel	70 a 74	Hombres	-4262
2007	44	Teruel	75 a 79	Hombres	-4135
2007	44	Teruel	80 a 84	Hombres	-2882
2007	44	Teruel	85 a 89	Hombres	-1287
2007	44	Teruel	90 a 94	Hombres	-426
2007	44	Teruel	95 y más	Hombres	-109
2007	50	Zaragoza	00 a 04	Hombres	-21863
2007	50	Zaragoza	05 a 09	Hombres	-20757
2007	50	Zaragoza	10 a 14	Hombres	-20189
2007	50	Zaragoza	15 a 19	Hombres	-21897
2007	50	Zaragoza	20 a 24	Hombres	-27749
2007	50	Zaragoza	25 a 29	Hombres	-37718
2007	50	Zaragoza	30 a 34	Hombres	-42646
2007	50	Zaragoza	35 a 39	Hombres	-40121
2007	50	Zaragoza	40 a 44	Hombres	-37867
2007	50	Zaragoza	45 a 49	Hombres	-34251
2007	50	Zaragoza	50 a 54	Hombres	-29429
2007	50	Zaragoza	55 a 59	Hombres	-26857
2007	50	Zaragoza	60 a 64	Hombres	-24441
2007	50	Zaragoza	65 a 69	Hombres	-18678
2007	50	Zaragoza	70 a 74	Hombres	-20712
2007	50	Zaragoza	75 a 79	Hombres	-17171
2007	50	Zaragoza	80 a 84	Hombres	-11182
2007	50	Zaragoza	85 a 89	Hombres	-5205
2007	50	Zaragoza	90 a 94	Hombres	-1629
2007	50	Zaragoza	95 y más	Hombres	-394
2008	22	Huesca	00 a 04	Hombres	-5071
2008	22	Huesca	05 a 09	Hombres	-4821
2008	22	Huesca	10 a 14	Hombres	-4910
2008	22	Huesca	15 a 19	Hombres	-5319
2008	22	Huesca	20 a 24	Hombres	-6403
2008	22	Huesca	25 a 29	Hombres	-8761
2008	22	Huesca	30 a 34	Hombres	-9907
2008	22	Huesca	35 a 39	Hombres	-9300
2008	22	Huesca	40 a 44	Hombres	-9479
2008	22	Huesca	45 a 49	Hombres	-8858
2008	22	Huesca	50 a 54	Hombres	-7736
2008	22	Huesca	55 a 59	Hombres	-6529
2008	22	Huesca	60 a 64	Hombres	-5982
2008	22	Huesca	65 a 69	Hombres	-4362
2008	22	Huesca	70 a 74	Hombres	-5658
2008	22	Huesca	75 a 79	Hombres	-5189
2008	22	Huesca	80 a 84	Hombres	-3931
2008	22	Huesca	85 a 89	Hombres	-1939
2008	22	Huesca	90 a 94	Hombres	-619
2008	22	Huesca	95 y más	Hombres	-165
2008	44	Teruel	00 a 04	Hombres	-3035
2008	44	Teruel	05 a 09	Hombres	-3043
2008	44	Teruel	10 a 14	Hombres	-3279
2008	44	Teruel	15 a 19	Hombres	-3686
2008	44	Teruel	20 a 24	Hombres	-4635
2008	44	Teruel	25 a 29	Hombres	-5674
2008	44	Teruel	30 a 34	Hombres	-6019
2008	44	Teruel	35 a 39	Hombres	-5686
2008	44	Teruel	40 a 44	Hombres	-6131
2008	44	Teruel	45 a 49	Hombres	-5903
2008	44	Teruel	50 a 54	Hombres	-4934
2008	44	Teruel	55 a 59	Hombres	-4114
2008	44	Teruel	60 a 64	Hombres	-3677
2008	44	Teruel	65 a 69	Hombres	-2965
2008	44	Teruel	70 a 74	Hombres	-4008
2008	44	Teruel	75 a 79	Hombres	-4085
2008	44	Teruel	80 a 84	Hombres	-2990
2008	44	Teruel	85 a 89	Hombres	-1403
2008	44	Teruel	90 a 94	Hombres	-392
2008	44	Teruel	95 y más	Hombres	-118
2008	50	Zaragoza	00 a 04	Hombres	-23055
2008	50	Zaragoza	05 a 09	Hombres	-21578
2008	50	Zaragoza	10 a 14	Hombres	-20621
2008	50	Zaragoza	15 a 19	Hombres	-22497
2008	50	Zaragoza	20 a 24	Hombres	-28527
2008	50	Zaragoza	25 a 29	Hombres	-38163
2008	50	Zaragoza	30 a 34	Hombres	-44177
2008	50	Zaragoza	35 a 39	Hombres	-42242
2008	50	Zaragoza	40 a 44	Hombres	-38991
2008	50	Zaragoza	45 a 49	Hombres	-35534
2008	50	Zaragoza	50 a 54	Hombres	-30405
2008	50	Zaragoza	55 a 59	Hombres	-27357
2008	50	Zaragoza	60 a 64	Hombres	-24923
2008	50	Zaragoza	65 a 69	Hombres	-19270
2008	50	Zaragoza	70 a 74	Hombres	-19734
2008	50	Zaragoza	75 a 79	Hombres	-17489
2008	50	Zaragoza	80 a 84	Hombres	-11455
2008	50	Zaragoza	85 a 89	Hombres	-5623
2008	50	Zaragoza	90 a 94	Hombres	-1629
2008	50	Zaragoza	95 y más	Hombres	-417
2009	22	Huesca	00 a 04	Hombres	-5322
2009	22	Huesca	05 a 09	Hombres	-4894
2009	22	Huesca	10 a 14	Hombres	-5011
2009	22	Huesca	15 a 19	Hombres	-5261
2009	22	Huesca	20 a 24	Hombres	-6399
2009	22	Huesca	25 a 29	Hombres	-8582
2009	22	Huesca	30 a 34	Hombres	-10208
2009	22	Huesca	35 a 39	Hombres	-9639
2009	22	Huesca	40 a 44	Hombres	-9513
2009	22	Huesca	45 a 49	Hombres	-9047
2009	22	Huesca	50 a 54	Hombres	-8047
2009	22	Huesca	55 a 59	Hombres	-6681
2009	22	Huesca	60 a 64	Hombres	-6124
2009	22	Huesca	65 a 69	Hombres	-4594
2009	22	Huesca	70 a 74	Hombres	-5282
2009	22	Huesca	75 a 79	Hombres	-5190
2009	22	Huesca	80 a 84	Hombres	-3944
2009	22	Huesca	85 a 89	Hombres	-2092
2009	22	Huesca	90 a 94	Hombres	-620
2009	22	Huesca	95 y más	Hombres	-180
2009	44	Teruel	00 a 04	Hombres	-3156
2009	44	Teruel	05 a 09	Hombres	-3026
2009	44	Teruel	10 a 14	Hombres	-3250
2009	44	Teruel	15 a 19	Hombres	-3617
2009	44	Teruel	20 a 24	Hombres	-4548
2009	44	Teruel	25 a 29	Hombres	-5528
2009	44	Teruel	30 a 34	Hombres	-6002
2009	44	Teruel	35 a 39	Hombres	-5686
2009	44	Teruel	40 a 44	Hombres	-6036
2009	44	Teruel	45 a 49	Hombres	-5953
2009	44	Teruel	50 a 54	Hombres	-5150
2009	44	Teruel	55 a 59	Hombres	-4229
2009	44	Teruel	60 a 64	Hombres	-3746
2009	44	Teruel	65 a 69	Hombres	-3063
2009	44	Teruel	70 a 74	Hombres	-3585
2009	44	Teruel	75 a 79	Hombres	-4097
2009	44	Teruel	80 a 84	Hombres	-2994
2009	44	Teruel	85 a 89	Hombres	-1524
2009	44	Teruel	90 a 94	Hombres	-433
2009	44	Teruel	95 y más	Hombres	-110
2009	50	Zaragoza	00 a 04	Hombres	-24258
2009	50	Zaragoza	05 a 09	Hombres	-22466
2009	50	Zaragoza	10 a 14	Hombres	-20951
2009	50	Zaragoza	15 a 19	Hombres	-22463
2009	50	Zaragoza	20 a 24	Hombres	-28371
2009	50	Zaragoza	25 a 29	Hombres	-37080
2009	50	Zaragoza	30 a 34	Hombres	-45236
2009	50	Zaragoza	35 a 39	Hombres	-43267
2009	50	Zaragoza	40 a 44	Hombres	-40014
2009	50	Zaragoza	45 a 49	Hombres	-36485
2009	50	Zaragoza	50 a 54	Hombres	-31619
2009	50	Zaragoza	55 a 59	Hombres	-27300
2009	50	Zaragoza	60 a 64	Hombres	-25546
2009	50	Zaragoza	65 a 69	Hombres	-20420
2009	50	Zaragoza	70 a 74	Hombres	-18402
2009	50	Zaragoza	75 a 79	Hombres	-17749
2009	50	Zaragoza	80 a 84	Hombres	-11729
2009	50	Zaragoza	85 a 89	Hombres	-6037
2009	50	Zaragoza	90 a 94	Hombres	-1631
2009	50	Zaragoza	95 y más	Hombres	-432
2010	22	Huesca	00 a 04	Hombres	-5415
2010	22	Huesca	05 a 09	Hombres	-5000
2010	22	Huesca	10 a 14	Hombres	-4996
2010	22	Huesca	15 a 19	Hombres	-5229
2010	22	Huesca	20 a 24	Hombres	-6216
2010	22	Huesca	25 a 29	Hombres	-8096
2010	22	Huesca	30 a 34	Hombres	-10015
2010	22	Huesca	35 a 39	Hombres	-9685
2010	22	Huesca	40 a 44	Hombres	-9448
2010	22	Huesca	45 a 49	Hombres	-9201
2010	22	Huesca	50 a 54	Hombres	-8344
2010	22	Huesca	55 a 59	Hombres	-6777
2010	22	Huesca	60 a 64	Hombres	-6254
2010	22	Huesca	65 a 69	Hombres	-4967
2010	22	Huesca	70 a 74	Hombres	-4699
2010	22	Huesca	75 a 79	Hombres	-5161
2010	22	Huesca	80 a 84	Hombres	-3942
2010	22	Huesca	85 a 89	Hombres	-2274
2010	22	Huesca	90 a 94	Hombres	-617
2010	22	Huesca	95 y más	Hombres	-188
2010	44	Teruel	00 a 04	Hombres	-3144
2010	44	Teruel	05 a 09	Hombres	-3143
2010	44	Teruel	10 a 14	Hombres	-3172
2010	44	Teruel	15 a 19	Hombres	-3612
2010	44	Teruel	20 a 24	Hombres	-4261
2010	44	Teruel	25 a 29	Hombres	-5070
2010	44	Teruel	30 a 34	Hombres	-5732
2010	44	Teruel	35 a 39	Hombres	-5605
2010	44	Teruel	40 a 44	Hombres	-5755
2010	44	Teruel	45 a 49	Hombres	-5953
2010	44	Teruel	50 a 54	Hombres	-5387
2010	44	Teruel	55 a 59	Hombres	-4254
2010	44	Teruel	60 a 64	Hombres	-3777
2010	44	Teruel	65 a 69	Hombres	-3322
2010	44	Teruel	70 a 74	Hombres	-3174
2010	44	Teruel	75 a 79	Hombres	-3933
2010	44	Teruel	80 a 84	Hombres	-3087
2010	44	Teruel	85 a 89	Hombres	-1634
2010	44	Teruel	90 a 94	Hombres	-436
2010	44	Teruel	95 y más	Hombres	-112
2010	50	Zaragoza	00 a 04	Hombres	-24923
2010	50	Zaragoza	05 a 09	Hombres	-22986
2010	50	Zaragoza	10 a 14	Hombres	-21319
2010	50	Zaragoza	15 a 19	Hombres	-22004
2010	50	Zaragoza	20 a 24	Hombres	-27207
2010	50	Zaragoza	25 a 29	Hombres	-35062
2010	50	Zaragoza	30 a 34	Hombres	-43965
2010	50	Zaragoza	35 a 39	Hombres	-43641
2010	50	Zaragoza	40 a 44	Hombres	-40161
2010	50	Zaragoza	45 a 49	Hombres	-37300
2010	50	Zaragoza	50 a 54	Hombres	-32822
2010	50	Zaragoza	55 a 59	Hombres	-27463
2010	50	Zaragoza	60 a 64	Hombres	-25744
2010	50	Zaragoza	65 a 69	Hombres	-21847
2010	50	Zaragoza	70 a 74	Hombres	-17165
2010	50	Zaragoza	75 a 79	Hombres	-17827
2010	50	Zaragoza	80 a 84	Hombres	-12024
2010	50	Zaragoza	85 a 89	Hombres	-6447
2010	50	Zaragoza	90 a 94	Hombres	-1729
2010	50	Zaragoza	95 y más	Hombres	-454
2011	22	Huesca	00 a 04	Hombres	-5396
2011	22	Huesca	05 a 09	Hombres	-5079
2011	22	Huesca	10 a 14	Hombres	-4987
2011	22	Huesca	15 a 19	Hombres	-5260
2011	22	Huesca	20 a 24	Hombres	-5971
2011	22	Huesca	25 a 29	Hombres	-7648
2011	22	Huesca	30 a 34	Hombres	-9793
2011	22	Huesca	35 a 39	Hombres	-9700
2011	22	Huesca	40 a 44	Hombres	-9401
2011	22	Huesca	45 a 49	Hombres	-9300
2011	22	Huesca	50 a 54	Hombres	-8434
2011	22	Huesca	55 a 59	Hombres	-7034
2011	22	Huesca	60 a 64	Hombres	-6309
2011	22	Huesca	65 a 69	Hombres	-5157
2011	22	Huesca	70 a 74	Hombres	-4401
2011	22	Huesca	75 a 79	Hombres	-5140
2011	22	Huesca	80 a 84	Hombres	-3960
2011	22	Huesca	85 a 89	Hombres	-2414
2011	22	Huesca	90 a 94	Hombres	-669
2011	22	Huesca	95 y más	Hombres	-171
2011	44	Teruel	00 a 04	Hombres	-3182
2011	44	Teruel	05 a 09	Hombres	-3105
2011	44	Teruel	10 a 14	Hombres	-3245
2011	44	Teruel	15 a 19	Hombres	-3490
2011	44	Teruel	20 a 24	Hombres	-4124
2011	44	Teruel	25 a 29	Hombres	-4811
2011	44	Teruel	30 a 34	Hombres	-5634
2011	44	Teruel	35 a 39	Hombres	-5579
2011	44	Teruel	40 a 44	Hombres	-5597
2011	44	Teruel	45 a 49	Hombres	-5899
2011	44	Teruel	50 a 54	Hombres	-5646
2011	44	Teruel	55 a 59	Hombres	-4360
2011	44	Teruel	60 a 64	Hombres	-3787
2011	44	Teruel	65 a 69	Hombres	-3281
2011	44	Teruel	70 a 74	Hombres	-3065
2011	44	Teruel	75 a 79	Hombres	-3801
2011	44	Teruel	80 a 84	Hombres	-3135
2011	44	Teruel	85 a 89	Hombres	-1675
2011	44	Teruel	90 a 94	Hombres	-476
2011	44	Teruel	95 y más	Hombres	-116
2011	50	Zaragoza	00 a 04	Hombres	-25164
2011	50	Zaragoza	05 a 09	Hombres	-23385
2011	50	Zaragoza	10 a 14	Hombres	-21575
2011	50	Zaragoza	15 a 19	Hombres	-21694
2011	50	Zaragoza	20 a 24	Hombres	-25758
2011	50	Zaragoza	25 a 29	Hombres	-32869
2011	50	Zaragoza	30 a 34	Hombres	-42301
2011	50	Zaragoza	35 a 39	Hombres	-43816
2011	50	Zaragoza	40 a 44	Hombres	-40835
2011	50	Zaragoza	45 a 49	Hombres	-37597
2011	50	Zaragoza	50 a 54	Hombres	-33559
2011	50	Zaragoza	55 a 59	Hombres	-28066
2011	50	Zaragoza	60 a 64	Hombres	-25693
2011	50	Zaragoza	65 a 69	Hombres	-22220
2011	50	Zaragoza	70 a 74	Hombres	-17336
2011	50	Zaragoza	75 a 79	Hombres	-17734
2011	50	Zaragoza	80 a 84	Hombres	-12398
2011	50	Zaragoza	85 a 89	Hombres	-6643
2011	50	Zaragoza	90 a 94	Hombres	-1945
2011	50	Zaragoza	95 y más	Hombres	-466
2012	22	Huesca	00 a 04	Hombres	-5300
2012	22	Huesca	05 a 09	Hombres	-5148
2012	22	Huesca	10 a 14	Hombres	-5014
2012	22	Huesca	15 a 19	Hombres	-5233
2012	22	Huesca	20 a 24	Hombres	-5825
2012	22	Huesca	25 a 29	Hombres	-7173
2012	22	Huesca	30 a 34	Hombres	-9353
2012	22	Huesca	35 a 39	Hombres	-9732
2012	22	Huesca	40 a 44	Hombres	-9279
2012	22	Huesca	45 a 49	Hombres	-9381
2012	22	Huesca	50 a 54	Hombres	-8595
2012	22	Huesca	55 a 59	Hombres	-7276
2012	22	Huesca	60 a 64	Hombres	-6229
2012	22	Huesca	65 a 69	Hombres	-5457
2012	22	Huesca	70 a 74	Hombres	-4129
2012	22	Huesca	75 a 79	Hombres	-5019
2012	22	Huesca	80 a 84	Hombres	-3963
2012	22	Huesca	85 a 89	Hombres	-2460
2012	22	Huesca	90 a 94	Hombres	-772
2012	22	Huesca	95 y más	Hombres	-174
2012	44	Teruel	00 a 04	Hombres	-3169
2012	44	Teruel	05 a 09	Hombres	-3088
2012	44	Teruel	10 a 14	Hombres	-3232
2012	44	Teruel	15 a 19	Hombres	-3445
2012	44	Teruel	20 a 24	Hombres	-3954
2012	44	Teruel	25 a 29	Hombres	-4617
2012	44	Teruel	30 a 34	Hombres	-5501
2012	44	Teruel	35 a 39	Hombres	-5604
2012	44	Teruel	40 a 44	Hombres	-5541
2012	44	Teruel	45 a 49	Hombres	-5939
2012	44	Teruel	50 a 54	Hombres	-5726
2012	44	Teruel	55 a 59	Hombres	-4524
2012	44	Teruel	60 a 64	Hombres	-3841
2012	44	Teruel	65 a 69	Hombres	-3341
2012	44	Teruel	70 a 74	Hombres	-2823
2012	44	Teruel	75 a 79	Hombres	-3620
2012	44	Teruel	80 a 84	Hombres	-3151
2012	44	Teruel	85 a 89	Hombres	-1725
2012	44	Teruel	90 a 94	Hombres	-524
2012	44	Teruel	95 y más	Hombres	-113
2012	50	Zaragoza	00 a 04	Hombres	-25130
2012	50	Zaragoza	05 a 09	Hombres	-23934
2012	50	Zaragoza	10 a 14	Hombres	-22103
2012	50	Zaragoza	15 a 19	Hombres	-21665
2012	50	Zaragoza	20 a 24	Hombres	-24996
2012	50	Zaragoza	25 a 29	Hombres	-31392
2012	50	Zaragoza	30 a 34	Hombres	-40645
2012	50	Zaragoza	35 a 39	Hombres	-44643
2012	50	Zaragoza	40 a 44	Hombres	-41444
2012	50	Zaragoza	45 a 49	Hombres	-38203
2012	50	Zaragoza	50 a 54	Hombres	-34276
2012	50	Zaragoza	55 a 59	Hombres	-28918
2012	50	Zaragoza	60 a 64	Hombres	-25792
2012	50	Zaragoza	65 a 69	Hombres	-22960
2012	50	Zaragoza	70 a 74	Hombres	-16900
2012	50	Zaragoza	75 a 79	Hombres	-17603
2012	50	Zaragoza	80 a 84	Hombres	-12892
2012	50	Zaragoza	85 a 89	Hombres	-6797
2012	50	Zaragoza	90 a 94	Hombres	-2158
2012	50	Zaragoza	95 y más	Hombres	-457
2013	22	Huesca	00 a 04	Hombres	-5248
2013	22	Huesca	05 a 09	Hombres	-5260
2013	22	Huesca	10 a 14	Hombres	-5056
2013	22	Huesca	15 a 19	Hombres	-5141
2013	22	Huesca	20 a 24	Hombres	-5695
2013	22	Huesca	25 a 29	Hombres	-6739
2013	22	Huesca	30 a 34	Hombres	-8795
2013	22	Huesca	35 a 39	Hombres	-9746
2013	22	Huesca	40 a 44	Hombres	-9346
2013	22	Huesca	45 a 49	Hombres	-9292
2013	22	Huesca	50 a 54	Hombres	-8683
2013	22	Huesca	55 a 59	Hombres	-7491
2013	22	Huesca	60 a 64	Hombres	-6317
2013	22	Huesca	65 a 69	Hombres	-5643
2013	22	Huesca	70 a 74	Hombres	-3949
2013	22	Huesca	75 a 79	Hombres	-4873
2013	22	Huesca	80 a 84	Hombres	-3965
2013	22	Huesca	85 a 89	Hombres	-2501
2013	22	Huesca	90 a 94	Hombres	-873
2013	22	Huesca	95 y más	Hombres	-168
2013	44	Teruel	00 a 04	Hombres	-3106
2013	44	Teruel	05 a 09	Hombres	-3141
2013	44	Teruel	10 a 14	Hombres	-3158
2013	44	Teruel	15 a 19	Hombres	-3350
2013	44	Teruel	20 a 24	Hombres	-3741
2013	44	Teruel	25 a 29	Hombres	-4428
2013	44	Teruel	30 a 34	Hombres	-5243
2013	44	Teruel	35 a 39	Hombres	-5579
2013	44	Teruel	40 a 44	Hombres	-5407
2013	44	Teruel	45 a 49	Hombres	-5923
2013	44	Teruel	50 a 54	Hombres	-5712
2013	44	Teruel	55 a 59	Hombres	-4692
2013	44	Teruel	60 a 64	Hombres	-3907
2013	44	Teruel	65 a 69	Hombres	-3437
2013	44	Teruel	70 a 74	Hombres	-2659
2013	44	Teruel	75 a 79	Hombres	-3424
2013	44	Teruel	80 a 84	Hombres	-3124
2013	44	Teruel	85 a 89	Hombres	-1821
2013	44	Teruel	90 a 94	Hombres	-573
2013	44	Teruel	95 y más	Hombres	-104
2013	50	Zaragoza	00 a 04	Hombres	-24364
2013	50	Zaragoza	05 a 09	Hombres	-24517
2013	50	Zaragoza	10 a 14	Hombres	-22509
2013	50	Zaragoza	15 a 19	Hombres	-21625
2013	50	Zaragoza	20 a 24	Hombres	-24297
2013	50	Zaragoza	25 a 29	Hombres	-30030
2013	50	Zaragoza	30 a 34	Hombres	-38646
2013	50	Zaragoza	35 a 39	Hombres	-44521
2013	50	Zaragoza	40 a 44	Hombres	-41971
2013	50	Zaragoza	45 a 49	Hombres	-38647
2013	50	Zaragoza	50 a 54	Hombres	-34919
2013	50	Zaragoza	55 a 59	Hombres	-29559
2013	50	Zaragoza	60 a 64	Hombres	-26193
2013	50	Zaragoza	65 a 69	Hombres	-23424
2013	50	Zaragoza	70 a 74	Hombres	-17541
2013	50	Zaragoza	75 a 79	Hombres	-16748
2013	50	Zaragoza	80 a 84	Hombres	-13333
2013	50	Zaragoza	85 a 89	Hombres	-6978
2013	50	Zaragoza	90 a 94	Hombres	-2380
2013	50	Zaragoza	95 y más	Hombres	-475
2014	22	Huesca	00 a 04	Hombres	-5066
2014	22	Huesca	05 a 09	Hombres	-5422
2014	22	Huesca	10 a 14	Hombres	-5012
2014	22	Huesca	15 a 19	Hombres	-5156
2014	22	Huesca	20 a 24	Hombres	-5522
2014	22	Huesca	25 a 29	Hombres	-6433
2014	22	Huesca	30 a 34	Hombres	-8251
2014	22	Huesca	35 a 39	Hombres	-9681
2014	22	Huesca	40 a 44	Hombres	-9281
2014	22	Huesca	45 a 49	Hombres	-9131
2014	22	Huesca	50 a 54	Hombres	-8675
2014	22	Huesca	55 a 59	Hombres	-7679
2014	22	Huesca	60 a 64	Hombres	-6404
2014	22	Huesca	65 a 69	Hombres	-5767
2014	22	Huesca	70 a 74	Hombres	-4162
2014	22	Huesca	75 a 79	Hombres	-4563
2014	22	Huesca	80 a 84	Hombres	-4006
2014	22	Huesca	85 a 89	Hombres	-2487
2014	22	Huesca	90 a 94	Hombres	-960
2014	22	Huesca	95 y más	Hombres	-182
2014	44	Teruel	00 a 04	Hombres	-3047
2014	44	Teruel	05 a 09	Hombres	-3216
2014	44	Teruel	10 a 14	Hombres	-3046
2014	44	Teruel	15 a 19	Hombres	-3255
2014	44	Teruel	20 a 24	Hombres	-3645
2014	44	Teruel	25 a 29	Hombres	-4239
2014	44	Teruel	30 a 34	Hombres	-4958
2014	44	Teruel	35 a 39	Hombres	-5412
2014	44	Teruel	40 a 44	Hombres	-5286
2014	44	Teruel	45 a 49	Hombres	-5696
2014	44	Teruel	50 a 54	Hombres	-5707
2014	44	Teruel	55 a 59	Hombres	-4826
2014	44	Teruel	60 a 64	Hombres	-3987
2014	44	Teruel	65 a 69	Hombres	-3505
2014	44	Teruel	70 a 74	Hombres	-2768
2014	44	Teruel	75 a 79	Hombres	-3078
2014	44	Teruel	80 a 84	Hombres	-3152
2014	44	Teruel	85 a 89	Hombres	-1903
2014	44	Teruel	90 a 94	Hombres	-613
2014	44	Teruel	95 y más	Hombres	-110
2014	50	Zaragoza	00 a 04	Hombres	-23368
2014	50	Zaragoza	05 a 09	Hombres	-24640
2014	50	Zaragoza	10 a 14	Hombres	-22603
2014	50	Zaragoza	15 a 19	Hombres	-21259
2014	50	Zaragoza	20 a 24	Hombres	-23071
2014	50	Zaragoza	25 a 29	Hombres	-27586
2014	50	Zaragoza	30 a 34	Hombres	-34820
2014	50	Zaragoza	35 a 39	Hombres	-42621
2014	50	Zaragoza	40 a 44	Hombres	-40960
2014	50	Zaragoza	45 a 49	Hombres	-38105
2014	50	Zaragoza	50 a 54	Hombres	-34862
2014	50	Zaragoza	55 a 59	Hombres	-30109
2014	50	Zaragoza	60 a 64	Hombres	-25665
2014	50	Zaragoza	65 a 69	Hombres	-23917
2014	50	Zaragoza	70 a 74	Hombres	-18536
2014	50	Zaragoza	75 a 79	Hombres	-15674
2014	50	Zaragoza	80 a 84	Hombres	-13646
2014	50	Zaragoza	85 a 89	Hombres	-7163
2014	50	Zaragoza	90 a 94	Hombres	-2595
2014	50	Zaragoza	95 y más	Hombres	-475
2015	22	Huesca	00 a 04	Hombres	-4850
2015	22	Huesca	05 a 09	Hombres	-5442
2015	22	Huesca	10 a 14	Hombres	-5037
2015	22	Huesca	15 a 19	Hombres	-5104
2015	22	Huesca	20 a 24	Hombres	-5419
2015	22	Huesca	25 a 29	Hombres	-6184
2015	22	Huesca	30 a 34	Hombres	-7689
2015	22	Huesca	35 a 39	Hombres	-9448
2015	22	Huesca	40 a 44	Hombres	-9177
2015	22	Huesca	45 a 49	Hombres	-8979
2015	22	Huesca	50 a 54	Hombres	-8729
2015	22	Huesca	55 a 59	Hombres	-7934
2015	22	Huesca	60 a 64	Hombres	-6422
2015	22	Huesca	65 a 69	Hombres	-5867
2015	22	Huesca	70 a 74	Hombres	-4554
2015	22	Huesca	75 a 79	Hombres	-4078
2015	22	Huesca	80 a 84	Hombres	-3991
2015	22	Huesca	85 a 89	Hombres	-2468
2015	22	Huesca	90 a 94	Hombres	-1070
2015	22	Huesca	95 y más	Hombres	-184
2015	44	Teruel	00 a 04	Hombres	-3002
2015	44	Teruel	05 a 09	Hombres	-3181
2015	44	Teruel	10 a 14	Hombres	-3098
2015	44	Teruel	15 a 19	Hombres	-3133
2015	44	Teruel	20 a 24	Hombres	-3537
2015	44	Teruel	25 a 29	Hombres	-4010
2015	44	Teruel	30 a 34	Hombres	-4692
2015	44	Teruel	35 a 39	Hombres	-5332
2015	44	Teruel	40 a 44	Hombres	-5263
2015	44	Teruel	45 a 49	Hombres	-5511
2015	44	Teruel	50 a 54	Hombres	-5685
2015	44	Teruel	55 a 59	Hombres	-5088
2015	44	Teruel	60 a 64	Hombres	-4010
2015	44	Teruel	65 a 69	Hombres	-3536
2015	44	Teruel	70 a 74	Hombres	-2995
2015	44	Teruel	75 a 79	Hombres	-2697
2015	44	Teruel	80 a 84	Hombres	-3052
2015	44	Teruel	85 a 89	Hombres	-1972
2015	44	Teruel	90 a 94	Hombres	-692
2015	44	Teruel	95 y más	Hombres	-119
2015	50	Zaragoza	00 a 04	Hombres	-22925
2015	50	Zaragoza	05 a 09	Hombres	-24855
2015	50	Zaragoza	10 a 14	Hombres	-22847
2015	50	Zaragoza	15 a 19	Hombres	-21317
2015	50	Zaragoza	20 a 24	Hombres	-22371
2015	50	Zaragoza	25 a 29	Hombres	-26399
2015	50	Zaragoza	30 a 34	Hombres	-32988
2015	50	Zaragoza	35 a 39	Hombres	-41229
2015	50	Zaragoza	40 a 44	Hombres	-41187
2015	50	Zaragoza	45 a 49	Hombres	-37981
2015	50	Zaragoza	50 a 54	Hombres	-35472
2015	50	Zaragoza	55 a 59	Hombres	-31105
2015	50	Zaragoza	60 a 64	Hombres	-25715
2015	50	Zaragoza	65 a 69	Hombres	-24065
2015	50	Zaragoza	70 a 74	Hombres	-19851
2015	50	Zaragoza	75 a 79	Hombres	-14718
2015	50	Zaragoza	80 a 84	Hombres	-13696
2015	50	Zaragoza	85 a 89	Hombres	-7491
2015	50	Zaragoza	90 a 94	Hombres	-2768
2015	50	Zaragoza	95 y más	Hombres	-476