Año	Población	Comarca código	Comarca nombre
1996	16583	01	La Jacetania
1996	12184	02	Alto Gállego
1996	6806	03	Sobrarbe
1996	11895	04	La Ribagorza
1996	31837	05	Cinco Villas
1996	59711	06	Hoya de Huesca / Plana de Uesca
1996	22652	07	Somontano de Barbastro
1996	21843	08	Cinca Medio
1996	18927	09	La Litera / La Llitera
1996	22042	10	Los Monegros
1996	22383	11	Bajo Cinca / Baix Cinca
1996	14207	12	Tarazona y el Moncayo
1996	14303	13	Campo de Borja
1996	8147	14	Aranda
1996	21671	15	Ribera Alta del Ebro
1996	21630	16	Valdejalón
1996	636833	17	D.C. Zaragoza
1996	9769	18	Ribera Baja del Ebro
1996	13008	19	Bajo Aragón-Caspe / Baix Aragó-Casp
1996	40271	20	Comunidad de Calatayud
1996	9902	21	Campo de Cariñena
1996	5811	22	Campo de Belchite
1996	7894	23	Bajo Martín
1996	6920	24	Campo de Daroca
1996	14353	25	Jiloca
1996	10240	26	Cuencas Mineras
1996	11911	27	Andorra-Sierra de Arcos
1996	26097	28	Bajo Aragón
1996	41750	29	Comunidad de Teruel
1996	3773	30	Maestrazgo
1996	5208	31	Sierra de Albarracín
1996	7817	32	Gúdar-Javalambre
1996	9168	33	Matarraña / Matarranya
1998	16429	01	La Jacetania
1998	12102	02	Alto Gállego
1998	6689	03	Sobrarbe
1998	11755	04	La Ribagorza
1998	31030	05	Cinco Villas
1998	59325	06	Hoya de Huesca / Plana de Uesca
1998	22357	07	Somontano de Barbastro
1998	21685	08	Cinca Medio
1998	18709	09	La Litera / La Llitera
1998	21641	10	Los Monegros
1998	22268	11	Bajo Cinca / Baix Cinca
1998	14054	12	Tarazona y el Moncayo
1998	13968	13	Campo de Borja
1998	8113	14	Aranda
1998	21595	15	Ribera Alta del Ebro
1998	21385	16	Valdejalón
1998	639411	17	D.C. Zaragoza
1998	9539	18	Ribera Baja del Ebro
1998	12885	19	Bajo Aragón-Caspe / Baix Aragó-Casp
1998	39167	20	Comunidad de Calatayud
1998	9842	21	Campo de Cariñena
1998	5674	22	Campo de Belchite
1998	7737	23	Bajo Martín
1998	6771	24	Campo de Daroca
1998	14128	25	Jiloca
1998	9979	26	Cuencas Mineras
1998	11728	27	Andorra-Sierra de Arcos
1998	26024	28	Bajo Aragón
1998	41715	29	Comunidad de Teruel
1998	3728	30	Maestrazgo
1998	5083	31	Sierra de Albarracín
1998	7778	32	Gúdar-Javalambre
1998	8940	33	Matarraña / Matarranya
1999	16591	01	La Jacetania
1999	12101	02	Alto Gállego
1999	6740	03	Sobrarbe
1999	11904	04	La Ribagorza
1999	31738	05	Cinco Villas
1999	59472	06	Hoya de Huesca / Plana de Uesca
1999	22399	07	Somontano de Barbastro
1999	21713	08	Cinca Medio
1999	18631	09	La Litera / La Llitera
1999	21549	10	Los Monegros
1999	22301	11	Bajo Cinca / Baix Cinca
1999	14151	12	Tarazona y el Moncayo
1999	14177	13	Campo de Borja
1999	8127	14	Aranda
1999	21746	15	Ribera Alta del Ebro
1999	21496	16	Valdejalón
1999	640346	17	D.C. Zaragoza
1999	9664	18	Ribera Baja del Ebro
1999	12947	19	Bajo Aragón-Caspe / Baix Aragó-Casp
1999	39851	20	Comunidad de Calatayud
1999	9895	21	Campo de Cariñena
1999	5680	22	Campo de Belchite
1999	7613	23	Bajo Martín
1999	6781	24	Campo de Daroca
1999	14079	25	Jiloca
1999	9881	26	Cuencas Mineras
1999	11568	27	Andorra-Sierra de Arcos
1999	25962	28	Bajo Aragón
1999	42272	29	Comunidad de Teruel
1999	3717	30	Maestrazgo
1999	5108	31	Sierra de Albarracín
1999	7779	32	Gúdar-Javalambre
1999	8870	33	Matarraña / Matarranya
2000	16646	01	La Jacetania
2000	12117	02	Alto Gállego
2000	6820	03	Sobrarbe
2000	11856	04	La Ribagorza
2000	31737	05	Cinco Villas
2000	59509	06	Hoya de Huesca / Plana de Uesca
2000	22475	07	Somontano de Barbastro
2000	21784	08	Cinca Medio
2000	18546	09	La Litera / La Llitera
2000	21356	10	Los Monegros
2000	22216	11	Bajo Cinca / Baix Cinca
2000	14106	12	Tarazona y el Moncayo
2000	14113	13	Campo de Borja
2000	8052	14	Aranda
2000	21870	15	Ribera Alta del Ebro
2000	21946	16	Valdejalón
2000	643602	17	D.C. Zaragoza
2000	9566	18	Ribera Baja del Ebro
2000	12783	19	Bajo Aragón-Caspe / Baix Aragó-Casp
2000	39948	20	Comunidad de Calatayud
2000	9899	21	Campo de Cariñena
2000	5672	22	Campo de Belchite
2000	7497	23	Bajo Martín
2000	6817	24	Campo de Daroca
2000	13964	25	Jiloca
2000	9763	26	Cuencas Mineras
2000	11397	27	Andorra-Sierra de Arcos
2000	26120	28	Bajo Aragón
2000	42556	29	Comunidad de Teruel
2000	3708	30	Maestrazgo
2000	5065	31	Sierra de Albarracín
2000	7717	32	Gúdar-Javalambre
2000	8686	33	Matarraña / Matarranya
2001	16876	01	La Jacetania
2001	11955	02	Alto Gállego
2001	6833	03	Sobrarbe
2001	11944	04	La Ribagorza
2001	32120	05	Cinco Villas
2001	59823	06	Hoya de Huesca / Plana de Uesca
2001	22164	07	Somontano de Barbastro
2001	22125	08	Cinca Medio
2001	18586	09	La Litera / La Llitera
2001	21207	10	Los Monegros
2001	22336	11	Bajo Cinca / Baix Cinca
2001	14208	12	Tarazona y el Moncayo
2001	14276	13	Campo de Borja
2001	7996	14	Aranda
2001	22109	15	Ribera Alta del Ebro
2001	22822	16	Valdejalón
2001	651622	17	D.C. Zaragoza
2001	9516	18	Ribera Baja del Ebro
2001	12741	19	Bajo Aragón-Caspe / Baix Aragó-Casp
2001	39834	20	Comunidad de Calatayud
2001	10068	21	Campo de Cariñena
2001	5610	22	Campo de Belchite
2001	7415	23	Bajo Martín
2001	6749	24	Campo de Daroca
2001	13877	25	Jiloca
2001	9696	26	Cuencas Mineras
2001	11172	27	Andorra-Sierra de Arcos
2001	26413	28	Bajo Aragón
2001	42660	29	Comunidad de Teruel
2001	3621	30	Maestrazgo
2001	4973	31	Sierra de Albarracín
2001	7772	32	Gúdar-Javalambre
2001	8634	33	Matarraña / Matarranya
2002	17207	01	La Jacetania
2002	12320	02	Alto Gállego
2002	6854	03	Sobrarbe
2002	12129	04	La Ribagorza
2002	32669	05	Cinco Villas
2002	60525	06	Hoya de Huesca / Plana de Uesca
2002	22740	07	Somontano de Barbastro
2002	22441	08	Cinca Medio
2002	18666	09	La Litera / La Llitera
2002	21240	10	Los Monegros
2002	22688	11	Bajo Cinca / Baix Cinca
2002	14287	12	Tarazona y el Moncayo
2002	14326	13	Campo de Borja
2002	8018	14	Aranda
2002	22564	15	Ribera Alta del Ebro
2002	23721	16	Valdejalón
2002	662941	17	D.C. Zaragoza
2002	9418	18	Ribera Baja del Ebro
2002	12604	19	Bajo Aragón-Caspe / Baix Aragó-Casp
2002	40185	20	Comunidad de Calatayud
2002	10501	21	Campo de Cariñena
2002	5505	22	Campo de Belchite
2002	7383	23	Bajo Martín
2002	6623	24	Campo de Daroca
2002	13829	25	Jiloca
2002	9604	26	Cuencas Mineras
2002	11165	27	Andorra-Sierra de Arcos
2002	26853	28	Bajo Aragón
2002	43273	29	Comunidad de Teruel
2002	3700	30	Maestrazgo
2002	4961	31	Sierra de Albarracín
2002	7892	32	Gúdar-Javalambre
2002	8682	33	Matarraña / Matarranya
2003	17299	01	La Jacetania
2003	12593	02	Alto Gállego
2003	6903	03	Sobrarbe
2003	12263	04	La Ribagorza
2003	32599	05	Cinco Villas
2003	61659	06	Hoya de Huesca / Plana de Uesca
2003	23141	07	Somontano de Barbastro
2003	22683	08	Cinca Medio
2003	18720	09	La Litera / La Llitera
2003	20972	10	Los Monegros
2003	22961	11	Bajo Cinca / Baix Cinca
2003	14346	12	Tarazona y el Moncayo
2003	14344	13	Campo de Borja
2003	8054	14	Aranda
2003	23114	15	Ribera Alta del Ebro
2003	24579	16	Valdejalón
2003	670239	17	D.C. Zaragoza
2003	9292	18	Ribera Baja del Ebro
2003	12658	19	Bajo Aragón-Caspe / Baix Aragó-Casp
2003	40484	20	Comunidad de Calatayud
2003	10715	21	Campo de Cariñena
2003	5336	22	Campo de Belchite
2003	7290	23	Bajo Martín
2003	6450	24	Campo de Daroca
2003	13800	25	Jiloca
2003	9477	26	Cuencas Mineras
2003	11138	27	Andorra-Sierra de Arcos
2003	27705	28	Bajo Aragón
2003	43854	29	Comunidad de Teruel
2003	3691	30	Maestrazgo
2003	4939	31	Sierra de Albarracín
2003	8053	32	Gúdar-Javalambre
2003	8739	33	Matarraña / Matarranya
2004	17622	01	La Jacetania
2004	12749	02	Alto Gállego
2004	6953	03	Sobrarbe
2004	12549	04	La Ribagorza
2004	33029	05	Cinco Villas
2004	62417	06	Hoya de Huesca / Plana de Uesca
2004	23215	07	Somontano de Barbastro
2004	22609	08	Cinca Medio
2004	18730	09	La Litera / La Llitera
2004	20871	10	Los Monegros
2004	23071	11	Bajo Cinca / Baix Cinca
2004	14382	12	Tarazona y el Moncayo
2004	14330	13	Campo de Borja
2004	7992	14	Aranda
2004	23554	15	Ribera Alta del Ebro
2004	25177	16	Valdejalón
2004	685873	17	D.C. Zaragoza
2004	9230	18	Ribera Baja del Ebro
2004	12895	19	Bajo Aragón-Caspe / Baix Aragó-Casp
2004	40564	20	Comunidad de Calatayud
2004	10719	21	Campo de Cariñena
2004	5281	22	Campo de Belchite
2004	7274	23	Bajo Martín
2004	6439	24	Campo de Daroca
2004	13761	25	Jiloca
2004	9406	26	Cuencas Mineras
2004	11139	27	Andorra-Sierra de Arcos
2004	28137	28	Bajo Aragón
2004	44141	29	Comunidad de Teruel
2004	3749	30	Maestrazgo
2004	4921	31	Sierra de Albarracín
2004	8144	32	Gúdar-Javalambre
2004	8661	33	Matarraña / Matarranya
2005	17930	01	La Jacetania
2005	13121	02	Alto Gállego
2005	7151	03	Sobrarbe
2005	12705	04	La Ribagorza
2005	33361	05	Cinco Villas
2005	63434	06	Hoya de Huesca / Plana de Uesca
2005	23411	07	Somontano de Barbastro
2005	22936	08	Cinca Medio
2005	18798	09	La Litera / La Llitera
2005	20829	10	Los Monegros
2005	23446	11	Bajo Cinca / Baix Cinca
2005	14467	12	Tarazona y el Moncayo
2005	14460	13	Campo de Borja
2005	7833	14	Aranda
2005	24354	15	Ribera Alta del Ebro
2005	26084	16	Valdejalón
2005	697532	17	D.C. Zaragoza
2005	9223	18	Ribera Baja del Ebro
2005	13241	19	Bajo Aragón-Caspe / Baix Aragó-Casp
2005	41027	20	Comunidad de Calatayud
2005	10861	21	Campo de Cariñena
2005	5221	22	Campo de Belchite
2005	7276	23	Bajo Martín
2005	6511	24	Campo de Daroca
2005	13940	25	Jiloca
2005	9450	26	Cuencas Mineras
2005	11158	27	Andorra-Sierra de Arcos
2005	28722	28	Bajo Aragón
2005	44806	29	Comunidad de Teruel
2005	3739	30	Maestrazgo
2005	4872	31	Sierra de Albarracín
2005	8398	32	Gúdar-Javalambre
2005	8730	33	Matarraña / Matarranya
2006	18166	01	La Jacetania
2006	13457	02	Alto Gállego
2006	7293	03	Sobrarbe
2006	12811	04	La Ribagorza
2006	33154	05	Cinco Villas
2006	64531	06	Hoya de Huesca / Plana de Uesca
2006	23464	07	Somontano de Barbastro
2006	23072	08	Cinca Medio
2006	18847	09	La Litera / La Llitera
2006	20896	10	Los Monegros
2006	23366	11	Bajo Cinca / Baix Cinca
2006	14575	12	Tarazona y el Moncayo
2006	14524	13	Campo de Borja
2006	7681	14	Aranda
2006	24875	15	Ribera Alta del Ebro
2006	26437	16	Valdejalón
2006	702662	17	D.C. Zaragoza
2006	9197	18	Ribera Baja del Ebro
2006	13606	19	Bajo Aragón-Caspe / Baix Aragó-Casp
2006	40327	20	Comunidad de Calatayud
2006	10580	21	Campo de Cariñena
2006	5196	22	Campo de Belchite
2006	7252	23	Bajo Martín
2006	6594	24	Campo de Daroca
2006	13972	25	Jiloca
2006	9476	26	Cuencas Mineras
2006	11123	27	Andorra-Sierra de Arcos
2006	29128	28	Bajo Aragón
2006	45313	29	Comunidad de Teruel
2006	3737	30	Maestrazgo
2006	4912	31	Sierra de Albarracín
2006	8574	32	Gúdar-Javalambre
2006	8673	33	Matarraña / Matarranya
2007	18144	01	La Jacetania
2007	13955	02	Alto Gállego
2007	7483	03	Sobrarbe
2007	12953	04	La Ribagorza
2007	33196	05	Cinco Villas
2007	65266	06	Hoya de Huesca / Plana de Uesca
2007	23613	07	Somontano de Barbastro
2007	23084	08	Cinca Medio
2007	18867	09	La Litera / La Llitera
2007	20947	10	Los Monegros
2007	23645	11	Bajo Cinca / Baix Cinca
2007	14690	12	Tarazona y el Moncayo
2007	14914	13	Campo de Borja
2007	7627	14	Aranda
2007	25745	15	Ribera Alta del Ebro
2007	27423	16	Valdejalón
2007	714604	17	D.C. Zaragoza
2007	9155	18	Ribera Baja del Ebro
2007	13575	19	Bajo Aragón-Caspe / Baix Aragó-Casp
2007	41356	20	Comunidad de Calatayud
2007	10606	21	Campo de Cariñena
2007	5222	22	Campo de Belchite
2007	7427	23	Bajo Martín
2007	6539	24	Campo de Daroca
2007	14253	25	Jiloca
2007	9496	26	Cuencas Mineras
2007	11312	27	Andorra-Sierra de Arcos
2007	29358	28	Bajo Aragón
2007	45953	29	Comunidad de Teruel
2007	3735	30	Maestrazgo
2007	5041	31	Sierra de Albarracín
2007	8674	32	Gúdar-Javalambre
2007	8797	33	Matarraña / Matarranya
2008	18511	01	La Jacetania
2008	14570	02	Alto Gállego
2008	7732	03	Sobrarbe
2008	13276	04	La Ribagorza
2008	33584	05	Cinco Villas
2008	66793	06	Hoya de Huesca / Plana de Uesca
2008	24090	07	Somontano de Barbastro
2008	23720	08	Cinca Medio
2008	19166	09	La Litera / La Llitera
2008	21238	10	Los Monegros
2008	24092	11	Bajo Cinca / Baix Cinca
2008	14747	12	Tarazona y el Moncayo
2008	15427	13	Campo de Borja
2008	7631	14	Aranda
2008	26952	15	Ribera Alta del Ebro
2008	29429	16	Valdejalón
2008	731315	17	D.C. Zaragoza
2008	9240	18	Ribera Baja del Ebro
2008	13940	19	Bajo Aragón-Caspe / Baix Aragó-Casp
2008	42379	20	Comunidad de Calatayud
2008	10987	21	Campo de Cariñena
2008	5282	22	Campo de Belchite
2008	7311	23	Bajo Martín
2008	6493	24	Campo de Daroca
2008	14589	25	Jiloca
2008	9386	26	Cuencas Mineras
2008	11542	27	Andorra-Sierra de Arcos
2008	30146	28	Bajo Aragón
2008	46961	29	Comunidad de Teruel
2008	3789	30	Maestrazgo
2008	5014	31	Sierra de Albarracín
2008	8692	32	Gúdar-Javalambre
2008	8894	33	Matarraña / Matarranya
2009	18703	01	La Jacetania
2009	14916	02	Alto Gállego
2009	7764	03	Sobrarbe
2009	13332	04	La Ribagorza
2009	33580	05	Cinco Villas
2009	67992	06	Hoya de Huesca / Plana de Uesca
2009	24381	07	Somontano de Barbastro
2009	24007	08	Cinca Medio
2009	19291	09	La Litera / La Llitera
2009	21230	10	Los Monegros
2009	24663	11	Bajo Cinca / Baix Cinca
2009	14825	12	Tarazona y el Moncayo
2009	15621	13	Campo de Borja
2009	7696	14	Aranda
2009	27810	15	Ribera Alta del Ebro
2009	30380	16	Valdejalón
2009	743280	17	D.C. Zaragoza
2009	9333	18	Ribera Baja del Ebro
2009	14775	19	Bajo Aragón-Caspe / Baix Aragó-Casp
2009	42319	20	Comunidad de Calatayud
2009	11214	21	Campo de Cariñena
2009	5288	22	Campo de Belchite
2009	7225	23	Bajo Martín
2009	6322	24	Campo de Daroca
2009	14442	25	Jiloca
2009	9269	26	Cuencas Mineras
2009	11601	27	Andorra-Sierra de Arcos
2009	30370	28	Bajo Aragón
2009	47361	29	Comunidad de Teruel
2009	3780	30	Maestrazgo
2009	4968	31	Sierra de Albarracín
2009	8792	32	Gúdar-Javalambre
2009	8943	33	Matarraña / Matarranya
2010	18664	01	La Jacetania
2010	14921	02	Alto Gállego
2010	7718	03	Sobrarbe
2010	13473	04	La Ribagorza
2010	33331	05	Cinco Villas
2010	68428	06	Hoya de Huesca / Plana de Uesca
2010	24410	07	Somontano de Barbastro
2010	24051	08	Cinca Medio
2010	19161	09	La Litera / La Llitera
2010	20942	10	Los Monegros
2010	24670	11	Bajo Cinca / Baix Cinca
2010	14730	12	Tarazona y el Moncayo
2010	15517	13	Campo de Borja
2010	7617	14	Aranda
2010	27827	15	Ribera Alta del Ebro
2010	30533	16	Valdejalón
2010	746719	17	D.C. Zaragoza
2010	9452	18	Ribera Baja del Ebro
2010	15016	19	Bajo Aragón-Caspe / Baix Aragó-Casp
2010	42013	20	Comunidad de Calatayud
2010	11173	21	Campo de Cariñena
2010	5260	22	Campo de Belchite
2010	7135	23	Bajo Martín
2010	6192	24	Campo de Daroca
2010	14142	25	Jiloca
2010	9094	26	Cuencas Mineras
2010	11523	27	Andorra-Sierra de Arcos
2010	30311	28	Bajo Aragón
2010	46957	29	Comunidad de Teruel
2010	3682	30	Maestrazgo
2010	4930	31	Sierra de Albarracín
2010	8610	32	Gúdar-Javalambre
2010	8893	33	Matarraña / Matarranya
2011	18709	01	La Jacetania
2011	14820	02	Alto Gállego
2011	7790	03	Sobrarbe
2011	13395	04	La Ribagorza
2011	33150	05	Cinco Villas
2011	68484	06	Hoya de Huesca / Plana de Uesca
2011	24304	07	Somontano de Barbastro
2011	24128	08	Cinca Medio
2011	19135	09	La Litera / La Llitera
2011	20839	10	Los Monegros
2011	24609	11	Bajo Cinca / Baix Cinca
2011	14765	12	Tarazona y el Moncayo
2011	15446	13	Campo de Borja
2011	7501	14	Aranda
2011	27775	15	Ribera Alta del Ebro
2011	30018	16	Valdejalón
2011	748360	17	D.C. Zaragoza
2011	9412	18	Ribera Baja del Ebro
2011	15077	19	Bajo Aragón-Caspe / Baix Aragó-Casp
2011	41013	20	Comunidad de Calatayud
2011	11350	21	Campo de Cariñena
2011	5284	22	Campo de Belchite
2011	7057	23	Bajo Martín
2011	6322	24	Campo de Daroca
2011	13937	25	Jiloca
2011	9043	26	Cuencas Mineras
2011	11450	27	Andorra-Sierra de Arcos
2011	30341	28	Bajo Aragón
2011	46848	29	Comunidad de Teruel
2011	3670	30	Maestrazgo
2011	4981	31	Sierra de Albarracín
2011	8475	32	Gúdar-Javalambre
2011	8805	33	Matarraña / Matarranya
2012	18537	01	La Jacetania
2012	14641	02	Alto Gállego
2012	7812	03	Sobrarbe
2012	13182	04	La Ribagorza
2012	32661	05	Cinco Villas
2012	68186	06	Hoya de Huesca / Plana de Uesca
2012	24428	07	Somontano de Barbastro
2012	24145	08	Cinca Medio
2012	18961	09	La Litera / La Llitera
2012	20633	10	Los Monegros
2012	24828	11	Bajo Cinca / Baix Cinca
2012	14666	12	Tarazona y el Moncayo
2012	15371	13	Campo de Borja
2012	7412	14	Aranda
2012	27913	15	Ribera Alta del Ebro
2012	29730	16	Valdejalón
2012	754880	17	D.C. Zaragoza
2012	9349	18	Ribera Baja del Ebro
2012	15039	19	Bajo Aragón-Caspe / Baix Aragó-Casp
2012	40899	20	Comunidad de Calatayud
2012	11059	21	Campo de Cariñena
2012	5188	22	Campo de Belchite
2012	6942	23	Bajo Martín
2012	6219	24	Campo de Daroca
2012	13697	25	Jiloca
2012	8894	26	Cuencas Mineras
2012	11299	27	Andorra-Sierra de Arcos
2012	30080	28	Bajo Aragón
2012	47223	29	Comunidad de Teruel
2012	3602	30	Maestrazgo
2012	4930	31	Sierra de Albarracín
2012	8328	32	Gúdar-Javalambre
2012	8733	33	Matarraña / Matarranya
2013	18421	01	La Jacetania
2013	14447	02	Alto Gállego
2013	7721	03	Sobrarbe
2013	12942	04	La Ribagorza
2013	32074	05	Cinco Villas
2013	68280	06	Hoya de Huesca / Plana de Uesca
2013	24111	07	Somontano de Barbastro
2013	24216	08	Cinca Medio
2013	18814	09	La Litera / La Llitera
2013	20172	10	Los Monegros
2013	24800	11	Bajo Cinca / Baix Cinca
2013	14471	12	Tarazona y el Moncayo
2013	14971	13	Campo de Borja
2013	7268	14	Aranda
2013	27765	15	Ribera Alta del Ebro
2013	29529	16	Valdejalón
2013	758380	17	D.C. Zaragoza
2013	9223	18	Ribera Baja del Ebro
2013	15008	19	Bajo Aragón-Caspe / Baix Aragó-Casp
2013	40333	20	Comunidad de Calatayud
2013	10802	21	Campo de Cariñena
2013	5093	22	Campo de Belchite
2013	6768	23	Bajo Martín
2013	6126	24	Campo de Daroca
2013	13435	25	Jiloca
2013	8835	26	Cuencas Mineras
2013	11113	27	Andorra-Sierra de Arcos
2013	29875	28	Bajo Aragón
2013	47185	29	Comunidad de Teruel
2013	3464	30	Maestrazgo
2013	4783	31	Sierra de Albarracín
2013	8095	32	Gúdar-Javalambre
2013	8630	33	Matarraña / Matarranya
2014	18235	01	La Jacetania
2014	14139	02	Alto Gállego
2014	7926	03	Sobrarbe
2014	12624	04	La Ribagorza
2014	31442	05	Cinco Villas
2014	68286	06	Hoya de Huesca / Plana de Uesca
2014	24086	07	Somontano de Barbastro
2014	24019	08	Cinca Medio
2014	18696	09	La Litera / La Llitera
2014	19826	10	Los Monegros
2014	24817	11	Bajo Cinca / Baix Cinca
2014	14405	12	Tarazona y el Moncayo
2014	14600	13	Campo de Borja
2014	7168	14	Aranda
2014	27379	15	Ribera Alta del Ebro
2014	29179	16	Valdejalón
2014	743147	17	D.C. Zaragoza
2014	9102	18	Ribera Baja del Ebro
2014	14994	19	Bajo Aragón-Caspe / Baix Aragó-Casp
2014	39587	20	Comunidad de Calatayud
2014	10663	21	Campo de Cariñena
2014	4967	22	Campo de Belchite
2014	6689	23	Bajo Martín
2014	6026	24	Campo de Daroca
2014	13205	25	Jiloca
2014	8701	26	Cuencas Mineras
2014	10906	27	Andorra-Sierra de Arcos
2014	29640	28	Bajo Aragón
2014	46724	29	Comunidad de Teruel
2014	3402	30	Maestrazgo
2014	4690	31	Sierra de Albarracín
2014	7917	32	Gúdar-Javalambre
2014	8491	33	Matarraña / Matarranya
2015	18080	01	La Jacetania
2015	13766	02	Alto Gállego
2015	7556	03	Sobrarbe
2015	12376	04	La Ribagorza
2015	31108	05	Cinco Villas
2015	67806	06	Hoya de Huesca / Plana de Uesca
2015	23925	07	Somontano de Barbastro
2015	23979	08	Cinca Medio
2015	18516	09	La Litera / La Llitera
2015	19566	10	Los Monegros
2015	24619	11	Bajo Cinca / Baix Cinca
2015	14258	12	Tarazona y el Moncayo
2015	14346	13	Campo de Borja
2015	7082	14	Aranda
2015	27141	15	Ribera Alta del Ebro
2015	28763	16	Valdejalón
2015	742656	17	D.C. Zaragoza
2015	8964	18	Ribera Baja del Ebro
2015	14908	19	Bajo Aragón-Caspe / Baix Aragó-Casp
2015	38362	20	Comunidad de Calatayud
2015	10352	21	Campo de Cariñena
2015	4885	22	Campo de Belchite
2015	6619	23	Bajo Martín
2015	5901	24	Campo de Daroca
2015	12980	25	Jiloca
2015	8591	26	Cuencas Mineras
2015	10743	27	Andorra-Sierra de Arcos
2015	29410	28	Bajo Aragón
2015	46426	29	Comunidad de Teruel
2015	3333	30	Maestrazgo
2015	4652	31	Sierra de Albarracín
2015	7793	32	Gúdar-Javalambre
2015	8385	33	Matarraña / Matarranya