Aragón	Sexo	Edad	Nivel estudios (agregado)	Nivel estudios (detalle)	Personas residentes viviendas familiares
Aragón	Varones	16 a 19	Analfabetos	No sabe leer o escribir	100
Aragón	Varones	16 a 19	Sin estudios	Sin estudios	496
Aragón	Varones	16 a 19	Primer grado	Primer grado	5077
Aragón	Varones	16 a 19	Segundo grado	FP Grado Medio	1570
Aragón	Varones	16 a 19	Segundo grado	FP Grado Superior	630
Aragón	Varones	16 a 19	Segundo grado	Bachillerato Superior	5635
Aragón	Varones	16 a 19	Segundo grado	ESO, EGB, Bachillerato Ele.	13084
Aragón	Varones	20 a 24	Analfabetos	No sabe leer o escribir	184
Aragón	Varones	20 a 24	Sin estudios	Sin estudios	576
Aragón	Varones	20 a 24	Primer grado	Primer grado	3321
Aragón	Varones	20 a 24	Segundo grado	FP Grado Superior	5340
Aragón	Varones	20 a 24	Segundo grado	Bachillerato Superior	10894
Aragón	Varones	20 a 24	Segundo grado	ESO, EGB, Bachillerato Ele.	11955
Aragón	Varones	20 a 24	Segundo grado	FP Grado Medio	5051
Aragón	Varones	20 a 24	Tercer grado	Licenciatura	1329
Aragón	Varones	20 a 24	Tercer grado	Diplomatura	4023
Aragón	Varones	25 a 29	Analfabetos	No sabe leer o escribir	319
Aragón	Varones	25 a 29	Sin estudios	Sin estudios	819
Aragón	Varones	25 a 29	Primer grado	Primer grado	4050
Aragón	Varones	25 a 29	Segundo grado	Bachillerato Superior	7320
Aragón	Varones	25 a 29	Segundo grado	FP Grado Superior	6312
Aragón	Varones	25 a 29	Segundo grado	FP Grado Medio	4912
Aragón	Varones	25 a 29	Segundo grado	ESO, EGB, Bachillerato Ele.	13491
Aragón	Varones	25 a 29	Tercer grado	Licenciatura	5898
Aragón	Varones	25 a 29	Tercer grado	Doctorado	171
Aragón	Varones	25 a 29	Tercer grado	Diplomatura	5915
Aragón	Varones	30 a 34	Analfabetos	No sabe leer o escribir	285
Aragón	Varones	30 a 34	Sin estudios	Sin estudios	867
Aragón	Varones	30 a 34	Primer grado	Primer grado	4665
Aragón	Varones	30 a 34	Segundo grado	FP Grado Superior	5712
Aragón	Varones	30 a 34	Segundo grado	FP Grado Medio	4939
Aragón	Varones	30 a 34	Segundo grado	Bachillerato Superior	6339
Aragón	Varones	30 a 34	Segundo grado	ESO, EGB, Bachillerato Ele.	14590
Aragón	Varones	30 a 34	Tercer grado	Licenciatura	5261
Aragón	Varones	30 a 34	Tercer grado	Diplomatura	4517
Aragón	Varones	30 a 34	Tercer grado	Doctorado	400
Aragón	Varones	35 a 39	Analfabetos	No sabe leer o escribir	288
Aragón	Varones	35 a 39	Sin estudios	Sin estudios	968
Aragón	Varones	35 a 39	Primer grado	Primer grado	5651
Aragón	Varones	35 a 39	Segundo grado	ESO, EGB, Bachillerato Ele.	16634
Aragón	Varones	35 a 39	Segundo grado	FP Grado Medio	4263
Aragón	Varones	35 a 39	Segundo grado	Bachillerato Superior	7004
Aragón	Varones	35 a 39	Segundo grado	FP Grado Superior	4580
Aragón	Varones	35 a 39	Tercer grado	Licenciatura	4627
Aragón	Varones	35 a 39	Tercer grado	Doctorado	566
Aragón	Varones	35 a 39	Tercer grado	Diplomatura	3681
Aragón	Varones	40 a 44	Analfabetos	No sabe leer o escribir	281
Aragón	Varones	40 a 44	Sin estudios	Sin estudios	1123
Aragón	Varones	40 a 44	Primer grado	Primer grado	6610
Aragón	Varones	40 a 44	Segundo grado	FP Grado Medio	2942
Aragón	Varones	40 a 44	Segundo grado	ESO, EGB, Bachillerato Ele.	16095
Aragón	Varones	40 a 44	Segundo grado	Bachillerato Superior	6748
Aragón	Varones	40 a 44	Segundo grado	FP Grado Superior	3031
Aragón	Varones	40 a 44	Tercer grado	Doctorado	603
Aragón	Varones	40 a 44	Tercer grado	Licenciatura	4186
Aragón	Varones	40 a 44	Tercer grado	Diplomatura	3619
Aragón	Varones	45 a 49	Analfabetos	No sabe leer o escribir	261
Aragón	Varones	45 a 49	Sin estudios	Sin estudios	1244
Aragón	Varones	45 a 49	Primer grado	Primer grado	8151
Aragón	Varones	45 a 49	Segundo grado	Bachillerato Superior	4680
Aragón	Varones	45 a 49	Segundo grado	ESO, EGB, Bachillerato Ele.	14609
Aragón	Varones	45 a 49	Segundo grado	FP Grado Medio	1882
Aragón	Varones	45 a 49	Segundo grado	FP Grado Superior	2067
Aragón	Varones	45 a 49	Tercer grado	Licenciatura	3407
Aragón	Varones	45 a 49	Tercer grado	Diplomatura	2903
Aragón	Varones	45 a 49	Tercer grado	Doctorado	491
Aragón	Varones	50 a 54	Analfabetos	No sabe leer o escribir	216
Aragón	Varones	50 a 54	Sin estudios	Sin estudios	1744
Aragón	Varones	50 a 54	Primer grado	Primer grado	9809
Aragón	Varones	50 a 54	Segundo grado	ESO, EGB, Bachillerato Ele.	13572
Aragón	Varones	50 a 54	Segundo grado	FP Grado Superior	1671
Aragón	Varones	50 a 54	Segundo grado	FP Grado Medio	1527
Aragón	Varones	50 a 54	Segundo grado	Bachillerato Superior	2926
Aragón	Varones	50 a 54	Tercer grado	Licenciatura	2449
Aragón	Varones	50 a 54	Tercer grado	Diplomatura	2417
Aragón	Varones	50 a 54	Tercer grado	Doctorado	443
Aragón	Varones	55 a 59	Analfabetos	No sabe leer o escribir	227
Aragón	Varones	55 a 59	Sin estudios	Sin estudios	2541
Aragón	Varones	55 a 59	Primer grado	Primer grado	11236
Aragón	Varones	55 a 59	Segundo grado	FP Grado Medio	987
Aragón	Varones	55 a 59	Segundo grado	ESO, EGB, Bachillerato Ele.	11684
Aragón	Varones	55 a 59	Segundo grado	FP Grado Superior	1128
Aragón	Varones	55 a 59	Segundo grado	Bachillerato Superior	2101
Aragón	Varones	55 a 59	Tercer grado	Licenciatura	1705
Aragón	Varones	55 a 59	Tercer grado	Doctorado	348
Aragón	Varones	55 a 59	Tercer grado	Diplomatura	1963
Aragón	Varones	60 a 64	Analfabetos	No sabe leer o escribir	277
Aragón	Varones	60 a 64	Sin estudios	Sin estudios	3747
Aragón	Varones	60 a 64	Primer grado	Primer grado	11595
Aragón	Varones	60 a 64	Segundo grado	ESO, EGB, Bachillerato Ele.	7194
Aragón	Varones	60 a 64	Segundo grado	FP Grado Medio	547
Aragón	Varones	60 a 64	Segundo grado	FP Grado Superior	507
Aragón	Varones	60 a 64	Segundo grado	Bachillerato Superior	1310
Aragón	Varones	60 a 64	Tercer grado	Diplomatura	1118
Aragón	Varones	60 a 64	Tercer grado	Licenciatura	1014
Aragón	Varones	60 a 64	Tercer grado	Doctorado	191
Aragón	Varones	65 a 69	Analfabetos	No sabe leer o escribir	428
Aragón	Varones	65 a 69	Sin estudios	Sin estudios	6648
Aragón	Varones	65 a 69	Primer grado	Primer grado	16012
Aragón	Varones	65 a 69	Segundo grado	ESO, EGB, Bachillerato Ele.	6195
Aragón	Varones	65 a 69	Segundo grado	FP Grado Medio	394
Aragón	Varones	65 a 69	Segundo grado	FP Grado Superior	390
Aragón	Varones	65 a 69	Segundo grado	Bachillerato Superior	1189
Aragón	Varones	65 a 69	Tercer grado	Licenciatura	912
Aragón	Varones	65 a 69	Tercer grado	Doctorado	197
Aragón	Varones	65 a 69	Tercer grado	Diplomatura	899
Aragón	Varones	70 a 74	Analfabetos	No sabe leer o escribir	490
Aragón	Varones	70 a 74	Sin estudios	Sin estudios	8433
Aragón	Varones	70 a 74	Primer grado	Primer grado	14588
Aragón	Varones	70 a 74	Segundo grado	ESO, EGB, Bachillerato Ele.	4196
Aragón	Varones	70 a 74	Segundo grado	FP Grado Medio	259
Aragón	Varones	70 a 74	Segundo grado	FP Grado Superior	257
Aragón	Varones	70 a 74	Segundo grado	Bachillerato Superior	818
Aragón	Varones	70 a 74	Tercer grado	Licenciatura	758
Aragón	Varones	70 a 74	Tercer grado	Doctorado	161
Aragón	Varones	70 a 74	Tercer grado	Diplomatura	650
Aragón	Varones	75 a 79	Analfabetos	No sabe leer o escribir	460
Aragón	Varones	75 a 79	Sin estudios	Sin estudios	7465
Aragón	Varones	75 a 79	Primer grado	Primer grado	11409
Aragón	Varones	75 a 79	Segundo grado	ESO, EGB, Bachillerato Ele.	2673
Aragón	Varones	75 a 79	Segundo grado	FP Grado Medio	145
Aragón	Varones	75 a 79	Segundo grado	Bachillerato Superior	547
Aragón	Varones	75 a 79	Segundo grado	FP Grado Superior	142
Aragón	Varones	75 a 79	Tercer grado	Doctorado	94
Aragón	Varones	75 a 79	Tercer grado	Licenciatura	462
Aragón	Varones	75 a 79	Tercer grado	Diplomatura	387
Aragón	Varones	80 a 84	Analfabetos	No sabe leer o escribir	324
Aragón	Varones	80 a 84	Sin estudios	Sin estudios	4610
Aragón	Varones	80 a 84	Primer grado	Primer grado	5841
Aragón	Varones	80 a 84	Segundo grado	FP Grado Medio	53
Aragón	Varones	80 a 84	Segundo grado	ESO, EGB, Bachillerato Ele.	1308
Aragón	Varones	80 a 84	Segundo grado	Bachillerato Superior	339
Aragón	Varones	80 a 84	Segundo grado	FP Grado Superior	71
Aragón	Varones	80 a 84	Tercer grado	Doctorado	46
Aragón	Varones	80 a 84	Tercer grado	Licenciatura	229
Aragón	Varones	80 a 84	Tercer grado	Diplomatura	226
Aragón	Varones	85 a 90	Analfabetos	No sabe leer o escribir	169
Aragón	Varones	85 a 90	Sin estudios	Sin estudios	2323
Aragón	Varones	85 a 90	Primer grado	Primer grado	2535
Aragón	Varones	85 a 90	Segundo grado	Bachillerato Superior	130
Aragón	Varones	85 a 90	Segundo grado	FP Grado Superior	40
Aragón	Varones	85 a 90	Segundo grado	FP Grado Medio	40
Aragón	Varones	85 a 90	Segundo grado	ESO, EGB, Bachillerato Ele.	548
Aragón	Varones	85 a 90	Tercer grado	Diplomatura	137
Aragón	Varones	85 a 90	Tercer grado	Doctorado	27
Aragón	Varones	85 a 90	Tercer grado	Licenciatura	144
Aragón	Varones	90 ó más	Analfabetos	No sabe leer o escribir	124
Aragón	Varones	90 ó más	Sin estudios	Sin estudios	1119
Aragón	Varones	90 ó más	Primer grado	Primer grado	914
Aragón	Varones	90 ó más	Segundo grado	FP Grado Medio	12
Aragón	Varones	90 ó más	Segundo grado	ESO, EGB, Bachillerato Ele.	147
Aragón	Varones	90 ó más	Segundo grado	Bachillerato Superior	32
Aragón	Varones	90 ó más	Segundo grado	FP Grado Superior	8
Aragón	Varones	90 ó más	Tercer grado	Licenciatura	33
Aragón	Varones	90 ó más	Tercer grado	Doctorado	17
Aragón	Varones	90 ó más	Tercer grado	Diplomatura	32
Aragón	Mujeres	16 a 19	Analfabetos	No sabe leer o escribir	59
Aragón	Mujeres	16 a 19	Sin estudios	Sin estudios	341
Aragón	Mujeres	16 a 19	Primer grado	Primer grado	3172
Aragón	Mujeres	16 a 19	Segundo grado	ESO, EGB, Bachillerato Ele.	11686
Aragón	Mujeres	16 a 19	Segundo grado	Bachillerato Superior	7640
Aragón	Mujeres	16 a 19	Segundo grado	FP Grado Superior	673
Aragón	Mujeres	16 a 19	Segundo grado	FP Grado Medio	1155
Aragón	Mujeres	20 a 24	Analfabetos	No sabe leer o escribir	157
Aragón	Mujeres	20 a 24	Sin estudios	Sin estudios	461
Aragón	Mujeres	20 a 24	Primer grado	Primer grado	1986
Aragón	Mujeres	20 a 24	Segundo grado	Bachillerato Superior	11608
Aragón	Mujeres	20 a 24	Segundo grado	ESO, EGB, Bachillerato Ele.	8072
Aragón	Mujeres	20 a 24	Segundo grado	FP Grado Superior	4729
Aragón	Mujeres	20 a 24	Segundo grado	FP Grado Medio	3824
Aragón	Mujeres	20 a 24	Tercer grado	Licenciatura	2092
Aragón	Mujeres	20 a 24	Tercer grado	Diplomatura	7544
Aragón	Mujeres	25 a 29	Analfabetos	No sabe leer o escribir	192
Aragón	Mujeres	25 a 29	Sin estudios	Sin estudios	566
Aragón	Mujeres	25 a 29	Primer grado	Primer grado	2398
Aragón	Mujeres	25 a 29	Segundo grado	Bachillerato Superior	6231
Aragón	Mujeres	25 a 29	Segundo grado	FP Grado Medio	3809
Aragón	Mujeres	25 a 29	Segundo grado	ESO, EGB, Bachillerato Ele.	9235
Aragón	Mujeres	25 a 29	Segundo grado	FP Grado Superior	5409
Aragón	Mujeres	25 a 29	Tercer grado	Diplomatura	9781
Aragón	Mujeres	25 a 29	Tercer grado	Licenciatura	7293
Aragón	Mujeres	25 a 29	Tercer grado	Doctorado	235
Aragón	Mujeres	30 a 34	Analfabetos	No sabe leer o escribir	246
Aragón	Mujeres	30 a 34	Sin estudios	Sin estudios	665
Aragón	Mujeres	30 a 34	Primer grado	Primer grado	3170
Aragón	Mujeres	30 a 34	Segundo grado	ESO, EGB, Bachillerato Ele.	12229
Aragón	Mujeres	30 a 34	Segundo grado	Bachillerato Superior	5916
Aragón	Mujeres	30 a 34	Segundo grado	FP Grado Superior	4552
Aragón	Mujeres	30 a 34	Segundo grado	FP Grado Medio	4112
Aragón	Mujeres	30 a 34	Tercer grado	Diplomatura	7004
Aragón	Mujeres	30 a 34	Tercer grado	Licenciatura	6173
Aragón	Mujeres	30 a 34	Tercer grado	Doctorado	411
Aragón	Mujeres	35 a 39	Analfabetos	No sabe leer o escribir	290
Aragón	Mujeres	35 a 39	Sin estudios	Sin estudios	729
Aragón	Mujeres	35 a 39	Primer grado	Primer grado	4402
Aragón	Mujeres	35 a 39	Segundo grado	Bachillerato Superior	6473
Aragón	Mujeres	35 a 39	Segundo grado	ESO, EGB, Bachillerato Ele.	15507
Aragón	Mujeres	35 a 39	Segundo grado	FP Grado Medio	3809
Aragón	Mujeres	35 a 39	Segundo grado	FP Grado Superior	2886
Aragón	Mujeres	35 a 39	Tercer grado	Diplomatura	5703
Aragón	Mujeres	35 a 39	Tercer grado	Licenciatura	5121
Aragón	Mujeres	35 a 39	Tercer grado	Doctorado	441
Aragón	Mujeres	40 a 44	Analfabetos	No sabe leer o escribir	275
Aragón	Mujeres	40 a 44	Sin estudios	Sin estudios	945
Aragón	Mujeres	40 a 44	Primer grado	Primer grado	6597
Aragón	Mujeres	40 a 44	Segundo grado	FP Grado Medio	2775
Aragón	Mujeres	40 a 44	Segundo grado	FP Grado Superior	1312
Aragón	Mujeres	40 a 44	Segundo grado	ESO, EGB, Bachillerato Ele.	17211
Aragón	Mujeres	40 a 44	Segundo grado	Bachillerato Superior	5229
Aragón	Mujeres	40 a 44	Tercer grado	Doctorado	423
Aragón	Mujeres	40 a 44	Tercer grado	Diplomatura	5109
Aragón	Mujeres	40 a 44	Tercer grado	Licenciatura	3777
Aragón	Mujeres	45 a 49	Analfabetos	No sabe leer o escribir	273
Aragón	Mujeres	45 a 49	Sin estudios	Sin estudios	1277
Aragón	Mujeres	45 a 49	Primer grado	Primer grado	8738
Aragón	Mujeres	45 a 49	Segundo grado	FP Grado Medio	1701
Aragón	Mujeres	45 a 49	Segundo grado	Bachillerato Superior	3592
Aragón	Mujeres	45 a 49	Segundo grado	ESO, EGB, Bachillerato Ele.	16216
Aragón	Mujeres	45 a 49	Segundo grado	FP Grado Superior	618
Aragón	Mujeres	45 a 49	Tercer grado	Doctorado	224
Aragón	Mujeres	45 a 49	Tercer grado	Diplomatura	3500
Aragón	Mujeres	45 a 49	Tercer grado	Licenciatura	2460
Aragón	Mujeres	50 a 54	Analfabetos	No sabe leer o escribir	307
Aragón	Mujeres	50 a 54	Sin estudios	Sin estudios	2076
Aragón	Mujeres	50 a 54	Primer grado	Primer grado	11677
Aragón	Mujeres	50 a 54	Segundo grado	Bachillerato Superior	2082
Aragón	Mujeres	50 a 54	Segundo grado	FP Grado Medio	1145
Aragón	Mujeres	50 a 54	Segundo grado	FP Grado Superior	534
Aragón	Mujeres	50 a 54	Segundo grado	ESO, EGB, Bachillerato Ele.	14823
Aragón	Mujeres	50 a 54	Tercer grado	Doctorado	173
Aragón	Mujeres	50 a 54	Tercer grado	Licenciatura	1344
Aragón	Mujeres	50 a 54	Tercer grado	Diplomatura	2426
Aragón	Mujeres	55 a 59	Analfabetos	No sabe leer o escribir	359
Aragón	Mujeres	55 a 59	Sin estudios	Sin estudios	3311
Aragón	Mujeres	55 a 59	Primer grado	Primer grado	13743
Aragón	Mujeres	55 a 59	Segundo grado	ESO, EGB, Bachillerato Ele.	11876
Aragón	Mujeres	55 a 59	Segundo grado	FP Grado Superior	327
Aragón	Mujeres	55 a 59	Segundo grado	Bachillerato Superior	1401
Aragón	Mujeres	55 a 59	Segundo grado	FP Grado Medio	586
Aragón	Mujeres	55 a 59	Tercer grado	Licenciatura	741
Aragón	Mujeres	55 a 59	Tercer grado	Diplomatura	1771
Aragón	Mujeres	55 a 59	Tercer grado	Doctorado	82
Aragón	Mujeres	60 a 64	Analfabetos	No sabe leer o escribir	489
Aragón	Mujeres	60 a 64	Sin estudios	Sin estudios	4596
Aragón	Mujeres	60 a 64	Primer grado	Primer grado	13836
Aragón	Mujeres	60 a 64	Segundo grado	Bachillerato Superior	859
Aragón	Mujeres	60 a 64	Segundo grado	FP Grado Medio	280
Aragón	Mujeres	60 a 64	Segundo grado	FP Grado Superior	177
Aragón	Mujeres	60 a 64	Segundo grado	ESO, EGB, Bachillerato Ele.	7130
Aragón	Mujeres	60 a 64	Tercer grado	Licenciatura	344
Aragón	Mujeres	60 a 64	Tercer grado	Diplomatura	1010
Aragón	Mujeres	60 a 64	Tercer grado	Doctorado	44
Aragón	Mujeres	65 a 69	Analfabetos	No sabe leer o escribir	901
Aragón	Mujeres	65 a 69	Sin estudios	Sin estudios	8275
Aragón	Mujeres	65 a 69	Primer grado	Primer grado	18725
Aragón	Mujeres	65 a 69	Segundo grado	FP Grado Superior	166
Aragón	Mujeres	65 a 69	Segundo grado	Bachillerato Superior	857
Aragón	Mujeres	65 a 69	Segundo grado	ESO, EGB, Bachillerato Ele.	6344
Aragón	Mujeres	65 a 69	Segundo grado	FP Grado Medio	266
Aragón	Mujeres	65 a 69	Tercer grado	Diplomatura	853
Aragón	Mujeres	65 a 69	Tercer grado	Licenciatura	264
Aragón	Mujeres	65 a 69	Tercer grado	Doctorado	29
Aragón	Mujeres	70 a 74	Analfabetos	No sabe leer o escribir	1027
Aragón	Mujeres	70 a 74	Sin estudios	Sin estudios	10307
Aragón	Mujeres	70 a 74	Primer grado	Primer grado	17813
Aragón	Mujeres	70 a 74	Segundo grado	Bachillerato Superior	690
Aragón	Mujeres	70 a 74	Segundo grado	ESO, EGB, Bachillerato Ele.	4552
Aragón	Mujeres	70 a 74	Segundo grado	FP Grado Medio	172
Aragón	Mujeres	70 a 74	Segundo grado	FP Grado Superior	126
Aragón	Mujeres	70 a 74	Tercer grado	Diplomatura	727
Aragón	Mujeres	70 a 74	Tercer grado	Doctorado	12
Aragón	Mujeres	70 a 74	Tercer grado	Licenciatura	184
Aragón	Mujeres	75 a 79	Analfabetos	No sabe leer o escribir	1101
Aragón	Mujeres	75 a 79	Sin estudios	Sin estudios	10138
Aragón	Mujeres	75 a 79	Primer grado	Primer grado	14747
Aragón	Mujeres	75 a 79	Segundo grado	ESO, EGB, Bachillerato Ele.	3103
Aragón	Mujeres	75 a 79	Segundo grado	FP Grado Superior	57
Aragón	Mujeres	75 a 79	Segundo grado	Bachillerato Superior	495
Aragón	Mujeres	75 a 79	Segundo grado	FP Grado Medio	135
Aragón	Mujeres	75 a 79	Tercer grado	Diplomatura	454
Aragón	Mujeres	75 a 79	Tercer grado	Licenciatura	153
Aragón	Mujeres	75 a 79	Tercer grado	Doctorado	18
Aragón	Mujeres	80 a 84	Analfabetos	No sabe leer o escribir	1068
Aragón	Mujeres	80 a 84	Sin estudios	Sin estudios	7639
Aragón	Mujeres	80 a 84	Primer grado	Primer grado	9014
Aragón	Mujeres	80 a 84	Segundo grado	FP Grado Medio	75
Aragón	Mujeres	80 a 84	Segundo grado	FP Grado Superior	57
Aragón	Mujeres	80 a 84	Segundo grado	ESO, EGB, Bachillerato Ele.	1808
Aragón	Mujeres	80 a 84	Segundo grado	Bachillerato Superior	289
Aragón	Mujeres	80 a 84	Tercer grado	Licenciatura	90
Aragón	Mujeres	80 a 84	Tercer grado	Diplomatura	296
Aragón	Mujeres	80 a 84	Tercer grado	Doctorado	9
Aragón	Mujeres	85 a 90	Analfabetos	No sabe leer o escribir	890
Aragón	Mujeres	85 a 90	Sin estudios	Sin estudios	4590
Aragón	Mujeres	85 a 90	Primer grado	Primer grado	4533
Aragón	Mujeres	85 a 90	Segundo grado	FP Grado Medio	33
Aragón	Mujeres	85 a 90	Segundo grado	FP Grado Superior	40
Aragón	Mujeres	85 a 90	Segundo grado	Bachillerato Superior	114
Aragón	Mujeres	85 a 90	Segundo grado	ESO, EGB, Bachillerato Ele.	865
Aragón	Mujeres	85 a 90	Tercer grado	Doctorado	4
Aragón	Mujeres	85 a 90	Tercer grado	Diplomatura	197
Aragón	Mujeres	85 a 90	Tercer grado	Licenciatura	40
Aragón	Mujeres	90 ó más	Analfabetos	No sabe leer o escribir	814
Aragón	Mujeres	90 ó más	Sin estudios	Sin estudios	2217
Aragón	Mujeres	90 ó más	Primer grado	Primer grado	1971
Aragón	Mujeres	90 ó más	Segundo grado	ESO, EGB, Bachillerato Ele.	293
Aragón	Mujeres	90 ó más	Segundo grado	Bachillerato Superior	49
Aragón	Mujeres	90 ó más	Segundo grado	FP Grado Superior	3
Aragón	Mujeres	90 ó más	Segundo grado	FP Grado Medio	16
Aragón	Mujeres	90 ó más	Tercer grado	Diplomatura	64
Aragón	Mujeres	90 ó más	Tercer grado	Doctorado	2
Aragón	Mujeres	90 ó más	Tercer grado	Licenciatura	14