Año	Residencia provincia nombre	Edad (grupos quinquenales)	Sexo	Personas	 Extranjeros
1998	Huesca	00 a 04	Hombres	3829	22
1998	Huesca	00 a 04	Mujeres	3622	24
1998	Huesca	05 a 09	Hombres	4434	24
1998	Huesca	05 a 09	Mujeres	4118	23
1998	Huesca	10 a 14	Hombres	5075	31
1998	Huesca	10 a 14	Mujeres	4764	23
1998	Huesca	15 a 19	Hombres	6411	33
1998	Huesca	15 a 19	Mujeres	6012	25
1998	Huesca	20 a 24	Hombres	7131	44
1998	Huesca	20 a 24	Mujeres	6662	50
1998	Huesca	25 a 29	Hombres	7171	79
1998	Huesca	25 a 29	Mujeres	6867	68
1998	Huesca	30 a 34	Hombres	7957	122
1998	Huesca	30 a 34	Mujeres	7379	104
1998	Huesca	35 a 39	Hombres	7862	93
1998	Huesca	35 a 39	Mujeres	7290	64
1998	Huesca	40 a 44	Hombres	7149	61
1998	Huesca	40 a 44	Mujeres	6532	53
1998	Huesca	45 a 49	Hombres	6382	46
1998	Huesca	45 a 49	Mujeres	5837	33
1998	Huesca	50 a 54	Hombres	5999	27
1998	Huesca	50 a 54	Mujeres	5625	23
1998	Huesca	55 a 59	Hombres	4593	24
1998	Huesca	55 a 59	Mujeres	4566	20
1998	Huesca	60 a 64	Hombres	6320	22
1998	Huesca	60 a 64	Mujeres	6251	17
1998	Huesca	65 a 69	Hombres	6593	10
1998	Huesca	65 a 69	Mujeres	6916	15
1998	Huesca	70 a 74	Hombres	6163	14
1998	Huesca	70 a 74	Mujeres	6454	14
1998	Huesca	75 a 79	Hombres	4397	9
1998	Huesca	75 a 79	Mujeres	5362	4
1998	Huesca	80 a 84	Hombres	2600	6
1998	Huesca	80 a 84	Mujeres	3846	6
1998	Huesca	85 a 89	Hombres	1462	2
1998	Huesca	85 a 89	Mujeres	2275	5
1998	Huesca	90 a 94	Hombres	528	2
1998	Huesca	90 a 94	Mujeres	902	
1998	Huesca	95 y más	Hombres	100	
1998	Huesca	95 y más	Mujeres	194	
1998	Teruel	00 a 04	Hombres	2650	9
1998	Teruel	00 a 04	Mujeres	2597	10
1998	Teruel	05 a 09	Hombres	3154	11
1998	Teruel	05 a 09	Mujeres	3075	7
1998	Teruel	10 a 14	Hombres	3428	29
1998	Teruel	10 a 14	Mujeres	3340	17
1998	Teruel	15 a 19	Hombres	4090	25
1998	Teruel	15 a 19	Mujeres	3731	15
1998	Teruel	20 a 24	Hombres	4292	25
1998	Teruel	20 a 24	Mujeres	3917	21
1998	Teruel	25 a 29	Hombres	4485	48
1998	Teruel	25 a 29	Mujeres	4161	41
1998	Teruel	30 a 34	Hombres	5189	56
1998	Teruel	30 a 34	Mujeres	4752	52
1998	Teruel	35 a 39	Hombres	5256	37
1998	Teruel	35 a 39	Mujeres	4587	30
1998	Teruel	40 a 44	Hombres	4610	34
1998	Teruel	40 a 44	Mujeres	3871	29
1998	Teruel	45 a 49	Hombres	4034	16
1998	Teruel	45 a 49	Mujeres	3387	18
1998	Teruel	50 a 54	Hombres	3682	20
1998	Teruel	50 a 54	Mujeres	3342	7
1998	Teruel	55 a 59	Hombres	3001	11
1998	Teruel	55 a 59	Mujeres	3027	6
1998	Teruel	60 a 64	Hombres	4510	5
1998	Teruel	60 a 64	Mujeres	4666	6
1998	Teruel	65 a 69	Hombres	5188	5
1998	Teruel	65 a 69	Mujeres	5167	4
1998	Teruel	70 a 74	Hombres	4728	2
1998	Teruel	70 a 74	Mujeres	4756	1
1998	Teruel	75 a 79	Hombres	3248	3
1998	Teruel	75 a 79	Mujeres	3898	2
1998	Teruel	80 a 84	Hombres	1809	2
1998	Teruel	80 a 84	Mujeres	2730	
1998	Teruel	85 a 89	Hombres	1132	1
1998	Teruel	85 a 89	Mujeres	1838	4
1998	Teruel	90 a 94	Hombres	397	
1998	Teruel	90 a 94	Mujeres	773	1
1998	Teruel	95 y más	Hombres	82	1
1998	Teruel	95 y más	Mujeres	194	
1998	Zaragoza	00 a 04	Hombres	16240	59
1998	Zaragoza	00 a 04	Mujeres	15615	64
1998	Zaragoza	05 a 09	Hombres	17853	110
1998	Zaragoza	05 a 09	Mujeres	17143	131
1998	Zaragoza	10 a 14	Hombres	20643	172
1998	Zaragoza	10 a 14	Mujeres	19578	151
1998	Zaragoza	15 a 19	Hombres	27183	186
1998	Zaragoza	15 a 19	Mujeres	25888	178
1998	Zaragoza	20 a 24	Hombres	33238	192
1998	Zaragoza	20 a 24	Mujeres	31573	236
1998	Zaragoza	25 a 29	Hombres	32542	439
1998	Zaragoza	25 a 29	Mujeres	31019	397
1998	Zaragoza	30 a 34	Hombres	32195	641
1998	Zaragoza	30 a 34	Mujeres	31122	434
1998	Zaragoza	35 a 39	Hombres	30913	438
1998	Zaragoza	35 a 39	Mujeres	30534	344
1998	Zaragoza	40 a 44	Hombres	27851	288
1998	Zaragoza	40 a 44	Mujeres	28188	271
1998	Zaragoza	45 a 49	Hombres	26757	210
1998	Zaragoza	45 a 49	Mujeres	27185	176
1998	Zaragoza	50 a 54	Hombres	25658	125
1998	Zaragoza	50 a 54	Mujeres	26059	101
1998	Zaragoza	55 a 59	Hombres	20758	81
1998	Zaragoza	55 a 59	Mujeres	20898	59
1998	Zaragoza	60 a 64	Hombres	22671	52
1998	Zaragoza	60 a 64	Mujeres	24690	48
1998	Zaragoza	65 a 69	Hombres	22458	49
1998	Zaragoza	65 a 69	Mujeres	25609	52
1998	Zaragoza	70 a 74	Hombres	18459	24
1998	Zaragoza	70 a 74	Mujeres	22992	50
1998	Zaragoza	75 a 79	Hombres	13125	24
1998	Zaragoza	75 a 79	Mujeres	18972	26
1998	Zaragoza	80 a 84	Hombres	7149	10
1998	Zaragoza	80 a 84	Mujeres	12535	25
1998	Zaragoza	85 a 89	Hombres	3612	5
1998	Zaragoza	85 a 89	Mujeres	7427	13
1998	Zaragoza	90 a 94	Hombres	1163	1
1998	Zaragoza	90 a 94	Mujeres	2768	1
1998	Zaragoza	95 y más	Hombres	242	
1998	Zaragoza	95 y más	Mujeres	699	
1999	Huesca	00 a 04	Hombres	3892	31
1999	Huesca	00 a 04	Mujeres	3649	35
1999	Huesca	05 a 09	Hombres	4277	32
1999	Huesca	05 a 09	Mujeres	3993	32
1999	Huesca	10 a 14	Hombres	4944	40
1999	Huesca	10 a 14	Mujeres	4594	23
1999	Huesca	15 a 19	Hombres	6053	39
1999	Huesca	15 a 19	Mujeres	5642	33
1999	Huesca	20 a 24	Hombres	7102	55
1999	Huesca	20 a 24	Mujeres	6575	49
1999	Huesca	25 a 29	Hombres	7201	94
1999	Huesca	25 a 29	Mujeres	6731	83
1999	Huesca	30 a 34	Hombres	7625	148
1999	Huesca	30 a 34	Mujeres	7161	108
1999	Huesca	35 a 39	Hombres	7815	106
1999	Huesca	35 a 39	Mujeres	7389	87
1999	Huesca	40 a 44	Hombres	7296	76
1999	Huesca	40 a 44	Mujeres	6659	59
1999	Huesca	45 a 49	Hombres	6431	54
1999	Huesca	45 a 49	Mujeres	5762	37
1999	Huesca	50 a 54	Hombres	6104	33
1999	Huesca	50 a 54	Mujeres	5733	23
1999	Huesca	55 a 59	Hombres	4780	24
1999	Huesca	55 a 59	Mujeres	4816	14
1999	Huesca	60 a 64	Hombres	5913	23
1999	Huesca	60 a 64	Mujeres	5741	18
1999	Huesca	65 a 69	Hombres	6480	13
1999	Huesca	65 a 69	Mujeres	6823	8
1999	Huesca	70 a 74	Hombres	6160	13
1999	Huesca	70 a 74	Mujeres	6501	14
1999	Huesca	75 a 79	Hombres	4631	6
1999	Huesca	75 a 79	Mujeres	5564	5
1999	Huesca	80 a 84	Hombres	2619	7
1999	Huesca	80 a 84	Mujeres	3886	5
1999	Huesca	85 a 89	Hombres	1439	1
1999	Huesca	85 a 89	Mujeres	2412	2
1999	Huesca	90 a 94	Hombres	565	2
1999	Huesca	90 a 94	Mujeres	904	1
1999	Huesca	95 y más	Hombres	113	
1999	Huesca	95 y más	Mujeres	221	
1999	Teruel	00 a 04	Hombres	2518	8
1999	Teruel	00 a 04	Mujeres	2454	11
1999	Teruel	05 a 09	Hombres	3045	11
1999	Teruel	05 a 09	Mujeres	2937	7
1999	Teruel	10 a 14	Hombres	3422	22
1999	Teruel	10 a 14	Mujeres	3297	13
1999	Teruel	15 a 19	Hombres	3875	29
1999	Teruel	15 a 19	Mujeres	3570	11
1999	Teruel	20 a 24	Hombres	4227	25
1999	Teruel	20 a 24	Mujeres	3869	22
1999	Teruel	25 a 29	Hombres	4356	45
1999	Teruel	25 a 29	Mujeres	3963	40
1999	Teruel	30 a 34	Hombres	4958	57
1999	Teruel	30 a 34	Mujeres	4640	51
1999	Teruel	35 a 39	Hombres	5217	44
1999	Teruel	35 a 39	Mujeres	4589	43
1999	Teruel	40 a 44	Hombres	4709	36
1999	Teruel	40 a 44	Mujeres	3943	30
1999	Teruel	45 a 49	Hombres	4085	20
1999	Teruel	45 a 49	Mujeres	3446	21
1999	Teruel	50 a 54	Hombres	3706	22
1999	Teruel	50 a 54	Mujeres	3323	7
1999	Teruel	55 a 59	Hombres	3140	11
1999	Teruel	55 a 59	Mujeres	3088	4
1999	Teruel	60 a 64	Hombres	4002	4
1999	Teruel	60 a 64	Mujeres	4168	6
1999	Teruel	65 a 69	Hombres	5098	7
1999	Teruel	65 a 69	Mujeres	5123	4
1999	Teruel	70 a 74	Hombres	4759	6
1999	Teruel	70 a 74	Mujeres	4756	3
1999	Teruel	75 a 79	Hombres	3456	3
1999	Teruel	75 a 79	Mujeres	4076	1
1999	Teruel	80 a 84	Hombres	1830	3
1999	Teruel	80 a 84	Mujeres	2754	1
1999	Teruel	85 a 89	Hombres	1096	2
1999	Teruel	85 a 89	Mujeres	1880	6
1999	Teruel	90 a 94	Hombres	434	
1999	Teruel	90 a 94	Mujeres	770	1
1999	Teruel	95 y más	Hombres	81	1
1999	Teruel	95 y más	Mujeres	193	
1999	Zaragoza	00 a 04	Hombres	15628	101
1999	Zaragoza	00 a 04	Mujeres	14874	95
1999	Zaragoza	05 a 09	Hombres	17902	138
1999	Zaragoza	05 a 09	Mujeres	17121	140
1999	Zaragoza	10 a 14	Hombres	20438	183
1999	Zaragoza	10 a 14	Mujeres	19527	149
1999	Zaragoza	15 a 19	Hombres	25996	196
1999	Zaragoza	15 a 19	Mujeres	24748	202
1999	Zaragoza	20 a 24	Hombres	33223	236
1999	Zaragoza	20 a 24	Mujeres	31470	290
1999	Zaragoza	25 a 29	Hombres	33194	437
1999	Zaragoza	25 a 29	Mujeres	31602	447
1999	Zaragoza	30 a 34	Hombres	32537	750
1999	Zaragoza	30 a 34	Mujeres	31467	510
1999	Zaragoza	35 a 39	Hombres	31780	556
1999	Zaragoza	35 a 39	Mujeres	31092	376
1999	Zaragoza	40 a 44	Hombres	29094	333
1999	Zaragoza	40 a 44	Mujeres	29221	310
1999	Zaragoza	45 a 49	Hombres	26740	223
1999	Zaragoza	45 a 49	Mujeres	27322	209
1999	Zaragoza	50 a 54	Hombres	26543	138
1999	Zaragoza	50 a 54	Mujeres	27086	119
1999	Zaragoza	55 a 59	Hombres	22296	95
1999	Zaragoza	55 a 59	Mujeres	22603	74
1999	Zaragoza	60 a 64	Hombres	21516	63
1999	Zaragoza	60 a 64	Mujeres	23389	57
1999	Zaragoza	65 a 69	Hombres	23192	52
1999	Zaragoza	65 a 69	Mujeres	26270	51
1999	Zaragoza	70 a 74	Hombres	19086	33
1999	Zaragoza	70 a 74	Mujeres	23709	57
1999	Zaragoza	75 a 79	Hombres	14290	25
1999	Zaragoza	75 a 79	Mujeres	20198	31
1999	Zaragoza	80 a 84	Hombres	7459	11
1999	Zaragoza	80 a 84	Mujeres	13199	19
1999	Zaragoza	85 a 89	Hombres	3728	5
1999	Zaragoza	85 a 89	Mujeres	7905	16
1999	Zaragoza	90 a 94	Hombres	1266	1
1999	Zaragoza	90 a 94	Mujeres	2995	3
1999	Zaragoza	95 y más	Hombres	264	
1999	Zaragoza	95 y más	Mujeres	776	1
2000	Huesca	00 a 04	Hombres	3889	53
2000	Huesca	00 a 04	Mujeres	3680	50
2000	Huesca	05 a 09	Hombres	4317	47
2000	Huesca	05 a 09	Mujeres	4066	52
2000	Huesca	10 a 14	Hombres	4865	57
2000	Huesca	10 a 14	Mujeres	4466	41
2000	Huesca	15 a 19	Hombres	5783	52
2000	Huesca	15 a 19	Mujeres	5427	43
2000	Huesca	20 a 24	Hombres	7157	85
2000	Huesca	20 a 24	Mujeres	6635	69
2000	Huesca	25 a 29	Hombres	7445	149
2000	Huesca	25 a 29	Mujeres	6862	147
2000	Huesca	30 a 34	Hombres	7784	276
2000	Huesca	30 a 34	Mujeres	7342	152
2000	Huesca	35 a 39	Hombres	8146	177
2000	Huesca	35 a 39	Mujeres	7570	129
2000	Huesca	40 a 44	Hombres	7717	112
2000	Huesca	40 a 44	Mujeres	6958	76
2000	Huesca	45 a 49	Hombres	6571	69
2000	Huesca	45 a 49	Mujeres	5925	51
2000	Huesca	50 a 54	Hombres	6326	41
2000	Huesca	50 a 54	Mujeres	5831	31
2000	Huesca	55 a 59	Hombres	5275	31
2000	Huesca	55 a 59	Mujeres	5259	16
2000	Huesca	60 a 64	Hombres	5310	23
2000	Huesca	60 a 64	Mujeres	5280	20
2000	Huesca	65 a 69	Hombres	6554	20
2000	Huesca	65 a 69	Mujeres	6776	14
2000	Huesca	70 a 74	Hombres	6128	15
2000	Huesca	70 a 74	Mujeres	6606	15
2000	Huesca	75 a 79	Hombres	5054	9
2000	Huesca	75 a 79	Mujeres	5867	8
2000	Huesca	80 a 84	Hombres	2657	6
2000	Huesca	80 a 84	Mujeres	3846	4
2000	Huesca	85 a 89	Hombres	1513	2
2000	Huesca	85 a 89	Mujeres	2570	4
2000	Huesca	90 a 94	Hombres	543	1
2000	Huesca	90 a 94	Mujeres	958	2
2000	Huesca	95 y más	Hombres	129	
2000	Huesca	95 y más	Mujeres	248	
2000	Teruel	00 a 04	Hombres	2420	13
2000	Teruel	00 a 04	Mujeres	2359	17
2000	Teruel	05 a 09	Hombres	3026	18
2000	Teruel	05 a 09	Mujeres	2949	12
2000	Teruel	10 a 14	Hombres	3425	39
2000	Teruel	10 a 14	Mujeres	3277	13
2000	Teruel	15 a 19	Hombres	3774	35
2000	Teruel	15 a 19	Mujeres	3514	19
2000	Teruel	20 a 24	Hombres	4308	53
2000	Teruel	20 a 24	Mujeres	3874	28
2000	Teruel	25 a 29	Hombres	4477	76
2000	Teruel	25 a 29	Mujeres	4079	55
2000	Teruel	30 a 34	Hombres	5006	85
2000	Teruel	30 a 34	Mujeres	4628	58
2000	Teruel	35 a 39	Hombres	5329	67
2000	Teruel	35 a 39	Mujeres	4817	50
2000	Teruel	40 a 44	Hombres	5070	57
2000	Teruel	40 a 44	Mujeres	4219	35
2000	Teruel	45 a 49	Hombres	4166	24
2000	Teruel	45 a 49	Mujeres	3481	25
2000	Teruel	50 a 54	Hombres	3779	30
2000	Teruel	50 a 54	Mujeres	3333	9
2000	Teruel	55 a 59	Hombres	3505	14
2000	Teruel	55 a 59	Mujeres	3393	4
2000	Teruel	60 a 64	Hombres	3548	7
2000	Teruel	60 a 64	Mujeres	3752	9
2000	Teruel	65 a 69	Hombres	4970	8
2000	Teruel	65 a 69	Mujeres	5020	6
2000	Teruel	70 a 74	Hombres	4826	5
2000	Teruel	70 a 74	Mujeres	4797	5
2000	Teruel	75 a 79	Hombres	3713	4
2000	Teruel	75 a 79	Mujeres	4271	2
2000	Teruel	80 a 84	Hombres	1867	2
2000	Teruel	80 a 84	Mujeres	2818	2
2000	Teruel	85 a 89	Hombres	1129	2
2000	Teruel	85 a 89	Mujeres	1968	3
2000	Teruel	90 a 94	Hombres	468	
2000	Teruel	90 a 94	Mujeres	800	1
2000	Teruel	95 y más	Hombres	94	1
2000	Teruel	95 y más	Mujeres	224	
2000	Zaragoza	00 a 04	Hombres	16788	200
2000	Zaragoza	00 a 04	Mujeres	15695	159
2000	Zaragoza	05 a 09	Hombres	17849	172
2000	Zaragoza	05 a 09	Mujeres	17177	182
2000	Zaragoza	10 a 14	Hombres	20090	259
2000	Zaragoza	10 a 14	Mujeres	19274	219
2000	Zaragoza	15 a 19	Hombres	25147	259
2000	Zaragoza	15 a 19	Mujeres	23631	248
2000	Zaragoza	20 a 24	Hombres	32479	329
2000	Zaragoza	20 a 24	Mujeres	31158	410
2000	Zaragoza	25 a 29	Hombres	34356	644
2000	Zaragoza	25 a 29	Mujeres	32583	586
2000	Zaragoza	30 a 34	Hombres	33106	992
2000	Zaragoza	30 a 34	Mujeres	31836	689
2000	Zaragoza	35 a 39	Hombres	33053	802
2000	Zaragoza	35 a 39	Mujeres	31999	483
2000	Zaragoza	40 a 44	Hombres	30473	441
2000	Zaragoza	40 a 44	Mujeres	30358	364
2000	Zaragoza	45 a 49	Hombres	27109	279
2000	Zaragoza	45 a 49	Mujeres	27460	253
2000	Zaragoza	50 a 54	Hombres	26865	171
2000	Zaragoza	50 a 54	Mujeres	27696	154
2000	Zaragoza	55 a 59	Hombres	24028	106
2000	Zaragoza	55 a 59	Mujeres	24174	99
2000	Zaragoza	60 a 64	Hombres	20127	81
2000	Zaragoza	60 a 64	Mujeres	21938	54
2000	Zaragoza	65 a 69	Hombres	23384	55
2000	Zaragoza	65 a 69	Mujeres	26311	70
2000	Zaragoza	70 a 74	Hombres	19358	35
2000	Zaragoza	70 a 74	Mujeres	24135	62
2000	Zaragoza	75 a 79	Hombres	15207	27
2000	Zaragoza	75 a 79	Mujeres	21185	30
2000	Zaragoza	80 a 84	Hombres	7705	13
2000	Zaragoza	80 a 84	Mujeres	13641	27
2000	Zaragoza	85 a 89	Hombres	3949	8
2000	Zaragoza	85 a 89	Mujeres	8331	11
2000	Zaragoza	90 a 94	Hombres	1336	1
2000	Zaragoza	90 a 94	Mujeres	3209	3
2000	Zaragoza	95 y más	Hombres	285	1
2000	Zaragoza	95 y más	Mujeres	886	5
2001	Huesca	00 a 04	Hombres	3776	87
2001	Huesca	00 a 04	Mujeres	3687	79
2001	Huesca	05 a 09	Hombres	4344	71
2001	Huesca	05 a 09	Mujeres	4047	85
2001	Huesca	10 a 14	Hombres	4675	86
2001	Huesca	10 a 14	Mujeres	4358	57
2001	Huesca	15 a 19	Hombres	5624	92
2001	Huesca	15 a 19	Mujeres	5123	71
2001	Huesca	20 a 24	Hombres	7140	228
2001	Huesca	20 a 24	Mujeres	6559	145
2001	Huesca	25 a 29	Hombres	7626	404
2001	Huesca	25 a 29	Mujeres	6897	215
2001	Huesca	30 a 34	Hombres	7812	450
2001	Huesca	30 a 34	Mujeres	7177	229
2001	Huesca	35 a 39	Hombres	8311	298
2001	Huesca	35 a 39	Mujeres	7574	210
2001	Huesca	40 a 44	Hombres	7851	203
2001	Huesca	40 a 44	Mujeres	7207	111
2001	Huesca	45 a 49	Hombres	6854	99
2001	Huesca	45 a 49	Mujeres	6200	73
2001	Huesca	50 a 54	Hombres	6341	56
2001	Huesca	50 a 54	Mujeres	5668	45
2001	Huesca	55 a 59	Hombres	5481	44
2001	Huesca	55 a 59	Mujeres	5426	29
2001	Huesca	60 a 64	Hombres	4978	28
2001	Huesca	60 a 64	Mujeres	5088	28
2001	Huesca	65 a 69	Hombres	6456	22
2001	Huesca	65 a 69	Mujeres	6528	20
2001	Huesca	70 a 74	Hombres	6118	15
2001	Huesca	70 a 74	Mujeres	6712	15
2001	Huesca	75 a 79	Hombres	5236	10
2001	Huesca	75 a 79	Mujeres	5898	10
2001	Huesca	80 a 84	Hombres	2794	5
2001	Huesca	80 a 84	Mujeres	4041	4
2001	Huesca	85 a 89	Hombres	1528	3
2001	Huesca	85 a 89	Mujeres	2675	5
2001	Huesca	90 a 94	Hombres	588	1
2001	Huesca	90 a 94	Mujeres	1036	2
2001	Huesca	95 y más	Hombres	129	
2001	Huesca	95 y más	Mujeres	297	
2001	Teruel	00 a 04	Hombres	2434	36
2001	Teruel	00 a 04	Mujeres	2305	27
2001	Teruel	05 a 09	Hombres	2899	34
2001	Teruel	05 a 09	Mujeres	2876	45
2001	Teruel	10 a 14	Hombres	3384	61
2001	Teruel	10 a 14	Mujeres	3245	30
2001	Teruel	15 a 19	Hombres	3646	54
2001	Teruel	15 a 19	Mujeres	3409	36
2001	Teruel	20 a 24	Hombres	4346	118
2001	Teruel	20 a 24	Mujeres	3799	61
2001	Teruel	25 a 29	Hombres	4570	188
2001	Teruel	25 a 29	Mujeres	4080	82
2001	Teruel	30 a 34	Hombres	4846	153
2001	Teruel	30 a 34	Mujeres	4521	106
2001	Teruel	35 a 39	Hombres	5352	136
2001	Teruel	35 a 39	Mujeres	4827	91
2001	Teruel	40 a 44	Hombres	5272	88
2001	Teruel	40 a 44	Mujeres	4321	52
2001	Teruel	45 a 49	Hombres	4267	46
2001	Teruel	45 a 49	Mujeres	3621	38
2001	Teruel	50 a 54	Hombres	3813	41
2001	Teruel	50 a 54	Mujeres	3351	16
2001	Teruel	55 a 59	Hombres	3430	15
2001	Teruel	55 a 59	Mujeres	3316	9
2001	Teruel	60 a 64	Hombres	3418	9
2001	Teruel	60 a 64	Mujeres	3539	8
2001	Teruel	65 a 69	Hombres	4801	7
2001	Teruel	65 a 69	Mujeres	4946	7
2001	Teruel	70 a 74	Hombres	4858	5
2001	Teruel	70 a 74	Mujeres	4887	6
2001	Teruel	75 a 79	Hombres	3805	4
2001	Teruel	75 a 79	Mujeres	4310	1
2001	Teruel	80 a 84	Hombres	1997	4
2001	Teruel	80 a 84	Mujeres	2903	2
2001	Teruel	85 a 89	Hombres	1145	1
2001	Teruel	85 a 89	Mujeres	1981	2
2001	Teruel	90 a 94	Hombres	475	
2001	Teruel	90 a 94	Mujeres	857	1
2001	Teruel	95 y más	Hombres	116	1
2001	Teruel	95 y más	Mujeres	265	
2001	Zaragoza	00 a 04	Hombres	16899	460
2001	Zaragoza	00 a 04	Mujeres	15666	428
2001	Zaragoza	05 a 09	Hombres	17803	349
2001	Zaragoza	05 a 09	Mujeres	17306	358
2001	Zaragoza	10 a 14	Hombres	19709	457
2001	Zaragoza	10 a 14	Mujeres	18719	387
2001	Zaragoza	15 a 19	Hombres	24111	508
2001	Zaragoza	15 a 19	Mujeres	22636	430
2001	Zaragoza	20 a 24	Hombres	32086	1270
2001	Zaragoza	20 a 24	Mujeres	30730	1197
2001	Zaragoza	25 a 29	Hombres	35961	1938
2001	Zaragoza	25 a 29	Mujeres	33474	1446
2001	Zaragoza	30 a 34	Hombres	34837	2352
2001	Zaragoza	30 a 34	Mujeres	32527	1431
2001	Zaragoza	35 a 39	Hombres	33996	1669
2001	Zaragoza	35 a 39	Mujeres	32370	979
2001	Zaragoza	40 a 44	Hombres	31755	1013
2001	Zaragoza	40 a 44	Mujeres	31452	717
2001	Zaragoza	45 a 49	Hombres	27902	560
2001	Zaragoza	45 a 49	Mujeres	28082	442
2001	Zaragoza	50 a 54	Hombres	26936	290
2001	Zaragoza	50 a 54	Mujeres	27548	242
2001	Zaragoza	55 a 59	Hombres	24410	141
2001	Zaragoza	55 a 59	Mujeres	24757	160
2001	Zaragoza	60 a 64	Hombres	20364	112
2001	Zaragoza	60 a 64	Mujeres	21819	81
2001	Zaragoza	65 a 69	Hombres	23026	59
2001	Zaragoza	65 a 69	Mujeres	25943	95
2001	Zaragoza	70 a 74	Hombres	19851	51
2001	Zaragoza	70 a 74	Mujeres	24639	70
2001	Zaragoza	75 a 79	Hombres	15490	22
2001	Zaragoza	75 a 79	Mujeres	21471	49
2001	Zaragoza	80 a 84	Hombres	8313	20
2001	Zaragoza	80 a 84	Mujeres	14526	29
2001	Zaragoza	85 a 89	Hombres	4121	7
2001	Zaragoza	85 a 89	Mujeres	8539	13
2001	Zaragoza	90 a 94	Hombres	1355	1
2001	Zaragoza	90 a 94	Mujeres	3475	4
2001	Zaragoza	95 y más	Hombres	345	3
2001	Zaragoza	95 y más	Mujeres	975	1
2002	Huesca	00 a 04	Hombres	3949	150
2002	Huesca	00 a 04	Mujeres	3928	130
2002	Huesca	05 a 09	Hombres	4362	142
2002	Huesca	05 a 09	Mujeres	4065	146
2002	Huesca	10 a 14	Hombres	4624	129
2002	Huesca	10 a 14	Mujeres	4303	127
2002	Huesca	15 a 19	Hombres	5509	176
2002	Huesca	15 a 19	Mujeres	5030	115
2002	Huesca	20 a 24	Hombres	7241	503
2002	Huesca	20 a 24	Mujeres	6518	321
2002	Huesca	25 a 29	Hombres	8050	851
2002	Huesca	25 a 29	Mujeres	7216	407
2002	Huesca	30 a 34	Hombres	8110	798
2002	Huesca	30 a 34	Mujeres	7299	395
2002	Huesca	35 a 39	Hombres	8656	598
2002	Huesca	35 a 39	Mujeres	7670	318
2002	Huesca	40 a 44	Hombres	8163	350
2002	Huesca	40 a 44	Mujeres	7382	185
2002	Huesca	45 a 49	Hombres	7206	209
2002	Huesca	45 a 49	Mujeres	6438	129
2002	Huesca	50 a 54	Hombres	6310	92
2002	Huesca	50 a 54	Mujeres	5737	74
2002	Huesca	55 a 59	Hombres	5766	53
2002	Huesca	55 a 59	Mujeres	5649	43
2002	Huesca	60 a 64	Hombres	4691	32
2002	Huesca	60 a 64	Mujeres	4699	39
2002	Huesca	65 a 69	Hombres	6321	32
2002	Huesca	65 a 69	Mujeres	6525	30
2002	Huesca	70 a 74	Hombres	6113	17
2002	Huesca	70 a 74	Mujeres	6650	24
2002	Huesca	75 a 79	Hombres	5251	12
2002	Huesca	75 a 79	Mujeres	5991	12
2002	Huesca	80 a 84	Hombres	3007	5
2002	Huesca	80 a 84	Mujeres	4248	2
2002	Huesca	85 a 89	Hombres	1523	3
2002	Huesca	85 a 89	Mujeres	2695	6
2002	Huesca	90 a 94	Hombres	571	
2002	Huesca	90 a 94	Mujeres	1051	3
2002	Huesca	95 y más	Hombres	143	
2002	Huesca	95 y más	Mujeres	303	
2002	Teruel	00 a 04	Hombres	2476	91
2002	Teruel	00 a 04	Mujeres	2347	78
2002	Teruel	05 a 09	Hombres	2930	106
2002	Teruel	05 a 09	Mujeres	2810	100
2002	Teruel	10 a 14	Hombres	3336	96
2002	Teruel	10 a 14	Mujeres	3214	84
2002	Teruel	15 a 19	Hombres	3566	93
2002	Teruel	15 a 19	Mujeres	3412	65
2002	Teruel	20 a 24	Hombres	4401	271
2002	Teruel	20 a 24	Mujeres	3870	153
2002	Teruel	25 a 29	Hombres	4842	421
2002	Teruel	25 a 29	Mujeres	4179	225
2002	Teruel	30 a 34	Hombres	4892	364
2002	Teruel	30 a 34	Mujeres	4493	207
2002	Teruel	35 a 39	Hombres	5526	270
2002	Teruel	35 a 39	Mujeres	4860	193
2002	Teruel	40 a 44	Hombres	5448	184
2002	Teruel	40 a 44	Mujeres	4556	102
2002	Teruel	45 a 49	Hombres	4506	118
2002	Teruel	45 a 49	Mujeres	3803	85
2002	Teruel	50 a 54	Hombres	3893	56
2002	Teruel	50 a 54	Mujeres	3396	48
2002	Teruel	55 a 59	Hombres	3549	22
2002	Teruel	55 a 59	Mujeres	3374	15
2002	Teruel	60 a 64	Hombres	3173	20
2002	Teruel	60 a 64	Mujeres	3268	14
2002	Teruel	65 a 69	Hombres	4618	6
2002	Teruel	65 a 69	Mujeres	4809	12
2002	Teruel	70 a 74	Hombres	4762	6
2002	Teruel	70 a 74	Mujeres	4889	4
2002	Teruel	75 a 79	Hombres	3886	3
2002	Teruel	75 a 79	Mujeres	4346	5
2002	Teruel	80 a 84	Hombres	2198	4
2002	Teruel	80 a 84	Mujeres	3007	1
2002	Teruel	85 a 89	Hombres	1108	
2002	Teruel	85 a 89	Mujeres	1917	2
2002	Teruel	90 a 94	Hombres	445	1
2002	Teruel	90 a 94	Mujeres	844	
2002	Teruel	95 y más	Hombres	127	1
2002	Teruel	95 y más	Mujeres	266	
2002	Zaragoza	00 a 04	Hombres	17973	901
2002	Zaragoza	00 a 04	Mujeres	16600	832
2002	Zaragoza	05 a 09	Hombres	18060	693
2002	Zaragoza	05 a 09	Mujeres	17613	741
2002	Zaragoza	10 a 14	Hombres	19514	736
2002	Zaragoza	10 a 14	Mujeres	18680	713
2002	Zaragoza	15 a 19	Hombres	23403	902
2002	Zaragoza	15 a 19	Mujeres	21995	763
2002	Zaragoza	20 a 24	Hombres	31522	2316
2002	Zaragoza	20 a 24	Mujeres	30069	2070
2002	Zaragoza	25 a 29	Hombres	37811	3539
2002	Zaragoza	25 a 29	Mujeres	34459	2530
2002	Zaragoza	30 a 34	Hombres	36286	3733
2002	Zaragoza	30 a 34	Mujeres	33501	2314
2002	Zaragoza	35 a 39	Hombres	35425	2659
2002	Zaragoza	35 a 39	Mujeres	33278	1666
2002	Zaragoza	40 a 44	Hombres	32711	1624
2002	Zaragoza	40 a 44	Mujeres	32259	1161
2002	Zaragoza	45 a 49	Hombres	28902	985
2002	Zaragoza	45 a 49	Mujeres	28914	723
2002	Zaragoza	50 a 54	Hombres	27107	472
2002	Zaragoza	50 a 54	Mujeres	27632	406
2002	Zaragoza	55 a 59	Hombres	25236	227
2002	Zaragoza	55 a 59	Mujeres	25824	248
2002	Zaragoza	60 a 64	Hombres	19732	148
2002	Zaragoza	60 a 64	Mujeres	20818	146
2002	Zaragoza	65 a 69	Hombres	22795	82
2002	Zaragoza	65 a 69	Mujeres	25996	112
2002	Zaragoza	70 a 74	Hombres	20333	69
2002	Zaragoza	70 a 74	Mujeres	24696	100
2002	Zaragoza	75 a 79	Hombres	15477	27
2002	Zaragoza	75 a 79	Mujeres	21706	63
2002	Zaragoza	80 a 84	Hombres	8946	23
2002	Zaragoza	80 a 84	Mujeres	15214	34
2002	Zaragoza	85 a 89	Hombres	4139	7
2002	Zaragoza	85 a 89	Mujeres	8680	15
2002	Zaragoza	90 a 94	Hombres	1379	1
2002	Zaragoza	90 a 94	Mujeres	3585	4
2002	Zaragoza	95 y más	Hombres	326	3
2002	Zaragoza	95 y más	Mujeres	983	1
2003	Huesca	00 a 04	Hombres	4087	228
2003	Huesca	00 a 04	Mujeres	4047	216
2003	Huesca	05 a 09	Hombres	4338	231
2003	Huesca	05 a 09	Mujeres	4106	236
2003	Huesca	10 a 14	Hombres	4688	191
2003	Huesca	10 a 14	Mujeres	4341	203
2003	Huesca	15 a 19	Hombres	5354	255
2003	Huesca	15 a 19	Mujeres	4935	187
2003	Huesca	20 a 24	Hombres	7086	680
2003	Huesca	20 a 24	Mujeres	6436	491
2003	Huesca	25 a 29	Hombres	8441	1206
2003	Huesca	25 a 29	Mujeres	7346	647
2003	Huesca	30 a 34	Hombres	8418	1155
2003	Huesca	30 a 34	Mujeres	7346	582
2003	Huesca	35 a 39	Hombres	8793	827
2003	Huesca	35 a 39	Mujeres	7765	425
2003	Huesca	40 a 44	Hombres	8419	497
2003	Huesca	40 a 44	Mujeres	7501	278
2003	Huesca	45 a 49	Hombres	7424	279
2003	Huesca	45 a 49	Mujeres	6657	197
2003	Huesca	50 a 54	Hombres	6509	136
2003	Huesca	50 a 54	Mujeres	5953	105
2003	Huesca	55 a 59	Hombres	6004	75
2003	Huesca	55 a 59	Mujeres	5710	73
2003	Huesca	60 a 64	Hombres	4517	46
2003	Huesca	60 a 64	Mujeres	4611	46
2003	Huesca	65 a 69	Hombres	6122	38
2003	Huesca	65 a 69	Mujeres	6210	39
2003	Huesca	70 a 74	Hombres	6078	18
2003	Huesca	70 a 74	Mujeres	6693	26
2003	Huesca	75 a 79	Hombres	5296	18
2003	Huesca	75 a 79	Mujeres	5971	21
2003	Huesca	80 a 84	Hombres	3172	5
2003	Huesca	80 a 84	Mujeres	4529	3
2003	Huesca	85 a 89	Hombres	1509	7
2003	Huesca	85 a 89	Mujeres	2690	7
2003	Huesca	90 a 94	Hombres	559	
2003	Huesca	90 a 94	Mujeres	1163	3
2003	Huesca	95 y más	Hombres	148	1
2003	Huesca	95 y más	Mujeres	314	
2003	Teruel	00 a 04	Hombres	2548	167
2003	Teruel	00 a 04	Mujeres	2403	141
2003	Teruel	05 a 09	Hombres	2933	182
2003	Teruel	05 a 09	Mujeres	2828	180
2003	Teruel	10 a 14	Hombres	3311	162
2003	Teruel	10 a 14	Mujeres	3219	153
2003	Teruel	15 a 19	Hombres	3580	163
2003	Teruel	15 a 19	Mujeres	3362	129
2003	Teruel	20 a 24	Hombres	4488	481
2003	Teruel	20 a 24	Mujeres	3942	311
2003	Teruel	25 a 29	Hombres	5013	713
2003	Teruel	25 a 29	Mujeres	4297	411
2003	Teruel	30 a 34	Hombres	5067	636
2003	Teruel	30 a 34	Mujeres	4369	315
2003	Teruel	35 a 39	Hombres	5581	427
2003	Teruel	35 a 39	Mujeres	4942	277
2003	Teruel	40 a 44	Hombres	5552	312
2003	Teruel	40 a 44	Mujeres	4690	185
2003	Teruel	45 a 49	Hombres	4767	219
2003	Teruel	45 a 49	Mujeres	3938	123
2003	Teruel	50 a 54	Hombres	4056	93
2003	Teruel	50 a 54	Mujeres	3481	70
2003	Teruel	55 a 59	Hombres	3662	42
2003	Teruel	55 a 59	Mujeres	3442	28
2003	Teruel	60 a 64	Hombres	3031	18
2003	Teruel	60 a 64	Mujeres	3069	22
2003	Teruel	65 a 69	Hombres	4358	14
2003	Teruel	65 a 69	Mujeres	4606	14
2003	Teruel	70 a 74	Hombres	4754	7
2003	Teruel	70 a 74	Mujeres	4939	5
2003	Teruel	75 a 79	Hombres	3980	2
2003	Teruel	75 a 79	Mujeres	4321	6
2003	Teruel	80 a 84	Hombres	2323	2
2003	Teruel	80 a 84	Mujeres	3198	3
2003	Teruel	85 a 89	Hombres	1048	1
2003	Teruel	85 a 89	Mujeres	1829	
2003	Teruel	90 a 94	Hombres	459	1
2003	Teruel	90 a 94	Mujeres	880	1
2003	Teruel	95 y más	Hombres	130	
2003	Teruel	95 y más	Mujeres	290	
2003	Zaragoza	00 a 04	Hombres	18974	1379
2003	Zaragoza	00 a 04	Mujeres	17528	1312
2003	Zaragoza	05 a 09	Hombres	18443	1148
2003	Zaragoza	05 a 09	Mujeres	17845	1168
2003	Zaragoza	10 a 14	Hombres	19733	1131
2003	Zaragoza	10 a 14	Mujeres	18886	1084
2003	Zaragoza	15 a 19	Hombres	22785	1302
2003	Zaragoza	15 a 19	Mujeres	21545	1173
2003	Zaragoza	20 a 24	Hombres	30764	3020
2003	Zaragoza	20 a 24	Mujeres	29346	2871
2003	Zaragoza	25 a 29	Hombres	38105	4634
2003	Zaragoza	25 a 29	Mujeres	35044	3553
2003	Zaragoza	30 a 34	Hombres	37408	4786
2003	Zaragoza	30 a 34	Mujeres	34054	3007
2003	Zaragoza	35 a 39	Hombres	35877	3435
2003	Zaragoza	35 a 39	Mujeres	33863	2240
2003	Zaragoza	40 a 44	Hombres	33520	2166
2003	Zaragoza	40 a 44	Mujeres	32871	1557
2003	Zaragoza	45 a 49	Hombres	29650	1299
2003	Zaragoza	45 a 49	Mujeres	29651	987
2003	Zaragoza	50 a 54	Hombres	27455	630
2003	Zaragoza	50 a 54	Mujeres	28028	575
2003	Zaragoza	55 a 59	Hombres	25712	329
2003	Zaragoza	55 a 59	Mujeres	26550	343
2003	Zaragoza	60 a 64	Hombres	20367	178
2003	Zaragoza	60 a 64	Mujeres	21223	213
2003	Zaragoza	65 a 69	Hombres	21809	109
2003	Zaragoza	65 a 69	Mujeres	24872	138
2003	Zaragoza	70 a 74	Hombres	20693	82
2003	Zaragoza	70 a 74	Mujeres	25170	123
2003	Zaragoza	75 a 79	Hombres	15644	34
2003	Zaragoza	75 a 79	Mujeres	21610	79
2003	Zaragoza	80 a 84	Hombres	9701	28
2003	Zaragoza	80 a 84	Mujeres	16129	43
2003	Zaragoza	85 a 89	Hombres	4138	9
2003	Zaragoza	85 a 89	Mujeres	8650	22
2003	Zaragoza	90 a 94	Hombres	1486	1
2003	Zaragoza	90 a 94	Mujeres	3673	7
2003	Zaragoza	95 y más	Hombres	343	6
2003	Zaragoza	95 y más	Mujeres	973	1
2004	Huesca	00 a 04	Hombres	4161	321
2004	Huesca	00 a 04	Mujeres	4085	287
2004	Huesca	05 a 09	Hombres	4461	329
2004	Huesca	05 a 09	Mujeres	4177	308
2004	Huesca	10 a 14	Hombres	4619	260
2004	Huesca	10 a 14	Mujeres	4315	255
2004	Huesca	15 a 19	Hombres	5238	300
2004	Huesca	15 a 19	Mujeres	4849	263
2004	Huesca	20 a 24	Hombres	6888	771
2004	Huesca	20 a 24	Mujeres	6184	588
2004	Huesca	25 a 29	Hombres	8693	1406
2004	Huesca	25 a 29	Mujeres	7488	823
2004	Huesca	30 a 34	Hombres	8657	1333
2004	Huesca	30 a 34	Mujeres	7467	747
2004	Huesca	35 a 39	Hombres	8735	985
2004	Huesca	35 a 39	Mujeres	7776	553
2004	Huesca	40 a 44	Hombres	8551	598
2004	Huesca	40 a 44	Mujeres	7787	372
2004	Huesca	45 a 49	Hombres	7713	365
2004	Huesca	45 a 49	Mujeres	6856	238
2004	Huesca	50 a 54	Hombres	6626	169
2004	Huesca	50 a 54	Mujeres	5927	137
2004	Huesca	55 a 59	Hombres	6149	87
2004	Huesca	55 a 59	Mujeres	5863	97
2004	Huesca	60 a 64	Hombres	4769	60
2004	Huesca	60 a 64	Mujeres	4883	48
2004	Huesca	65 a 69	Hombres	5723	43
2004	Huesca	65 a 69	Mujeres	5716	44
2004	Huesca	70 a 74	Hombres	6046	22
2004	Huesca	70 a 74	Mujeres	6603	31
2004	Huesca	75 a 79	Hombres	5286	18
2004	Huesca	75 a 79	Mujeres	6059	17
2004	Huesca	80 a 84	Hombres	3424	8
2004	Huesca	80 a 84	Mujeres	4707	8
2004	Huesca	85 a 89	Hombres	1497	6
2004	Huesca	85 a 89	Mujeres	2682	4
2004	Huesca	90 a 94	Hombres	573	
2004	Huesca	90 a 94	Mujeres	1176	4
2004	Huesca	95 y más	Hombres	152	
2004	Huesca	95 y más	Mujeres	340	
2004	Teruel	00 a 04	Hombres	2516	191
2004	Teruel	00 a 04	Mujeres	2445	172
2004	Teruel	05 a 09	Hombres	2890	238
2004	Teruel	05 a 09	Mujeres	2806	236
2004	Teruel	10 a 14	Hombres	3324	216
2004	Teruel	10 a 14	Mujeres	3127	185
2004	Teruel	15 a 19	Hombres	3623	222
2004	Teruel	15 a 19	Mujeres	3429	170
2004	Teruel	20 a 24	Hombres	4379	528
2004	Teruel	20 a 24	Mujeres	3871	356
2004	Teruel	25 a 29	Hombres	5168	887
2004	Teruel	25 a 29	Mujeres	4393	522
2004	Teruel	30 a 34	Hombres	5099	739
2004	Teruel	30 a 34	Mujeres	4346	401
2004	Teruel	35 a 39	Hombres	5522	537
2004	Teruel	35 a 39	Mujeres	4897	306
2004	Teruel	40 a 44	Hombres	5663	389
2004	Teruel	40 a 44	Mujeres	4826	233
2004	Teruel	45 a 49	Hombres	4969	261
2004	Teruel	45 a 49	Mujeres	4107	166
2004	Teruel	50 a 54	Hombres	4181	138
2004	Teruel	50 a 54	Mujeres	3609	101
2004	Teruel	55 a 59	Hombres	3742	60
2004	Teruel	55 a 59	Mujeres	3466	43
2004	Teruel	60 a 64	Hombres	3172	24
2004	Teruel	60 a 64	Mujeres	3166	34
2004	Teruel	65 a 69	Hombres	3924	16
2004	Teruel	65 a 69	Mujeres	4120	19
2004	Teruel	70 a 74	Hombres	4715	10
2004	Teruel	70 a 74	Mujeres	4961	9
2004	Teruel	75 a 79	Hombres	4044	2
2004	Teruel	75 a 79	Mujeres	4332	9
2004	Teruel	80 a 84	Hombres	2519	
2004	Teruel	80 a 84	Mujeres	3377	4
2004	Teruel	85 a 89	Hombres	1055	3
2004	Teruel	85 a 89	Mujeres	1804	
2004	Teruel	90 a 94	Hombres	434	1
2004	Teruel	90 a 94	Mujeres	907	
2004	Teruel	95 y más	Hombres	134	
2004	Teruel	95 y más	Mujeres	271	
2004	Zaragoza	00 a 04	Hombres	19901	1768
2004	Zaragoza	00 a 04	Mujeres	18341	1634
2004	Zaragoza	05 a 09	Hombres	18935	1549
2004	Zaragoza	05 a 09	Mujeres	18109	1512
2004	Zaragoza	10 a 14	Hombres	19897	1469
2004	Zaragoza	10 a 14	Mujeres	19052	1466
2004	Zaragoza	15 a 19	Hombres	22545	1630
2004	Zaragoza	15 a 19	Mujeres	21455	1537
2004	Zaragoza	20 a 24	Hombres	29733	3462
2004	Zaragoza	20 a 24	Mujeres	28460	3437
2004	Zaragoza	25 a 29	Hombres	39051	5640
2004	Zaragoza	25 a 29	Mujeres	35776	4444
2004	Zaragoza	30 a 34	Hombres	39037	5703
2004	Zaragoza	30 a 34	Mujeres	35299	3756
2004	Zaragoza	35 a 39	Hombres	37159	4376
2004	Zaragoza	35 a 39	Mujeres	34923	2971
2004	Zaragoza	40 a 44	Hombres	34784	2716
2004	Zaragoza	40 a 44	Mujeres	33528	1955
2004	Zaragoza	45 a 49	Hombres	31100	1753
2004	Zaragoza	45 a 49	Mujeres	30785	1380
2004	Zaragoza	50 a 54	Hombres	27526	854
2004	Zaragoza	50 a 54	Mujeres	28101	824
2004	Zaragoza	55 a 59	Hombres	26541	412
2004	Zaragoza	55 a 59	Mujeres	27416	529
2004	Zaragoza	60 a 64	Hombres	21723	223
2004	Zaragoza	60 a 64	Mujeres	22718	316
2004	Zaragoza	65 a 69	Hombres	20337	150
2004	Zaragoza	65 a 69	Mujeres	23224	192
2004	Zaragoza	70 a 74	Hombres	21078	106
2004	Zaragoza	70 a 74	Mujeres	25396	165
2004	Zaragoza	75 a 79	Hombres	16041	55
2004	Zaragoza	75 a 79	Mujeres	21960	96
2004	Zaragoza	80 a 84	Hombres	10336	28
2004	Zaragoza	80 a 84	Mujeres	16920	56
2004	Zaragoza	85 a 89	Hombres	4233	13
2004	Zaragoza	85 a 89	Mujeres	9116	21
2004	Zaragoza	90 a 94	Hombres	1515	3
2004	Zaragoza	90 a 94	Mujeres	3845	8
2004	Zaragoza	95 y más	Hombres	368	1
2004	Zaragoza	95 y más	Mujeres	1086	2
2005	Huesca	00 a 04	Hombres	4369	381
2005	Huesca	00 a 04	Mujeres	4116	362
2005	Huesca	05 a 09	Hombres	4518	441
2005	Huesca	05 a 09	Mujeres	4292	395
2005	Huesca	10 a 14	Hombres	4687	368
2005	Huesca	10 a 14	Mujeres	4362	313
2005	Huesca	15 a 19	Hombres	5207	397
2005	Huesca	15 a 19	Mujeres	4772	362
2005	Huesca	20 a 24	Hombres	6708	869
2005	Huesca	20 a 24	Mujeres	6080	729
2005	Huesca	25 a 29	Hombres	8967	1710
2005	Huesca	25 a 29	Mujeres	7629	1030
2005	Huesca	30 a 34	Hombres	8980	1672
2005	Huesca	30 a 34	Mujeres	7555	934
2005	Huesca	35 a 39	Hombres	8889	1308
2005	Huesca	35 a 39	Mujeres	7819	703
2005	Huesca	40 a 44	Hombres	8842	793
2005	Huesca	40 a 44	Mujeres	7932	494
2005	Huesca	45 a 49	Hombres	8134	493
2005	Huesca	45 a 49	Mujeres	7128	300
2005	Huesca	50 a 54	Hombres	6720	240
2005	Huesca	50 a 54	Mujeres	6070	201
2005	Huesca	55 a 59	Hombres	6314	124
2005	Huesca	55 a 59	Mujeres	5904	117
2005	Huesca	60 a 64	Hombres	5196	73
2005	Huesca	60 a 64	Mujeres	5288	73
2005	Huesca	65 a 69	Hombres	5123	52
2005	Huesca	65 a 69	Mujeres	5236	53
2005	Huesca	70 a 74	Hombres	6006	32
2005	Huesca	70 a 74	Mujeres	6478	34
2005	Huesca	75 a 79	Hombres	5214	14
2005	Huesca	75 a 79	Mujeres	6080	25
2005	Huesca	80 a 84	Hombres	3719	13
2005	Huesca	80 a 84	Mujeres	4950	9
2005	Huesca	85 a 89	Hombres	1517	4
2005	Huesca	85 a 89	Mujeres	2673	3
2005	Huesca	90 a 94	Hombres	622	2
2005	Huesca	90 a 94	Mujeres	1281	6
2005	Huesca	95 y más	Hombres	137	2
2005	Huesca	95 y más	Mujeres	350	1
2005	Teruel	00 a 04	Hombres	2671	237
2005	Teruel	00 a 04	Mujeres	2500	203
2005	Teruel	05 a 09	Hombres	2873	311
2005	Teruel	05 a 09	Mujeres	2737	277
2005	Teruel	10 a 14	Hombres	3317	265
2005	Teruel	10 a 14	Mujeres	3181	242
2005	Teruel	15 a 19	Hombres	3691	332
2005	Teruel	15 a 19	Mujeres	3453	243
2005	Teruel	20 a 24	Hombres	4421	717
2005	Teruel	20 a 24	Mujeres	3867	457
2005	Teruel	25 a 29	Hombres	5316	1121
2005	Teruel	25 a 29	Mujeres	4353	654
2005	Teruel	30 a 34	Hombres	5314	984
2005	Teruel	30 a 34	Mujeres	4432	544
2005	Teruel	35 a 39	Hombres	5501	697
2005	Teruel	35 a 39	Mujeres	4897	412
2005	Teruel	40 a 44	Hombres	5808	531
2005	Teruel	40 a 44	Mujeres	5004	304
2005	Teruel	45 a 49	Hombres	5321	355
2005	Teruel	45 a 49	Mujeres	4391	220
2005	Teruel	50 a 54	Hombres	4258	172
2005	Teruel	50 a 54	Mujeres	3635	140
2005	Teruel	55 a 59	Hombres	3793	82
2005	Teruel	55 a 59	Mujeres	3442	61
2005	Teruel	60 a 64	Hombres	3488	42
2005	Teruel	60 a 64	Mujeres	3436	35
2005	Teruel	65 a 69	Hombres	3467	22
2005	Teruel	65 a 69	Mujeres	3678	34
2005	Teruel	70 a 74	Hombres	4566	13
2005	Teruel	70 a 74	Mujeres	4839	21
2005	Teruel	75 a 79	Hombres	4103	5
2005	Teruel	75 a 79	Mujeres	4355	12
2005	Teruel	80 a 84	Hombres	2706	1
2005	Teruel	80 a 84	Mujeres	3523	5
2005	Teruel	85 a 89	Hombres	1071	2
2005	Teruel	85 a 89	Mujeres	1872	1
2005	Teruel	90 a 94	Hombres	456	2
2005	Teruel	90 a 94	Mujeres	953	
2005	Teruel	95 y más	Hombres	132	
2005	Teruel	95 y más	Mujeres	270	
2005	Zaragoza	00 a 04	Hombres	20585	2038
2005	Zaragoza	00 a 04	Mujeres	19420	2017
2005	Zaragoza	05 a 09	Hombres	19457	1846
2005	Zaragoza	05 a 09	Mujeres	18338	1815
2005	Zaragoza	10 a 14	Hombres	19814	1731
2005	Zaragoza	10 a 14	Mujeres	19197	1778
2005	Zaragoza	15 a 19	Hombres	22342	2122
2005	Zaragoza	15 a 19	Mujeres	21342	1955
2005	Zaragoza	20 a 24	Hombres	29453	4172
2005	Zaragoza	20 a 24	Mujeres	27766	4075
2005	Zaragoza	25 a 29	Hombres	39491	6953
2005	Zaragoza	25 a 29	Mujeres	36138	5404
2005	Zaragoza	30 a 34	Hombres	40818	6988
2005	Zaragoza	30 a 34	Mujeres	36542	4651
2005	Zaragoza	35 a 39	Hombres	37998	5542
2005	Zaragoza	35 a 39	Mujeres	35141	3654
2005	Zaragoza	40 a 44	Hombres	36177	3517
2005	Zaragoza	40 a 44	Mujeres	34454	2470
2005	Zaragoza	45 a 49	Hombres	32459	2232
2005	Zaragoza	45 a 49	Mujeres	31930	1739
2005	Zaragoza	50 a 54	Hombres	27741	1158
2005	Zaragoza	50 a 54	Mujeres	28208	1080
2005	Zaragoza	55 a 59	Hombres	26759	550
2005	Zaragoza	55 a 59	Mujeres	27974	695
2005	Zaragoza	60 a 64	Hombres	23316	274
2005	Zaragoza	60 a 64	Mujeres	24216	401
2005	Zaragoza	65 a 69	Hombres	18992	207
2005	Zaragoza	65 a 69	Mujeres	21630	237
2005	Zaragoza	70 a 74	Hombres	21166	128
2005	Zaragoza	70 a 74	Mujeres	25411	217
2005	Zaragoza	75 a 79	Hombres	16251	66
2005	Zaragoza	75 a 79	Mujeres	22186	98
2005	Zaragoza	80 a 84	Hombres	10877	22
2005	Zaragoza	80 a 84	Mujeres	17748	61
2005	Zaragoza	85 a 89	Hombres	4385	20
2005	Zaragoza	85 a 89	Mujeres	9244	30
2005	Zaragoza	90 a 94	Hombres	1562	6
2005	Zaragoza	90 a 94	Mujeres	4069	9
2005	Zaragoza	95 y más	Hombres	363	
2005	Zaragoza	95 y más	Mujeres	1112	2
2006	Huesca	00 a 04	Hombres	4637	477
2006	Huesca	00 a 04	Mujeres	4324	447
2006	Huesca	05 a 09	Hombres	4577	523
2006	Huesca	05 a 09	Mujeres	4415	441
2006	Huesca	10 a 14	Hombres	4760	427
2006	Huesca	10 a 14	Mujeres	4435	418
2006	Huesca	15 a 19	Hombres	5126	497
2006	Huesca	15 a 19	Mujeres	4745	428
2006	Huesca	20 a 24	Hombres	6564	892
2006	Huesca	20 a 24	Mujeres	5896	809
2006	Huesca	25 a 29	Hombres	8871	1735
2006	Huesca	25 a 29	Mujeres	7633	1132
2006	Huesca	30 a 34	Hombres	9175	1768
2006	Huesca	30 a 34	Mujeres	7745	1087
2006	Huesca	35 a 39	Hombres	8911	1465
2006	Huesca	35 a 39	Mujeres	7841	841
2006	Huesca	40 a 44	Hombres	9077	927
2006	Huesca	40 a 44	Mujeres	8059	589
2006	Huesca	45 a 49	Hombres	8310	573
2006	Huesca	45 a 49	Mujeres	7442	350
2006	Huesca	50 a 54	Hombres	7026	302
2006	Huesca	50 a 54	Mujeres	6353	237
2006	Huesca	55 a 59	Hombres	6385	170
2006	Huesca	55 a 59	Mujeres	5773	141
2006	Huesca	60 a 64	Hombres	5414	84
2006	Huesca	60 a 64	Mujeres	5462	84
2006	Huesca	65 a 69	Hombres	4816	57
2006	Huesca	65 a 69	Mujeres	5053	59
2006	Huesca	70 a 74	Hombres	5929	32
2006	Huesca	70 a 74	Mujeres	6258	34
2006	Huesca	75 a 79	Hombres	5169	18
2006	Huesca	75 a 79	Mujeres	6197	20
2006	Huesca	80 a 84	Hombres	3830	9
2006	Huesca	80 a 84	Mujeres	4920	11
2006	Huesca	85 a 89	Hombres	1622	4
2006	Huesca	85 a 89	Mujeres	2823	4
2006	Huesca	90 a 94	Hombres	634	2
2006	Huesca	90 a 94	Mujeres	1300	5
2006	Huesca	95 y más	Hombres	150	1
2006	Huesca	95 y más	Mujeres	366	
2006	Teruel	00 a 04	Hombres	2728	310
2006	Teruel	00 a 04	Mujeres	2527	246
2006	Teruel	05 a 09	Hombres	2952	335
2006	Teruel	05 a 09	Mujeres	2762	300
2006	Teruel	10 a 14	Hombres	3185	287
2006	Teruel	10 a 14	Mujeres	3110	273
2006	Teruel	15 a 19	Hombres	3698	387
2006	Teruel	15 a 19	Mujeres	3472	308
2006	Teruel	20 a 24	Hombres	4445	868
2006	Teruel	20 a 24	Mujeres	3832	523
2006	Teruel	25 a 29	Hombres	5457	1289
2006	Teruel	25 a 29	Mujeres	4357	730
2006	Teruel	30 a 34	Hombres	5540	1204
2006	Teruel	30 a 34	Mujeres	4484	614
2006	Teruel	35 a 39	Hombres	5471	852
2006	Teruel	35 a 39	Mujeres	4895	501
2006	Teruel	40 a 44	Hombres	5834	591
2006	Teruel	40 a 44	Mujeres	5062	367
2006	Teruel	45 a 49	Hombres	5591	405
2006	Teruel	45 a 49	Mujeres	4505	240
2006	Teruel	50 a 54	Hombres	4417	209
2006	Teruel	50 a 54	Mujeres	3803	178
2006	Teruel	55 a 59	Hombres	3861	96
2006	Teruel	55 a 59	Mujeres	3468	86
2006	Teruel	60 a 64	Hombres	3417	49
2006	Teruel	60 a 64	Mujeres	3352	39
2006	Teruel	65 a 69	Hombres	3351	24
2006	Teruel	65 a 69	Mujeres	3522	33
2006	Teruel	70 a 74	Hombres	4434	20
2006	Teruel	70 a 74	Mujeres	4755	20
2006	Teruel	75 a 79	Hombres	4145	7
2006	Teruel	75 a 79	Mujeres	4449	10
2006	Teruel	80 a 84	Hombres	2795	1
2006	Teruel	80 a 84	Mujeres	3553	5
2006	Teruel	85 a 89	Hombres	1158	2
2006	Teruel	85 a 89	Mujeres	1921	3
2006	Teruel	90 a 94	Hombres	466	1
2006	Teruel	90 a 94	Mujeres	975	1
2006	Teruel	95 y más	Hombres	124	
2006	Teruel	95 y más	Mujeres	287	
2006	Zaragoza	00 a 04	Hombres	21037	2136
2006	Zaragoza	00 a 04	Mujeres	19860	2122
2006	Zaragoza	05 a 09	Hombres	19955	2120
2006	Zaragoza	05 a 09	Mujeres	18574	1986
2006	Zaragoza	10 a 14	Hombres	19918	1992
2006	Zaragoza	10 a 14	Mujeres	19412	1975
2006	Zaragoza	15 a 19	Hombres	21974	2329
2006	Zaragoza	15 a 19	Mujeres	20953	2286
2006	Zaragoza	20 a 24	Hombres	28263	4186
2006	Zaragoza	20 a 24	Mujeres	26825	4230
2006	Zaragoza	25 a 29	Hombres	38393	7097
2006	Zaragoza	25 a 29	Mujeres	35575	5827
2006	Zaragoza	30 a 34	Hombres	41178	7053
2006	Zaragoza	30 a 34	Mujeres	37096	5052
2006	Zaragoza	35 a 39	Hombres	38853	6074
2006	Zaragoza	35 a 39	Mujeres	35509	4041
2006	Zaragoza	40 a 44	Hombres	36561	3755
2006	Zaragoza	40 a 44	Mujeres	34601	2679
2006	Zaragoza	45 a 49	Hombres	33292	2414
2006	Zaragoza	45 a 49	Mujeres	32950	1968
2006	Zaragoza	50 a 54	Hombres	28364	1278
2006	Zaragoza	50 a 54	Mujeres	28741	1171
2006	Zaragoza	55 a 59	Hombres	26666	613
2006	Zaragoza	55 a 59	Mujeres	27846	761
2006	Zaragoza	60 a 64	Hombres	23662	271
2006	Zaragoza	60 a 64	Mujeres	24717	384
2006	Zaragoza	65 a 69	Hombres	19205	217
2006	Zaragoza	65 a 69	Mujeres	21467	256
2006	Zaragoza	70 a 74	Hombres	20886	117
2006	Zaragoza	70 a 74	Mujeres	25033	179
2006	Zaragoza	75 a 79	Hombres	16622	61
2006	Zaragoza	75 a 79	Mujeres	22609	97
2006	Zaragoza	80 a 84	Hombres	11099	11
2006	Zaragoza	80 a 84	Mujeres	17824	47
2006	Zaragoza	85 a 89	Hombres	4692	16
2006	Zaragoza	85 a 89	Mujeres	9863	29
2006	Zaragoza	90 a 94	Hombres	1611	8
2006	Zaragoza	90 a 94	Mujeres	4056	8
2006	Zaragoza	95 y más	Hombres	376	
2006	Zaragoza	95 y más	Mujeres	1170	1
2007	Huesca	00 a 04	Hombres	4763	574
2007	Huesca	00 a 04	Mujeres	4376	539
2007	Huesca	05 a 09	Hombres	4698	593
2007	Huesca	05 a 09	Mujeres	4543	500
2007	Huesca	10 a 14	Hombres	4799	513
2007	Huesca	10 a 14	Mujeres	4503	487
2007	Huesca	15 a 19	Hombres	5120	582
2007	Huesca	15 a 19	Mujeres	4719	521
2007	Huesca	20 a 24	Hombres	6455	1009
2007	Huesca	20 a 24	Mujeres	5882	958
2007	Huesca	25 a 29	Hombres	8700	1762
2007	Huesca	25 a 29	Mujeres	7547	1290
2007	Huesca	30 a 34	Hombres	9336	1916
2007	Huesca	30 a 34	Mujeres	7993	1256
2007	Huesca	35 a 39	Hombres	8945	1581
2007	Huesca	35 a 39	Mujeres	7895	970
2007	Huesca	40 a 44	Hombres	9194	1028
2007	Huesca	40 a 44	Mujeres	8123	666
2007	Huesca	45 a 49	Hombres	8555	673
2007	Huesca	45 a 49	Mujeres	7688	435
2007	Huesca	50 a 54	Hombres	7378	411
2007	Huesca	50 a 54	Mujeres	6638	315
2007	Huesca	55 a 59	Hombres	6370	189
2007	Huesca	55 a 59	Mujeres	5829	149
2007	Huesca	60 a 64	Hombres	5711	101
2007	Huesca	60 a 64	Mujeres	5685	107
2007	Huesca	65 a 69	Hombres	4554	60
2007	Huesca	65 a 69	Mujeres	4676	72
2007	Huesca	70 a 74	Hombres	5783	37
2007	Huesca	70 a 74	Mujeres	6249	49
2007	Huesca	75 a 79	Hombres	5171	20
2007	Huesca	75 a 79	Mujeres	6103	22
2007	Huesca	80 a 84	Hombres	3876	11
2007	Huesca	80 a 84	Mujeres	5027	12
2007	Huesca	85 a 89	Hombres	1775	4
2007	Huesca	85 a 89	Mujeres	2955	3
2007	Huesca	90 a 94	Hombres	640	
2007	Huesca	90 a 94	Mujeres	1335	4
2007	Huesca	95 y más	Hombres	155	
2007	Huesca	95 y más	Mujeres	363	1
2007	Teruel	00 a 04	Hombres	2844	381
2007	Teruel	00 a 04	Mujeres	2637	329
2007	Teruel	05 a 09	Hombres	3044	426
2007	Teruel	05 a 09	Mujeres	2784	364
2007	Teruel	10 a 14	Hombres	3215	378
2007	Teruel	10 a 14	Mujeres	3103	351
2007	Teruel	15 a 19	Hombres	3670	434
2007	Teruel	15 a 19	Mujeres	3471	390
2007	Teruel	20 a 24	Hombres	4522	1024
2007	Teruel	20 a 24	Mujeres	3912	639
2007	Teruel	25 a 29	Hombres	5610	1514
2007	Teruel	25 a 29	Mujeres	4454	847
2007	Teruel	30 a 34	Hombres	5767	1454
2007	Teruel	30 a 34	Mujeres	4568	776
2007	Teruel	35 a 39	Hombres	5522	1048
2007	Teruel	35 a 39	Mujeres	4895	629
2007	Teruel	40 a 44	Hombres	5937	699
2007	Teruel	40 a 44	Mujeres	5087	420
2007	Teruel	45 a 49	Hombres	5757	482
2007	Teruel	45 a 49	Mujeres	4773	324
2007	Teruel	50 a 54	Hombres	4639	268
2007	Teruel	50 a 54	Mujeres	3933	201
2007	Teruel	55 a 59	Hombres	3955	116
2007	Teruel	55 a 59	Mujeres	3522	119
2007	Teruel	60 a 64	Hombres	3567	54
2007	Teruel	60 a 64	Mujeres	3437	50
2007	Teruel	65 a 69	Hombres	3112	31
2007	Teruel	65 a 69	Mujeres	3242	36
2007	Teruel	70 a 74	Hombres	4262	21
2007	Teruel	70 a 74	Mujeres	4644	20
2007	Teruel	75 a 79	Hombres	4135	10
2007	Teruel	75 a 79	Mujeres	4477	8
2007	Teruel	80 a 84	Hombres	2882	2
2007	Teruel	80 a 84	Mujeres	3592	7
2007	Teruel	85 a 89	Hombres	1287	1
2007	Teruel	85 a 89	Mujeres	2058	3
2007	Teruel	90 a 94	Hombres	426	1
2007	Teruel	90 a 94	Mujeres	904	
2007	Teruel	95 y más	Hombres	109	1
2007	Teruel	95 y más	Mujeres	291	
2007	Zaragoza	00 a 04	Hombres	21863	2541
2007	Zaragoza	00 a 04	Mujeres	20693	2489
2007	Zaragoza	05 a 09	Hombres	20757	2491
2007	Zaragoza	05 a 09	Mujeres	19211	2296
2007	Zaragoza	10 a 14	Hombres	20189	2293
2007	Zaragoza	10 a 14	Mujeres	19538	2234
2007	Zaragoza	15 a 19	Hombres	21897	2758
2007	Zaragoza	15 a 19	Mujeres	21043	2712
2007	Zaragoza	20 a 24	Hombres	27749	4825
2007	Zaragoza	20 a 24	Mujeres	26513	4936
2007	Zaragoza	25 a 29	Hombres	37718	7980
2007	Zaragoza	25 a 29	Mujeres	35244	6949
2007	Zaragoza	30 a 34	Hombres	42646	8227
2007	Zaragoza	30 a 34	Mujeres	38149	6078
2007	Zaragoza	35 a 39	Hombres	40121	7173
2007	Zaragoza	35 a 39	Mujeres	36427	4872
2007	Zaragoza	40 a 44	Hombres	37867	4589
2007	Zaragoza	40 a 44	Mujeres	35328	3182
2007	Zaragoza	45 a 49	Hombres	34251	2985
2007	Zaragoza	45 a 49	Mujeres	33856	2406
2007	Zaragoza	50 a 54	Hombres	29429	1721
2007	Zaragoza	50 a 54	Mujeres	29708	1544
2007	Zaragoza	55 a 59	Hombres	26857	827
2007	Zaragoza	55 a 59	Mujeres	27919	950
2007	Zaragoza	60 a 64	Hombres	24441	376
2007	Zaragoza	60 a 64	Mujeres	25756	487
2007	Zaragoza	65 a 69	Hombres	18678	248
2007	Zaragoza	65 a 69	Mujeres	20589	305
2007	Zaragoza	70 a 74	Hombres	20712	143
2007	Zaragoza	70 a 74	Mujeres	25168	206
2007	Zaragoza	75 a 79	Hombres	17171	66
2007	Zaragoza	75 a 79	Mujeres	22675	103
2007	Zaragoza	80 a 84	Hombres	11182	17
2007	Zaragoza	80 a 84	Mujeres	18101	53
2007	Zaragoza	85 a 89	Hombres	5205	21
2007	Zaragoza	85 a 89	Mujeres	10437	28
2007	Zaragoza	90 a 94	Hombres	1629	5
2007	Zaragoza	90 a 94	Mujeres	4180	9
2007	Zaragoza	95 y más	Hombres	394	
2007	Zaragoza	95 y más	Mujeres	1211	1
2008	Huesca	00 a 04	Hombres	5071	757
2008	Huesca	00 a 04	Mujeres	4621	644
2008	Huesca	05 a 09	Hombres	4821	668
2008	Huesca	05 a 09	Mujeres	4674	649
2008	Huesca	10 a 14	Hombres	4910	678
2008	Huesca	10 a 14	Mujeres	4572	606
2008	Huesca	15 a 19	Hombres	5319	763
2008	Huesca	15 a 19	Mujeres	4854	670
2008	Huesca	20 a 24	Hombres	6403	1260
2008	Huesca	20 a 24	Mujeres	5933	1166
2008	Huesca	25 a 29	Hombres	8761	2112
2008	Huesca	25 a 29	Mujeres	7623	1580
2008	Huesca	30 a 34	Hombres	9907	2378
2008	Huesca	30 a 34	Mujeres	8307	1564
2008	Huesca	35 a 39	Hombres	9300	1959
2008	Huesca	35 a 39	Mujeres	8083	1205
2008	Huesca	40 a 44	Hombres	9479	1341
2008	Huesca	40 a 44	Mujeres	8297	850
2008	Huesca	45 a 49	Hombres	8858	890
2008	Huesca	45 a 49	Mujeres	7879	580
2008	Huesca	50 a 54	Hombres	7736	565
2008	Huesca	50 a 54	Mujeres	6939	405
2008	Huesca	55 a 59	Hombres	6529	236
2008	Huesca	55 a 59	Mujeres	6068	206
2008	Huesca	60 a 64	Hombres	5982	132
2008	Huesca	60 a 64	Mujeres	5796	146
2008	Huesca	65 a 69	Hombres	4362	69
2008	Huesca	65 a 69	Mujeres	4580	78
2008	Huesca	70 a 74	Hombres	5658	45
2008	Huesca	70 a 74	Mujeres	5997	53
2008	Huesca	75 a 79	Hombres	5189	27
2008	Huesca	75 a 79	Mujeres	6167	29
2008	Huesca	80 a 84	Hombres	3931	15
2008	Huesca	80 a 84	Mujeres	5041	21
2008	Huesca	85 a 89	Hombres	1939	3
2008	Huesca	85 a 89	Mujeres	3164	7
2008	Huesca	90 a 94	Hombres	619	1
2008	Huesca	90 a 94	Mujeres	1340	4
2008	Huesca	95 y más	Hombres	165	
2008	Huesca	95 y más	Mujeres	397	1
2008	Teruel	00 a 04	Hombres	3035	493
2008	Teruel	00 a 04	Mujeres	2854	464
2008	Teruel	05 a 09	Hombres	3043	503
2008	Teruel	05 a 09	Mujeres	2808	450
2008	Teruel	10 a 14	Hombres	3279	485
2008	Teruel	10 a 14	Mujeres	3108	415
2008	Teruel	15 a 19	Hombres	3686	538
2008	Teruel	15 a 19	Mujeres	3472	449
2008	Teruel	20 a 24	Hombres	4635	1205
2008	Teruel	20 a 24	Mujeres	4002	823
2008	Teruel	25 a 29	Hombres	5674	1718
2008	Teruel	25 a 29	Mujeres	4478	968
2008	Teruel	30 a 34	Hombres	6019	1774
2008	Teruel	30 a 34	Mujeres	4727	990
2008	Teruel	35 a 39	Hombres	5686	1321
2008	Teruel	35 a 39	Mujeres	4825	731
2008	Teruel	40 a 44	Hombres	6131	927
2008	Teruel	40 a 44	Mujeres	5208	513
2008	Teruel	45 a 49	Hombres	5903	644
2008	Teruel	45 a 49	Mujeres	4920	402
2008	Teruel	50 a 54	Hombres	4934	379
2008	Teruel	50 a 54	Mujeres	4071	243
2008	Teruel	55 a 59	Hombres	4114	153
2008	Teruel	55 a 59	Mujeres	3586	146
2008	Teruel	60 a 64	Hombres	3677	82
2008	Teruel	60 a 64	Mujeres	3486	63
2008	Teruel	65 a 69	Hombres	2965	37
2008	Teruel	65 a 69	Mujeres	3045	41
2008	Teruel	70 a 74	Hombres	4008	17
2008	Teruel	70 a 74	Mujeres	4440	31
2008	Teruel	75 a 79	Hombres	4085	10
2008	Teruel	75 a 79	Mujeres	4549	12
2008	Teruel	80 a 84	Hombres	2990	2
2008	Teruel	80 a 84	Mujeres	3581	6
2008	Teruel	85 a 89	Hombres	1403	1
2008	Teruel	85 a 89	Mujeres	2223	4
2008	Teruel	90 a 94	Hombres	392	2
2008	Teruel	90 a 94	Mujeres	867	
2008	Teruel	95 y más	Hombres	118	1
2008	Teruel	95 y más	Mujeres	297	
2008	Zaragoza	00 a 04	Hombres	23055	3243
2008	Zaragoza	00 a 04	Mujeres	21826	3047
2008	Zaragoza	05 a 09	Hombres	21578	2890
2008	Zaragoza	05 a 09	Mujeres	19974	2727
2008	Zaragoza	10 a 14	Hombres	20621	2833
2008	Zaragoza	10 a 14	Mujeres	19729	2574
2008	Zaragoza	15 a 19	Hombres	22497	3509
2008	Zaragoza	15 a 19	Mujeres	21561	3331
2008	Zaragoza	20 a 24	Hombres	28527	6673
2008	Zaragoza	20 a 24	Mujeres	26865	6206
2008	Zaragoza	25 a 29	Hombres	38163	9840
2008	Zaragoza	25 a 29	Mujeres	35109	8301
2008	Zaragoza	30 a 34	Hombres	44177	10263
2008	Zaragoza	30 a 34	Mujeres	39304	7444
2008	Zaragoza	35 a 39	Hombres	42242	8806
2008	Zaragoza	35 a 39	Mujeres	37778	5902
2008	Zaragoza	40 a 44	Hombres	38991	5928
2008	Zaragoza	40 a 44	Mujeres	36389	4081
2008	Zaragoza	45 a 49	Hombres	35534	3902
2008	Zaragoza	45 a 49	Mujeres	34517	2893
2008	Zaragoza	50 a 54	Hombres	30405	2253
2008	Zaragoza	50 a 54	Mujeres	30639	1986
2008	Zaragoza	55 a 59	Hombres	27357	1107
2008	Zaragoza	55 a 59	Mujeres	28482	1233
2008	Zaragoza	60 a 64	Hombres	24923	513
2008	Zaragoza	60 a 64	Mujeres	26521	634
2008	Zaragoza	65 a 69	Hombres	19270	271
2008	Zaragoza	65 a 69	Mujeres	20932	359
2008	Zaragoza	70 a 74	Hombres	19734	160
2008	Zaragoza	70 a 74	Mujeres	23993	221
2008	Zaragoza	75 a 79	Hombres	17489	85
2008	Zaragoza	75 a 79	Mujeres	23196	131
2008	Zaragoza	80 a 84	Hombres	11455	27
2008	Zaragoza	80 a 84	Mujeres	18177	48
2008	Zaragoza	85 a 89	Hombres	5623	15
2008	Zaragoza	85 a 89	Mujeres	11216	31
2008	Zaragoza	90 a 94	Hombres	1629	5
2008	Zaragoza	90 a 94	Mujeres	4177	12
2008	Zaragoza	95 y más	Hombres	417	1
2008	Zaragoza	95 y más	Mujeres	1251	1
2009	Huesca	00 a 04	Hombres	5322	853
2009	Huesca	00 a 04	Mujeres	4970	771
2009	Huesca	05 a 09	Hombres	4894	757
2009	Huesca	05 a 09	Mujeres	4800	690
2009	Huesca	10 a 14	Hombres	5011	724
2009	Huesca	10 a 14	Mujeres	4666	657
2009	Huesca	15 a 19	Hombres	5261	806
2009	Huesca	15 a 19	Mujeres	4831	699
2009	Huesca	20 a 24	Hombres	6399	1371
2009	Huesca	20 a 24	Mujeres	5938	1315
2009	Huesca	25 a 29	Hombres	8582	2287
2009	Huesca	25 a 29	Mujeres	7370	1725
2009	Huesca	30 a 34	Hombres	10208	2685
2009	Huesca	30 a 34	Mujeres	8550	1737
2009	Huesca	35 a 39	Hombres	9639	2190
2009	Huesca	35 a 39	Mujeres	8218	1364
2009	Huesca	40 a 44	Hombres	9513	1597
2009	Huesca	40 a 44	Mujeres	8378	1011
2009	Huesca	45 a 49	Hombres	9047	1022
2009	Huesca	45 a 49	Mujeres	8179	680
2009	Huesca	50 a 54	Hombres	8047	668
2009	Huesca	50 a 54	Mujeres	7122	445
2009	Huesca	55 a 59	Hombres	6681	301
2009	Huesca	55 a 59	Mujeres	6092	261
2009	Huesca	60 a 64	Hombres	6124	152
2009	Huesca	60 a 64	Mujeres	5910	164
2009	Huesca	65 a 69	Hombres	4594	75
2009	Huesca	65 a 69	Mujeres	4841	79
2009	Huesca	70 a 74	Hombres	5282	55
2009	Huesca	70 a 74	Mujeres	5565	64
2009	Huesca	75 a 79	Hombres	5190	30
2009	Huesca	75 a 79	Mujeres	6110	35
2009	Huesca	80 a 84	Hombres	3944	13
2009	Huesca	80 a 84	Mujeres	5177	21
2009	Huesca	85 a 89	Hombres	2092	3
2009	Huesca	85 a 89	Mujeres	3331	11
2009	Huesca	90 a 94	Hombres	620	1
2009	Huesca	90 a 94	Mujeres	1308	2
2009	Huesca	95 y más	Hombres	180	6
2009	Huesca	95 y más	Mujeres	423	2
2009	Teruel	00 a 04	Hombres	3156	596
2009	Teruel	00 a 04	Mujeres	2936	540
2009	Teruel	05 a 09	Hombres	3026	550
2009	Teruel	05 a 09	Mujeres	2933	510
2009	Teruel	10 a 14	Hombres	3250	540
2009	Teruel	10 a 14	Mujeres	3093	504
2009	Teruel	15 a 19	Hombres	3617	522
2009	Teruel	15 a 19	Mujeres	3431	490
2009	Teruel	20 a 24	Hombres	4548	1145
2009	Teruel	20 a 24	Mujeres	4031	869
2009	Teruel	25 a 29	Hombres	5528	1725
2009	Teruel	25 a 29	Mujeres	4456	1065
2009	Teruel	30 a 34	Hombres	6002	1837
2009	Teruel	30 a 34	Mujeres	4796	1099
2009	Teruel	35 a 39	Hombres	5686	1357
2009	Teruel	35 a 39	Mujeres	4787	820
2009	Teruel	40 a 44	Hombres	6036	1045
2009	Teruel	40 a 44	Mujeres	5247	602
2009	Teruel	45 a 49	Hombres	5953	675
2009	Teruel	45 a 49	Mujeres	5066	444
2009	Teruel	50 a 54	Hombres	5150	435
2009	Teruel	50 a 54	Mujeres	4211	285
2009	Teruel	55 a 59	Hombres	4229	195
2009	Teruel	55 a 59	Mujeres	3702	168
2009	Teruel	60 a 64	Hombres	3746	95
2009	Teruel	60 a 64	Mujeres	3514	76
2009	Teruel	65 a 69	Hombres	3063	40
2009	Teruel	65 a 69	Mujeres	3126	42
2009	Teruel	70 a 74	Hombres	3585	20
2009	Teruel	70 a 74	Mujeres	3972	34
2009	Teruel	75 a 79	Hombres	4097	13
2009	Teruel	75 a 79	Mujeres	4555	13
2009	Teruel	80 a 84	Hombres	2994	4
2009	Teruel	80 a 84	Mujeres	3626	8
2009	Teruel	85 a 89	Hombres	1524	
2009	Teruel	85 a 89	Mujeres	2339	5
2009	Teruel	90 a 94	Hombres	433	1
2009	Teruel	90 a 94	Mujeres	895	
2009	Teruel	95 y más	Hombres	110	
2009	Teruel	95 y más	Mujeres	302	
2009	Zaragoza	00 a 04	Hombres	24258	3936
2009	Zaragoza	00 a 04	Mujeres	22908	3763
2009	Zaragoza	05 a 09	Hombres	22466	3138
2009	Zaragoza	05 a 09	Mujeres	20945	2963
2009	Zaragoza	10 a 14	Hombres	20951	3168
2009	Zaragoza	10 a 14	Mujeres	19813	2836
2009	Zaragoza	15 a 19	Hombres	22463	3703
2009	Zaragoza	15 a 19	Mujeres	21330	3384
2009	Zaragoza	20 a 24	Hombres	28371	7237
2009	Zaragoza	20 a 24	Mujeres	26941	6784
2009	Zaragoza	25 a 29	Hombres	37080	10490
2009	Zaragoza	25 a 29	Mujeres	34121	8912
2009	Zaragoza	30 a 34	Hombres	45236	11598
2009	Zaragoza	30 a 34	Mujeres	40042	8311
2009	Zaragoza	35 a 39	Hombres	43267	9680
2009	Zaragoza	35 a 39	Mujeres	38612	6450
2009	Zaragoza	40 a 44	Hombres	40014	6950
2009	Zaragoza	40 a 44	Mujeres	37261	4755
2009	Zaragoza	45 a 49	Hombres	36485	4456
2009	Zaragoza	45 a 49	Mujeres	35126	3296
2009	Zaragoza	50 a 54	Hombres	31619	2697
2009	Zaragoza	50 a 54	Mujeres	31723	2317
2009	Zaragoza	55 a 59	Hombres	27300	1345
2009	Zaragoza	55 a 59	Mujeres	28405	1419
2009	Zaragoza	60 a 64	Hombres	25546	584
2009	Zaragoza	60 a 64	Mujeres	27298	754
2009	Zaragoza	65 a 69	Hombres	20420	291
2009	Zaragoza	65 a 69	Mujeres	22369	412
2009	Zaragoza	70 a 74	Hombres	18402	181
2009	Zaragoza	70 a 74	Mujeres	22405	240
2009	Zaragoza	75 a 79	Hombres	17749	94
2009	Zaragoza	75 a 79	Mujeres	23519	142
2009	Zaragoza	80 a 84	Hombres	11729	29
2009	Zaragoza	80 a 84	Mujeres	18454	55
2009	Zaragoza	85 a 89	Hombres	6037	17
2009	Zaragoza	85 a 89	Mujeres	11820	33
2009	Zaragoza	90 a 94	Hombres	1631	4
2009	Zaragoza	90 a 94	Mujeres	4441	8
2009	Zaragoza	95 y más	Hombres	432	2
2009	Zaragoza	95 y más	Mujeres	1324	6
2010	Huesca	00 a 04	Hombres	5415	921
2010	Huesca	00 a 04	Mujeres	5032	810
2010	Huesca	05 a 09	Hombres	5000	747
2010	Huesca	05 a 09	Mujeres	4870	720
2010	Huesca	10 a 14	Hombres	4996	766
2010	Huesca	10 a 14	Mujeres	4703	648
2010	Huesca	15 a 19	Hombres	5229	807
2010	Huesca	15 a 19	Mujeres	4808	676
2010	Huesca	20 a 24	Hombres	6216	1300
2010	Huesca	20 a 24	Mujeres	5737	1300
2010	Huesca	25 a 29	Hombres	8096	2133
2010	Huesca	25 a 29	Mujeres	7066	1697
2010	Huesca	30 a 34	Hombres	10015	2566
2010	Huesca	30 a 34	Mujeres	8497	1794
2010	Huesca	35 a 39	Hombres	9685	2216
2010	Huesca	35 a 39	Mujeres	8250	1501
2010	Huesca	40 a 44	Hombres	9448	1721
2010	Huesca	40 a 44	Mujeres	8389	1087
2010	Huesca	45 a 49	Hombres	9201	1090
2010	Huesca	45 a 49	Mujeres	8259	712
2010	Huesca	50 a 54	Hombres	8344	694
2010	Huesca	50 a 54	Mujeres	7438	497
2010	Huesca	55 a 59	Hombres	6777	369
2010	Huesca	55 a 59	Mujeres	6172	299
2010	Huesca	60 a 64	Hombres	6254	164
2010	Huesca	60 a 64	Mujeres	5973	161
2010	Huesca	65 a 69	Hombres	4967	77
2010	Huesca	65 a 69	Mujeres	5239	93
2010	Huesca	70 a 74	Hombres	4699	56
2010	Huesca	70 a 74	Mujeres	5090	66
2010	Huesca	75 a 79	Hombres	5161	34
2010	Huesca	75 a 79	Mujeres	6016	36
2010	Huesca	80 a 84	Hombres	3942	12
2010	Huesca	80 a 84	Mujeres	5192	22
2010	Huesca	85 a 89	Hombres	2274	4
2010	Huesca	85 a 89	Mujeres	3509	12
2010	Huesca	90 a 94	Hombres	617	
2010	Huesca	90 a 94	Mujeres	1332	
2010	Huesca	95 y más	Hombres	188	
2010	Huesca	95 y más	Mujeres	470	2
2010	Teruel	00 a 04	Hombres	3144	632
2010	Teruel	00 a 04	Mujeres	2972	557
2010	Teruel	05 a 09	Hombres	3143	566
2010	Teruel	05 a 09	Mujeres	2951	500
2010	Teruel	10 a 14	Hombres	3172	569
2010	Teruel	10 a 14	Mujeres	3011	518
2010	Teruel	15 a 19	Hombres	3612	558
2010	Teruel	15 a 19	Mujeres	3441	511
2010	Teruel	20 a 24	Hombres	4261	893
2010	Teruel	20 a 24	Mujeres	3983	817
2010	Teruel	25 a 29	Hombres	5070	1406
2010	Teruel	25 a 29	Mujeres	4202	971
2010	Teruel	30 a 34	Hombres	5732	1618
2010	Teruel	30 a 34	Mujeres	4724	1094
2010	Teruel	35 a 39	Hombres	5605	1325
2010	Teruel	35 a 39	Mujeres	4739	851
2010	Teruel	40 a 44	Hombres	5755	975
2010	Teruel	40 a 44	Mujeres	5168	662
2010	Teruel	45 a 49	Hombres	5953	665
2010	Teruel	45 a 49	Mujeres	5202	465
2010	Teruel	50 a 54	Hombres	5387	412
2010	Teruel	50 a 54	Mujeres	4461	312
2010	Teruel	55 a 59	Hombres	4254	204
2010	Teruel	55 a 59	Mujeres	3680	170
2010	Teruel	60 a 64	Hombres	3777	95
2010	Teruel	60 a 64	Mujeres	3512	92
2010	Teruel	65 a 69	Hombres	3322	48
2010	Teruel	65 a 69	Mujeres	3393	46
2010	Teruel	70 a 74	Hombres	3174	20
2010	Teruel	70 a 74	Mujeres	3535	34
2010	Teruel	75 a 79	Hombres	3933	15
2010	Teruel	75 a 79	Mujeres	4419	10
2010	Teruel	80 a 84	Hombres	3087	5
2010	Teruel	80 a 84	Mujeres	3661	10
2010	Teruel	85 a 89	Hombres	1634	1
2010	Teruel	85 a 89	Mujeres	2416	5
2010	Teruel	90 a 94	Hombres	436	1
2010	Teruel	90 a 94	Mujeres	938	1
2010	Teruel	95 y más	Hombres	112	
2010	Teruel	95 y más	Mujeres	306	
2010	Zaragoza	00 a 04	Hombres	24923	4176
2010	Zaragoza	00 a 04	Mujeres	23311	4002
2010	Zaragoza	05 a 09	Hombres	22986	3157
2010	Zaragoza	05 a 09	Mujeres	21760	3024
2010	Zaragoza	10 a 14	Hombres	21319	3257
2010	Zaragoza	10 a 14	Mujeres	19900	2910
2010	Zaragoza	15 a 19	Hombres	22004	3588
2010	Zaragoza	15 a 19	Mujeres	21101	3281
2010	Zaragoza	20 a 24	Hombres	27207	6686
2010	Zaragoza	20 a 24	Mujeres	26172	6527
2010	Zaragoza	25 a 29	Hombres	35062	9634
2010	Zaragoza	25 a 29	Mujeres	32496	8711
2010	Zaragoza	30 a 34	Hombres	43965	11409
2010	Zaragoza	30 a 34	Mujeres	39685	8621
2010	Zaragoza	35 a 39	Hombres	43641	9656
2010	Zaragoza	35 a 39	Mujeres	39258	6725
2010	Zaragoza	40 a 44	Hombres	40161	7344
2010	Zaragoza	40 a 44	Mujeres	37302	5133
2010	Zaragoza	45 a 49	Hombres	37300	4693
2010	Zaragoza	45 a 49	Mujeres	35670	3409
2010	Zaragoza	50 a 54	Hombres	32822	2883
2010	Zaragoza	50 a 54	Mujeres	32734	2500
2010	Zaragoza	55 a 59	Hombres	27463	1539
2010	Zaragoza	55 a 59	Mujeres	28453	1553
2010	Zaragoza	60 a 64	Hombres	25744	676
2010	Zaragoza	60 a 64	Mujeres	27795	859
2010	Zaragoza	65 a 69	Hombres	21847	322
2010	Zaragoza	65 a 69	Mujeres	23748	448
2010	Zaragoza	70 a 74	Hombres	17165	209
2010	Zaragoza	70 a 74	Mujeres	20916	262
2010	Zaragoza	75 a 79	Hombres	17827	110
2010	Zaragoza	75 a 79	Mujeres	23569	173
2010	Zaragoza	80 a 84	Hombres	12024	28
2010	Zaragoza	80 a 84	Mujeres	18743	57
2010	Zaragoza	85 a 89	Hombres	6447	16
2010	Zaragoza	85 a 89	Mujeres	12472	35
2010	Zaragoza	90 a 94	Hombres	1729	6
2010	Zaragoza	90 a 94	Mujeres	4646	14
2010	Zaragoza	95 y más	Hombres	454	2
2010	Zaragoza	95 y más	Mujeres	1431	7
2011	Huesca	00 a 04	Hombres	5396	965
2011	Huesca	00 a 04	Mujeres	5076	861
2011	Huesca	05 a 09	Hombres	5079	692
2011	Huesca	05 a 09	Mujeres	4894	668
2011	Huesca	10 a 14	Hombres	4987	783
2011	Huesca	10 a 14	Mujeres	4784	668
2011	Huesca	15 a 19	Hombres	5260	842
2011	Huesca	15 a 19	Mujeres	4777	668
2011	Huesca	20 a 24	Hombres	5971	1212
2011	Huesca	20 a 24	Mujeres	5562	1216
2011	Huesca	25 a 29	Hombres	7648	1878
2011	Huesca	25 a 29	Mujeres	6728	1690
2011	Huesca	30 a 34	Hombres	9793	2493
2011	Huesca	30 a 34	Mujeres	8345	1807
2011	Huesca	35 a 39	Hombres	9700	2207
2011	Huesca	35 a 39	Mujeres	8308	1494
2011	Huesca	40 a 44	Hombres	9401	1789
2011	Huesca	40 a 44	Mujeres	8381	1193
2011	Huesca	45 a 49	Hombres	9300	1117
2011	Huesca	45 a 49	Mujeres	8286	753
2011	Huesca	50 a 54	Hombres	8434	731
2011	Huesca	50 a 54	Mujeres	7707	519
2011	Huesca	55 a 59	Hombres	7034	392
2011	Huesca	55 a 59	Mujeres	6484	343
2011	Huesca	60 a 64	Hombres	6309	198
2011	Huesca	60 a 64	Mujeres	5824	169
2011	Huesca	65 a 69	Hombres	5157	95
2011	Huesca	65 a 69	Mujeres	5404	96
2011	Huesca	70 a 74	Hombres	4401	63
2011	Huesca	70 a 74	Mujeres	4892	72
2011	Huesca	75 a 79	Hombres	5140	35
2011	Huesca	75 a 79	Mujeres	5866	40
2011	Huesca	80 a 84	Hombres	3960	13
2011	Huesca	80 a 84	Mujeres	5303	22
2011	Huesca	85 a 89	Hombres	2414	6
2011	Huesca	85 a 89	Mujeres	3575	13
2011	Huesca	90 a 94	Hombres	669	
2011	Huesca	90 a 94	Mujeres	1448	2
2011	Huesca	95 y más	Hombres	171	
2011	Huesca	95 y más	Mujeres	493	2
2011	Teruel	00 a 04	Hombres	3182	696
2011	Teruel	00 a 04	Mujeres	3009	581
2011	Teruel	05 a 09	Hombres	3105	568
2011	Teruel	05 a 09	Mujeres	2911	496
2011	Teruel	10 a 14	Hombres	3245	585
2011	Teruel	10 a 14	Mujeres	3051	540
2011	Teruel	15 a 19	Hombres	3490	557
2011	Teruel	15 a 19	Mujeres	3354	509
2011	Teruel	20 a 24	Hombres	4124	798
2011	Teruel	20 a 24	Mujeres	3933	781
2011	Teruel	25 a 29	Hombres	4811	1264
2011	Teruel	25 a 29	Mujeres	4064	949
2011	Teruel	30 a 34	Hombres	5634	1538
2011	Teruel	30 a 34	Mujeres	4666	1067
2011	Teruel	35 a 39	Hombres	5579	1331
2011	Teruel	35 a 39	Mujeres	4723	885
2011	Teruel	40 a 44	Hombres	5597	985
2011	Teruel	40 a 44	Mujeres	5151	714
2011	Teruel	45 a 49	Hombres	5899	654
2011	Teruel	45 a 49	Mujeres	5225	459
2011	Teruel	50 a 54	Hombres	5646	442
2011	Teruel	50 a 54	Mujeres	4615	335
2011	Teruel	55 a 59	Hombres	4360	211
2011	Teruel	55 a 59	Mujeres	3795	199
2011	Teruel	60 a 64	Hombres	3787	107
2011	Teruel	60 a 64	Mujeres	3531	100
2011	Teruel	65 a 69	Hombres	3281	52
2011	Teruel	65 a 69	Mujeres	3320	55
2011	Teruel	70 a 74	Hombres	3065	22
2011	Teruel	70 a 74	Mujeres	3341	29
2011	Teruel	75 a 79	Hombres	3801	17
2011	Teruel	75 a 79	Mujeres	4376	20
2011	Teruel	80 a 84	Hombres	3135	6
2011	Teruel	80 a 84	Mujeres	3752	11
2011	Teruel	85 a 89	Hombres	1675	2
2011	Teruel	85 a 89	Mujeres	2437	4
2011	Teruel	90 a 94	Hombres	476	1
2011	Teruel	90 a 94	Mujeres	1025	3
2011	Teruel	95 y más	Hombres	116	
2011	Teruel	95 y más	Mujeres	320	
2011	Zaragoza	00 a 04	Hombres	25164	4337
2011	Zaragoza	00 a 04	Mujeres	23534	4135
2011	Zaragoza	05 a 09	Hombres	23385	3103
2011	Zaragoza	05 a 09	Mujeres	22270	2925
2011	Zaragoza	10 a 14	Hombres	21575	3181
2011	Zaragoza	10 a 14	Mujeres	20021	2839
2011	Zaragoza	15 a 19	Hombres	21694	3341
2011	Zaragoza	15 a 19	Mujeres	20943	3085
2011	Zaragoza	20 a 24	Hombres	25758	5762
2011	Zaragoza	20 a 24	Mujeres	24940	6062
2011	Zaragoza	25 a 29	Hombres	32869	8690
2011	Zaragoza	25 a 29	Mujeres	30870	8261
2011	Zaragoza	30 a 34	Hombres	42301	10971
2011	Zaragoza	30 a 34	Mujeres	38839	8692
2011	Zaragoza	35 a 39	Hombres	43816	9546
2011	Zaragoza	35 a 39	Mujeres	39764	6916
2011	Zaragoza	40 a 44	Hombres	40835	7708
2011	Zaragoza	40 a 44	Mujeres	37741	5447
2011	Zaragoza	45 a 49	Hombres	37597	4704
2011	Zaragoza	45 a 49	Mujeres	35843	3556
2011	Zaragoza	50 a 54	Hombres	33559	3072
2011	Zaragoza	50 a 54	Mujeres	33692	2618
2011	Zaragoza	55 a 59	Hombres	28066	1688
2011	Zaragoza	55 a 59	Mujeres	29120	1691
2011	Zaragoza	60 a 64	Hombres	25693	763
2011	Zaragoza	60 a 64	Mujeres	27640	957
2011	Zaragoza	65 a 69	Hombres	22220	343
2011	Zaragoza	65 a 69	Mujeres	24256	441
2011	Zaragoza	70 a 74	Hombres	17336	211
2011	Zaragoza	70 a 74	Mujeres	20759	281
2011	Zaragoza	75 a 79	Hombres	17734	119
2011	Zaragoza	75 a 79	Mujeres	23375	179
2011	Zaragoza	80 a 84	Hombres	12398	40
2011	Zaragoza	80 a 84	Mujeres	19303	66
2011	Zaragoza	85 a 89	Hombres	6643	11
2011	Zaragoza	85 a 89	Mujeres	12713	38
2011	Zaragoza	90 a 94	Hombres	1945	9
2011	Zaragoza	90 a 94	Mujeres	5143	14
2011	Zaragoza	95 y más	Hombres	466	2
2011	Zaragoza	95 y más	Mujeres	1505	9
2012	Huesca	00 a 04	Hombres	5300	950
2012	Huesca	00 a 04	Mujeres	5077	857
2012	Huesca	05 a 09	Hombres	5148	695
2012	Huesca	05 a 09	Mujeres	4961	683
2012	Huesca	10 a 14	Hombres	5014	752
2012	Huesca	10 a 14	Mujeres	4865	686
2012	Huesca	15 a 19	Hombres	5233	849
2012	Huesca	15 a 19	Mujeres	4762	680
2012	Huesca	20 a 24	Hombres	5825	1155
2012	Huesca	20 a 24	Mujeres	5361	1153
2012	Huesca	25 a 29	Hombres	7173	1648
2012	Huesca	25 a 29	Mujeres	6488	1659
2012	Huesca	30 a 34	Hombres	9353	2344
2012	Huesca	30 a 34	Mujeres	8071	1800
2012	Huesca	35 a 39	Hombres	9732	2236
2012	Huesca	35 a 39	Mujeres	8474	1585
2012	Huesca	40 a 44	Hombres	9279	1812
2012	Huesca	40 a 44	Mujeres	8399	1280
2012	Huesca	45 a 49	Hombres	9381	1203
2012	Huesca	45 a 49	Mujeres	8329	817
2012	Huesca	50 a 54	Hombres	8595	754
2012	Huesca	50 a 54	Mujeres	7840	540
2012	Huesca	55 a 59	Hombres	7276	458
2012	Huesca	55 a 59	Mujeres	6709	370
2012	Huesca	60 a 64	Hombres	6229	202
2012	Huesca	60 a 64	Mujeres	5857	184
2012	Huesca	65 a 69	Hombres	5457	107
2012	Huesca	65 a 69	Mujeres	5572	104
2012	Huesca	70 a 74	Hombres	4129	61
2012	Huesca	70 a 74	Mujeres	4543	71
2012	Huesca	75 a 79	Hombres	5019	38
2012	Huesca	75 a 79	Mujeres	5797	44
2012	Huesca	80 a 84	Hombres	3963	15
2012	Huesca	80 a 84	Mujeres	5264	21
2012	Huesca	85 a 89	Hombres	2460	7
2012	Huesca	85 a 89	Mujeres	3627	12
2012	Huesca	90 a 94	Hombres	772	1
2012	Huesca	90 a 94	Mujeres	1600	6
2012	Huesca	95 y más	Hombres	174	
2012	Huesca	95 y más	Mujeres	501	1
2012	Teruel	00 a 04	Hombres	3169	696
2012	Teruel	00 a 04	Mujeres	3068	622
2012	Teruel	05 a 09	Hombres	3088	533
2012	Teruel	05 a 09	Mujeres	2960	531
2012	Teruel	10 a 14	Hombres	3232	545
2012	Teruel	10 a 14	Mujeres	3034	541
2012	Teruel	15 a 19	Hombres	3445	577
2012	Teruel	15 a 19	Mujeres	3281	509
2012	Teruel	20 a 24	Hombres	3954	705
2012	Teruel	20 a 24	Mujeres	3834	762
2012	Teruel	25 a 29	Hombres	4617	1169
2012	Teruel	25 a 29	Mujeres	3968	932
2012	Teruel	30 a 34	Hombres	5501	1495
2012	Teruel	30 a 34	Mujeres	4589	1076
2012	Teruel	35 a 39	Hombres	5604	1385
2012	Teruel	35 a 39	Mujeres	4657	935
2012	Teruel	40 a 44	Hombres	5541	1074
2012	Teruel	40 a 44	Mujeres	5097	780
2012	Teruel	45 a 49	Hombres	5939	688
2012	Teruel	45 a 49	Mujeres	5173	461
2012	Teruel	50 a 54	Hombres	5726	472
2012	Teruel	50 a 54	Mujeres	4825	361
2012	Teruel	55 a 59	Hombres	4524	244
2012	Teruel	55 a 59	Mujeres	3908	212
2012	Teruel	60 a 64	Hombres	3841	124
2012	Teruel	60 a 64	Mujeres	3519	132
2012	Teruel	65 a 69	Hombres	3341	49
2012	Teruel	65 a 69	Mujeres	3348	49
2012	Teruel	70 a 74	Hombres	2823	25
2012	Teruel	70 a 74	Mujeres	3086	44
2012	Teruel	75 a 79	Hombres	3620	17
2012	Teruel	75 a 79	Mujeres	4281	23
2012	Teruel	80 a 84	Hombres	3151	7
2012	Teruel	80 a 84	Mujeres	3799	12
2012	Teruel	85 a 89	Hombres	1725	1
2012	Teruel	85 a 89	Mujeres	2453	7
2012	Teruel	90 a 94	Hombres	524	1
2012	Teruel	90 a 94	Mujeres	1046	2
2012	Teruel	95 y más	Hombres	113	
2012	Teruel	95 y más	Mujeres	324	
2012	Zaragoza	00 a 04	Hombres	25130	4369
2012	Zaragoza	00 a 04	Mujeres	23550	4181
2012	Zaragoza	05 a 09	Hombres	23934	3168
2012	Zaragoza	05 a 09	Mujeres	22697	3020
2012	Zaragoza	10 a 14	Hombres	22103	3217
2012	Zaragoza	10 a 14	Mujeres	20462	2879
2012	Zaragoza	15 a 19	Hombres	21665	3307
2012	Zaragoza	15 a 19	Mujeres	20846	2993
2012	Zaragoza	20 a 24	Hombres	24996	5381
2012	Zaragoza	20 a 24	Mujeres	24347	5758
2012	Zaragoza	25 a 29	Hombres	31392	8259
2012	Zaragoza	25 a 29	Mujeres	29908	8232
2012	Zaragoza	30 a 34	Hombres	40645	10629
2012	Zaragoza	30 a 34	Mujeres	37985	8992
2012	Zaragoza	35 a 39	Hombres	44643	9915
2012	Zaragoza	35 a 39	Mujeres	40226	7133
2012	Zaragoza	40 a 44	Hombres	41444	8060
2012	Zaragoza	40 a 44	Mujeres	38416	5826
2012	Zaragoza	45 a 49	Hombres	38203	4889
2012	Zaragoza	45 a 49	Mujeres	36328	3623
2012	Zaragoza	50 a 54	Hombres	34276	3282
2012	Zaragoza	50 a 54	Mujeres	34423	2763
2012	Zaragoza	55 a 59	Hombres	28918	1872
2012	Zaragoza	55 a 59	Mujeres	29960	1815
2012	Zaragoza	60 a 64	Hombres	25792	867
2012	Zaragoza	60 a 64	Mujeres	27725	1072
2012	Zaragoza	65 a 69	Hombres	22960	403
2012	Zaragoza	65 a 69	Mujeres	25300	496
2012	Zaragoza	70 a 74	Hombres	16900	230
2012	Zaragoza	70 a 74	Mujeres	19928	310
2012	Zaragoza	75 a 79	Hombres	17603	133
2012	Zaragoza	75 a 79	Mujeres	23490	181
2012	Zaragoza	80 a 84	Hombres	12892	52
2012	Zaragoza	80 a 84	Mujeres	19520	77
2012	Zaragoza	85 a 89	Hombres	6797	13
2012	Zaragoza	85 a 89	Mujeres	12981	38
2012	Zaragoza	90 a 94	Hombres	2158	13
2012	Zaragoza	90 a 94	Mujeres	5581	14
2012	Zaragoza	95 y más	Hombres	457	2
2012	Zaragoza	95 y más	Mujeres	1549	9
2013	Huesca	00 a 04	Hombres	5248	951
2013	Huesca	00 a 04	Mujeres	5040	822
2013	Huesca	05 a 09	Hombres	5260	716
2013	Huesca	05 a 09	Mujeres	5059	661
2013	Huesca	10 a 14	Hombres	5056	729
2013	Huesca	10 a 14	Mujeres	4865	671
2013	Huesca	15 a 19	Hombres	5141	839
2013	Huesca	15 a 19	Mujeres	4670	674
2013	Huesca	20 a 24	Hombres	5695	1078
2013	Huesca	20 a 24	Mujeres	5205	1078
2013	Huesca	25 a 29	Hombres	6739	1512
2013	Huesca	25 a 29	Mujeres	6178	1573
2013	Huesca	30 a 34	Hombres	8795	2158
2013	Huesca	30 a 34	Mujeres	7794	1798
2013	Huesca	35 a 39	Hombres	9746	2260
2013	Huesca	35 a 39	Mujeres	8452	1611
2013	Huesca	40 a 44	Hombres	9346	1852
2013	Huesca	40 a 44	Mujeres	8306	1274
2013	Huesca	45 a 49	Hombres	9292	1224
2013	Huesca	45 a 49	Mujeres	8329	882
2013	Huesca	50 a 54	Hombres	8683	765
2013	Huesca	50 a 54	Mujeres	7929	601
2013	Huesca	55 a 59	Hombres	7491	478
2013	Huesca	55 a 59	Mujeres	6880	380
2013	Huesca	60 a 64	Hombres	6317	218
2013	Huesca	60 a 64	Mujeres	6026	185
2013	Huesca	65 a 69	Hombres	5643	116
2013	Huesca	65 a 69	Mujeres	5618	105
2013	Huesca	70 a 74	Hombres	3949	59
2013	Huesca	70 a 74	Mujeres	4390	73
2013	Huesca	75 a 79	Hombres	4873	35
2013	Huesca	75 a 79	Mujeres	5571	46
2013	Huesca	80 a 84	Hombres	3965	16
2013	Huesca	80 a 84	Mujeres	5330	23
2013	Huesca	85 a 89	Hombres	2501	8
2013	Huesca	85 a 89	Mujeres	3713	14
2013	Huesca	90 a 94	Hombres	873	1
2013	Huesca	90 a 94	Mujeres	1689	8
2013	Huesca	95 y más	Hombres	168	
2013	Huesca	95 y más	Mujeres	504	1
2013	Teruel	00 a 04	Hombres	3106	665
2013	Teruel	00 a 04	Mujeres	3018	630
2013	Teruel	05 a 09	Hombres	3141	502
2013	Teruel	05 a 09	Mujeres	3039	519
2013	Teruel	10 a 14	Hombres	3158	544
2013	Teruel	10 a 14	Mujeres	2980	536
2013	Teruel	15 a 19	Hombres	3350	548
2013	Teruel	15 a 19	Mujeres	3159	480
2013	Teruel	20 a 24	Hombres	3741	611
2013	Teruel	20 a 24	Mujeres	3690	690
2013	Teruel	25 a 29	Hombres	4428	1064
2013	Teruel	25 a 29	Mujeres	3981	947
2013	Teruel	30 a 34	Hombres	5243	1369
2013	Teruel	30 a 34	Mujeres	4346	1006
2013	Teruel	35 a 39	Hombres	5579	1380
2013	Teruel	35 a 39	Mujeres	4694	976
2013	Teruel	40 a 44	Hombres	5407	1041
2013	Teruel	40 a 44	Mujeres	4935	763
2013	Teruel	45 a 49	Hombres	5923	719
2013	Teruel	45 a 49	Mujeres	5219	481
2013	Teruel	50 a 54	Hombres	5712	465
2013	Teruel	50 a 54	Mujeres	4882	374
2013	Teruel	55 a 59	Hombres	4692	262
2013	Teruel	55 a 59	Mujeres	4007	219
2013	Teruel	60 a 64	Hombres	3907	124
2013	Teruel	60 a 64	Mujeres	3535	129
2013	Teruel	65 a 69	Hombres	3437	58
2013	Teruel	65 a 69	Mujeres	3420	59
2013	Teruel	70 a 74	Hombres	2659	22
2013	Teruel	70 a 74	Mujeres	2897	44
2013	Teruel	75 a 79	Hombres	3424	12
2013	Teruel	75 a 79	Mujeres	4089	28
2013	Teruel	80 a 84	Hombres	3124	6
2013	Teruel	80 a 84	Mujeres	3818	10
2013	Teruel	85 a 89	Hombres	1821	2
2013	Teruel	85 a 89	Mujeres	2503	6
2013	Teruel	90 a 94	Hombres	573	
2013	Teruel	90 a 94	Mujeres	1110	1
2013	Teruel	95 y más	Hombres	104	1
2013	Teruel	95 y más	Mujeres	332	
2013	Zaragoza	00 a 04	Hombres	24364	4278
2013	Zaragoza	00 a 04	Mujeres	22994	4165
2013	Zaragoza	05 a 09	Hombres	24517	3319
2013	Zaragoza	05 a 09	Mujeres	23281	3187
2013	Zaragoza	10 a 14	Hombres	22509	3222
2013	Zaragoza	10 a 14	Mujeres	20777	2902
2013	Zaragoza	15 a 19	Hombres	21625	3366
2013	Zaragoza	15 a 19	Mujeres	20586	2935
2013	Zaragoza	20 a 24	Hombres	24297	4855
2013	Zaragoza	20 a 24	Mujeres	23661	5134
2013	Zaragoza	25 a 29	Hombres	30030	7939
2013	Zaragoza	25 a 29	Mujeres	28927	8153
2013	Zaragoza	30 a 34	Hombres	38646	10186
2013	Zaragoza	30 a 34	Mujeres	36505	9085
2013	Zaragoza	35 a 39	Hombres	44521	10211
2013	Zaragoza	35 a 39	Mujeres	40478	7621
2013	Zaragoza	40 a 44	Hombres	41971	8200
2013	Zaragoza	40 a 44	Mujeres	38679	5926
2013	Zaragoza	45 a 49	Hombres	38647	5353
2013	Zaragoza	45 a 49	Mujeres	37104	4143
2013	Zaragoza	50 a 54	Hombres	34919	3500
2013	Zaragoza	50 a 54	Mujeres	34735	2871
2013	Zaragoza	55 a 59	Hombres	29559	1997
2013	Zaragoza	55 a 59	Mujeres	30635	1943
2013	Zaragoza	60 a 64	Hombres	26193	1001
2013	Zaragoza	60 a 64	Mujeres	28146	1197
2013	Zaragoza	65 a 69	Hombres	23424	446
2013	Zaragoza	65 a 69	Mujeres	26055	578
2013	Zaragoza	70 a 74	Hombres	17541	237
2013	Zaragoza	70 a 74	Mujeres	20258	323
2013	Zaragoza	75 a 79	Hombres	16748	132
2013	Zaragoza	75 a 79	Mujeres	22377	204
2013	Zaragoza	80 a 84	Hombres	13333	71
2013	Zaragoza	80 a 84	Mujeres	20053	98
2013	Zaragoza	85 a 89	Hombres	6978	18
2013	Zaragoza	85 a 89	Mujeres	13061	35
2013	Zaragoza	90 a 94	Hombres	2380	11
2013	Zaragoza	90 a 94	Mujeres	6006	13
2013	Zaragoza	95 y más	Hombres	475	2
2013	Zaragoza	95 y más	Mujeres	1643	8
2014	Huesca	00 a 04	Hombres	5066	806
2014	Huesca	00 a 04	Mujeres	4956	732
2014	Huesca	05 a 09	Hombres	5422	672
2014	Huesca	05 a 09	Mujeres	5146	589
2014	Huesca	10 a 14	Hombres	5012	645
2014	Huesca	10 a 14	Mujeres	4932	634
2014	Huesca	15 a 19	Hombres	5156	776
2014	Huesca	15 a 19	Mujeres	4719	655
2014	Huesca	20 a 24	Hombres	5522	991
2014	Huesca	20 a 24	Mujeres	5066	920
2014	Huesca	25 a 29	Hombres	6433	1325
2014	Huesca	25 a 29	Mujeres	5959	1500
2014	Huesca	30 a 34	Hombres	8251	1921
2014	Huesca	30 a 34	Mujeres	7265	1642
2014	Huesca	35 a 39	Hombres	9681	2116
2014	Huesca	35 a 39	Mujeres	8417	1556
2014	Huesca	40 a 44	Hombres	9281	1676
2014	Huesca	40 a 44	Mujeres	8228	1179
2014	Huesca	45 a 49	Hombres	9131	1205
2014	Huesca	45 a 49	Mujeres	8232	870
2014	Huesca	50 a 54	Hombres	8675	712
2014	Huesca	50 a 54	Mujeres	8122	613
2014	Huesca	55 a 59	Hombres	7679	435
2014	Huesca	55 a 59	Mujeres	7057	371
2014	Huesca	60 a 64	Hombres	6404	235
2014	Huesca	60 a 64	Mujeres	6009	194
2014	Huesca	65 a 69	Hombres	5767	109
2014	Huesca	65 a 69	Mujeres	5723	96
2014	Huesca	70 a 74	Hombres	4162	53
2014	Huesca	70 a 74	Mujeres	4623	61
2014	Huesca	75 a 79	Hombres	4563	36
2014	Huesca	75 a 79	Mujeres	5162	49
2014	Huesca	80 a 84	Hombres	4006	13
2014	Huesca	80 a 84	Mujeres	5277	19
2014	Huesca	85 a 89	Hombres	2487	6
2014	Huesca	85 a 89	Mujeres	3837	13
2014	Huesca	90 a 94	Hombres	960	3
2014	Huesca	90 a 94	Mujeres	1791	8
2014	Huesca	95 y más	Hombres	182	
2014	Huesca	95 y más	Mujeres	548	1
2014	Teruel	00 a 04	Hombres	3047	611
2014	Teruel	00 a 04	Mujeres	2930	587
2014	Teruel	05 a 09	Hombres	3216	501
2014	Teruel	05 a 09	Mujeres	3020	471
2014	Teruel	10 a 14	Hombres	3046	469
2014	Teruel	10 a 14	Mujeres	2967	446
2014	Teruel	15 a 19	Hombres	3255	478
2014	Teruel	15 a 19	Mujeres	3064	461
2014	Teruel	20 a 24	Hombres	3645	521
2014	Teruel	20 a 24	Mujeres	3552	612
2014	Teruel	25 a 29	Hombres	4239	832
2014	Teruel	25 a 29	Mujeres	3920	828
2014	Teruel	30 a 34	Hombres	4958	1193
2014	Teruel	30 a 34	Mujeres	4177	878
2014	Teruel	35 a 39	Hombres	5412	1236
2014	Teruel	35 a 39	Mujeres	4617	900
2014	Teruel	40 a 44	Hombres	5286	906
2014	Teruel	40 a 44	Mujeres	4755	694
2014	Teruel	45 a 49	Hombres	5696	660
2014	Teruel	45 a 49	Mujeres	5199	482
2014	Teruel	50 a 54	Hombres	5707	447
2014	Teruel	50 a 54	Mujeres	4976	340
2014	Teruel	55 a 59	Hombres	4826	237
2014	Teruel	55 a 59	Mujeres	4111	228
2014	Teruel	60 a 64	Hombres	3987	123
2014	Teruel	60 a 64	Mujeres	3599	118
2014	Teruel	65 a 69	Hombres	3505	65
2014	Teruel	65 a 69	Mujeres	3448	56
2014	Teruel	70 a 74	Hombres	2768	28
2014	Teruel	70 a 74	Mujeres	2965	36
2014	Teruel	75 a 79	Hombres	3078	12
2014	Teruel	75 a 79	Mujeres	3668	29
2014	Teruel	80 a 84	Hombres	3152	7
2014	Teruel	80 a 84	Mujeres	3839	12
2014	Teruel	85 a 89	Hombres	1903	3
2014	Teruel	85 a 89	Mujeres	2571	3
2014	Teruel	90 a 94	Hombres	613	
2014	Teruel	90 a 94	Mujeres	1191	4
2014	Teruel	95 y más	Hombres	110	1
2014	Teruel	95 y más	Mujeres	347	
2014	Zaragoza	00 a 04	Hombres	23368	3687
2014	Zaragoza	00 a 04	Mujeres	22180	3606
2014	Zaragoza	05 a 09	Hombres	24640	2972
2014	Zaragoza	05 a 09	Mujeres	23155	2784
2014	Zaragoza	10 a 14	Hombres	22603	2674
2014	Zaragoza	10 a 14	Mujeres	20995	2405
2014	Zaragoza	15 a 19	Hombres	21259	2912
2014	Zaragoza	15 a 19	Mujeres	20013	2525
2014	Zaragoza	20 a 24	Hombres	23071	3813
2014	Zaragoza	20 a 24	Mujeres	22320	4040
2014	Zaragoza	25 a 29	Hombres	27586	6050
2014	Zaragoza	25 a 29	Mujeres	26961	6634
2014	Zaragoza	30 a 34	Hombres	34820	7878
2014	Zaragoza	30 a 34	Mujeres	33560	7608
2014	Zaragoza	35 a 39	Hombres	42621	8553
2014	Zaragoza	35 a 39	Mujeres	39642	6888
2014	Zaragoza	40 a 44	Hombres	40960	6914
2014	Zaragoza	40 a 44	Mujeres	38230	5228
2014	Zaragoza	45 a 49	Hombres	38105	4766
2014	Zaragoza	45 a 49	Mujeres	37010	3855
2014	Zaragoza	50 a 54	Hombres	34862	2928
2014	Zaragoza	50 a 54	Mujeres	34626	2546
2014	Zaragoza	55 a 59	Hombres	30109	1760
2014	Zaragoza	55 a 59	Mujeres	31136	1716
2014	Zaragoza	60 a 64	Hombres	25665	773
2014	Zaragoza	60 a 64	Mujeres	27733	983
2014	Zaragoza	65 a 69	Hombres	23917	353
2014	Zaragoza	65 a 69	Mujeres	26577	518
2014	Zaragoza	70 a 74	Hombres	18536	176
2014	Zaragoza	70 a 74	Mujeres	21545	262
2014	Zaragoza	75 a 79	Hombres	15674	124
2014	Zaragoza	75 a 79	Mujeres	20834	155
2014	Zaragoza	80 a 84	Hombres	13646	49
2014	Zaragoza	80 a 84	Mujeres	20391	78
2014	Zaragoza	85 a 89	Hombres	7163	15
2014	Zaragoza	85 a 89	Mujeres	13386	31
2014	Zaragoza	90 a 94	Hombres	2595	5
2014	Zaragoza	90 a 94	Mujeres	6377	10
2014	Zaragoza	95 y más	Hombres	475	
2014	Zaragoza	95 y más	Mujeres	1765	5
2015	Huesca	00 a 04	Hombres	4850	716
2015	Huesca	00 a 04	Mujeres	4797	668
2015	Huesca	05 a 09	Hombres	5442	626
2015	Huesca	05 a 09	Mujeres	5142	552
2015	Huesca	10 a 14	Hombres	5037	577
2015	Huesca	10 a 14	Mujeres	4945	544
2015	Huesca	15 a 19	Hombres	5104	717
2015	Huesca	15 a 19	Mujeres	4747	624
2015	Huesca	20 a 24	Hombres	5419	924
2015	Huesca	20 a 24	Mujeres	5034	873
2015	Huesca	25 a 29	Hombres	6184	1182
2015	Huesca	25 a 29	Mujeres	5714	1403
2015	Huesca	30 a 34	Hombres	7689	1688
2015	Huesca	30 a 34	Mujeres	6825	1500
2015	Huesca	35 a 39	Hombres	9448	1960
2015	Huesca	35 a 39	Mujeres	8261	1479
2015	Huesca	40 a 44	Hombres	9177	1592
2015	Huesca	40 a 44	Mujeres	8118	1171
2015	Huesca	45 a 49	Hombres	8979	1197
2015	Huesca	45 a 49	Mujeres	8220	888
2015	Huesca	50 a 54	Hombres	8729	698
2015	Huesca	50 a 54	Mujeres	8128	586
2015	Huesca	55 a 59	Hombres	7934	446
2015	Huesca	55 a 59	Mujeres	7284	376
2015	Huesca	60 a 64	Hombres	6422	226
2015	Huesca	60 a 64	Mujeres	6036	186
2015	Huesca	65 a 69	Hombres	5867	110
2015	Huesca	65 a 69	Mujeres	5789	94
2015	Huesca	70 a 74	Hombres	4554	50
2015	Huesca	70 a 74	Mujeres	4982	56
2015	Huesca	75 a 79	Hombres	4078	40
2015	Huesca	75 a 79	Mujeres	4701	48
2015	Huesca	80 a 84	Hombres	3991	16
2015	Huesca	80 a 84	Mujeres	5243	22
2015	Huesca	85 a 89	Hombres	2468	6
2015	Huesca	85 a 89	Mujeres	3822	17
2015	Huesca	90 a 94	Hombres	1070	2
2015	Huesca	90 a 94	Mujeres	1930	9
2015	Huesca	95 y más	Hombres	184	
2015	Huesca	95 y más	Mujeres	565	1
2015	Teruel	00 a 04	Hombres	3002	562
2015	Teruel	00 a 04	Mujeres	2841	543
2015	Teruel	05 a 09	Hombres	3181	496
2015	Teruel	05 a 09	Mujeres	3043	445
2015	Teruel	10 a 14	Hombres	3098	438
2015	Teruel	10 a 14	Mujeres	2940	400
2015	Teruel	15 a 19	Hombres	3133	453
2015	Teruel	15 a 19	Mujeres	2980	424
2015	Teruel	20 a 24	Hombres	3537	482
2015	Teruel	20 a 24	Mujeres	3495	564
2015	Teruel	25 a 29	Hombres	4010	671
2015	Teruel	25 a 29	Mujeres	3814	766
2015	Teruel	30 a 34	Hombres	4692	1050
2015	Teruel	30 a 34	Mujeres	3977	827
2015	Teruel	35 a 39	Hombres	5332	1182
2015	Teruel	35 a 39	Mujeres	4527	851
2015	Teruel	40 a 44	Hombres	5263	909
2015	Teruel	40 a 44	Mujeres	4667	698
2015	Teruel	45 a 49	Hombres	5511	654
2015	Teruel	45 a 49	Mujeres	5111	495
2015	Teruel	50 a 54	Hombres	5685	454
2015	Teruel	50 a 54	Mujeres	5113	359
2015	Teruel	55 a 59	Hombres	5088	239
2015	Teruel	55 a 59	Mujeres	4366	247
2015	Teruel	60 a 64	Hombres	4010	132
2015	Teruel	60 a 64	Mujeres	3568	112
2015	Teruel	65 a 69	Hombres	3536	61
2015	Teruel	65 a 69	Mujeres	3389	64
2015	Teruel	70 a 74	Hombres	2995	28
2015	Teruel	70 a 74	Mujeres	3221	29
2015	Teruel	75 a 79	Hombres	2697	11
2015	Teruel	75 a 79	Mujeres	3257	24
2015	Teruel	80 a 84	Hombres	3052	8
2015	Teruel	80 a 84	Mujeres	3768	11
2015	Teruel	85 a 89	Hombres	1972	3
2015	Teruel	85 a 89	Mujeres	2621	5
2015	Teruel	90 a 94	Hombres	692	1
2015	Teruel	90 a 94	Mujeres	1252	2
2015	Teruel	95 y más	Hombres	119	1
2015	Teruel	95 y más	Mujeres	377	1
2015	Zaragoza	00 a 04	Hombres	22925	3370
2015	Zaragoza	00 a 04	Mujeres	21646	3272
2015	Zaragoza	05 a 09	Hombres	24855	2858
2015	Zaragoza	05 a 09	Mujeres	23181	2673
2015	Zaragoza	10 a 14	Hombres	22847	2419
2015	Zaragoza	10 a 14	Mujeres	21517	2207
2015	Zaragoza	15 a 19	Hombres	21317	2633
2015	Zaragoza	15 a 19	Mujeres	19860	2326
2015	Zaragoza	20 a 24	Hombres	22371	3345
2015	Zaragoza	20 a 24	Mujeres	21766	3527
2015	Zaragoza	25 a 29	Hombres	26399	5264
2015	Zaragoza	25 a 29	Mujeres	25770	5954
2015	Zaragoza	30 a 34	Hombres	32988	7029
2015	Zaragoza	30 a 34	Mujeres	31623	7047
2015	Zaragoza	35 a 39	Hombres	41229	8050
2015	Zaragoza	35 a 39	Mujeres	38931	6649
2015	Zaragoza	40 a 44	Hombres	41187	6597
2015	Zaragoza	40 a 44	Mujeres	38624	5080
2015	Zaragoza	45 a 49	Hombres	37981	4813
2015	Zaragoza	45 a 49	Mujeres	36763	3898
2015	Zaragoza	50 a 54	Hombres	35472	2956
2015	Zaragoza	50 a 54	Mujeres	35097	2492
2015	Zaragoza	55 a 59	Hombres	31105	1748
2015	Zaragoza	55 a 59	Mujeres	31978	1747
2015	Zaragoza	60 a 64	Hombres	25715	845
2015	Zaragoza	60 a 64	Mujeres	27754	981
2015	Zaragoza	65 a 69	Hombres	24065	350
2015	Zaragoza	65 a 69	Mujeres	27010	533
2015	Zaragoza	70 a 74	Hombres	19851	195
2015	Zaragoza	70 a 74	Mujeres	22898	288
2015	Zaragoza	75 a 79	Hombres	14718	103
2015	Zaragoza	75 a 79	Mujeres	19419	143
2015	Zaragoza	80 a 84	Hombres	13696	58
2015	Zaragoza	80 a 84	Mujeres	20417	93
2015	Zaragoza	85 a 89	Hombres	7491	13
2015	Zaragoza	85 a 89	Mujeres	13684	33
2015	Zaragoza	90 a 94	Hombres	2768	4
2015	Zaragoza	90 a 94	Mujeres	6766	12
2015	Zaragoza	95 y más	Hombres	476	1
2015	Zaragoza	95 y más	Mujeres	1846	5