Comarca código	Comarca nombre	Continente	Area nacionalidad, código	Área	Nacionalidad, código	Nacionalidad, nombre	Personas
01	La Jacetania	América	05	América del Norte	301	CANADA	1
01	La Jacetania	América	05	América del Norte	302	ESTADOS UNIDOS DE AMERICA	3
01	La Jacetania	América	06	Resto de América	303	MEXICO	3
01	La Jacetania	América	06	Resto de América	315	CUBA	5
01	La Jacetania	América	06	Resto de América	316	DOMINICA	1
01	La Jacetania	América	06	Resto de América	326	REPUBLICA DOMINICANA	16
01	La Jacetania	América	06	Resto de América	340	ARGENTINA	14
01	La Jacetania	América	06	Resto de América	341	BOLIVIA	2
01	La Jacetania	América	06	Resto de América	342	BRASIL	8
01	La Jacetania	América	06	Resto de América	343	COLOMBIA	135
01	La Jacetania	América	06	Resto de América	344	CHILE	3
01	La Jacetania	América	06	Resto de América	345	ECUADOR	45
01	La Jacetania	América	06	Resto de América	347	PARAGUAY	1
01	La Jacetania	América	06	Resto de América	348	PERU	7
01	La Jacetania	América	06	Resto de América	350	URUGUAY	1
01	La Jacetania	América	06	Resto de América	351	VENEZUELA	2
01	La Jacetania	Asia	07	Asia	407	CHINA	2
01	La Jacetania	Asia	07	Asia	430	COREA	6
01	La Jacetania	Europa	01	UE-15	103	BELGICA	3
01	La Jacetania	Europa	01	UE-15	107	DINAMARCA	2
01	La Jacetania	Europa	01	UE-15	110	FRANCIA	36
01	La Jacetania	Europa	01	UE-15	115	ITALIA	2
01	La Jacetania	Europa	01	UE-15	121	PAISES BAJOS	7
01	La Jacetania	Europa	01	UE-15	123	PORTUGAL	9
01	La Jacetania	Europa	01	UE-15	125	REINO UNIDO	24
01	La Jacetania	Europa	01	UE-15	126	ALEMANIA	6
01	La Jacetania	Europa	01	UE-15	131	SUECIA	2
01	La Jacetania	Europa	02	Resto de Europa	104	BULGARIA	14
01	La Jacetania	Europa	02	Resto de Europa	122	POLONIA	5
01	La Jacetania	Europa	02	Resto de Europa	128	RUMANIA	1
01	La Jacetania	Europa	02	Resto de Europa	132	SUIZA	2
01	La Jacetania	Europa	02	Resto de Europa	135	UCRANIA	10
01	La Jacetania	Europa	02	Resto de Europa	138	BIELORRUSIA	4
01	La Jacetania	Europa	02	Resto de Europa	141	ESTONIA	3
01	La Jacetania	Europa	02	Resto de Europa	143	REPUBLICA CHECA	1
01	La Jacetania	Europa	02	Resto de Europa	144	REPUBLICA ESLOVACA	1
01	La Jacetania	Europa	02	Resto de Europa	154	RUSIA	2
01	La Jacetania	Oceanía	08	Oceanía	501	AUSTRALIA	2
01	La Jacetania	África	03	Magreb	203	ARGELIA	1
01	La Jacetania	África	03	Magreb	228	MARRUECOS	23
01	La Jacetania	África	04	Resto de África	207	CABO VERDE	1
01	La Jacetania	África	04	Resto de África	218	GUINEA	2
01	La Jacetania	África	04	Resto de África	239	SENEGAL	2
02	Alto Gállego	América	06	Resto de América	303	MEXICO	1
02	Alto Gállego	América	06	Resto de América	315	CUBA	10
02	Alto Gállego	América	06	Resto de América	326	REPUBLICA DOMINICANA	21
02	Alto Gállego	América	06	Resto de América	340	ARGENTINA	13
02	Alto Gállego	América	06	Resto de América	341	BOLIVIA	1
02	Alto Gállego	América	06	Resto de América	342	BRASIL	1
02	Alto Gállego	América	06	Resto de América	343	COLOMBIA	49
02	Alto Gállego	América	06	Resto de América	345	ECUADOR	9
02	Alto Gállego	América	06	Resto de América	348	PERU	2
02	Alto Gállego	Asia	07	Asia	435	TAILANDIA	2
02	Alto Gállego	Europa	01	UE-15	102	AUSTRIA	1
02	Alto Gállego	Europa	01	UE-15	110	FRANCIA	15
02	Alto Gállego	Europa	01	UE-15	113	IRLANDA	4
02	Alto Gállego	Europa	01	UE-15	115	ITALIA	4
02	Alto Gállego	Europa	01	UE-15	121	PAISES BAJOS	4
02	Alto Gállego	Europa	01	UE-15	123	PORTUGAL	13
02	Alto Gállego	Europa	01	UE-15	125	REINO UNIDO	8
02	Alto Gállego	Europa	01	UE-15	126	ALEMANIA	10
02	Alto Gállego	Europa	02	Resto de Europa	104	BULGARIA	4
02	Alto Gállego	Europa	02	Resto de Europa	122	POLONIA	4
02	Alto Gállego	Europa	02	Resto de Europa	128	RUMANIA	11
02	Alto Gállego	Europa	02	Resto de Europa	135	UCRANIA	8
02	Alto Gállego	Europa	02	Resto de Europa	143	REPUBLICA CHECA	2
02	Alto Gállego	África	03	Magreb	203	ARGELIA	2
02	Alto Gállego	África	03	Magreb	228	MARRUECOS	18
03	Sobrarbe	América	05	América del Norte	301	CANADA	1
03	Sobrarbe	América	05	América del Norte	302	ESTADOS UNIDOS DE AMERICA	1
03	Sobrarbe	América	06	Resto de América	315	CUBA	5
03	Sobrarbe	América	06	Resto de América	324	PANAMA	3
03	Sobrarbe	América	06	Resto de América	326	REPUBLICA DOMINICANA	1
03	Sobrarbe	América	06	Resto de América	340	ARGENTINA	2
03	Sobrarbe	América	06	Resto de América	342	BRASIL	1
03	Sobrarbe	América	06	Resto de América	343	COLOMBIA	12
03	Sobrarbe	América	06	Resto de América	344	CHILE	1
03	Sobrarbe	América	06	Resto de América	345	ECUADOR	17
03	Sobrarbe	Asia	07	Asia	407	CHINA	1
03	Sobrarbe	Asia	07	Asia	411	INDONESIA	1
03	Sobrarbe	Asia	07	Asia	415	JAPON	1
03	Sobrarbe	Europa	01	UE-15	102	AUSTRIA	1
03	Sobrarbe	Europa	01	UE-15	103	BELGICA	12
03	Sobrarbe	Europa	01	UE-15	110	FRANCIA	27
03	Sobrarbe	Europa	01	UE-15	115	ITALIA	5
03	Sobrarbe	Europa	01	UE-15	121	PAISES BAJOS	6
03	Sobrarbe	Europa	01	UE-15	123	PORTUGAL	4
03	Sobrarbe	Europa	01	UE-15	125	REINO UNIDO	5
03	Sobrarbe	Europa	01	UE-15	126	ALEMANIA	6
03	Sobrarbe	Europa	01	UE-15	131	SUECIA	1
03	Sobrarbe	Europa	02	Resto de Europa	128	RUMANIA	7
03	Sobrarbe	Europa	02	Resto de Europa	132	SUIZA	3
03	Sobrarbe	Europa	02	Resto de Europa	135	UCRANIA	1
03	Sobrarbe	África	03	Magreb	203	ARGELIA	2
03	Sobrarbe	África	03	Magreb	228	MARRUECOS	7
03	Sobrarbe	África	04	Resto de África	216	GAMBIA	2
03	Sobrarbe	África	04	Resto de África	236	SUDAFRICA	1
04	La Ribagorza	América	05	América del Norte	302	ESTADOS UNIDOS DE AMERICA	2
04	La Ribagorza	América	06	Resto de América	303	MEXICO	1
04	La Ribagorza	América	06	Resto de América	315	CUBA	13
04	La Ribagorza	América	06	Resto de América	316	DOMINICA	1
04	La Ribagorza	América	06	Resto de América	326	REPUBLICA DOMINICANA	6
04	La Ribagorza	América	06	Resto de América	340	ARGENTINA	5
04	La Ribagorza	América	06	Resto de América	341	BOLIVIA	28
04	La Ribagorza	América	06	Resto de América	342	BRASIL	2
04	La Ribagorza	América	06	Resto de América	343	COLOMBIA	34
04	La Ribagorza	América	06	Resto de América	344	CHILE	3
04	La Ribagorza	América	06	Resto de América	345	ECUADOR	58
04	La Ribagorza	América	06	Resto de América	348	PERU	3
04	La Ribagorza	América	06	Resto de América	351	VENEZUELA	6
04	La Ribagorza	Asia	07	Asia	407	CHINA	1
04	La Ribagorza	Asia	07	Asia	409	FILIPINAS	1
04	La Ribagorza	Asia	07	Asia	420	LIBANO	1
04	La Ribagorza	Europa	01	UE-15	102	AUSTRIA	2
04	La Ribagorza	Europa	01	UE-15	103	BELGICA	12
04	La Ribagorza	Europa	01	UE-15	110	FRANCIA	38
04	La Ribagorza	Europa	01	UE-15	113	IRLANDA	2
04	La Ribagorza	Europa	01	UE-15	115	ITALIA	2
04	La Ribagorza	Europa	01	UE-15	121	PAISES BAJOS	17
04	La Ribagorza	Europa	01	UE-15	123	PORTUGAL	3
04	La Ribagorza	Europa	01	UE-15	125	REINO UNIDO	5
04	La Ribagorza	Europa	01	UE-15	126	ALEMANIA	26
04	La Ribagorza	Europa	02	Resto de Europa	112	HUNGRIA	1
04	La Ribagorza	Europa	02	Resto de Europa	122	POLONIA	7
04	La Ribagorza	Europa	02	Resto de Europa	124	ANDORRA	1
04	La Ribagorza	Europa	02	Resto de Europa	128	RUMANIA	54
04	La Ribagorza	Europa	02	Resto de Europa	132	SUIZA	6
04	La Ribagorza	Europa	02	Resto de Europa	135	UCRANIA	18
04	La Ribagorza	Europa	02	Resto de Europa	144	REPUBLICA ESLOVACA	1
04	La Ribagorza	Europa	02	Resto de Europa	154	RUSIA	4
04	La Ribagorza	Oceanía	08	Oceanía	512	TUVALU	3
04	La Ribagorza	África	03	Magreb	203	ARGELIA	6
04	La Ribagorza	África	03	Magreb	228	MARRUECOS	13
04	La Ribagorza	África	04	Resto de África	207	CABO VERDE	1
04	La Ribagorza	África	04	Resto de África	218	GUINEA	2
04	La Ribagorza	África	04	Resto de África	220	GUINEA ECUATORIAL	1
04	La Ribagorza	África	04	Resto de África	223	LIBERIA	1
04	La Ribagorza	África	04	Resto de África	227	MALI	3
04	La Ribagorza	África	04	Resto de África	237	RUANDA	1
04	La Ribagorza	África	04	Resto de África	239	SENEGAL	4
05	Cinco Villas	América	05	América del Norte	302	ESTADOS UNIDOS DE AMERICA	6
05	Cinco Villas	América	06	Resto de América	315	CUBA	24
05	Cinco Villas	América	06	Resto de América	317	EL SALVADOR	16
05	Cinco Villas	América	06	Resto de América	323	NICARAGUA	3
05	Cinco Villas	América	06	Resto de América	326	REPUBLICA DOMINICANA	14
05	Cinco Villas	América	06	Resto de América	340	ARGENTINA	23
05	Cinco Villas	América	06	Resto de América	342	BRASIL	14
05	Cinco Villas	América	06	Resto de América	343	COLOMBIA	40
05	Cinco Villas	América	06	Resto de América	345	ECUADOR	121
05	Cinco Villas	América	06	Resto de América	348	PERU	7
05	Cinco Villas	América	06	Resto de América	351	VENEZUELA	3
05	Cinco Villas	Europa	01	UE-15	110	FRANCIA	25
05	Cinco Villas	Europa	01	UE-15	111	GRECIA	1
05	Cinco Villas	Europa	01	UE-15	115	ITALIA	3
05	Cinco Villas	Europa	01	UE-15	123	PORTUGAL	18
05	Cinco Villas	Europa	01	UE-15	125	REINO UNIDO	2
05	Cinco Villas	Europa	01	UE-15	126	ALEMANIA	7
05	Cinco Villas	Europa	02	Resto de Europa	104	BULGARIA	266
05	Cinco Villas	Europa	02	Resto de Europa	122	POLONIA	4
05	Cinco Villas	Europa	02	Resto de Europa	128	RUMANIA	44
05	Cinco Villas	Europa	02	Resto de Europa	135	UCRANIA	14
05	Cinco Villas	Europa	02	Resto de Europa	137	MOLDAVA	3
05	Cinco Villas	Europa	02	Resto de Europa	141	ESTONIA	1
05	Cinco Villas	Europa	02	Resto de Europa	142	LITUANIA	6
05	Cinco Villas	Europa	02	Resto de Europa	143	REPUBLICA CHECA	4
05	Cinco Villas	Europa	02	Resto de Europa	145	BOSNIA Y HERZEGOVINA	7
05	Cinco Villas	Europa	02	Resto de Europa	147	ESLOVENIA	3
05	Cinco Villas	Europa	02	Resto de Europa	148	ARMENIA	5
05	Cinco Villas	Europa	02	Resto de Europa	154	RUSIA	10
05	Cinco Villas	África	03	Magreb	203	ARGELIA	533
05	Cinco Villas	África	03	Magreb	228	MARRUECOS	66
05	Cinco Villas	África	03	Magreb	230	MAURITANIA	2
05	Cinco Villas	África	04	Resto de África	208	CAMERUN	2
05	Cinco Villas	África	04	Resto de África	210	CONGO	3
05	Cinco Villas	África	04	Resto de África	213	EGIPTO	7
05	Cinco Villas	África	04	Resto de África	216	GAMBIA	6
05	Cinco Villas	África	04	Resto de África	217	GHANA	11
05	Cinco Villas	África	04	Resto de África	218	GUINEA	3
05	Cinco Villas	África	04	Resto de África	220	GUINEA ECUATORIAL	3
05	Cinco Villas	África	04	Resto de África	227	MALI	7
05	Cinco Villas	África	04	Resto de África	239	SENEGAL	4
06	Hoya de Huesca / Plana de Uesca	América	05	América del Norte	301	CANADA	1
06	Hoya de Huesca / Plana de Uesca	América	05	América del Norte	302	ESTADOS UNIDOS DE AMERICA	20
06	Hoya de Huesca / Plana de Uesca	América	06	Resto de América	303	MEXICO	4
06	Hoya de Huesca / Plana de Uesca	América	06	Resto de América	314	COSTA RICA	2
06	Hoya de Huesca / Plana de Uesca	América	06	Resto de América	315	CUBA	23
06	Hoya de Huesca / Plana de Uesca	América	06	Resto de América	316	DOMINICA	3
06	Hoya de Huesca / Plana de Uesca	América	06	Resto de América	319	GUATEMALA	2
06	Hoya de Huesca / Plana de Uesca	América	06	Resto de América	321	HONDURAS	7
06	Hoya de Huesca / Plana de Uesca	América	06	Resto de América	326	REPUBLICA DOMINICANA	69
06	Hoya de Huesca / Plana de Uesca	América	06	Resto de América	340	ARGENTINA	28
06	Hoya de Huesca / Plana de Uesca	América	06	Resto de América	342	BRASIL	12
06	Hoya de Huesca / Plana de Uesca	América	06	Resto de América	343	COLOMBIA	95
06	Hoya de Huesca / Plana de Uesca	América	06	Resto de América	344	CHILE	2
06	Hoya de Huesca / Plana de Uesca	América	06	Resto de América	345	ECUADOR	175
06	Hoya de Huesca / Plana de Uesca	América	06	Resto de América	348	PERU	27
06	Hoya de Huesca / Plana de Uesca	América	06	Resto de América	350	URUGUAY	2
06	Hoya de Huesca / Plana de Uesca	América	06	Resto de América	351	VENEZUELA	3
06	Hoya de Huesca / Plana de Uesca	Asia	07	Asia	407	CHINA	43
06	Hoya de Huesca / Plana de Uesca	Asia	07	Asia	409	FILIPINAS	2
06	Hoya de Huesca / Plana de Uesca	Asia	07	Asia	410	INDIA	1
06	Hoya de Huesca / Plana de Uesca	Asia	07	Asia	415	JAPON	1
06	Hoya de Huesca / Plana de Uesca	Asia	07	Asia	419	LAOS	3
06	Hoya de Huesca / Plana de Uesca	Asia	07	Asia	423	MONGOLIA	1
06	Hoya de Huesca / Plana de Uesca	Asia	07	Asia	426	PAKISTAN	6
06	Hoya de Huesca / Plana de Uesca	Asia	07	Asia	430	COREA	2
06	Hoya de Huesca / Plana de Uesca	Europa	01	UE-15	102	AUSTRIA	5
06	Hoya de Huesca / Plana de Uesca	Europa	01	UE-15	103	BELGICA	2
06	Hoya de Huesca / Plana de Uesca	Europa	01	UE-15	110	FRANCIA	69
06	Hoya de Huesca / Plana de Uesca	Europa	01	UE-15	113	IRLANDA	1
06	Hoya de Huesca / Plana de Uesca	Europa	01	UE-15	115	ITALIA	19
06	Hoya de Huesca / Plana de Uesca	Europa	01	UE-15	121	PAISES BAJOS	8
06	Hoya de Huesca / Plana de Uesca	Europa	01	UE-15	123	PORTUGAL	46
06	Hoya de Huesca / Plana de Uesca	Europa	01	UE-15	125	REINO UNIDO	19
06	Hoya de Huesca / Plana de Uesca	Europa	01	UE-15	126	ALEMANIA	8
06	Hoya de Huesca / Plana de Uesca	Europa	02	Resto de Europa	104	BULGARIA	41
06	Hoya de Huesca / Plana de Uesca	Europa	02	Resto de Europa	122	POLONIA	11
06	Hoya de Huesca / Plana de Uesca	Europa	02	Resto de Europa	128	RUMANIA	29
06	Hoya de Huesca / Plana de Uesca	Europa	02	Resto de Europa	132	SUIZA	1
06	Hoya de Huesca / Plana de Uesca	Europa	02	Resto de Europa	135	UCRANIA	56
06	Hoya de Huesca / Plana de Uesca	Europa	02	Resto de Europa	138	BIELORRUSIA	2
06	Hoya de Huesca / Plana de Uesca	Europa	02	Resto de Europa	142	LITUANIA	4
06	Hoya de Huesca / Plana de Uesca	Europa	02	Resto de Europa	147	ESLOVENIA	1
06	Hoya de Huesca / Plana de Uesca	Europa	02	Resto de Europa	148	ARMENIA	13
06	Hoya de Huesca / Plana de Uesca	Europa	02	Resto de Europa	154	RUSIA	8
06	Hoya de Huesca / Plana de Uesca	África	03	Magreb	203	ARGELIA	54
06	Hoya de Huesca / Plana de Uesca	África	03	Magreb	228	MARRUECOS	103
06	Hoya de Huesca / Plana de Uesca	África	03	Magreb	230	MAURITANIA	62
06	Hoya de Huesca / Plana de Uesca	África	04	Resto de África	201	BURKINA FASO	17
06	Hoya de Huesca / Plana de Uesca	África	04	Resto de África	202	ANGOLA	5
06	Hoya de Huesca / Plana de Uesca	África	04	Resto de África	207	CABO VERDE	3
06	Hoya de Huesca / Plana de Uesca	África	04	Resto de África	209	COMORES	1
06	Hoya de Huesca / Plana de Uesca	África	04	Resto de África	211	COSTA DE MARFIL	8
06	Hoya de Huesca / Plana de Uesca	África	04	Resto de África	216	GAMBIA	74
06	Hoya de Huesca / Plana de Uesca	África	04	Resto de África	217	GHANA	36
06	Hoya de Huesca / Plana de Uesca	África	04	Resto de África	218	GUINEA	17
06	Hoya de Huesca / Plana de Uesca	África	04	Resto de África	220	GUINEA ECUATORIAL	4
06	Hoya de Huesca / Plana de Uesca	África	04	Resto de África	221	KENIA	5
06	Hoya de Huesca / Plana de Uesca	África	04	Resto de África	223	LIBERIA	2
06	Hoya de Huesca / Plana de Uesca	África	04	Resto de África	227	MALI	10
06	Hoya de Huesca / Plana de Uesca	África	04	Resto de África	233	NIGER	2
06	Hoya de Huesca / Plana de Uesca	África	04	Resto de África	234	NIGERIA	19
06	Hoya de Huesca / Plana de Uesca	África	04	Resto de África	239	SENEGAL	49
06	Hoya de Huesca / Plana de Uesca	África	04	Resto de África	241	SIERRA LEONA	4
07	Somontano de Barbastro	América	05	América del Norte	301	CANADA	1
07	Somontano de Barbastro	América	05	América del Norte	302	ESTADOS UNIDOS DE AMERICA	2
07	Somontano de Barbastro	América	06	Resto de América	303	MEXICO	3
07	Somontano de Barbastro	América	06	Resto de América	315	CUBA	7
07	Somontano de Barbastro	América	06	Resto de América	317	EL SALVADOR	2
07	Somontano de Barbastro	América	06	Resto de América	319	GUATEMALA	9
07	Somontano de Barbastro	América	06	Resto de América	323	NICARAGUA	2
07	Somontano de Barbastro	América	06	Resto de América	324	PANAMA	5
07	Somontano de Barbastro	América	06	Resto de América	326	REPUBLICA DOMINICANA	18
07	Somontano de Barbastro	América	06	Resto de América	340	ARGENTINA	8
07	Somontano de Barbastro	América	06	Resto de América	342	BRASIL	8
07	Somontano de Barbastro	América	06	Resto de América	343	COLOMBIA	21
07	Somontano de Barbastro	América	06	Resto de América	344	CHILE	2
07	Somontano de Barbastro	América	06	Resto de América	345	ECUADOR	102
07	Somontano de Barbastro	América	06	Resto de América	348	PERU	1
07	Somontano de Barbastro	América	06	Resto de América	351	VENEZUELA	6
07	Somontano de Barbastro	Asia	07	Asia	401	AFGANISTAN	1
07	Somontano de Barbastro	Asia	07	Asia	407	CHINA	11
07	Somontano de Barbastro	Asia	07	Asia	410	INDIA	1
07	Somontano de Barbastro	Asia	07	Asia	416	JORDANIA	1
07	Somontano de Barbastro	Europa	01	UE-15	102	AUSTRIA	1
07	Somontano de Barbastro	Europa	01	UE-15	103	BELGICA	7
07	Somontano de Barbastro	Europa	01	UE-15	107	DINAMARCA	1
07	Somontano de Barbastro	Europa	01	UE-15	110	FRANCIA	40
07	Somontano de Barbastro	Europa	01	UE-15	115	ITALIA	2
07	Somontano de Barbastro	Europa	01	UE-15	121	PAISES BAJOS	2
07	Somontano de Barbastro	Europa	01	UE-15	123	PORTUGAL	12
07	Somontano de Barbastro	Europa	01	UE-15	125	REINO UNIDO	4
07	Somontano de Barbastro	Europa	01	UE-15	126	ALEMANIA	3
07	Somontano de Barbastro	Europa	02	Resto de Europa	104	BULGARIA	13
07	Somontano de Barbastro	Europa	02	Resto de Europa	122	POLONIA	12
07	Somontano de Barbastro	Europa	02	Resto de Europa	128	RUMANIA	21
07	Somontano de Barbastro	Europa	02	Resto de Europa	132	SUIZA	8
07	Somontano de Barbastro	Europa	02	Resto de Europa	135	UCRANIA	33
07	Somontano de Barbastro	Europa	02	Resto de Europa	142	LITUANIA	1
07	Somontano de Barbastro	Europa	02	Resto de Europa	143	REPUBLICA CHECA	1
07	Somontano de Barbastro	Europa	02	Resto de Europa	144	REPUBLICA ESLOVACA	6
07	Somontano de Barbastro	Europa	02	Resto de Europa	154	RUSIA	1
07	Somontano de Barbastro	Europa	02	Resto de Europa	155	YUGOSLAVIA	1
07	Somontano de Barbastro	Oceanía	08	Oceanía	501	AUSTRALIA	2
07	Somontano de Barbastro	África	03	Magreb	203	ARGELIA	12
07	Somontano de Barbastro	África	03	Magreb	228	MARRUECOS	203
07	Somontano de Barbastro	África	04	Resto de África	211	COSTA DE MARFIL	1
07	Somontano de Barbastro	África	04	Resto de África	216	GAMBIA	32
07	Somontano de Barbastro	África	04	Resto de África	217	GHANA	1
07	Somontano de Barbastro	África	04	Resto de África	219	GUINEA-BISSAU	1
07	Somontano de Barbastro	África	04	Resto de África	220	GUINEA ECUATORIAL	1
07	Somontano de Barbastro	África	04	Resto de África	221	KENIA	6
07	Somontano de Barbastro	África	04	Resto de África	227	MALI	20
07	Somontano de Barbastro	África	04	Resto de África	234	NIGERIA	1
07	Somontano de Barbastro	África	04	Resto de África	236	SUDAFRICA	1
08	Cinca Medio	América	05	América del Norte	302	ESTADOS UNIDOS DE AMERICA	5
08	Cinca Medio	América	06	Resto de América	303	MEXICO	4
08	Cinca Medio	América	06	Resto de América	315	CUBA	10
08	Cinca Medio	América	06	Resto de América	320	HAITI	1
08	Cinca Medio	América	06	Resto de América	326	REPUBLICA DOMINICANA	1
08	Cinca Medio	América	06	Resto de América	340	ARGENTINA	10
08	Cinca Medio	América	06	Resto de América	342	BRASIL	2
08	Cinca Medio	América	06	Resto de América	343	COLOMBIA	17
08	Cinca Medio	América	06	Resto de América	344	CHILE	2
08	Cinca Medio	América	06	Resto de América	345	ECUADOR	16
08	Cinca Medio	América	06	Resto de América	348	PERU	13
08	Cinca Medio	América	06	Resto de América	351	VENEZUELA	5
08	Cinca Medio	Asia	07	Asia	407	CHINA	5
08	Cinca Medio	Asia	07	Asia	433	SIRIA	1
08	Cinca Medio	Asia	07	Asia	447	UZBEKISTAN	3
08	Cinca Medio	Europa	01	UE-15	102	AUSTRIA	1
08	Cinca Medio	Europa	01	UE-15	103	BELGICA	1
08	Cinca Medio	Europa	01	UE-15	107	DINAMARCA	1
08	Cinca Medio	Europa	01	UE-15	110	FRANCIA	16
08	Cinca Medio	Europa	01	UE-15	113	IRLANDA	1
08	Cinca Medio	Europa	01	UE-15	115	ITALIA	6
08	Cinca Medio	Europa	01	UE-15	123	PORTUGAL	1
08	Cinca Medio	Europa	01	UE-15	125	REINO UNIDO	2
08	Cinca Medio	Europa	01	UE-15	126	ALEMANIA	5
08	Cinca Medio	Europa	02	Resto de Europa	104	BULGARIA	4
08	Cinca Medio	Europa	02	Resto de Europa	122	POLONIA	11
08	Cinca Medio	Europa	02	Resto de Europa	128	RUMANIA	120
08	Cinca Medio	Europa	02	Resto de Europa	135	UCRANIA	33
08	Cinca Medio	Europa	02	Resto de Europa	142	LITUANIA	1
08	Cinca Medio	Europa	02	Resto de Europa	143	REPUBLICA CHECA	1
08	Cinca Medio	Europa	02	Resto de Europa	154	RUSIA	2
08	Cinca Medio	Oceanía	08	Oceanía	512	TUVALU	15
08	Cinca Medio	África	03	Magreb	203	ARGELIA	135
08	Cinca Medio	África	03	Magreb	228	MARRUECOS	262
08	Cinca Medio	África	03	Magreb	230	MAURITANIA	1
08	Cinca Medio	África	03	Magreb	248	TUNEZ	2
08	Cinca Medio	África	04	Resto de África	216	GAMBIA	79
08	Cinca Medio	África	04	Resto de África	218	GUINEA	87
08	Cinca Medio	África	04	Resto de África	220	GUINEA ECUATORIAL	2
08	Cinca Medio	África	04	Resto de África	221	KENIA	1
08	Cinca Medio	África	04	Resto de África	227	MALI	75
08	Cinca Medio	África	04	Resto de África	239	SENEGAL	18
08	Cinca Medio	África	04	Resto de África	241	SIERRA LEONA	1
09	La Litera / La Llitera	América	05	América del Norte	302	ESTADOS UNIDOS DE AMERICA	3
09	La Litera / La Llitera	América	06	Resto de América	315	CUBA	32
09	La Litera / La Llitera	América	06	Resto de América	318	GRANADA	1
09	La Litera / La Llitera	América	06	Resto de América	321	HONDURAS	4
09	La Litera / La Llitera	América	06	Resto de América	326	REPUBLICA DOMINICANA	4
09	La Litera / La Llitera	América	06	Resto de América	340	ARGENTINA	32
09	La Litera / La Llitera	América	06	Resto de América	342	BRASIL	2
09	La Litera / La Llitera	América	06	Resto de América	343	COLOMBIA	33
09	La Litera / La Llitera	América	06	Resto de América	345	ECUADOR	39
09	La Litera / La Llitera	América	06	Resto de América	348	PERU	12
09	La Litera / La Llitera	América	06	Resto de América	351	VENEZUELA	4
09	La Litera / La Llitera	Asia	07	Asia	409	FILIPINAS	5
09	La Litera / La Llitera	Asia	07	Asia	426	PAKISTAN	1
09	La Litera / La Llitera	Asia	07	Asia	435	TAILANDIA	1
09	La Litera / La Llitera	Europa	01	UE-15	110	FRANCIA	17
09	La Litera / La Llitera	Europa	01	UE-15	115	ITALIA	1
09	La Litera / La Llitera	Europa	01	UE-15	123	PORTUGAL	9
09	La Litera / La Llitera	Europa	01	UE-15	125	REINO UNIDO	1
09	La Litera / La Llitera	Europa	01	UE-15	126	ALEMANIA	1
09	La Litera / La Llitera	Europa	02	Resto de Europa	104	BULGARIA	18
09	La Litera / La Llitera	Europa	02	Resto de Europa	122	POLONIA	15
09	La Litera / La Llitera	Europa	02	Resto de Europa	128	RUMANIA	38
09	La Litera / La Llitera	Europa	02	Resto de Europa	132	SUIZA	3
09	La Litera / La Llitera	Europa	02	Resto de Europa	135	UCRANIA	10
09	La Litera / La Llitera	Europa	02	Resto de Europa	154	RUSIA	1
09	La Litera / La Llitera	Oceanía	08	Oceanía	511	MICRONESIA	2
09	La Litera / La Llitera	Oceanía	08	Oceanía	512	TUVALU	1
09	La Litera / La Llitera	África	03	Magreb	203	ARGELIA	36
09	La Litera / La Llitera	África	03	Magreb	228	MARRUECOS	23
09	La Litera / La Llitera	África	04	Resto de África	204	BENIN	2
09	La Litera / La Llitera	África	04	Resto de África	206	BURUNDI	1
09	La Litera / La Llitera	África	04	Resto de África	208	CAMERUN	10
09	La Litera / La Llitera	África	04	Resto de África	211	COSTA DE MARFIL	3
09	La Litera / La Llitera	África	04	Resto de África	216	GAMBIA	102
09	La Litera / La Llitera	África	04	Resto de África	218	GUINEA	6
09	La Litera / La Llitera	África	04	Resto de África	219	GUINEA-BISSAU	4
09	La Litera / La Llitera	África	04	Resto de África	220	GUINEA ECUATORIAL	2
09	La Litera / La Llitera	África	04	Resto de África	227	MALI	131
09	La Litera / La Llitera	África	04	Resto de África	234	NIGERIA	2
09	La Litera / La Llitera	África	04	Resto de África	239	SENEGAL	11
09	La Litera / La Llitera	África	04	Resto de África	242	SOMALIA	2
09	La Litera / La Llitera	África	04	Resto de África	250	REP.DEMOCRATICA DEL CONGO	1
10	Los Monegros	América	05	América del Norte	302	ESTADOS UNIDOS DE AMERICA	7
10	Los Monegros	América	06	Resto de América	303	MEXICO	2
10	Los Monegros	América	06	Resto de América	315	CUBA	18
10	Los Monegros	América	06	Resto de América	316	DOMINICA	3
10	Los Monegros	América	06	Resto de América	326	REPUBLICA DOMINICANA	16
10	Los Monegros	América	06	Resto de América	340	ARGENTINA	4
10	Los Monegros	América	06	Resto de América	342	BRASIL	3
10	Los Monegros	América	06	Resto de América	343	COLOMBIA	70
10	Los Monegros	América	06	Resto de América	345	ECUADOR	10
10	Los Monegros	América	06	Resto de América	351	VENEZUELA	2
10	Los Monegros	Europa	01	UE-15	110	FRANCIA	27
10	Los Monegros	Europa	01	UE-15	121	PAISES BAJOS	1
10	Los Monegros	Europa	01	UE-15	123	PORTUGAL	5
10	Los Monegros	Europa	01	UE-15	125	REINO UNIDO	5
10	Los Monegros	Europa	01	UE-15	126	ALEMANIA	6
10	Los Monegros	Europa	02	Resto de Europa	104	BULGARIA	8
10	Los Monegros	Europa	02	Resto de Europa	112	HUNGRIA	5
10	Los Monegros	Europa	02	Resto de Europa	122	POLONIA	26
10	Los Monegros	Europa	02	Resto de Europa	128	RUMANIA	55
10	Los Monegros	Europa	02	Resto de Europa	135	UCRANIA	24
10	Los Monegros	Europa	02	Resto de Europa	137	MOLDAVA	1
10	Los Monegros	Europa	02	Resto de Europa	142	LITUANIA	7
10	Los Monegros	Europa	02	Resto de Europa	154	RUSIA	1
10	Los Monegros	África	03	Magreb	203	ARGELIA	10
10	Los Monegros	África	03	Magreb	228	MARRUECOS	69
10	Los Monegros	África	03	Magreb	230	MAURITANIA	13
10	Los Monegros	África	04	Resto de África	215	GABON	1
10	Los Monegros	África	04	Resto de África	216	GAMBIA	10
10	Los Monegros	África	04	Resto de África	219	GUINEA-BISSAU	2
10	Los Monegros	África	04	Resto de África	227	MALI	2
10	Los Monegros	África	04	Resto de África	239	SENEGAL	12
11	Bajo Cinca / Baix Cinca	América	05	América del Norte	302	ESTADOS UNIDOS DE AMERICA	6
11	Bajo Cinca / Baix Cinca	América	06	Resto de América	315	CUBA	1
11	Bajo Cinca / Baix Cinca	América	06	Resto de América	319	GUATEMALA	8
11	Bajo Cinca / Baix Cinca	América	06	Resto de América	326	REPUBLICA DOMINICANA	5
11	Bajo Cinca / Baix Cinca	América	06	Resto de América	340	ARGENTINA	30
11	Bajo Cinca / Baix Cinca	América	06	Resto de América	341	BOLIVIA	1
11	Bajo Cinca / Baix Cinca	América	06	Resto de América	342	BRASIL	8
11	Bajo Cinca / Baix Cinca	América	06	Resto de América	343	COLOMBIA	15
11	Bajo Cinca / Baix Cinca	América	06	Resto de América	344	CHILE	1
11	Bajo Cinca / Baix Cinca	América	06	Resto de América	345	ECUADOR	11
11	Bajo Cinca / Baix Cinca	América	06	Resto de América	347	PARAGUAY	1
11	Bajo Cinca / Baix Cinca	América	06	Resto de América	348	PERU	6
11	Bajo Cinca / Baix Cinca	América	06	Resto de América	350	URUGUAY	11
11	Bajo Cinca / Baix Cinca	Asia	07	Asia	407	CHINA	5
11	Bajo Cinca / Baix Cinca	Asia	07	Asia	419	LAOS	1
11	Bajo Cinca / Baix Cinca	Asia	07	Asia	435	TAILANDIA	2
11	Bajo Cinca / Baix Cinca	Europa	01	UE-15	102	AUSTRIA	1
11	Bajo Cinca / Baix Cinca	Europa	01	UE-15	110	FRANCIA	8
11	Bajo Cinca / Baix Cinca	Europa	01	UE-15	115	ITALIA	3
11	Bajo Cinca / Baix Cinca	Europa	01	UE-15	121	PAISES BAJOS	2
11	Bajo Cinca / Baix Cinca	Europa	01	UE-15	123	PORTUGAL	1
11	Bajo Cinca / Baix Cinca	Europa	01	UE-15	126	ALEMANIA	6
11	Bajo Cinca / Baix Cinca	Europa	02	Resto de Europa	104	BULGARIA	112
11	Bajo Cinca / Baix Cinca	Europa	02	Resto de Europa	112	HUNGRIA	1
11	Bajo Cinca / Baix Cinca	Europa	02	Resto de Europa	122	POLONIA	16
11	Bajo Cinca / Baix Cinca	Europa	02	Resto de Europa	128	RUMANIA	18
11	Bajo Cinca / Baix Cinca	Europa	02	Resto de Europa	132	SUIZA	1
11	Bajo Cinca / Baix Cinca	Europa	02	Resto de Europa	135	UCRANIA	36
11	Bajo Cinca / Baix Cinca	Europa	02	Resto de Europa	136	LETONIA	1
11	Bajo Cinca / Baix Cinca	Europa	02	Resto de Europa	138	BIELORRUSIA	2
11	Bajo Cinca / Baix Cinca	Europa	02	Resto de Europa	142	LITUANIA	72
11	Bajo Cinca / Baix Cinca	Europa	02	Resto de Europa	143	REPUBLICA CHECA	1
11	Bajo Cinca / Baix Cinca	Europa	02	Resto de Europa	144	REPUBLICA ESLOVACA	1
11	Bajo Cinca / Baix Cinca	Europa	02	Resto de Europa	154	RUSIA	2
11	Bajo Cinca / Baix Cinca	África	03	Magreb	203	ARGELIA	222
11	Bajo Cinca / Baix Cinca	África	03	Magreb	228	MARRUECOS	138
11	Bajo Cinca / Baix Cinca	África	03	Magreb	230	MAURITANIA	11
11	Bajo Cinca / Baix Cinca	África	04	Resto de África	210	CONGO	1
11	Bajo Cinca / Baix Cinca	África	04	Resto de África	213	EGIPTO	1
11	Bajo Cinca / Baix Cinca	África	04	Resto de África	216	GAMBIA	45
11	Bajo Cinca / Baix Cinca	África	04	Resto de África	218	GUINEA	8
11	Bajo Cinca / Baix Cinca	África	04	Resto de África	219	GUINEA-BISSAU	13
11	Bajo Cinca / Baix Cinca	África	04	Resto de África	227	MALI	15
11	Bajo Cinca / Baix Cinca	África	04	Resto de África	233	NIGER	1
11	Bajo Cinca / Baix Cinca	África	04	Resto de África	234	NIGERIA	10
11	Bajo Cinca / Baix Cinca	África	04	Resto de África	239	SENEGAL	11
12	Tarazona y el Moncayo	América	06	Resto de América	303	MEXICO	2
12	Tarazona y el Moncayo	América	06	Resto de América	315	CUBA	8
12	Tarazona y el Moncayo	América	06	Resto de América	321	HONDURAS	3
12	Tarazona y el Moncayo	América	06	Resto de América	326	REPUBLICA DOMINICANA	2
12	Tarazona y el Moncayo	América	06	Resto de América	340	ARGENTINA	8
12	Tarazona y el Moncayo	América	06	Resto de América	342	BRASIL	6
12	Tarazona y el Moncayo	América	06	Resto de América	343	COLOMBIA	50
12	Tarazona y el Moncayo	América	06	Resto de América	345	ECUADOR	88
12	Tarazona y el Moncayo	América	06	Resto de América	348	PERU	2
12	Tarazona y el Moncayo	América	06	Resto de América	350	URUGUAY	1
12	Tarazona y el Moncayo	América	06	Resto de América	351	VENEZUELA	4
12	Tarazona y el Moncayo	Asia	07	Asia	415	JAPON	1
12	Tarazona y el Moncayo	Asia	07	Asia	433	SIRIA	5
12	Tarazona y el Moncayo	Europa	01	UE-15	110	FRANCIA	7
12	Tarazona y el Moncayo	Europa	01	UE-15	123	PORTUGAL	1
12	Tarazona y el Moncayo	Europa	01	UE-15	126	ALEMANIA	3
12	Tarazona y el Moncayo	Europa	02	Resto de Europa	122	POLONIA	1
12	Tarazona y el Moncayo	Europa	02	Resto de Europa	128	RUMANIA	15
12	Tarazona y el Moncayo	Europa	02	Resto de Europa	132	SUIZA	4
12	Tarazona y el Moncayo	Europa	02	Resto de Europa	142	LITUANIA	1
12	Tarazona y el Moncayo	África	03	Magreb	203	ARGELIA	18
12	Tarazona y el Moncayo	África	03	Magreb	228	MARRUECOS	58
12	Tarazona y el Moncayo	África	04	Resto de África	220	GUINEA ECUATORIAL	2
12	Tarazona y el Moncayo	África	04	Resto de África	234	NIGERIA	4
13	Campo de Borja	América	06	Resto de América	303	MEXICO	6
13	Campo de Borja	América	06	Resto de América	326	REPUBLICA DOMINICANA	5
13	Campo de Borja	América	06	Resto de América	340	ARGENTINA	10
13	Campo de Borja	América	06	Resto de América	341	BOLIVIA	1
13	Campo de Borja	América	06	Resto de América	342	BRASIL	6
13	Campo de Borja	América	06	Resto de América	343	COLOMBIA	17
13	Campo de Borja	América	06	Resto de América	345	ECUADOR	20
13	Campo de Borja	América	06	Resto de América	347	PARAGUAY	1
13	Campo de Borja	América	06	Resto de América	350	URUGUAY	1
13	Campo de Borja	Europa	01	UE-15	103	BELGICA	4
13	Campo de Borja	Europa	01	UE-15	110	FRANCIA	17
13	Campo de Borja	Europa	01	UE-15	111	GRECIA	1
13	Campo de Borja	Europa	01	UE-15	115	ITALIA	1
13	Campo de Borja	Europa	01	UE-15	121	PAISES BAJOS	1
13	Campo de Borja	Europa	01	UE-15	123	PORTUGAL	2
13	Campo de Borja	Europa	01	UE-15	125	REINO UNIDO	2
13	Campo de Borja	Europa	01	UE-15	126	ALEMANIA	7
13	Campo de Borja	Europa	02	Resto de Europa	104	BULGARIA	9
13	Campo de Borja	Europa	02	Resto de Europa	122	POLONIA	3
13	Campo de Borja	Europa	02	Resto de Europa	128	RUMANIA	202
13	Campo de Borja	Europa	02	Resto de Europa	135	UCRANIA	5
13	Campo de Borja	Europa	02	Resto de Europa	137	MOLDAVA	6
13	Campo de Borja	Europa	02	Resto de Europa	142	LITUANIA	8
13	Campo de Borja	África	03	Magreb	203	ARGELIA	88
13	Campo de Borja	África	03	Magreb	228	MARRUECOS	38
13	Campo de Borja	África	03	Magreb	248	TUNEZ	1
13	Campo de Borja	África	04	Resto de África	218	GUINEA	1
14	Aranda	América	05	América del Norte	302	ESTADOS UNIDOS DE AMERICA	1
14	Aranda	América	06	Resto de América	326	REPUBLICA DOMINICANA	7
14	Aranda	América	06	Resto de América	340	ARGENTINA	2
14	Aranda	América	06	Resto de América	342	BRASIL	1
14	Aranda	América	06	Resto de América	343	COLOMBIA	21
14	Aranda	América	06	Resto de América	344	CHILE	1
14	Aranda	América	06	Resto de América	345	ECUADOR	21
14	Aranda	América	06	Resto de América	348	PERU	5
14	Aranda	Europa	01	UE-15	123	PORTUGAL	3
14	Aranda	Europa	01	UE-15	126	ALEMANIA	2
14	Aranda	Europa	02	Resto de Europa	128	RUMANIA	36
14	Aranda	Europa	02	Resto de Europa	139	GEORGIA	6
14	Aranda	Europa	02	Resto de Europa	148	ARMENIA	7
14	Aranda	África	03	Magreb	203	ARGELIA	39
14	Aranda	África	03	Magreb	228	MARRUECOS	57
15	Ribera Alta del Ebro	América	05	América del Norte	301	CANADA	1
15	Ribera Alta del Ebro	América	05	América del Norte	302	ESTADOS UNIDOS DE AMERICA	1
15	Ribera Alta del Ebro	América	06	Resto de América	315	CUBA	11
15	Ribera Alta del Ebro	América	06	Resto de América	326	REPUBLICA DOMINICANA	4
15	Ribera Alta del Ebro	América	06	Resto de América	340	ARGENTINA	8
15	Ribera Alta del Ebro	América	06	Resto de América	342	BRASIL	14
15	Ribera Alta del Ebro	América	06	Resto de América	343	COLOMBIA	32
15	Ribera Alta del Ebro	América	06	Resto de América	345	ECUADOR	24
15	Ribera Alta del Ebro	América	06	Resto de América	347	PARAGUAY	1
15	Ribera Alta del Ebro	América	06	Resto de América	348	PERU	2
15	Ribera Alta del Ebro	América	06	Resto de América	351	VENEZUELA	1
15	Ribera Alta del Ebro	Asia	07	Asia	405	MYANMAR	1
15	Ribera Alta del Ebro	Asia	07	Asia	415	JAPON	1
15	Ribera Alta del Ebro	Asia	07	Asia	416	JORDANIA	2
15	Ribera Alta del Ebro	Asia	07	Asia	419	LAOS	2
15	Ribera Alta del Ebro	Asia	07	Asia	433	SIRIA	3
15	Ribera Alta del Ebro	Europa	01	UE-15	103	BELGICA	3
15	Ribera Alta del Ebro	Europa	01	UE-15	110	FRANCIA	24
15	Ribera Alta del Ebro	Europa	01	UE-15	115	ITALIA	1
15	Ribera Alta del Ebro	Europa	01	UE-15	121	PAISES BAJOS	1
15	Ribera Alta del Ebro	Europa	01	UE-15	123	PORTUGAL	23
15	Ribera Alta del Ebro	Europa	01	UE-15	125	REINO UNIDO	6
15	Ribera Alta del Ebro	Europa	01	UE-15	126	ALEMANIA	8
15	Ribera Alta del Ebro	Europa	02	Resto de Europa	104	BULGARIA	43
15	Ribera Alta del Ebro	Europa	02	Resto de Europa	120	NORUEGA	1
15	Ribera Alta del Ebro	Europa	02	Resto de Europa	122	POLONIA	25
15	Ribera Alta del Ebro	Europa	02	Resto de Europa	128	RUMANIA	92
15	Ribera Alta del Ebro	Europa	02	Resto de Europa	132	SUIZA	4
15	Ribera Alta del Ebro	Europa	02	Resto de Europa	135	UCRANIA	16
15	Ribera Alta del Ebro	Europa	02	Resto de Europa	138	BIELORRUSIA	1
15	Ribera Alta del Ebro	Europa	02	Resto de Europa	142	LITUANIA	5
15	Ribera Alta del Ebro	Europa	02	Resto de Europa	143	REPUBLICA CHECA	3
15	Ribera Alta del Ebro	Europa	02	Resto de Europa	144	REPUBLICA ESLOVACA	4
15	Ribera Alta del Ebro	Europa	02	Resto de Europa	154	RUSIA	1
15	Ribera Alta del Ebro	África	03	Magreb	203	ARGELIA	66
15	Ribera Alta del Ebro	África	03	Magreb	228	MARRUECOS	76
15	Ribera Alta del Ebro	África	03	Magreb	230	MAURITANIA	11
15	Ribera Alta del Ebro	África	04	Resto de África	202	ANGOLA	1
15	Ribera Alta del Ebro	África	04	Resto de África	213	EGIPTO	1
15	Ribera Alta del Ebro	África	04	Resto de África	220	GUINEA ECUATORIAL	2
15	Ribera Alta del Ebro	África	04	Resto de África	239	SENEGAL	1
16	Valdejalón	América	05	América del Norte	302	ESTADOS UNIDOS DE AMERICA	3
16	Valdejalón	América	06	Resto de América	303	MEXICO	7
16	Valdejalón	América	06	Resto de América	315	CUBA	6
16	Valdejalón	América	06	Resto de América	316	DOMINICA	2
16	Valdejalón	América	06	Resto de América	323	NICARAGUA	2
16	Valdejalón	América	06	Resto de América	326	REPUBLICA DOMINICANA	2
16	Valdejalón	América	06	Resto de América	340	ARGENTINA	2
16	Valdejalón	América	06	Resto de América	342	BRASIL	6
16	Valdejalón	América	06	Resto de América	343	COLOMBIA	34
16	Valdejalón	América	06	Resto de América	345	ECUADOR	71
16	Valdejalón	América	06	Resto de América	348	PERU	2
16	Valdejalón	América	06	Resto de América	350	URUGUAY	7
16	Valdejalón	Asia	07	Asia	416	JORDANIA	2
16	Valdejalón	Europa	01	UE-15	110	FRANCIA	7
16	Valdejalón	Europa	01	UE-15	121	PAISES BAJOS	1
16	Valdejalón	Europa	01	UE-15	123	PORTUGAL	33
16	Valdejalón	Europa	01	UE-15	125	REINO UNIDO	4
16	Valdejalón	Europa	01	UE-15	126	ALEMANIA	2
16	Valdejalón	Europa	02	Resto de Europa	104	BULGARIA	30
16	Valdejalón	Europa	02	Resto de Europa	112	HUNGRIA	1
16	Valdejalón	Europa	02	Resto de Europa	122	POLONIA	20
16	Valdejalón	Europa	02	Resto de Europa	128	RUMANIA	439
16	Valdejalón	Europa	02	Resto de Europa	132	SUIZA	2
16	Valdejalón	Europa	02	Resto de Europa	135	UCRANIA	55
16	Valdejalón	Europa	02	Resto de Europa	136	LETONIA	2
16	Valdejalón	Europa	02	Resto de Europa	137	MOLDAVA	1
16	Valdejalón	Europa	02	Resto de Europa	139	GEORGIA	5
16	Valdejalón	Europa	02	Resto de Europa	142	LITUANIA	1
16	Valdejalón	Europa	02	Resto de Europa	143	REPUBLICA CHECA	1
16	Valdejalón	Europa	02	Resto de Europa	144	REPUBLICA ESLOVACA	1
16	Valdejalón	Europa	02	Resto de Europa	148	ARMENIA	1
16	Valdejalón	Europa	02	Resto de Europa	154	RUSIA	4
16	Valdejalón	África	03	Magreb	203	ARGELIA	141
16	Valdejalón	África	03	Magreb	228	MARRUECOS	291
16	Valdejalón	África	03	Magreb	248	TUNEZ	1
16	Valdejalón	África	04	Resto de África	202	ANGOLA	1
16	Valdejalón	África	04	Resto de África	211	COSTA DE MARFIL	1
16	Valdejalón	África	04	Resto de África	217	GHANA	1
16	Valdejalón	África	04	Resto de África	219	GUINEA-BISSAU	1
16	Valdejalón	África	04	Resto de África	220	GUINEA ECUATORIAL	1
16	Valdejalón	África	04	Resto de África	234	NIGERIA	1
16	Valdejalón	África	04	Resto de África	239	SENEGAL	19
17	D.C. Zaragoza	 Apátridas y no consta	09	Apátridas y no consta	555	APÁTRIDAS	11
17	D.C. Zaragoza	 Apátridas y no consta	09	Apátridas y no consta	600	PALESTINA	2
17	D.C. Zaragoza	América	05	América del Norte	301	CANADA	13
17	D.C. Zaragoza	América	05	América del Norte	302	ESTADOS UNIDOS DE AMERICA	293
17	D.C. Zaragoza	América	06	Resto de América	303	MEXICO	141
17	D.C. Zaragoza	América	06	Resto de América	314	COSTA RICA	7
17	D.C. Zaragoza	América	06	Resto de América	315	CUBA	419
17	D.C. Zaragoza	América	06	Resto de América	316	DOMINICA	4
17	D.C. Zaragoza	América	06	Resto de América	317	EL SALVADOR	17
17	D.C. Zaragoza	América	06	Resto de América	319	GUATEMALA	16
17	D.C. Zaragoza	América	06	Resto de América	321	HONDURAS	67
17	D.C. Zaragoza	América	06	Resto de América	322	JAMAICA	1
17	D.C. Zaragoza	América	06	Resto de América	323	NICARAGUA	38
17	D.C. Zaragoza	América	06	Resto de América	324	PANAMA	17
17	D.C. Zaragoza	América	06	Resto de América	326	REPUBLICA DOMINICANA	443
17	D.C. Zaragoza	América	06	Resto de América	340	ARGENTINA	383
17	D.C. Zaragoza	América	06	Resto de América	341	BOLIVIA	37
17	D.C. Zaragoza	América	06	Resto de América	342	BRASIL	336
17	D.C. Zaragoza	América	06	Resto de América	343	COLOMBIA	2456
17	D.C. Zaragoza	América	06	Resto de América	344	CHILE	164
17	D.C. Zaragoza	América	06	Resto de América	345	ECUADOR	4992
17	D.C. Zaragoza	América	06	Resto de América	347	PARAGUAY	12
17	D.C. Zaragoza	América	06	Resto de América	348	PERU	313
17	D.C. Zaragoza	América	06	Resto de América	350	URUGUAY	69
17	D.C. Zaragoza	América	06	Resto de América	351	VENEZUELA	218
17	D.C. Zaragoza	Asia	07	Asia	404	BANGLADESH	11
17	D.C. Zaragoza	Asia	07	Asia	407	CHINA	509
17	D.C. Zaragoza	Asia	07	Asia	409	FILIPINAS	11
17	D.C. Zaragoza	Asia	07	Asia	410	INDIA	25
17	D.C. Zaragoza	Asia	07	Asia	412	IRAQ	1
17	D.C. Zaragoza	Asia	07	Asia	413	IRAN	5
17	D.C. Zaragoza	Asia	07	Asia	414	ISRAEL	1
17	D.C. Zaragoza	Asia	07	Asia	415	JAPON	11
17	D.C. Zaragoza	Asia	07	Asia	416	JORDANIA	26
17	D.C. Zaragoza	Asia	07	Asia	419	LAOS	1
17	D.C. Zaragoza	Asia	07	Asia	420	LIBANO	17
17	D.C. Zaragoza	Asia	07	Asia	421	MALASIA	2
17	D.C. Zaragoza	Asia	07	Asia	426	PAKISTAN	16
17	D.C. Zaragoza	Asia	07	Asia	430	COREA	20
17	D.C. Zaragoza	Asia	07	Asia	432	SINGAPUR	1
17	D.C. Zaragoza	Asia	07	Asia	433	SIRIA	22
17	D.C. Zaragoza	Asia	07	Asia	434	SRI LANKA	1
17	D.C. Zaragoza	Asia	07	Asia	435	TAILANDIA	4
17	D.C. Zaragoza	Asia	07	Asia	437	VIETNAM	1
17	D.C. Zaragoza	Asia	07	Asia	442	AZERBAIYAN	5
17	D.C. Zaragoza	Asia	07	Asia	443	KAZAJSTAN	1
17	D.C. Zaragoza	Asia	07	Asia	447	UZBEKISTAN	4
17	D.C. Zaragoza	Europa	01	UE-15	102	AUSTRIA	15
17	D.C. Zaragoza	Europa	01	UE-15	103	BELGICA	41
17	D.C. Zaragoza	Europa	01	UE-15	107	DINAMARCA	12
17	D.C. Zaragoza	Europa	01	UE-15	109	FINLANDIA	7
17	D.C. Zaragoza	Europa	01	UE-15	110	FRANCIA	492
17	D.C. Zaragoza	Europa	01	UE-15	111	GRECIA	2
17	D.C. Zaragoza	Europa	01	UE-15	113	IRLANDA	25
17	D.C. Zaragoza	Europa	01	UE-15	115	ITALIA	346
17	D.C. Zaragoza	Europa	01	UE-15	121	PAISES BAJOS	79
17	D.C. Zaragoza	Europa	01	UE-15	123	PORTUGAL	444
17	D.C. Zaragoza	Europa	01	UE-15	125	REINO UNIDO	190
17	D.C. Zaragoza	Europa	01	UE-15	126	ALEMANIA	188
17	D.C. Zaragoza	Europa	01	UE-15	131	SUECIA	17
17	D.C. Zaragoza	Europa	02	Resto de Europa	101	ALBANIA	16
17	D.C. Zaragoza	Europa	02	Resto de Europa	104	BULGARIA	128
17	D.C. Zaragoza	Europa	02	Resto de Europa	112	HUNGRIA	20
17	D.C. Zaragoza	Europa	02	Resto de Europa	118	MALTA	1
17	D.C. Zaragoza	Europa	02	Resto de Europa	119	MONACO	1
17	D.C. Zaragoza	Europa	02	Resto de Europa	120	NORUEGA	7
17	D.C. Zaragoza	Europa	02	Resto de Europa	122	POLONIA	142
17	D.C. Zaragoza	Europa	02	Resto de Europa	124	ANDORRA	3
17	D.C. Zaragoza	Europa	02	Resto de Europa	128	RUMANIA	1766
17	D.C. Zaragoza	Europa	02	Resto de Europa	132	SUIZA	18
17	D.C. Zaragoza	Europa	02	Resto de Europa	135	UCRANIA	381
17	D.C. Zaragoza	Europa	02	Resto de Europa	136	LETONIA	1
17	D.C. Zaragoza	Europa	02	Resto de Europa	137	MOLDAVA	41
17	D.C. Zaragoza	Europa	02	Resto de Europa	138	BIELORRUSIA	29
17	D.C. Zaragoza	Europa	02	Resto de Europa	139	GEORGIA	4
17	D.C. Zaragoza	Europa	02	Resto de Europa	142	LITUANIA	7
17	D.C. Zaragoza	Europa	02	Resto de Europa	143	REPUBLICA CHECA	15
17	D.C. Zaragoza	Europa	02	Resto de Europa	144	REPUBLICA ESLOVACA	3
17	D.C. Zaragoza	Europa	02	Resto de Europa	145	BOSNIA Y HERZEGOVINA	17
17	D.C. Zaragoza	Europa	02	Resto de Europa	146	CROACIA	5
17	D.C. Zaragoza	Europa	02	Resto de Europa	147	ESLOVENIA	2
17	D.C. Zaragoza	Europa	02	Resto de Europa	148	ARMENIA	11
17	D.C. Zaragoza	Europa	02	Resto de Europa	154	RUSIA	175
17	D.C. Zaragoza	Europa	02	Resto de Europa	155	YUGOSLAVIA	22
17	D.C. Zaragoza	Europa	02	Resto de Europa	436	TURQUIA	9
17	D.C. Zaragoza	Oceanía	08	Oceanía	501	AUSTRALIA	9
17	D.C. Zaragoza	Oceanía	08	Oceanía	504	NUEVA ZELANDA	2
17	D.C. Zaragoza	África	03	Magreb	203	ARGELIA	1036
17	D.C. Zaragoza	África	03	Magreb	224	LIBIA	6
17	D.C. Zaragoza	África	03	Magreb	228	MARRUECOS	2048
17	D.C. Zaragoza	África	03	Magreb	230	MAURITANIA	67
17	D.C. Zaragoza	África	03	Magreb	248	TUNEZ	24
17	D.C. Zaragoza	África	04	Resto de África	202	ANGOLA	50
17	D.C. Zaragoza	África	04	Resto de África	204	BENIN	2
17	D.C. Zaragoza	África	04	Resto de África	207	CABO VERDE	217
17	D.C. Zaragoza	África	04	Resto de África	208	CAMERUN	75
17	D.C. Zaragoza	África	04	Resto de África	210	CONGO	28
17	D.C. Zaragoza	África	04	Resto de África	211	COSTA DE MARFIL	29
17	D.C. Zaragoza	África	04	Resto de África	213	EGIPTO	50
17	D.C. Zaragoza	África	04	Resto de África	214	ETIOPIA	1
17	D.C. Zaragoza	África	04	Resto de África	215	GABON	2
17	D.C. Zaragoza	África	04	Resto de África	216	GAMBIA	539
17	D.C. Zaragoza	África	04	Resto de África	217	GHANA	368
17	D.C. Zaragoza	África	04	Resto de África	218	GUINEA	234
17	D.C. Zaragoza	África	04	Resto de África	219	GUINEA-BISSAU	25
17	D.C. Zaragoza	África	04	Resto de África	220	GUINEA ECUATORIAL	444
17	D.C. Zaragoza	África	04	Resto de África	221	KENIA	5
17	D.C. Zaragoza	África	04	Resto de África	223	LIBERIA	28
17	D.C. Zaragoza	África	04	Resto de África	227	MALI	128
17	D.C. Zaragoza	África	04	Resto de África	231	MOZAMBIQUE	3
17	D.C. Zaragoza	África	04	Resto de África	234	NIGERIA	201
17	D.C. Zaragoza	África	04	Resto de África	235	REPUBLICA CENTROAFRICANA	3
17	D.C. Zaragoza	África	04	Resto de África	236	SUDAFRICA	8
17	D.C. Zaragoza	África	04	Resto de África	237	RUANDA	2
17	D.C. Zaragoza	África	04	Resto de África	238	SANTO TOME Y PRINCIPE	1
17	D.C. Zaragoza	África	04	Resto de África	239	SENEGAL	655
17	D.C. Zaragoza	África	04	Resto de África	241	SIERRA LEONA	13
17	D.C. Zaragoza	África	04	Resto de África	242	SOMALIA	1
17	D.C. Zaragoza	África	04	Resto de África	243	SUDAN	5
17	D.C. Zaragoza	África	04	Resto de África	246	CHAD	2
17	D.C. Zaragoza	África	04	Resto de África	247	TOGO	5
17	D.C. Zaragoza	África	04	Resto de África	250	REP.DEMOCRATICA DEL CONGO	31
17	D.C. Zaragoza	África	04	Resto de África	251	ZAMBIA	1
18	Ribera Baja del Ebro	América	05	América del Norte	302	ESTADOS UNIDOS DE AMERICA	1
18	Ribera Baja del Ebro	América	06	Resto de América	315	CUBA	6
18	Ribera Baja del Ebro	América	06	Resto de América	323	NICARAGUA	1
18	Ribera Baja del Ebro	América	06	Resto de América	326	REPUBLICA DOMINICANA	26
18	Ribera Baja del Ebro	América	06	Resto de América	340	ARGENTINA	3
18	Ribera Baja del Ebro	América	06	Resto de América	343	COLOMBIA	10
18	Ribera Baja del Ebro	América	06	Resto de América	345	ECUADOR	1
18	Ribera Baja del Ebro	América	06	Resto de América	348	PERU	2
18	Ribera Baja del Ebro	Europa	01	UE-15	110	FRANCIA	5
18	Ribera Baja del Ebro	Europa	01	UE-15	115	ITALIA	2
18	Ribera Baja del Ebro	Europa	01	UE-15	121	PAISES BAJOS	1
18	Ribera Baja del Ebro	Europa	01	UE-15	123	PORTUGAL	5
18	Ribera Baja del Ebro	Europa	02	Resto de Europa	104	BULGARIA	8
18	Ribera Baja del Ebro	Europa	02	Resto de Europa	122	POLONIA	6
18	Ribera Baja del Ebro	Europa	02	Resto de Europa	128	RUMANIA	11
18	Ribera Baja del Ebro	Europa	02	Resto de Europa	132	SUIZA	1
18	Ribera Baja del Ebro	Europa	02	Resto de Europa	135	UCRANIA	4
18	Ribera Baja del Ebro	Europa	02	Resto de Europa	143	REPUBLICA CHECA	2
18	Ribera Baja del Ebro	África	03	Magreb	203	ARGELIA	2
18	Ribera Baja del Ebro	África	03	Magreb	228	MARRUECOS	41
18	Ribera Baja del Ebro	África	04	Resto de África	216	GAMBIA	1
18	Ribera Baja del Ebro	África	04	Resto de África	239	SENEGAL	12
19	Bajo Aragón-Caspe / Baix Aragó-Casp	América	06	Resto de América	303	MEXICO	7
19	Bajo Aragón-Caspe / Baix Aragó-Casp	América	06	Resto de América	315	CUBA	1
19	Bajo Aragón-Caspe / Baix Aragó-Casp	América	06	Resto de América	326	REPUBLICA DOMINICANA	6
19	Bajo Aragón-Caspe / Baix Aragó-Casp	América	06	Resto de América	340	ARGENTINA	6
19	Bajo Aragón-Caspe / Baix Aragó-Casp	América	06	Resto de América	343	COLOMBIA	14
19	Bajo Aragón-Caspe / Baix Aragó-Casp	América	06	Resto de América	345	ECUADOR	6
19	Bajo Aragón-Caspe / Baix Aragó-Casp	América	06	Resto de América	351	VENEZUELA	5
19	Bajo Aragón-Caspe / Baix Aragó-Casp	Asia	07	Asia	410	INDIA	2
19	Bajo Aragón-Caspe / Baix Aragó-Casp	Asia	07	Asia	426	PAKISTAN	77
19	Bajo Aragón-Caspe / Baix Aragó-Casp	Europa	01	UE-15	110	FRANCIA	7
19	Bajo Aragón-Caspe / Baix Aragó-Casp	Europa	01	UE-15	115	ITALIA	1
19	Bajo Aragón-Caspe / Baix Aragó-Casp	Europa	01	UE-15	121	PAISES BAJOS	1
19	Bajo Aragón-Caspe / Baix Aragó-Casp	Europa	01	UE-15	123	PORTUGAL	8
19	Bajo Aragón-Caspe / Baix Aragó-Casp	Europa	01	UE-15	126	ALEMANIA	4
19	Bajo Aragón-Caspe / Baix Aragó-Casp	Europa	02	Resto de Europa	112	HUNGRIA	1
19	Bajo Aragón-Caspe / Baix Aragó-Casp	Europa	02	Resto de Europa	122	POLONIA	1
19	Bajo Aragón-Caspe / Baix Aragó-Casp	Europa	02	Resto de Europa	128	RUMANIA	9
19	Bajo Aragón-Caspe / Baix Aragó-Casp	Europa	02	Resto de Europa	135	UCRANIA	3
19	Bajo Aragón-Caspe / Baix Aragó-Casp	Europa	02	Resto de Europa	143	REPUBLICA CHECA	2
19	Bajo Aragón-Caspe / Baix Aragó-Casp	Europa	02	Resto de Europa	144	REPUBLICA ESLOVACA	1
19	Bajo Aragón-Caspe / Baix Aragó-Casp	África	03	Magreb	203	ARGELIA	12
19	Bajo Aragón-Caspe / Baix Aragó-Casp	África	03	Magreb	228	MARRUECOS	139
19	Bajo Aragón-Caspe / Baix Aragó-Casp	África	03	Magreb	248	TUNEZ	1
19	Bajo Aragón-Caspe / Baix Aragó-Casp	África	04	Resto de África	216	GAMBIA	4
19	Bajo Aragón-Caspe / Baix Aragó-Casp	África	04	Resto de África	218	GUINEA	5
19	Bajo Aragón-Caspe / Baix Aragó-Casp	África	04	Resto de África	239	SENEGAL	4
20	Comunidad de Calatayud	América	05	América del Norte	301	CANADA	3
20	Comunidad de Calatayud	América	05	América del Norte	302	ESTADOS UNIDOS DE AMERICA	4
20	Comunidad de Calatayud	América	06	Resto de América	303	MEXICO	6
20	Comunidad de Calatayud	América	06	Resto de América	315	CUBA	13
20	Comunidad de Calatayud	América	06	Resto de América	321	HONDURAS	13
20	Comunidad de Calatayud	América	06	Resto de América	326	REPUBLICA DOMINICANA	15
20	Comunidad de Calatayud	América	06	Resto de América	340	ARGENTINA	9
20	Comunidad de Calatayud	América	06	Resto de América	341	BOLIVIA	2
20	Comunidad de Calatayud	América	06	Resto de América	342	BRASIL	6
20	Comunidad de Calatayud	América	06	Resto de América	343	COLOMBIA	77
20	Comunidad de Calatayud	América	06	Resto de América	344	CHILE	5
20	Comunidad de Calatayud	América	06	Resto de América	345	ECUADOR	59
20	Comunidad de Calatayud	América	06	Resto de América	348	PERU	12
20	Comunidad de Calatayud	América	06	Resto de América	350	URUGUAY	6
20	Comunidad de Calatayud	América	06	Resto de América	351	VENEZUELA	6
20	Comunidad de Calatayud	Asia	07	Asia	407	CHINA	10
20	Comunidad de Calatayud	Asia	07	Asia	410	INDIA	3
20	Comunidad de Calatayud	Asia	07	Asia	414	ISRAEL	1
20	Comunidad de Calatayud	Asia	07	Asia	420	LIBANO	2
20	Comunidad de Calatayud	Europa	01	UE-15	110	FRANCIA	20
20	Comunidad de Calatayud	Europa	01	UE-15	113	IRLANDA	1
20	Comunidad de Calatayud	Europa	01	UE-15	115	ITALIA	6
20	Comunidad de Calatayud	Europa	01	UE-15	121	PAISES BAJOS	3
20	Comunidad de Calatayud	Europa	01	UE-15	123	PORTUGAL	6
20	Comunidad de Calatayud	Europa	01	UE-15	125	REINO UNIDO	8
20	Comunidad de Calatayud	Europa	01	UE-15	126	ALEMANIA	18
20	Comunidad de Calatayud	Europa	02	Resto de Europa	104	BULGARIA	18
20	Comunidad de Calatayud	Europa	02	Resto de Europa	122	POLONIA	2
20	Comunidad de Calatayud	Europa	02	Resto de Europa	128	RUMANIA	819
20	Comunidad de Calatayud	Europa	02	Resto de Europa	135	UCRANIA	14
20	Comunidad de Calatayud	Europa	02	Resto de Europa	143	REPUBLICA CHECA	4
20	Comunidad de Calatayud	Europa	02	Resto de Europa	145	BOSNIA Y HERZEGOVINA	3
20	Comunidad de Calatayud	Oceanía	08	Oceanía	511	MICRONESIA	1
20	Comunidad de Calatayud	África	03	Magreb	203	ARGELIA	52
20	Comunidad de Calatayud	África	03	Magreb	224	LIBIA	2
20	Comunidad de Calatayud	África	03	Magreb	228	MARRUECOS	194
20	Comunidad de Calatayud	África	03	Magreb	248	TUNEZ	1
20	Comunidad de Calatayud	África	04	Resto de África	239	SENEGAL	2
21	Campo de Cariñena	América	06	Resto de América	315	CUBA	4
21	Campo de Cariñena	América	06	Resto de América	319	GUATEMALA	1
21	Campo de Cariñena	América	06	Resto de América	326	REPUBLICA DOMINICANA	5
21	Campo de Cariñena	América	06	Resto de América	340	ARGENTINA	2
21	Campo de Cariñena	América	06	Resto de América	342	BRASIL	2
21	Campo de Cariñena	América	06	Resto de América	343	COLOMBIA	12
21	Campo de Cariñena	América	06	Resto de América	344	CHILE	1
21	Campo de Cariñena	América	06	Resto de América	345	ECUADOR	6
21	Campo de Cariñena	América	06	Resto de América	350	URUGUAY	24
21	Campo de Cariñena	América	06	Resto de América	351	VENEZUELA	1
21	Campo de Cariñena	Asia	07	Asia	416	JORDANIA	1
21	Campo de Cariñena	Europa	01	UE-15	110	FRANCIA	6
21	Campo de Cariñena	Europa	01	UE-15	115	ITALIA	6
21	Campo de Cariñena	Europa	01	UE-15	123	PORTUGAL	18
21	Campo de Cariñena	Europa	01	UE-15	126	ALEMANIA	2
21	Campo de Cariñena	Europa	02	Resto de Europa	104	BULGARIA	4
21	Campo de Cariñena	Europa	02	Resto de Europa	112	HUNGRIA	2
21	Campo de Cariñena	Europa	02	Resto de Europa	122	POLONIA	2
21	Campo de Cariñena	Europa	02	Resto de Europa	128	RUMANIA	332
21	Campo de Cariñena	Europa	02	Resto de Europa	135	UCRANIA	65
21	Campo de Cariñena	Europa	02	Resto de Europa	137	MOLDAVA	2
21	Campo de Cariñena	Europa	02	Resto de Europa	142	LITUANIA	1
21	Campo de Cariñena	África	03	Magreb	203	ARGELIA	96
21	Campo de Cariñena	África	03	Magreb	228	MARRUECOS	71
21	Campo de Cariñena	África	03	Magreb	230	MAURITANIA	4
21	Campo de Cariñena	África	04	Resto de África	201	BURKINA FASO	1
21	Campo de Cariñena	África	04	Resto de África	204	BENIN	1
21	Campo de Cariñena	África	04	Resto de África	208	CAMERUN	2
21	Campo de Cariñena	África	04	Resto de África	211	COSTA DE MARFIL	1
21	Campo de Cariñena	África	04	Resto de África	213	EGIPTO	1
21	Campo de Cariñena	África	04	Resto de África	217	GHANA	130
21	Campo de Cariñena	África	04	Resto de África	218	GUINEA	2
21	Campo de Cariñena	África	04	Resto de África	219	GUINEA-BISSAU	3
21	Campo de Cariñena	África	04	Resto de África	220	GUINEA ECUATORIAL	1
21	Campo de Cariñena	África	04	Resto de África	223	LIBERIA	10
21	Campo de Cariñena	África	04	Resto de África	227	MALI	1
21	Campo de Cariñena	África	04	Resto de África	233	NIGER	4
21	Campo de Cariñena	África	04	Resto de África	234	NIGERIA	3
21	Campo de Cariñena	África	04	Resto de África	236	SUDAFRICA	1
21	Campo de Cariñena	África	04	Resto de África	239	SENEGAL	17
21	Campo de Cariñena	África	04	Resto de África	241	SIERRA LEONA	2
21	Campo de Cariñena	África	04	Resto de África	246	CHAD	5
21	Campo de Cariñena	África	04	Resto de África	247	TOGO	2
22	Campo de Belchite	América	06	Resto de América	315	CUBA	1
22	Campo de Belchite	América	06	Resto de América	343	COLOMBIA	5
22	Campo de Belchite	América	06	Resto de América	345	ECUADOR	6
22	Campo de Belchite	Europa	01	UE-15	110	FRANCIA	4
22	Campo de Belchite	Europa	01	UE-15	115	ITALIA	2
22	Campo de Belchite	Europa	01	UE-15	125	REINO UNIDO	1
22	Campo de Belchite	Europa	01	UE-15	126	ALEMANIA	1
22	Campo de Belchite	Europa	02	Resto de Europa	128	RUMANIA	8
22	Campo de Belchite	Europa	02	Resto de Europa	132	SUIZA	2
22	Campo de Belchite	Europa	02	Resto de Europa	135	UCRANIA	9
22	Campo de Belchite	África	03	Magreb	203	ARGELIA	1
22	Campo de Belchite	África	03	Magreb	228	MARRUECOS	17
23	Bajo Martín	América	06	Resto de América	315	CUBA	5
23	Bajo Martín	América	06	Resto de América	316	DOMINICA	4
23	Bajo Martín	América	06	Resto de América	340	ARGENTINA	2
23	Bajo Martín	América	06	Resto de América	341	BOLIVIA	2
23	Bajo Martín	América	06	Resto de América	343	COLOMBIA	14
23	Bajo Martín	América	06	Resto de América	345	ECUADOR	7
23	Bajo Martín	América	06	Resto de América	350	URUGUAY	1
23	Bajo Martín	América	06	Resto de América	351	VENEZUELA	2
23	Bajo Martín	Europa	01	UE-15	110	FRANCIA	5
23	Bajo Martín	Europa	01	UE-15	115	ITALIA	1
23	Bajo Martín	Europa	01	UE-15	123	PORTUGAL	5
23	Bajo Martín	Europa	02	Resto de Europa	122	POLONIA	1
23	Bajo Martín	Europa	02	Resto de Europa	128	RUMANIA	19
23	Bajo Martín	África	03	Magreb	203	ARGELIA	18
23	Bajo Martín	África	03	Magreb	228	MARRUECOS	34
23	Bajo Martín	África	03	Magreb	230	MAURITANIA	2
23	Bajo Martín	África	04	Resto de África	207	CABO VERDE	9
23	Bajo Martín	África	04	Resto de África	237	RUANDA	1
24	Campo de Daroca	América	06	Resto de América	303	MEXICO	2
24	Campo de Daroca	América	06	Resto de América	315	CUBA	1
24	Campo de Daroca	América	06	Resto de América	341	BOLIVIA	1
24	Campo de Daroca	América	06	Resto de América	342	BRASIL	3
24	Campo de Daroca	América	06	Resto de América	343	COLOMBIA	11
24	Campo de Daroca	América	06	Resto de América	345	ECUADOR	12
24	Campo de Daroca	América	06	Resto de América	351	VENEZUELA	1
24	Campo de Daroca	Europa	01	UE-15	110	FRANCIA	1
24	Campo de Daroca	Europa	01	UE-15	123	PORTUGAL	2
24	Campo de Daroca	Europa	01	UE-15	125	REINO UNIDO	2
24	Campo de Daroca	Europa	01	UE-15	126	ALEMANIA	1
24	Campo de Daroca	Europa	02	Resto de Europa	122	POLONIA	4
24	Campo de Daroca	Europa	02	Resto de Europa	128	RUMANIA	2
24	Campo de Daroca	África	03	Magreb	228	MARRUECOS	7
25	Jiloca	América	06	Resto de América	303	MEXICO	1
25	Jiloca	América	06	Resto de América	315	CUBA	2
25	Jiloca	América	06	Resto de América	316	DOMINICA	3
25	Jiloca	América	06	Resto de América	323	NICARAGUA	2
25	Jiloca	América	06	Resto de América	326	REPUBLICA DOMINICANA	25
25	Jiloca	América	06	Resto de América	340	ARGENTINA	19
25	Jiloca	América	06	Resto de América	342	BRASIL	1
25	Jiloca	América	06	Resto de América	343	COLOMBIA	10
25	Jiloca	América	06	Resto de América	344	CHILE	7
25	Jiloca	América	06	Resto de América	345	ECUADOR	50
25	Jiloca	Asia	07	Asia	426	PAKISTAN	1
25	Jiloca	Europa	01	UE-15	103	BELGICA	1
25	Jiloca	Europa	01	UE-15	110	FRANCIA	2
25	Jiloca	Europa	01	UE-15	115	ITALIA	2
25	Jiloca	Europa	01	UE-15	123	PORTUGAL	8
25	Jiloca	Europa	02	Resto de Europa	104	BULGARIA	5
25	Jiloca	Europa	02	Resto de Europa	122	POLONIA	64
25	Jiloca	Europa	02	Resto de Europa	128	RUMANIA	28
25	Jiloca	Europa	02	Resto de Europa	132	SUIZA	1
25	Jiloca	Europa	02	Resto de Europa	143	REPUBLICA CHECA	1
25	Jiloca	Europa	02	Resto de Europa	144	REPUBLICA ESLOVACA	1
25	Jiloca	Europa	02	Resto de Europa	145	BOSNIA Y HERZEGOVINA	4
25	Jiloca	Europa	02	Resto de Europa	154	RUSIA	1
25	Jiloca	África	03	Magreb	203	ARGELIA	1
25	Jiloca	África	03	Magreb	228	MARRUECOS	71
25	Jiloca	África	04	Resto de África	217	GHANA	3
25	Jiloca	África	04	Resto de África	219	GUINEA-BISSAU	2
26	Cuencas Mineras	América	06	Resto de América	315	CUBA	3
26	Cuencas Mineras	América	06	Resto de América	326	REPUBLICA DOMINICANA	4
26	Cuencas Mineras	América	06	Resto de América	340	ARGENTINA	8
26	Cuencas Mineras	América	06	Resto de América	343	COLOMBIA	15
26	Cuencas Mineras	América	06	Resto de América	345	ECUADOR	2
26	Cuencas Mineras	Asia	07	Asia	426	PAKISTAN	35
26	Cuencas Mineras	Europa	01	UE-15	115	ITALIA	2
26	Cuencas Mineras	Europa	01	UE-15	123	PORTUGAL	2
26	Cuencas Mineras	Europa	01	UE-15	126	ALEMANIA	1
26	Cuencas Mineras	Europa	02	Resto de Europa	128	RUMANIA	14
26	Cuencas Mineras	Europa	02	Resto de Europa	135	UCRANIA	1
26	Cuencas Mineras	Europa	02	Resto de Europa	154	RUSIA	1
26	Cuencas Mineras	África	03	Magreb	203	ARGELIA	1
26	Cuencas Mineras	África	03	Magreb	228	MARRUECOS	85
27	Andorra-Sierra de Arcos	América	06	Resto de América	303	MEXICO	2
27	Andorra-Sierra de Arcos	América	06	Resto de América	315	CUBA	5
27	Andorra-Sierra de Arcos	América	06	Resto de América	340	ARGENTINA	9
27	Andorra-Sierra de Arcos	América	06	Resto de América	341	BOLIVIA	1
27	Andorra-Sierra de Arcos	América	06	Resto de América	342	BRASIL	3
27	Andorra-Sierra de Arcos	América	06	Resto de América	343	COLOMBIA	6
27	Andorra-Sierra de Arcos	América	06	Resto de América	345	ECUADOR	6
27	Andorra-Sierra de Arcos	América	06	Resto de América	348	PERU	1
27	Andorra-Sierra de Arcos	Asia	07	Asia	426	PAKISTAN	21
27	Andorra-Sierra de Arcos	Europa	01	UE-15	110	FRANCIA	5
27	Andorra-Sierra de Arcos	Europa	02	Resto de Europa	104	BULGARIA	1
27	Andorra-Sierra de Arcos	Europa	02	Resto de Europa	112	HUNGRIA	1
27	Andorra-Sierra de Arcos	Europa	02	Resto de Europa	122	POLONIA	37
27	Andorra-Sierra de Arcos	Europa	02	Resto de Europa	128	RUMANIA	8
27	Andorra-Sierra de Arcos	Europa	02	Resto de Europa	143	REPUBLICA CHECA	6
27	Andorra-Sierra de Arcos	África	03	Magreb	203	ARGELIA	4
27	Andorra-Sierra de Arcos	África	03	Magreb	228	MARRUECOS	19
28	Bajo Aragón	América	05	América del Norte	302	ESTADOS UNIDOS DE AMERICA	3
28	Bajo Aragón	América	06	Resto de América	303	MEXICO	5
28	Bajo Aragón	América	06	Resto de América	315	CUBA	7
28	Bajo Aragón	América	06	Resto de América	321	HONDURAS	4
28	Bajo Aragón	América	06	Resto de América	326	REPUBLICA DOMINICANA	4
28	Bajo Aragón	América	06	Resto de América	340	ARGENTINA	105
28	Bajo Aragón	América	06	Resto de América	341	BOLIVIA	1
28	Bajo Aragón	América	06	Resto de América	342	BRASIL	1
28	Bajo Aragón	América	06	Resto de América	343	COLOMBIA	6
28	Bajo Aragón	América	06	Resto de América	344	CHILE	7
28	Bajo Aragón	América	06	Resto de América	345	ECUADOR	47
28	Bajo Aragón	América	06	Resto de América	348	PERU	1
28	Bajo Aragón	América	06	Resto de América	350	URUGUAY	25
28	Bajo Aragón	América	06	Resto de América	351	VENEZUELA	1
28	Bajo Aragón	Asia	07	Asia	407	CHINA	11
28	Bajo Aragón	Asia	07	Asia	413	IRAN	2
28	Bajo Aragón	Asia	07	Asia	426	PAKISTAN	2
28	Bajo Aragón	Europa	01	UE-15	110	FRANCIA	15
28	Bajo Aragón	Europa	01	UE-15	115	ITALIA	1
28	Bajo Aragón	Europa	01	UE-15	121	PAISES BAJOS	4
28	Bajo Aragón	Europa	01	UE-15	123	PORTUGAL	21
28	Bajo Aragón	Europa	01	UE-15	125	REINO UNIDO	6
28	Bajo Aragón	Europa	01	UE-15	126	ALEMANIA	7
28	Bajo Aragón	Europa	02	Resto de Europa	104	BULGARIA	12
28	Bajo Aragón	Europa	02	Resto de Europa	122	POLONIA	22
28	Bajo Aragón	Europa	02	Resto de Europa	128	RUMANIA	148
28	Bajo Aragón	Europa	02	Resto de Europa	135	UCRANIA	23
28	Bajo Aragón	Europa	02	Resto de Europa	136	LETONIA	6
28	Bajo Aragón	Europa	02	Resto de Europa	138	BIELORRUSIA	1
28	Bajo Aragón	Europa	02	Resto de Europa	143	REPUBLICA CHECA	10
28	Bajo Aragón	África	03	Magreb	203	ARGELIA	39
28	Bajo Aragón	África	03	Magreb	228	MARRUECOS	203
28	Bajo Aragón	África	04	Resto de África	207	CABO VERDE	34
28	Bajo Aragón	África	04	Resto de África	216	GAMBIA	9
28	Bajo Aragón	África	04	Resto de África	218	GUINEA	1
28	Bajo Aragón	África	04	Resto de África	239	SENEGAL	4
28	Bajo Aragón	África	04	Resto de África	241	SIERRA LEONA	1
29	Comunidad de Teruel	América	05	América del Norte	301	CANADA	1
29	Comunidad de Teruel	América	06	Resto de América	303	MEXICO	1
29	Comunidad de Teruel	América	06	Resto de América	315	CUBA	38
29	Comunidad de Teruel	América	06	Resto de América	326	REPUBLICA DOMINICANA	22
29	Comunidad de Teruel	América	06	Resto de América	340	ARGENTINA	31
29	Comunidad de Teruel	América	06	Resto de América	341	BOLIVIA	1
29	Comunidad de Teruel	América	06	Resto de América	342	BRASIL	36
29	Comunidad de Teruel	América	06	Resto de América	343	COLOMBIA	187
29	Comunidad de Teruel	América	06	Resto de América	344	CHILE	3
29	Comunidad de Teruel	América	06	Resto de América	345	ECUADOR	43
29	Comunidad de Teruel	América	06	Resto de América	348	PERU	7
29	Comunidad de Teruel	América	06	Resto de América	350	URUGUAY	4
29	Comunidad de Teruel	América	06	Resto de América	351	VENEZUELA	1
29	Comunidad de Teruel	Asia	07	Asia	407	CHINA	9
29	Comunidad de Teruel	Asia	07	Asia	413	IRAN	1
29	Comunidad de Teruel	Asia	07	Asia	426	PAKISTAN	39
29	Comunidad de Teruel	Asia	07	Asia	434	SRI LANKA	2
29	Comunidad de Teruel	Europa	01	UE-15	103	BELGICA	1
29	Comunidad de Teruel	Europa	01	UE-15	107	DINAMARCA	1
29	Comunidad de Teruel	Europa	01	UE-15	110	FRANCIA	24
29	Comunidad de Teruel	Europa	01	UE-15	111	GRECIA	1
29	Comunidad de Teruel	Europa	01	UE-15	115	ITALIA	13
29	Comunidad de Teruel	Europa	01	UE-15	121	PAISES BAJOS	3
29	Comunidad de Teruel	Europa	01	UE-15	125	REINO UNIDO	2
29	Comunidad de Teruel	Europa	01	UE-15	126	ALEMANIA	3
29	Comunidad de Teruel	Europa	02	Resto de Europa	104	BULGARIA	11
29	Comunidad de Teruel	Europa	02	Resto de Europa	122	POLONIA	2
29	Comunidad de Teruel	Europa	02	Resto de Europa	128	RUMANIA	145
29	Comunidad de Teruel	Europa	02	Resto de Europa	132	SUIZA	2
29	Comunidad de Teruel	Europa	02	Resto de Europa	135	UCRANIA	5
29	Comunidad de Teruel	Europa	02	Resto de Europa	154	RUSIA	1
29	Comunidad de Teruel	Europa	02	Resto de Europa	155	YUGOSLAVIA	4
29	Comunidad de Teruel	Oceanía	08	Oceanía	504	NUEVA ZELANDA	1
29	Comunidad de Teruel	África	03	Magreb	203	ARGELIA	18
29	Comunidad de Teruel	África	03	Magreb	228	MARRUECOS	121
29	Comunidad de Teruel	África	04	Resto de África	220	GUINEA ECUATORIAL	1
29	Comunidad de Teruel	África	04	Resto de África	227	MALI	1
29	Comunidad de Teruel	África	04	Resto de África	234	NIGERIA	3
29	Comunidad de Teruel	África	04	Resto de África	236	SUDAFRICA	1
30	Maestrazgo	América	06	Resto de América	340	ARGENTINA	7
30	Maestrazgo	América	06	Resto de América	342	BRASIL	1
30	Maestrazgo	América	06	Resto de América	343	COLOMBIA	1
30	Maestrazgo	América	06	Resto de América	345	ECUADOR	1
30	Maestrazgo	Asia	07	Asia	409	FILIPINAS	1
30	Maestrazgo	Asia	07	Asia	426	PAKISTAN	37
30	Maestrazgo	Europa	01	UE-15	103	BELGICA	3
30	Maestrazgo	Europa	01	UE-15	110	FRANCIA	5
30	Maestrazgo	Europa	01	UE-15	115	ITALIA	1
30	Maestrazgo	Europa	01	UE-15	123	PORTUGAL	4
30	Maestrazgo	Europa	01	UE-15	125	REINO UNIDO	3
30	Maestrazgo	Europa	02	Resto de Europa	128	RUMANIA	15
30	Maestrazgo	Europa	02	Resto de Europa	135	UCRANIA	5
30	Maestrazgo	Europa	02	Resto de Europa	154	RUSIA	2
30	Maestrazgo	África	03	Magreb	228	MARRUECOS	22
31	Sierra de Albarracín	América	06	Resto de América	326	REPUBLICA DOMINICANA	1
31	Sierra de Albarracín	América	06	Resto de América	340	ARGENTINA	6
31	Sierra de Albarracín	América	06	Resto de América	343	COLOMBIA	31
31	Sierra de Albarracín	América	06	Resto de América	344	CHILE	8
31	Sierra de Albarracín	América	06	Resto de América	345	ECUADOR	4
31	Sierra de Albarracín	América	06	Resto de América	347	PARAGUAY	8
31	Sierra de Albarracín	Asia	07	Asia	426	PAKISTAN	1
31	Sierra de Albarracín	Europa	01	UE-15	110	FRANCIA	6
31	Sierra de Albarracín	Europa	01	UE-15	123	PORTUGAL	5
31	Sierra de Albarracín	Europa	01	UE-15	126	ALEMANIA	2
31	Sierra de Albarracín	Europa	02	Resto de Europa	122	POLONIA	4
31	Sierra de Albarracín	Europa	02	Resto de Europa	128	RUMANIA	1
31	Sierra de Albarracín	Europa	02	Resto de Europa	132	SUIZA	1
31	Sierra de Albarracín	Europa	02	Resto de Europa	135	UCRANIA	4
31	Sierra de Albarracín	Europa	02	Resto de Europa	137	MOLDAVA	2
31	Sierra de Albarracín	África	03	Magreb	228	MARRUECOS	20
32	Gúdar-Javalambre	América	06	Resto de América	314	COSTA RICA	1
32	Gúdar-Javalambre	América	06	Resto de América	315	CUBA	2
32	Gúdar-Javalambre	América	06	Resto de América	326	REPUBLICA DOMINICANA	2
32	Gúdar-Javalambre	América	06	Resto de América	340	ARGENTINA	15
32	Gúdar-Javalambre	América	06	Resto de América	341	BOLIVIA	4
32	Gúdar-Javalambre	América	06	Resto de América	342	BRASIL	20
32	Gúdar-Javalambre	América	06	Resto de América	343	COLOMBIA	56
32	Gúdar-Javalambre	América	06	Resto de América	345	ECUADOR	6
32	Gúdar-Javalambre	América	06	Resto de América	348	PERU	3
32	Gúdar-Javalambre	América	06	Resto de América	350	URUGUAY	10
32	Gúdar-Javalambre	Asia	07	Asia	426	PAKISTAN	39
32	Gúdar-Javalambre	Europa	01	UE-15	103	BELGICA	3
32	Gúdar-Javalambre	Europa	01	UE-15	110	FRANCIA	8
32	Gúdar-Javalambre	Europa	01	UE-15	115	ITALIA	4
32	Gúdar-Javalambre	Europa	01	UE-15	125	REINO UNIDO	14
32	Gúdar-Javalambre	Europa	01	UE-15	126	ALEMANIA	1
32	Gúdar-Javalambre	Europa	02	Resto de Europa	104	BULGARIA	18
32	Gúdar-Javalambre	Europa	02	Resto de Europa	128	RUMANIA	39
32	Gúdar-Javalambre	Europa	02	Resto de Europa	135	UCRANIA	5
32	Gúdar-Javalambre	Europa	02	Resto de Europa	137	MOLDAVA	3
32	Gúdar-Javalambre	Europa	02	Resto de Europa	154	RUSIA	5
32	Gúdar-Javalambre	África	03	Magreb	203	ARGELIA	8
32	Gúdar-Javalambre	África	03	Magreb	228	MARRUECOS	52
32	Gúdar-Javalambre	África	04	Resto de África	220	GUINEA ECUATORIAL	2
33	Matarraña / Matarranya	América	05	América del Norte	302	ESTADOS UNIDOS DE AMERICA	1
33	Matarraña / Matarranya	América	06	Resto de América	326	REPUBLICA DOMINICANA	6
33	Matarraña / Matarranya	América	06	Resto de América	340	ARGENTINA	16
33	Matarraña / Matarranya	América	06	Resto de América	343	COLOMBIA	10
33	Matarraña / Matarranya	América	06	Resto de América	344	CHILE	2
33	Matarraña / Matarranya	América	06	Resto de América	345	ECUADOR	12
33	Matarraña / Matarranya	Europa	01	UE-15	103	BELGICA	2
33	Matarraña / Matarranya	Europa	01	UE-15	110	FRANCIA	3
33	Matarraña / Matarranya	Europa	01	UE-15	121	PAISES BAJOS	2
33	Matarraña / Matarranya	Europa	01	UE-15	123	PORTUGAL	2
33	Matarraña / Matarranya	Europa	01	UE-15	125	REINO UNIDO	7
33	Matarraña / Matarranya	Europa	01	UE-15	126	ALEMANIA	12
33	Matarraña / Matarranya	Europa	02	Resto de Europa	104	BULGARIA	39
33	Matarraña / Matarranya	Europa	02	Resto de Europa	122	POLONIA	1
33	Matarraña / Matarranya	Europa	02	Resto de Europa	128	RUMANIA	35
33	Matarraña / Matarranya	Europa	02	Resto de Europa	132	SUIZA	1
33	Matarraña / Matarranya	Europa	02	Resto de Europa	135	UCRANIA	19
33	Matarraña / Matarranya	Europa	02	Resto de Europa	142	LITUANIA	4
33	Matarraña / Matarranya	Oceanía	08	Oceanía	501	AUSTRALIA	1
33	Matarraña / Matarranya	África	03	Magreb	203	ARGELIA	4
33	Matarraña / Matarranya	África	03	Magreb	228	MARRUECOS	52
33	Matarraña / Matarranya	África	04	Resto de África	218	GUINEA	1
33	Matarraña / Matarranya	África	04	Resto de África	239	SENEGAL	6