Tipo de hogar, código	Tipo de hogar	Nº hogares
1	Hogares unipersonales	136519,749655023
2	Hogares multipersonales no forman familia	7137,6481255481
3	Hogares multipersonales forman una familia sin otras personas	10691,1824790906
4	Hogares multipersonales forman una familia sin otras personas	346767,568183047
5	Hogares multipersonales forman una familia sin otras personas	25035,4049898407
6	Hogares multipersonales forman una familia sin otras personas	6384,1603375219
7	Hogares multipersonales forman una familia con otras personas no emparentadas	5692,2800087973
8	Hogares multipersonales con dos o más familias	642,4649792629