Comarca codigo	Comarca nombre	Nivel estudios, código	Nivel estudios	Sexo, código	Sexo	Personas
01	La Jacetania	4	ESO, EGB, Bachillerato Elemental	1	Hombre	2094,6608822808
02	Alto Gállego	4	ESO, EGB, Bachillerato Elemental	1	Hombre	1875,7011433638
03	Sobrarbe	4	ESO, EGB, Bachillerato Elemental	1	Hombre	1067,0197019667
04	La Ribagorza	4	ESO, EGB, Bachillerato Elemental	1	Hombre	1557,3581812493
05	Cinco Villas	4	ESO, EGB, Bachillerato Elemental	1	Hombre	5094,2936400396
06	Hoya de Huesca / Plana de Uesca	4	ESO, EGB, Bachillerato Elemental	1	Hombre	7381,3202211167
07	Somontano de Barbastro	4	ESO, EGB, Bachillerato Elemental	1	Hombre	3016,1130040643
08	Cinca Medio	4	ESO, EGB, Bachillerato Elemental	1	Hombre	2859,5044355515
09	La Litera / La Llitera	4	ESO, EGB, Bachillerato Elemental	1	Hombre	2740,1911317196
10	Los Monegros	4	ESO, EGB, Bachillerato Elemental	1	Hombre	3061,3049190039
11	Bajo Cinca / Baix Cinca	4	ESO, EGB, Bachillerato Elemental	1	Hombre	3531,7283342329
12	Tarazona y el Moncayo	4	ESO, EGB, Bachillerato Elemental	1	Hombre	2124,1924112853
13	Campo de Borja	4	ESO, EGB, Bachillerato Elemental	1	Hombre	2383,1548768254
14	Aranda	4	ESO, EGB, Bachillerato Elemental	1	Hombre	1318,853241535
15	Ribera Alta del Ebro	4	ESO, EGB, Bachillerato Elemental	1	Hombre	3832,0866299665
16	Valdejalón	4	ESO, EGB, Bachillerato Elemental	1	Hombre	3962,8805708432
17	D.C. Zaragoza	4	ESO, EGB, Bachillerato Elemental	1	Hombre	74962,0913765682
18	Ribera Baja del Ebro	4	ESO, EGB, Bachillerato Elemental	1	Hombre	1350,8719648772
19	Bajo Aragón-Caspe / Baix Aragó-Casp	4	ESO, EGB, Bachillerato Elemental	1	Hombre	2405,6949641796
20	Comunidad de Calatayud	4	ESO, EGB, Bachillerato Elemental	1	Hombre	5996,6712936102
21	Campo de Cariñena	4	ESO, EGB, Bachillerato Elemental	1	Hombre	1973,6903644284
22	Campo de Belchite	4	ESO, EGB, Bachillerato Elemental	1	Hombre	971,1969976238
23	Bajo Martín	4	ESO, EGB, Bachillerato Elemental	1	Hombre	1045,8209175349
24	Campo de Daroca	4	ESO, EGB, Bachillerato Elemental	1	Hombre	1041,6482651328
25	Jiloca	4	ESO, EGB, Bachillerato Elemental	1	Hombre	2072,5038467853
26	Cuencas Mineras	4	ESO, EGB, Bachillerato Elemental	1	Hombre	1515,9833368807
27	Andorra-Sierra de Arcos	4	ESO, EGB, Bachillerato Elemental	1	Hombre	1595,0314969361
28	Bajo Aragón	4	ESO, EGB, Bachillerato Elemental	1	Hombre	4483,4623322042
29	Comunidad de Teruel	4	ESO, EGB, Bachillerato Elemental	1	Hombre	5695,2527803296
30	Maestrazgo	4	ESO, EGB, Bachillerato Elemental	1	Hombre	584,4765219774
31	Sierra de Albarracín	4	ESO, EGB, Bachillerato Elemental	1	Hombre	872,5074588021
32	Gúdar-Javalambre	4	ESO, EGB, Bachillerato Elemental	1	Hombre	1304,1935946448
33	Matarraña / Matarranya	4	ESO, EGB, Bachillerato Elemental	1	Hombre	1764,39628231
01	La Jacetania	5	Bachillerato Superior	1	Hombre	1027,9511083692
02	Alto Gállego	5	Bachillerato Superior	1	Hombre	906,0800816282
03	Sobrarbe	5	Bachillerato Superior	1	Hombre	378,8626478513
04	La Ribagorza	5	Bachillerato Superior	1	Hombre	649,3719738287
05	Cinco Villas	5	Bachillerato Superior	1	Hombre	1466,0356896498
06	Hoya de Huesca / Plana de Uesca	5	Bachillerato Superior	1	Hombre	3116,5190648996
07	Somontano de Barbastro	5	Bachillerato Superior	1	Hombre	942,367980297
08	Cinca Medio	5	Bachillerato Superior	1	Hombre	786,4626006741
09	La Litera / La Llitera	5	Bachillerato Superior	1	Hombre	667,0160051199
10	Los Monegros	5	Bachillerato Superior	1	Hombre	800,6600497851
11	Bajo Cinca / Baix Cinca	5	Bachillerato Superior	1	Hombre	1317,7609646967
12	Tarazona y el Moncayo	5	Bachillerato Superior	1	Hombre	827,6281000255
13	Campo de Borja	5	Bachillerato Superior	1	Hombre	551,5828503437
14	Aranda	5	Bachillerato Superior	1	Hombre	183,5354965469
15	Ribera Alta del Ebro	5	Bachillerato Superior	1	Hombre	1118,5595393053
16	Valdejalón	5	Bachillerato Superior	1	Hombre	1351,4852332037
17	D.C. Zaragoza	5	Bachillerato Superior	1	Hombre	37822,716928928
18	Ribera Baja del Ebro	5	Bachillerato Superior	1	Hombre	349,189066482
19	Bajo Aragón-Caspe / Baix Aragó-Casp	5	Bachillerato Superior	1	Hombre	494,4649397717
20	Comunidad de Calatayud	5	Bachillerato Superior	1	Hombre	1214,2043875115
21	Campo de Cariñena	5	Bachillerato Superior	1	Hombre	540,0091722037
22	Campo de Belchite	5	Bachillerato Superior	1	Hombre	146,8337502433
23	Bajo Martín	5	Bachillerato Superior	1	Hombre	203,506909235
24	Campo de Daroca	5	Bachillerato Superior	1	Hombre	224,7937031204
25	Jiloca	5	Bachillerato Superior	1	Hombre	609,9558197766
26	Cuencas Mineras	5	Bachillerato Superior	1	Hombre	250,9430437316
27	Andorra-Sierra de Arcos	5	Bachillerato Superior	1	Hombre	360,1904270904
28	Bajo Aragón	5	Bachillerato Superior	1	Hombre	1121,8163876854
29	Comunidad de Teruel	5	Bachillerato Superior	1	Hombre	2277,1036094906
30	Maestrazgo	5	Bachillerato Superior	1	Hombre	88,8020785777
31	Sierra de Albarracín	5	Bachillerato Superior	1	Hombre	208,4242491248
32	Gúdar-Javalambre	5	Bachillerato Superior	1	Hombre	275,8921821874
33	Matarraña / Matarranya	5	Bachillerato Superior	1	Hombre	212,5172616629
01	La Jacetania	6	FP Grado Medio	1	Hombre	537,3783952454
02	Alto Gállego	6	FP Grado Medio	1	Hombre	519,1578098539
03	Sobrarbe	6	FP Grado Medio	1	Hombre	284,1630757628
04	La Ribagorza	6	FP Grado Medio	1	Hombre	597,7643670442
05	Cinco Villas	6	FP Grado Medio	1	Hombre	827,5968103262
06	Hoya de Huesca / Plana de Uesca	6	FP Grado Medio	1	Hombre	1516,9215850462
07	Somontano de Barbastro	6	FP Grado Medio	1	Hombre	857,8695830405
08	Cinca Medio	6	FP Grado Medio	1	Hombre	1019,5784172437
09	La Litera / La Llitera	6	FP Grado Medio	1	Hombre	623,9458474699
10	Los Monegros	6	FP Grado Medio	1	Hombre	746,0815902842
11	Bajo Cinca / Baix Cinca	6	FP Grado Medio	1	Hombre	599,6155204709
12	Tarazona y el Moncayo	6	FP Grado Medio	1	Hombre	480,5099568797
13	Campo de Borja	6	FP Grado Medio	1	Hombre	523,6725952346
14	Aranda	6	FP Grado Medio	1	Hombre	140,9754929356
15	Ribera Alta del Ebro	6	FP Grado Medio	1	Hombre	1267,6830940934
16	Valdejalón	6	FP Grado Medio	1	Hombre	1027,5115606069
17	D.C. Zaragoza	6	FP Grado Medio	1	Hombre	23708,0178773712
18	Ribera Baja del Ebro	6	FP Grado Medio	1	Hombre	393,1587583587
19	Bajo Aragón-Caspe / Baix Aragó-Casp	6	FP Grado Medio	1	Hombre	519,3589685399
20	Comunidad de Calatayud	6	FP Grado Medio	1	Hombre	1192,067869886
21	Campo de Cariñena	6	FP Grado Medio	1	Hombre	248,3932527402
22	Campo de Belchite	6	FP Grado Medio	1	Hombre	184,5123126585
23	Bajo Martín	6	FP Grado Medio	1	Hombre	149,0214367922
24	Campo de Daroca	6	FP Grado Medio	1	Hombre	177,9934782996
25	Jiloca	6	FP Grado Medio	1	Hombre	413,4908018776
26	Cuencas Mineras	6	FP Grado Medio	1	Hombre	276,8285437947
27	Andorra-Sierra de Arcos	6	FP Grado Medio	1	Hombre	333,9634615712
28	Bajo Aragón	6	FP Grado Medio	1	Hombre	819,161770029
29	Comunidad de Teruel	6	FP Grado Medio	1	Hombre	911,3565941631
30	Maestrazgo	6	FP Grado Medio	1	Hombre	139,277979908
31	Sierra de Albarracín	6	FP Grado Medio	1	Hombre	120,4103687104
32	Gúdar-Javalambre	6	FP Grado Medio	1	Hombre	193,7297686422
33	Matarraña / Matarranya	6	FP Grado Medio	1	Hombre	157,1335151923
01	La Jacetania	7	FP Grado Superior	1	Hombre	509,3078279958
02	Alto Gállego	7	FP Grado Superior	1	Hombre	549,7567694493
03	Sobrarbe	7	FP Grado Superior	1	Hombre	173,0315147098
04	La Ribagorza	7	FP Grado Superior	1	Hombre	334,976440684
05	Cinco Villas	7	FP Grado Superior	1	Hombre	433,420486712
06	Hoya de Huesca / Plana de Uesca	7	FP Grado Superior	1	Hombre	1917,9160052402
07	Somontano de Barbastro	7	FP Grado Superior	1	Hombre	821,8184637217
08	Cinca Medio	7	FP Grado Superior	1	Hombre	966,9039753469
09	La Litera / La Llitera	7	FP Grado Superior	1	Hombre	437,7944106423
10	Los Monegros	7	FP Grado Superior	1	Hombre	472,5128888324
11	Bajo Cinca / Baix Cinca	7	FP Grado Superior	1	Hombre	674,293798057
12	Tarazona y el Moncayo	7	FP Grado Superior	1	Hombre	312,0609494204
13	Campo de Borja	7	FP Grado Superior	1	Hombre	415,8192717842
14	Aranda	7	FP Grado Superior	1	Hombre	80,3387294278
15	Ribera Alta del Ebro	7	FP Grado Superior	1	Hombre	994,2598782478
16	Valdejalón	7	FP Grado Superior	1	Hombre	959,4552918468
17	D.C. Zaragoza	7	FP Grado Superior	1	Hombre	25712,1889591831
18	Ribera Baja del Ebro	7	FP Grado Superior	1	Hombre	277,1503758028
19	Bajo Aragón-Caspe / Baix Aragó-Casp	7	FP Grado Superior	1	Hombre	321,8566882332
20	Comunidad de Calatayud	7	FP Grado Superior	1	Hombre	1308,2075275655
21	Campo de Cariñena	7	FP Grado Superior	1	Hombre	183,4795288958
22	Campo de Belchite	7	FP Grado Superior	1	Hombre	84,1845056373
23	Bajo Martín	7	FP Grado Superior	1	Hombre	96,2276094604
24	Campo de Daroca	7	FP Grado Superior	1	Hombre	146,0074415714
25	Jiloca	7	FP Grado Superior	1	Hombre	267,4141841208
26	Cuencas Mineras	7	FP Grado Superior	1	Hombre	176,2987000051
27	Andorra-Sierra de Arcos	7	FP Grado Superior	1	Hombre	402,1408189603
28	Bajo Aragón	7	FP Grado Superior	1	Hombre	687,5393100729
29	Comunidad de Teruel	7	FP Grado Superior	1	Hombre	1347,2075651184
30	Maestrazgo	7	FP Grado Superior	1	Hombre	68,2103073731
31	Sierra de Albarracín	7	FP Grado Superior	1	Hombre	129,3629586918
32	Gúdar-Javalambre	7	FP Grado Superior	1	Hombre	192,9401347973
33	Matarraña / Matarranya	7	FP Grado Superior	1	Hombre	190,2048864047
01	La Jacetania	8	Diplomatura	1	Hombre	567,3632145725
02	Alto Gállego	8	Diplomatura	1	Hombre	306,1048938482
03	Sobrarbe	8	Diplomatura	1	Hombre	177,1810839533
04	La Ribagorza	8	Diplomatura	1	Hombre	296,0560867226
05	Cinco Villas	8	Diplomatura	1	Hombre	652,5460934076
06	Hoya de Huesca / Plana de Uesca	8	Diplomatura	1	Hombre	1966,0018354118
07	Somontano de Barbastro	8	Diplomatura	1	Hombre	484,3539715136
08	Cinca Medio	8	Diplomatura	1	Hombre	543,1656296811
09	La Litera / La Llitera	8	Diplomatura	1	Hombre	239,9374129587
10	Los Monegros	8	Diplomatura	1	Hombre	250,6939977248
11	Bajo Cinca / Baix Cinca	8	Diplomatura	1	Hombre	312,9705313614
12	Tarazona y el Moncayo	8	Diplomatura	1	Hombre	219,9156764841
13	Campo de Borja	8	Diplomatura	1	Hombre	131,0800770036
14	Aranda	8	Diplomatura	1	Hombre	85,1042932468
15	Ribera Alta del Ebro	8	Diplomatura	1	Hombre	350,4661299882
16	Valdejalón	8	Diplomatura	1	Hombre	403,7798385992
17	D.C. Zaragoza	8	Diplomatura	1	Hombre	22562,3208193861
18	Ribera Baja del Ebro	8	Diplomatura	1	Hombre	79,7624006634
19	Bajo Aragón-Caspe / Baix Aragó-Casp	8	Diplomatura	1	Hombre	232,1780299149
20	Comunidad de Calatayud	8	Diplomatura	1	Hombre	634,2538163105
21	Campo de Cariñena	8	Diplomatura	1	Hombre	117,2477422598
22	Campo de Belchite	8	Diplomatura	1	Hombre	43,5489804986
23	Bajo Martín	8	Diplomatura	1	Hombre	83,8591355065
24	Campo de Daroca	8	Diplomatura	1	Hombre	98,4080634918
25	Jiloca	8	Diplomatura	1	Hombre	233,9686390591
26	Cuencas Mineras	8	Diplomatura	1	Hombre	69,4483335316
27	Andorra-Sierra de Arcos	8	Diplomatura	1	Hombre	202,7641272936
28	Bajo Aragón	8	Diplomatura	1	Hombre	510,2401307807
29	Comunidad de Teruel	8	Diplomatura	1	Hombre	1270,390083039
30	Maestrazgo	8	Diplomatura	1	Hombre	40,4307202304
31	Sierra de Albarracín	8	Diplomatura	1	Hombre	63,6177133825
32	Gúdar-Javalambre	8	Diplomatura	1	Hombre	101,7289243391
33	Matarraña / Matarranya	8	Diplomatura	1	Hombre	109,5680680824
01	La Jacetania	9	Licenciatura y Grado	1	Hombre	120,2770088143
02	Alto Gállego	9	Licenciatura y Grado	1	Hombre	101,0802928574
03	Sobrarbe	9	Licenciatura y Grado	1	Hombre	60,9309663485
04	La Ribagorza	9	Licenciatura y Grado	1	Hombre	105,1457393921
05	Cinco Villas	9	Licenciatura y Grado	1	Hombre	106,6135924368
06	Hoya de Huesca / Plana de Uesca	9	Licenciatura y Grado	1	Hombre	412,5017229011
07	Somontano de Barbastro	9	Licenciatura y Grado	1	Hombre	84,4236694026
08	Cinca Medio	9	Licenciatura y Grado	1	Hombre	47,8404054146
09	La Litera / La Llitera	9	Licenciatura y Grado	1	Hombre	38,7135258515
10	Los Monegros	9	Licenciatura y Grado	1	Hombre	50,2059740848
11	Bajo Cinca / Baix Cinca	9	Licenciatura y Grado	1	Hombre	140,1199409365
12	Tarazona y el Moncayo	9	Licenciatura y Grado	1	Hombre	36,6095742785
13	Campo de Borja	9	Licenciatura y Grado	1	Hombre	39,1977452208
14	Aranda	9	Licenciatura y Grado	1	Hombre	14,5943202091
15	Ribera Alta del Ebro	9	Licenciatura y Grado	1	Hombre	80,2791343521
16	Valdejalón	9	Licenciatura y Grado	1	Hombre	94,2719267503
17	D.C. Zaragoza	9	Licenciatura y Grado	1	Hombre	4569,9439982775
18	Ribera Baja del Ebro	9	Licenciatura y Grado	1	Hombre	28,718111216
19	Bajo Aragón-Caspe / Baix Aragó-Casp	9	Licenciatura y Grado	1	Hombre	24,9644602867
20	Comunidad de Calatayud	9	Licenciatura y Grado	1	Hombre	232,6236581548
21	Campo de Cariñena	9	Licenciatura y Grado	1	Hombre	71,4050653935
22	Campo de Belchite	9	Licenciatura y Grado	1	Hombre	25,7135657777
23	Bajo Martín	9	Licenciatura y Grado	1	Hombre	15,6039508795
24	Campo de Daroca	9	Licenciatura y Grado	1	Hombre	13,2623810694
25	Jiloca	9	Licenciatura y Grado	1	Hombre	20,5955296758
26	Cuencas Mineras	9	Licenciatura y Grado	1	Hombre	23,0888742226
27	Andorra-Sierra de Arcos	9	Licenciatura y Grado	1	Hombre	6,0781359809
28	Bajo Aragón	9	Licenciatura y Grado	1	Hombre	95,5317801237
29	Comunidad de Teruel	9	Licenciatura y Grado	1	Hombre	191,0944748398
30	Maestrazgo	9	Licenciatura y Grado	1	Hombre	2,5776720006
31	Sierra de Albarracín	9	Licenciatura y Grado	1	Hombre	15,7897144523
32	Gúdar-Javalambre	9	Licenciatura y Grado	1	Hombre	29,5409971988
33	Matarraña / Matarranya	9	Licenciatura y Grado	1	Hombre	26,2457710067
01	La Jacetania	10	Licenciatura y Grado	1	Hombre	484,9032492778
02	Alto Gállego	10	Licenciatura y Grado	1	Hombre	360,9002747967
03	Sobrarbe	10	Licenciatura y Grado	1	Hombre	145,4868883757
04	La Ribagorza	10	Licenciatura y Grado	1	Hombre	341,542258451
05	Cinco Villas	10	Licenciatura y Grado	1	Hombre	580,9337311126
06	Hoya de Huesca / Plana de Uesca	10	Licenciatura y Grado	1	Hombre	2304,7729577256
07	Somontano de Barbastro	10	Licenciatura y Grado	1	Hombre	490,322188639
08	Cinca Medio	10	Licenciatura y Grado	1	Hombre	427,4427567026
09	La Litera / La Llitera	10	Licenciatura y Grado	1	Hombre	296,5757455291
10	Los Monegros	10	Licenciatura y Grado	1	Hombre	315,0910793403
11	Bajo Cinca / Baix Cinca	10	Licenciatura y Grado	1	Hombre	299,4959433515
12	Tarazona y el Moncayo	10	Licenciatura y Grado	1	Hombre	122,0921530219
13	Campo de Borja	10	Licenciatura y Grado	1	Hombre	182,3302719074
14	Aranda	10	Licenciatura y Grado	1	Hombre	46,3800828595
15	Ribera Alta del Ebro	10	Licenciatura y Grado	1	Hombre	370,7266359833
16	Valdejalón	10	Licenciatura y Grado	1	Hombre	451,9013275016
17	D.C. Zaragoza	10	Licenciatura y Grado	1	Hombre	28321,0451327706
18	Ribera Baja del Ebro	10	Licenciatura y Grado	1	Hombre	92,502410936
19	Bajo Aragón-Caspe / Baix Aragó-Casp	10	Licenciatura y Grado	1	Hombre	142,4358230712
20	Comunidad de Calatayud	10	Licenciatura y Grado	1	Hombre	768,8140361128
21	Campo de Cariñena	10	Licenciatura y Grado	1	Hombre	182,6974772003
22	Campo de Belchite	10	Licenciatura y Grado	1	Hombre	60,0321117865
23	Bajo Martín	10	Licenciatura y Grado	1	Hombre	65,9798403912
24	Campo de Daroca	10	Licenciatura y Grado	1	Hombre	94,8317617317
25	Jiloca	10	Licenciatura y Grado	1	Hombre	157,0959476884
26	Cuencas Mineras	10	Licenciatura y Grado	1	Hombre	107,8347471297
27	Andorra-Sierra de Arcos	10	Licenciatura y Grado	1	Hombre	67,1825152122
28	Bajo Aragón	10	Licenciatura y Grado	1	Hombre	505,6415117852
29	Comunidad de Teruel	10	Licenciatura y Grado	1	Hombre	1056,0668183273
30	Maestrazgo	10	Licenciatura y Grado	1	Hombre	34,0955886816
31	Sierra de Albarracín	10	Licenciatura y Grado	1	Hombre	45,9055479906
32	Gúdar-Javalambre	10	Licenciatura y Grado	1	Hombre	122,4106593125
33	Matarraña / Matarranya	10	Licenciatura y Grado	1	Hombre	100,2304696184
01	La Jacetania	11	Doctorado y Máster	1	Hombre	114,4494903423
02	Alto Gállego	11	Doctorado y Máster	1	Hombre	73,4842040458
03	Sobrarbe	11	Doctorado y Máster	1	Hombre	10,4670723555
04	La Ribagorza	11	Doctorado y Máster	1	Hombre	66,5032530286
05	Cinco Villas	11	Doctorado y Máster	1	Hombre	43,1124785082
06	Hoya de Huesca / Plana de Uesca	11	Doctorado y Máster	1	Hombre	229,0513900661
07	Somontano de Barbastro	11	Doctorado y Máster	1	Hombre	55,9692890273
08	Cinca Medio	11	Doctorado y Máster	1	Hombre	49,976727751
09	La Litera / La Llitera	11	Doctorado y Máster	1	Hombre	30,1612108951
10	Los Monegros	11	Doctorado y Máster	1	Hombre	25,0724774547
11	Bajo Cinca / Baix Cinca	11	Doctorado y Máster	1	Hombre	33,1175284311
12	Tarazona y el Moncayo	11	Doctorado y Máster	1	Hombre	26,918392375
13	Campo de Borja	11	Doctorado y Máster	1	Hombre	4,9824839064
15	Ribera Alta del Ebro	11	Doctorado y Máster	1	Hombre	40,3115753372
16	Valdejalón	11	Doctorado y Máster	1	Hombre	73,2670181901
17	D.C. Zaragoza	11	Doctorado y Máster	1	Hombre	3772,974571211
18	Ribera Baja del Ebro	11	Doctorado y Máster	1	Hombre	3,0465906909
19	Bajo Aragón-Caspe / Baix Aragó-Casp	11	Doctorado y Máster	1	Hombre	34,6760884175
20	Comunidad de Calatayud	11	Doctorado y Máster	1	Hombre	13,5971635589
21	Campo de Cariñena	11	Doctorado y Máster	1	Hombre	47,0221032717
22	Campo de Belchite	11	Doctorado y Máster	1	Hombre	3,4634394876
24	Campo de Daroca	11	Doctorado y Máster	1	Hombre	5,3776450492
25	Jiloca	11	Doctorado y Máster	1	Hombre	2,3490490659
26	Cuencas Mineras	11	Doctorado y Máster	1	Hombre	4,2794707894
27	Andorra-Sierra de Arcos	11	Doctorado y Máster	1	Hombre	21,704766926
28	Bajo Aragón	11	Doctorado y Máster	1	Hombre	46,7988784813
29	Comunidad de Teruel	11	Doctorado y Máster	1	Hombre	97,1760807311
30	Maestrazgo	11	Doctorado y Máster	1	Hombre	1,5170946822
31	Sierra de Albarracín	11	Doctorado y Máster	1	Hombre	0,4508817195
32	Gúdar-Javalambre	11	Doctorado y Máster	1	Hombre	18,2643167836
33	Matarraña / Matarranya	11	Doctorado y Máster	1	Hombre	3,0812172629
01	La Jacetania	12	Doctorado y Máster	1	Hombre	263,4577883205
02	Alto Gállego	12	Doctorado y Máster	1	Hombre	6,9487416138
03	Sobrarbe	12	Doctorado y Máster	1	Hombre	7,4623480117
04	La Ribagorza	12	Doctorado y Máster	1	Hombre	32,7790457311
05	Cinco Villas	12	Doctorado y Máster	1	Hombre	17,2669929139
06	Hoya de Huesca / Plana de Uesca	12	Doctorado y Máster	1	Hombre	281,4139022867
07	Somontano de Barbastro	12	Doctorado y Máster	1	Hombre	7,1725015743
08	Cinca Medio	12	Doctorado y Máster	1	Hombre	10,387171092
09	La Litera / La Llitera	12	Doctorado y Máster	1	Hombre	8,4291468192
10	Los Monegros	12	Doctorado y Máster	1	Hombre	22,6340118231
11	Bajo Cinca / Baix Cinca	12	Doctorado y Máster	1	Hombre	10,2225606263
12	Tarazona y el Moncayo	12	Doctorado y Máster	1	Hombre	6,0236264608
13	Campo de Borja	12	Doctorado y Máster	1	Hombre	8,1803145103
14	Aranda	12	Doctorado y Máster	1	Hombre	1,3675560388
15	Ribera Alta del Ebro	12	Doctorado y Máster	1	Hombre	44,2666113792
16	Valdejalón	12	Doctorado y Máster	1	Hombre	32,949410439
17	D.C. Zaragoza	12	Doctorado y Máster	1	Hombre	3697,7418784771
18	Ribera Baja del Ebro	12	Doctorado y Máster	1	Hombre	3,8968862042
19	Bajo Aragón-Caspe / Baix Aragó-Casp	12	Doctorado y Máster	1	Hombre	10,570469514
20	Comunidad de Calatayud	12	Doctorado y Máster	1	Hombre	20,6090286419
21	Campo de Cariñena	12	Doctorado y Máster	1	Hombre	9,2330392365
22	Campo de Belchite	12	Doctorado y Máster	1	Hombre	11,9724543056
23	Bajo Martín	12	Doctorado y Máster	1	Hombre	8,4527133019
24	Campo de Daroca	12	Doctorado y Máster	1	Hombre	5,6760588772
25	Jiloca	12	Doctorado y Máster	1	Hombre	7,7000948301
26	Cuencas Mineras	12	Doctorado y Máster	1	Hombre	2,9360039021
27	Andorra-Sierra de Arcos	12	Doctorado y Máster	1	Hombre	1,3149958133
28	Bajo Aragón	12	Doctorado y Máster	1	Hombre	17,1898594283
29	Comunidad de Teruel	12	Doctorado y Máster	1	Hombre	64,550324894
31	Sierra de Albarracín	12	Doctorado y Máster	1	Hombre	3,1893831481
32	Gúdar-Javalambre	12	Doctorado y Máster	1	Hombre	3,5435813991
33	Matarraña / Matarranya	12	Doctorado y Máster	1	Hombre	3,7410804635
01	La Jacetania	4	ESO, EGB, Bachillerato Elemental	6	Mujer	1802,1091409409
02	Alto Gállego	4	ESO, EGB, Bachillerato Elemental	6	Mujer	1503,5620311436
03	Sobrarbe	4	ESO, EGB, Bachillerato Elemental	6	Mujer	833,5110049683
04	La Ribagorza	4	ESO, EGB, Bachillerato Elemental	6	Mujer	1284,468146253
05	Cinco Villas	4	ESO, EGB, Bachillerato Elemental	6	Mujer	4018,6267407785
06	Hoya de Huesca / Plana de Uesca	4	ESO, EGB, Bachillerato Elemental	6	Mujer	6469,89046784
07	Somontano de Barbastro	4	ESO, EGB, Bachillerato Elemental	6	Mujer	2548,3899830013
08	Cinca Medio	4	ESO, EGB, Bachillerato Elemental	6	Mujer	2844,3395401627
09	La Litera / La Llitera	4	ESO, EGB, Bachillerato Elemental	6	Mujer	2200,4215332559
10	Los Monegros	4	ESO, EGB, Bachillerato Elemental	6	Mujer	2472,1298056102
11	Bajo Cinca / Baix Cinca	4	ESO, EGB, Bachillerato Elemental	6	Mujer	2804,3255710459
12	Tarazona y el Moncayo	4	ESO, EGB, Bachillerato Elemental	6	Mujer	1780,5139175626
13	Campo de Borja	4	ESO, EGB, Bachillerato Elemental	6	Mujer	2199,891244272
14	Aranda	4	ESO, EGB, Bachillerato Elemental	6	Mujer	1236,7954579764
15	Ribera Alta del Ebro	4	ESO, EGB, Bachillerato Elemental	6	Mujer	3376,1136823811
16	Valdejalón	4	ESO, EGB, Bachillerato Elemental	6	Mujer	3574,7453942904
17	D.C. Zaragoza	4	ESO, EGB, Bachillerato Elemental	6	Mujer	78119,0502760958
18	Ribera Baja del Ebro	4	ESO, EGB, Bachillerato Elemental	6	Mujer	1223,6374763636
19	Bajo Aragón-Caspe / Baix Aragó-Casp	4	ESO, EGB, Bachillerato Elemental	6	Mujer	1913,3731038924
20	Comunidad de Calatayud	4	ESO, EGB, Bachillerato Elemental	6	Mujer	5107,5361082006
21	Campo de Cariñena	4	ESO, EGB, Bachillerato Elemental	6	Mujer	1393,2267287191
22	Campo de Belchite	4	ESO, EGB, Bachillerato Elemental	6	Mujer	811,5810733017
23	Bajo Martín	4	ESO, EGB, Bachillerato Elemental	6	Mujer	924,7935706322
24	Campo de Daroca	4	ESO, EGB, Bachillerato Elemental	6	Mujer	711,9304100772
25	Jiloca	4	ESO, EGB, Bachillerato Elemental	6	Mujer	1747,8777923366
26	Cuencas Mineras	4	ESO, EGB, Bachillerato Elemental	6	Mujer	1199,7212795119
27	Andorra-Sierra de Arcos	4	ESO, EGB, Bachillerato Elemental	6	Mujer	1544,7953427706
28	Bajo Aragón	4	ESO, EGB, Bachillerato Elemental	6	Mujer	3808,2588532757
29	Comunidad de Teruel	4	ESO, EGB, Bachillerato Elemental	6	Mujer	5156,8988258969
30	Maestrazgo	4	ESO, EGB, Bachillerato Elemental	6	Mujer	469,0038925642
31	Sierra de Albarracín	4	ESO, EGB, Bachillerato Elemental	6	Mujer	630,8967225718
32	Gúdar-Javalambre	4	ESO, EGB, Bachillerato Elemental	6	Mujer	893,7671252887
33	Matarraña / Matarranya	4	ESO, EGB, Bachillerato Elemental	6	Mujer	1210,760626616
01	La Jacetania	5	Bachillerato Superior	6	Mujer	1026,0419548844
02	Alto Gállego	5	Bachillerato Superior	6	Mujer	705,2336768021
03	Sobrarbe	5	Bachillerato Superior	6	Mujer	351,1711283969
04	La Ribagorza	5	Bachillerato Superior	6	Mujer	623,2139055443
05	Cinco Villas	5	Bachillerato Superior	6	Mujer	1006,6549190989
06	Hoya de Huesca / Plana de Uesca	5	Bachillerato Superior	6	Mujer	3034,3958022656
07	Somontano de Barbastro	5	Bachillerato Superior	6	Mujer	860,9405040287
08	Cinca Medio	5	Bachillerato Superior	6	Mujer	834,5747870177
09	La Litera / La Llitera	5	Bachillerato Superior	6	Mujer	634,6194569012
10	Los Monegros	5	Bachillerato Superior	6	Mujer	653,6472830349
11	Bajo Cinca / Baix Cinca	5	Bachillerato Superior	6	Mujer	821,8506205381
12	Tarazona y el Moncayo	5	Bachillerato Superior	6	Mujer	537,3361152543
13	Campo de Borja	5	Bachillerato Superior	6	Mujer	487,8391487202
14	Aranda	5	Bachillerato Superior	6	Mujer	129,5531798385
15	Ribera Alta del Ebro	5	Bachillerato Superior	6	Mujer	864,4200439538
16	Valdejalón	5	Bachillerato Superior	6	Mujer	1351,994568485
17	D.C. Zaragoza	5	Bachillerato Superior	6	Mujer	34316,3668301987
18	Ribera Baja del Ebro	5	Bachillerato Superior	6	Mujer	250,2617762656
19	Bajo Aragón-Caspe / Baix Aragó-Casp	5	Bachillerato Superior	6	Mujer	364,5999116458
20	Comunidad de Calatayud	5	Bachillerato Superior	6	Mujer	1103,7762127704
21	Campo de Cariñena	5	Bachillerato Superior	6	Mujer	345,7334777016
22	Campo de Belchite	5	Bachillerato Superior	6	Mujer	106,7991998792
23	Bajo Martín	5	Bachillerato Superior	6	Mujer	108,8252667363
24	Campo de Daroca	5	Bachillerato Superior	6	Mujer	214,5583205969
25	Jiloca	5	Bachillerato Superior	6	Mujer	322,7277878048
26	Cuencas Mineras	5	Bachillerato Superior	6	Mujer	176,2721840524
27	Andorra-Sierra de Arcos	5	Bachillerato Superior	6	Mujer	323,8223867849
28	Bajo Aragón	5	Bachillerato Superior	6	Mujer	911,3864424254
29	Comunidad de Teruel	5	Bachillerato Superior	6	Mujer	1976,3316551828
30	Maestrazgo	5	Bachillerato Superior	6	Mujer	85,5675621282
31	Sierra de Albarracín	5	Bachillerato Superior	6	Mujer	91,0395617309
32	Gúdar-Javalambre	5	Bachillerato Superior	6	Mujer	234,9402476138
33	Matarraña / Matarranya	5	Bachillerato Superior	6	Mujer	225,3954704327
01	La Jacetania	6	FP Grado Medio	6	Mujer	458,3158968064
02	Alto Gállego	6	FP Grado Medio	6	Mujer	352,8005670713
03	Sobrarbe	6	FP Grado Medio	6	Mujer	149,2850971541
04	La Ribagorza	6	FP Grado Medio	6	Mujer	285,9273102834
05	Cinco Villas	6	FP Grado Medio	6	Mujer	838,6172846825
06	Hoya de Huesca / Plana de Uesca	6	FP Grado Medio	6	Mujer	1591,6490031023
07	Somontano de Barbastro	6	FP Grado Medio	6	Mujer	470,7777115896
08	Cinca Medio	6	FP Grado Medio	6	Mujer	612,3429644328
09	La Litera / La Llitera	6	FP Grado Medio	6	Mujer	424,00108117
10	Los Monegros	6	FP Grado Medio	6	Mujer	372,1829016275
11	Bajo Cinca / Baix Cinca	6	FP Grado Medio	6	Mujer	559,2517304771
12	Tarazona y el Moncayo	6	FP Grado Medio	6	Mujer	278,0140421413
13	Campo de Borja	6	FP Grado Medio	6	Mujer	309,1946381971
14	Aranda	6	FP Grado Medio	6	Mujer	73,0940896091
15	Ribera Alta del Ebro	6	FP Grado Medio	6	Mujer	935,0551996971
16	Valdejalón	6	FP Grado Medio	6	Mujer	590,1200370906
17	D.C. Zaragoza	6	FP Grado Medio	6	Mujer	19493,2758273511
18	Ribera Baja del Ebro	6	FP Grado Medio	6	Mujer	288,104606143
19	Bajo Aragón-Caspe / Baix Aragó-Casp	6	FP Grado Medio	6	Mujer	308,1856482686
20	Comunidad de Calatayud	6	FP Grado Medio	6	Mujer	915,7991178545
21	Campo de Cariñena	6	FP Grado Medio	6	Mujer	172,2368963151
22	Campo de Belchite	6	FP Grado Medio	6	Mujer	82,5667758499
23	Bajo Martín	6	FP Grado Medio	6	Mujer	80,7905358195
24	Campo de Daroca	6	FP Grado Medio	6	Mujer	111,9035816791
25	Jiloca	6	FP Grado Medio	6	Mujer	272,6965153134
26	Cuencas Mineras	6	FP Grado Medio	6	Mujer	173,3377777208
27	Andorra-Sierra de Arcos	6	FP Grado Medio	6	Mujer	242,5246620473
28	Bajo Aragón	6	FP Grado Medio	6	Mujer	724,3290890529
29	Comunidad de Teruel	6	FP Grado Medio	6	Mujer	899,29884376
30	Maestrazgo	6	FP Grado Medio	6	Mujer	54,7189507028
31	Sierra de Albarracín	6	FP Grado Medio	6	Mujer	71,3517610476
32	Gúdar-Javalambre	6	FP Grado Medio	6	Mujer	189,8809455638
33	Matarraña / Matarranya	6	FP Grado Medio	6	Mujer	174,3426439528
01	La Jacetania	7	FP Grado Superior	6	Mujer	396,8243181031
02	Alto Gállego	7	FP Grado Superior	6	Mujer	396,5026633924
03	Sobrarbe	7	FP Grado Superior	6	Mujer	120,0391266252
04	La Ribagorza	7	FP Grado Superior	6	Mujer	207,4364080628
05	Cinco Villas	7	FP Grado Superior	6	Mujer	684,349914365
06	Hoya de Huesca / Plana de Uesca	7	FP Grado Superior	6	Mujer	1138,2252144496
07	Somontano de Barbastro	7	FP Grado Superior	6	Mujer	669,3163340072
08	Cinca Medio	7	FP Grado Superior	6	Mujer	535,8371149541
09	La Litera / La Llitera	7	FP Grado Superior	6	Mujer	333,3013911836
10	Los Monegros	7	FP Grado Superior	6	Mujer	339,8050098206
11	Bajo Cinca / Baix Cinca	7	FP Grado Superior	6	Mujer	468,1131447563
12	Tarazona y el Moncayo	7	FP Grado Superior	6	Mujer	320,9672543251
13	Campo de Borja	7	FP Grado Superior	6	Mujer	212,7364690353
14	Aranda	7	FP Grado Superior	6	Mujer	58,4285163625
15	Ribera Alta del Ebro	7	FP Grado Superior	6	Mujer	713,912106171
16	Valdejalón	7	FP Grado Superior	6	Mujer	561,6913691349
17	D.C. Zaragoza	7	FP Grado Superior	6	Mujer	17531,1358820152
18	Ribera Baja del Ebro	7	FP Grado Superior	6	Mujer	134,0953788352
19	Bajo Aragón-Caspe / Baix Aragó-Casp	7	FP Grado Superior	6	Mujer	336,7946125866
20	Comunidad de Calatayud	7	FP Grado Superior	6	Mujer	745,8779304763
21	Campo de Cariñena	7	FP Grado Superior	6	Mujer	146,8721201846
22	Campo de Belchite	7	FP Grado Superior	6	Mujer	49,5424414747
23	Bajo Martín	7	FP Grado Superior	6	Mujer	126,8788470715
24	Campo de Daroca	7	FP Grado Superior	6	Mujer	104,6640897032
25	Jiloca	7	FP Grado Superior	6	Mujer	134,7049830919
26	Cuencas Mineras	7	FP Grado Superior	6	Mujer	98,77864912
27	Andorra-Sierra de Arcos	7	FP Grado Superior	6	Mujer	205,2351569468
28	Bajo Aragón	7	FP Grado Superior	6	Mujer	510,6117666309
29	Comunidad de Teruel	7	FP Grado Superior	6	Mujer	976,2734607028
30	Maestrazgo	7	FP Grado Superior	6	Mujer	53,4787494629
31	Sierra de Albarracín	7	FP Grado Superior	6	Mujer	60,4490127234
32	Gúdar-Javalambre	7	FP Grado Superior	6	Mujer	119,9710078585
33	Matarraña / Matarranya	7	FP Grado Superior	6	Mujer	100,7166616767
01	La Jacetania	8	Diplomatura	6	Mujer	702,3062153262
02	Alto Gállego	8	Diplomatura	6	Mujer	527,4884735488
03	Sobrarbe	8	Diplomatura	6	Mujer	271,1745083893
04	La Ribagorza	8	Diplomatura	6	Mujer	536,4713518645
05	Cinco Villas	8	Diplomatura	6	Mujer	917,4534049717
06	Hoya de Huesca / Plana de Uesca	8	Diplomatura	6	Mujer	3853,8771314176
07	Somontano de Barbastro	8	Diplomatura	6	Mujer	895,7386359391
08	Cinca Medio	8	Diplomatura	6	Mujer	669,3362560019
09	La Litera / La Llitera	8	Diplomatura	6	Mujer	518,2719626869
10	Los Monegros	8	Diplomatura	6	Mujer	551,3919303578
11	Bajo Cinca / Baix Cinca	8	Diplomatura	6	Mujer	737,9901908885
12	Tarazona y el Moncayo	8	Diplomatura	6	Mujer	480,1290889282
13	Campo de Borja	8	Diplomatura	6	Mujer	223,5818890588
14	Aranda	8	Diplomatura	6	Mujer	96,3725253131
15	Ribera Alta del Ebro	8	Diplomatura	6	Mujer	597,8977332539
16	Valdejalón	8	Diplomatura	6	Mujer	626,9705225533
17	D.C. Zaragoza	8	Diplomatura	6	Mujer	31905,0839480997
18	Ribera Baja del Ebro	8	Diplomatura	6	Mujer	168,0951121025
19	Bajo Aragón-Caspe / Baix Aragó-Casp	8	Diplomatura	6	Mujer	221,8469572462
20	Comunidad de Calatayud	8	Diplomatura	6	Mujer	1133,9614388224
21	Campo de Cariñena	8	Diplomatura	6	Mujer	190,8731513394
22	Campo de Belchite	8	Diplomatura	6	Mujer	88,5521358932
23	Bajo Martín	8	Diplomatura	6	Mujer	101,5248700691
24	Campo de Daroca	8	Diplomatura	6	Mujer	147,2968137901
25	Jiloca	8	Diplomatura	6	Mujer	351,1517275594
26	Cuencas Mineras	8	Diplomatura	6	Mujer	144,8570221497
27	Andorra-Sierra de Arcos	8	Diplomatura	6	Mujer	164,0565869275
28	Bajo Aragón	8	Diplomatura	6	Mujer	943,3055184009
29	Comunidad de Teruel	8	Diplomatura	6	Mujer	1848,1516166213
30	Maestrazgo	8	Diplomatura	6	Mujer	60,6820453235
31	Sierra de Albarracín	8	Diplomatura	6	Mujer	105,962803885
32	Gúdar-Javalambre	8	Diplomatura	6	Mujer	173,9581672225
33	Matarraña / Matarranya	8	Diplomatura	6	Mujer	164,3480719659
01	La Jacetania	9	Licenciatura y Grado	6	Mujer	113,0537603463
02	Alto Gállego	9	Licenciatura y Grado	6	Mujer	93,2690810446
03	Sobrarbe	9	Licenciatura y Grado	6	Mujer	70,3955809256
04	La Ribagorza	9	Licenciatura y Grado	6	Mujer	85,5692927583
05	Cinco Villas	9	Licenciatura y Grado	6	Mujer	112,6380052325
06	Hoya de Huesca / Plana de Uesca	9	Licenciatura y Grado	6	Mujer	509,3851884604
07	Somontano de Barbastro	9	Licenciatura y Grado	6	Mujer	73,3258139127
08	Cinca Medio	9	Licenciatura y Grado	6	Mujer	87,3259923714
09	La Litera / La Llitera	9	Licenciatura y Grado	6	Mujer	59,4901187005
10	Los Monegros	9	Licenciatura y Grado	6	Mujer	78,9754991568
11	Bajo Cinca / Baix Cinca	9	Licenciatura y Grado	6	Mujer	98,1533289005
12	Tarazona y el Moncayo	9	Licenciatura y Grado	6	Mujer	49,4656751569
13	Campo de Borja	9	Licenciatura y Grado	6	Mujer	39,7306558751
14	Aranda	9	Licenciatura y Grado	6	Mujer	11,2719316534
15	Ribera Alta del Ebro	9	Licenciatura y Grado	6	Mujer	122,7486086668
16	Valdejalón	9	Licenciatura y Grado	6	Mujer	163,0850612038
17	D.C. Zaragoza	9	Licenciatura y Grado	6	Mujer	5749,3448011614
18	Ribera Baja del Ebro	9	Licenciatura y Grado	6	Mujer	33,1934050273
19	Bajo Aragón-Caspe / Baix Aragó-Casp	9	Licenciatura y Grado	6	Mujer	22,9155963947
20	Comunidad de Calatayud	9	Licenciatura y Grado	6	Mujer	193,8986512616
21	Campo de Cariñena	9	Licenciatura y Grado	6	Mujer	43,895620031
22	Campo de Belchite	9	Licenciatura y Grado	6	Mujer	6,1667214063
23	Bajo Martín	9	Licenciatura y Grado	6	Mujer	13,9528910827
24	Campo de Daroca	9	Licenciatura y Grado	6	Mujer	8,2253266746
25	Jiloca	9	Licenciatura y Grado	6	Mujer	15,0044609144
26	Cuencas Mineras	9	Licenciatura y Grado	6	Mujer	19,7372218632
27	Andorra-Sierra de Arcos	9	Licenciatura y Grado	6	Mujer	47,3155107232
28	Bajo Aragón	9	Licenciatura y Grado	6	Mujer	95,2323985858
29	Comunidad de Teruel	9	Licenciatura y Grado	6	Mujer	218,9440389352
30	Maestrazgo	9	Licenciatura y Grado	6	Mujer	10,8794526022
31	Sierra de Albarracín	9	Licenciatura y Grado	6	Mujer	28,4670729182
32	Gúdar-Javalambre	9	Licenciatura y Grado	6	Mujer	32,7047536585
33	Matarraña / Matarranya	9	Licenciatura y Grado	6	Mujer	24,3362276564
01	La Jacetania	10	Licenciatura y Grado	6	Mujer	506,303858706
02	Alto Gállego	10	Licenciatura y Grado	6	Mujer	405,6366494063
03	Sobrarbe	10	Licenciatura y Grado	6	Mujer	188,7434011843
04	La Ribagorza	10	Licenciatura y Grado	6	Mujer	328,3235550987
05	Cinco Villas	10	Licenciatura y Grado	6	Mujer	379,7488712797
06	Hoya de Huesca / Plana de Uesca	10	Licenciatura y Grado	6	Mujer	2426,4611239862
07	Somontano de Barbastro	10	Licenciatura y Grado	6	Mujer	508,8784965193
08	Cinca Medio	10	Licenciatura y Grado	6	Mujer	351,5149063045
09	La Litera / La Llitera	10	Licenciatura y Grado	6	Mujer	244,1019424668
10	Los Monegros	10	Licenciatura y Grado	6	Mujer	289,6357713787
11	Bajo Cinca / Baix Cinca	10	Licenciatura y Grado	6	Mujer	325,3113591047
12	Tarazona y el Moncayo	10	Licenciatura y Grado	6	Mujer	242,2480512051
13	Campo de Borja	10	Licenciatura y Grado	6	Mujer	167,8834816729
14	Aranda	10	Licenciatura y Grado	6	Mujer	28,6627212535
15	Ribera Alta del Ebro	10	Licenciatura y Grado	6	Mujer	421,1769569192
16	Valdejalón	10	Licenciatura y Grado	6	Mujer	390,7764133178
17	D.C. Zaragoza	10	Licenciatura y Grado	6	Mujer	30498,9280720361
18	Ribera Baja del Ebro	10	Licenciatura y Grado	6	Mujer	126,4617744768
19	Bajo Aragón-Caspe / Baix Aragó-Casp	10	Licenciatura y Grado	6	Mujer	226,7583383483
20	Comunidad de Calatayud	10	Licenciatura y Grado	6	Mujer	595,3600521014
21	Campo de Cariñena	10	Licenciatura y Grado	6	Mujer	213,2189303873
22	Campo de Belchite	10	Licenciatura y Grado	6	Mujer	41,4331145706
23	Bajo Martín	10	Licenciatura y Grado	6	Mujer	85,9925423952
24	Campo de Daroca	10	Licenciatura y Grado	6	Mujer	81,0671558137
25	Jiloca	10	Licenciatura y Grado	6	Mujer	203,7952451719
26	Cuencas Mineras	10	Licenciatura y Grado	6	Mujer	114,4734193477
27	Andorra-Sierra de Arcos	10	Licenciatura y Grado	6	Mujer	119,0981997437
28	Bajo Aragón	10	Licenciatura y Grado	6	Mujer	548,7521246257
29	Comunidad de Teruel	10	Licenciatura y Grado	6	Mujer	1325,5379757935
30	Maestrazgo	10	Licenciatura y Grado	6	Mujer	33,6689462274
31	Sierra de Albarracín	10	Licenciatura y Grado	6	Mujer	64,8422901769
32	Gúdar-Javalambre	10	Licenciatura y Grado	6	Mujer	114,6477330597
33	Matarraña / Matarranya	10	Licenciatura y Grado	6	Mujer	128,2792362448
01	La Jacetania	11	Doctorado y Máster	6	Mujer	44,8952588361
02	Alto Gállego	11	Doctorado y Máster	6	Mujer	8,019077651
03	Sobrarbe	11	Doctorado y Máster	6	Mujer	24,4435686092
04	La Ribagorza	11	Doctorado y Máster	6	Mujer	26,8913334846
05	Cinco Villas	11	Doctorado y Máster	6	Mujer	25,1276343746
06	Hoya de Huesca / Plana de Uesca	11	Doctorado y Máster	6	Mujer	289,262662162
07	Somontano de Barbastro	11	Doctorado y Máster	6	Mujer	150,9111599279
08	Cinca Medio	11	Doctorado y Máster	6	Mujer	49,3016457224
09	La Litera / La Llitera	11	Doctorado y Máster	6	Mujer	40,0108045963
10	Los Monegros	11	Doctorado y Máster	6	Mujer	42,7605541277
11	Bajo Cinca / Baix Cinca	11	Doctorado y Máster	6	Mujer	28,6776237364
12	Tarazona y el Moncayo	11	Doctorado y Máster	6	Mujer	28,309154213
13	Campo de Borja	11	Doctorado y Máster	6	Mujer	18,8219011298
14	Aranda	11	Doctorado y Máster	6	Mujer	8,1679062821
15	Ribera Alta del Ebro	11	Doctorado y Máster	6	Mujer	22,898093008
16	Valdejalón	11	Doctorado y Máster	6	Mujer	47,1828340662
17	D.C. Zaragoza	11	Doctorado y Máster	6	Mujer	4166,4381440934
18	Ribera Baja del Ebro	11	Doctorado y Máster	6	Mujer	6,2748875532
19	Bajo Aragón-Caspe / Baix Aragó-Casp	11	Doctorado y Máster	6	Mujer	27,6844813314
20	Comunidad de Calatayud	11	Doctorado y Máster	6	Mujer	99,5414194347
21	Campo de Cariñena	11	Doctorado y Máster	6	Mujer	14,1633154044
22	Campo de Belchite	11	Doctorado y Máster	6	Mujer	5,3517007844
23	Bajo Martín	11	Doctorado y Máster	6	Mujer	2,8067716944
24	Campo de Daroca	11	Doctorado y Máster	6	Mujer	6,4879679518
25	Jiloca	11	Doctorado y Máster	6	Mujer	17,7391491717
26	Cuencas Mineras	11	Doctorado y Máster	6	Mujer	21,4553280973
27	Andorra-Sierra de Arcos	11	Doctorado y Máster	6	Mujer	16,4026369824
28	Bajo Aragón	11	Doctorado y Máster	6	Mujer	30,5725574368
29	Comunidad de Teruel	11	Doctorado y Máster	6	Mujer	116,3339154648
30	Maestrazgo	11	Doctorado y Máster	6	Mujer	10,8604819764
31	Sierra de Albarracín	11	Doctorado y Máster	6	Mujer	3,7195646562
32	Gúdar-Javalambre	11	Doctorado y Máster	6	Mujer	9,5484060329
33	Matarraña / Matarranya	11	Doctorado y Máster	6	Mujer	12,8241339502
01	La Jacetania	12	Doctorado y Máster	6	Mujer	109,2675339214
02	Alto Gállego	12	Doctorado y Máster	6	Mujer	11,0069722508
03	Sobrarbe	12	Doctorado y Máster	6	Mujer	9,628198712
04	La Ribagorza	12	Doctorado y Máster	6	Mujer	26,943905669
05	Cinco Villas	12	Doctorado y Máster	6	Mujer	30,2638340389
06	Hoya de Huesca / Plana de Uesca	12	Doctorado y Máster	6	Mujer	159,121260819
07	Somontano de Barbastro	12	Doctorado y Máster	6	Mujer	26,0393061448
08	Cinca Medio	12	Doctorado y Máster	6	Mujer	14,9101806663
10	Los Monegros	12	Doctorado y Máster	6	Mujer	26,8770095327
11	Bajo Cinca / Baix Cinca	12	Doctorado y Máster	6	Mujer	15,6557810937
12	Tarazona y el Moncayo	12	Doctorado y Máster	6	Mujer	5,5134309848
13	Campo de Borja	12	Doctorado y Máster	6	Mujer	0,9655305983
15	Ribera Alta del Ebro	12	Doctorado y Máster	6	Mujer	20,1888652489
16	Valdejalón	12	Doctorado y Máster	6	Mujer	21,5999211902
17	D.C. Zaragoza	12	Doctorado y Máster	6	Mujer	2563,8293801345
18	Ribera Baja del Ebro	12	Doctorado y Máster	6	Mujer	0,9225134935
20	Comunidad de Calatayud	12	Doctorado y Máster	6	Mujer	6,7975875052
21	Campo de Cariñena	12	Doctorado y Máster	6	Mujer	1,4259904375
22	Campo de Belchite	12	Doctorado y Máster	6	Mujer	0,7564357664
23	Bajo Martín	12	Doctorado y Máster	6	Mujer	0,8867527024
25	Jiloca	12	Doctorado y Máster	6	Mujer	14,2380048149
27	Andorra-Sierra de Arcos	12	Doctorado y Máster	6	Mujer	3,1276796455
28	Bajo Aragón	12	Doctorado y Máster	6	Mujer	26,244018439
29	Comunidad de Teruel	12	Doctorado y Máster	6	Mujer	67,6980832466
30	Maestrazgo	12	Doctorado y Máster	6	Mujer	0,9394793647
31	Sierra de Albarracín	12	Doctorado y Máster	6	Mujer	1,5216002119
32	Gúdar-Javalambre	12	Doctorado y Máster	6	Mujer	7,5348204523
33	Matarraña / Matarranya	12	Doctorado y Máster	6	Mujer	11,904785649