Provincia código	Provincia nombre	Tipo estudios	Edad	Sexo	Personas residentes viviendas familiares
22	Huesca	Derecho	25 a 44	Varones	514
22	Huesca	Derecho	45 a 64	Varones	197
22	Huesca	Derecho	65 y más	Varones	88
22	Huesca	Derecho	25 a 44	Mujeres	692
22	Huesca	Derecho	45 a 64	Mujeres	54
22	Huesca	Derecho	65 y más	Mujeres	14
22	Huesca	Magisterio, Educación infantil...	25 a 44	Varones	571
22	Huesca	Magisterio, Educación infantil...	45 a 64	Varones	491
22	Huesca	Magisterio, Educación infantil...	65 y más	Varones	132
22	Huesca	Magisterio, Educación infantil...	25 a 44	Mujeres	1872
22	Huesca	Magisterio, Educación infantil...	45 a 64	Mujeres	1110
22	Huesca	Magisterio, Educación infantil...	65 y más	Mujeres	444
22	Huesca	Ciencias Sociales	25 a 44	Varones	1593
22	Huesca	Ciencias Sociales	45 a 64	Varones	404
22	Huesca	Ciencias Sociales	65 y más	Varones	136
22	Huesca	Ciencias Sociales	25 a 44	Mujeres	3543
22	Huesca	Ciencias Sociales	45 a 64	Mujeres	364
22	Huesca	Ciencias Sociales	65 y más	Mujeres	62
22	Huesca	Artes y Humanidades	25 a 44	Varones	520
22	Huesca	Artes y Humanidades	45 a 64	Varones	255
22	Huesca	Artes y Humanidades	65 y más	Varones	72
22	Huesca	Artes y Humanidades	25 a 44	Mujeres	1084
22	Huesca	Artes y Humanidades	45 a 64	Mujeres	301
22	Huesca	Artes y Humanidades	65 y más	Mujeres	38
22	Huesca	Informática	25 a 44	Varones	283
22	Huesca	Informática	45 a 64	Varones	27
22	Huesca	Informática	65 y más	Varones	2
22	Huesca	Informática	25 a 44	Mujeres	213
22	Huesca	Informática	45 a 64	Mujeres	9
22	Huesca	Informática	65 y más	Mujeres	1
22	Huesca	Ingenierías	25 a 44	Varones	1186
22	Huesca	Ingenierías	45 a 64	Varones	397
22	Huesca	Ingenierías	65 y más	Varones	85
22	Huesca	Ingenierías	25 a 44	Mujeres	342
22	Huesca	Ingenierías	45 a 64	Mujeres	23
22	Huesca	Ingenierías	65 y más	Mujeres	3
22	Huesca	Formación Técnica e Industrial	25 a 44	Varones	3682
22	Huesca	Formación Técnica e Industrial	45 a 64	Varones	1049
22	Huesca	Formación Técnica e Industrial	65 y más	Varones	127
22	Huesca	Formación Técnica e Industrial	25 a 44	Mujeres	1010
22	Huesca	Formación Técnica e Industrial	45 a 64	Mujeres	128
22	Huesca	Formación Técnica e Industrial	65 y más	Mujeres	23
22	Huesca	Ciencias	25 a 44	Varones	475
22	Huesca	Ciencias	45 a 64	Varones	179
22	Huesca	Ciencias	65 y más	Varones	34
22	Huesca	Ciencias	25 a 44	Mujeres	462
22	Huesca	Ciencias	45 a 64	Mujeres	76
22	Huesca	Ciencias	65 y más	Mujeres	11
22	Huesca	Arquitectura o Construcción	25 a 44	Varones	239
22	Huesca	Arquitectura o Construcción	45 a 64	Varones	138
22	Huesca	Arquitectura o Construcción	65 y más	Varones	21
22	Huesca	Arquitectura o Construcción	25 a 44	Mujeres	114
22	Huesca	Arquitectura o Construcción	45 a 64	Mujeres	18
22	Huesca	Arquitectura o Construcción	65 y más	Mujeres	3
22	Huesca	Agricultura, Veterinaria,...	25 a 44	Varones	1133
22	Huesca	Agricultura, Veterinaria,...	45 a 64	Varones	256
22	Huesca	Agricultura, Veterinaria,...	65 y más	Varones	46
22	Huesca	Agricultura, Veterinaria,...	25 a 44	Mujeres	223
22	Huesca	Agricultura, Veterinaria,...	45 a 64	Mujeres	31
22	Huesca	Salud, Servicios Sociales	25 a 44	Varones	589
22	Huesca	Salud, Servicios Sociales	45 a 64	Varones	389
22	Huesca	Salud, Servicios Sociales	65 y más	Varones	115
22	Huesca	Salud, Servicios Sociales	25 a 44	Mujeres	2409
22	Huesca	Salud, Servicios Sociales	45 a 64	Mujeres	660
22	Huesca	Salud, Servicios Sociales	65 y más	Mujeres	128
22	Huesca	Otros Servicios	25 a 44	Varones	648
22	Huesca	Otros Servicios	45 a 64	Varones	182
22	Huesca	Otros Servicios	65 y más	Varones	70
22	Huesca	Otros Servicios	25 a 44	Mujeres	1105
22	Huesca	Otros Servicios	45 a 64	Mujeres	140
22	Huesca	Otros Servicios	65 y más	Mujeres	14
44	Teruel	Derecho	25 a 44	Varones	327
44	Teruel	Derecho	45 a 64	Varones	97
44	Teruel	Derecho	65 y más	Varones	27
44	Teruel	Derecho	25 a 44	Mujeres	334
44	Teruel	Derecho	45 a 64	Mujeres	25
44	Teruel	Derecho	65 y más	Mujeres	6
44	Teruel	Magisterio, Educación infantil...	25 a 44	Varones	419
44	Teruel	Magisterio, Educación infantil...	45 a 64	Varones	336
44	Teruel	Magisterio, Educación infantil...	65 y más	Varones	68
44	Teruel	Magisterio, Educación infantil...	25 a 44	Mujeres	996
44	Teruel	Magisterio, Educación infantil...	45 a 64	Mujeres	433
44	Teruel	Magisterio, Educación infantil...	65 y más	Mujeres	166
44	Teruel	Ciencias Sociales	25 a 44	Varones	667
44	Teruel	Ciencias Sociales	45 a 64	Varones	178
44	Teruel	Ciencias Sociales	65 y más	Varones	70
44	Teruel	Ciencias Sociales	25 a 44	Mujeres	1661
44	Teruel	Ciencias Sociales	45 a 64	Mujeres	125
44	Teruel	Ciencias Sociales	65 y más	Mujeres	17
44	Teruel	Artes y Humanidades	25 a 44	Varones	315
44	Teruel	Artes y Humanidades	45 a 64	Varones	119
44	Teruel	Artes y Humanidades	65 y más	Varones	34
44	Teruel	Artes y Humanidades	25 a 44	Mujeres	505
44	Teruel	Artes y Humanidades	45 a 64	Mujeres	100
44	Teruel	Artes y Humanidades	65 y más	Mujeres	21
44	Teruel	Informática	25 a 44	Varones	141
44	Teruel	Informática	45 a 64	Varones	13
44	Teruel	Informática	25 a 44	Mujeres	124
44	Teruel	Informática	45 a 64	Mujeres	3
44	Teruel	Informática	65 y más	Mujeres	1
44	Teruel	Ingenierías	25 a 44	Varones	530
44	Teruel	Ingenierías	45 a 64	Varones	138
44	Teruel	Ingenierías	65 y más	Varones	29
44	Teruel	Ingenierías	25 a 44	Mujeres	146
44	Teruel	Ingenierías	45 a 64	Mujeres	11
44	Teruel	Ingenierías	65 y más	Mujeres	3
44	Teruel	Formación Técnica e Industrial	25 a 44	Varones	2369
44	Teruel	Formación Técnica e Industrial	45 a 64	Varones	531
44	Teruel	Formación Técnica e Industrial	65 y más	Varones	37
44	Teruel	Formación Técnica e Industrial	25 a 44	Mujeres	629
44	Teruel	Formación Técnica e Industrial	45 a 64	Mujeres	71
44	Teruel	Formación Técnica e Industrial	65 y más	Mujeres	7
44	Teruel	Ciencias	25 a 44	Varones	211
44	Teruel	Ciencias	45 a 64	Varones	78
44	Teruel	Ciencias	65 y más	Varones	7
44	Teruel	Ciencias	25 a 44	Mujeres	207
44	Teruel	Ciencias	45 a 64	Mujeres	38
44	Teruel	Ciencias	65 y más	Mujeres	2
44	Teruel	Arquitectura o Construcción	25 a 44	Varones	111
44	Teruel	Arquitectura o Construcción	45 a 64	Varones	56
44	Teruel	Arquitectura o Construcción	65 y más	Varones	8
44	Teruel	Arquitectura o Construcción	25 a 44	Mujeres	71
44	Teruel	Arquitectura o Construcción	45 a 64	Mujeres	5
44	Teruel	Agricultura, Veterinaria,...	25 a 44	Varones	357
44	Teruel	Agricultura, Veterinaria,...	45 a 64	Varones	70
44	Teruel	Agricultura, Veterinaria,...	65 y más	Varones	21
44	Teruel	Agricultura, Veterinaria,...	25 a 44	Mujeres	87
44	Teruel	Agricultura, Veterinaria,...	45 a 64	Mujeres	9
44	Teruel	Agricultura, Veterinaria,...	65 y más	Mujeres	4
44	Teruel	Salud, Servicios Sociales	25 a 44	Varones	357
44	Teruel	Salud, Servicios Sociales	45 a 64	Varones	206
44	Teruel	Salud, Servicios Sociales	65 y más	Varones	53
44	Teruel	Salud, Servicios Sociales	25 a 44	Mujeres	1597
44	Teruel	Salud, Servicios Sociales	45 a 64	Mujeres	331
44	Teruel	Salud, Servicios Sociales	65 y más	Mujeres	43
44	Teruel	Otros Servicios	25 a 44	Varones	138
44	Teruel	Otros Servicios	45 a 64	Varones	53
44	Teruel	Otros Servicios	65 y más	Varones	12
44	Teruel	Otros Servicios	25 a 44	Mujeres	342
44	Teruel	Otros Servicios	45 a 64	Mujeres	62
44	Teruel	Otros Servicios	65 y más	Mujeres	4
50	Zaragoza	Derecho	25 a 44	Varones	3677
50	Zaragoza	Derecho	45 a 64	Varones	1398
50	Zaragoza	Derecho	65 y más	Varones	662
50	Zaragoza	Derecho	25 a 44	Mujeres	4527
50	Zaragoza	Derecho	45 a 64	Mujeres	600
50	Zaragoza	Derecho	65 y más	Mujeres	82
50	Zaragoza	Magisterio, Educación infantil...	25 a 44	Varones	1770
50	Zaragoza	Magisterio, Educación infantil...	45 a 64	Varones	1565
50	Zaragoza	Magisterio, Educación infantil...	65 y más	Varones	548
50	Zaragoza	Magisterio, Educación infantil...	25 a 44	Mujeres	6419
50	Zaragoza	Magisterio, Educación infantil...	45 a 64	Mujeres	3449
50	Zaragoza	Magisterio, Educación infantil...	65 y más	Mujeres	1564
50	Zaragoza	Ciencias Sociales	25 a 44	Varones	8581
50	Zaragoza	Ciencias Sociales	45 a 64	Varones	3039
50	Zaragoza	Ciencias Sociales	65 y más	Varones	992
50	Zaragoza	Ciencias Sociales	25 a 44	Mujeres	14928
50	Zaragoza	Ciencias Sociales	45 a 64	Mujeres	2451
50	Zaragoza	Ciencias Sociales	65 y más	Mujeres	560
50	Zaragoza	Artes y Humanidades	25 a 44	Varones	3146
50	Zaragoza	Artes y Humanidades	45 a 64	Varones	1413
50	Zaragoza	Artes y Humanidades	65 y más	Varones	323
50	Zaragoza	Artes y Humanidades	25 a 44	Mujeres	5398
50	Zaragoza	Artes y Humanidades	45 a 64	Mujeres	2042
50	Zaragoza	Artes y Humanidades	65 y más	Mujeres	304
50	Zaragoza	Informática	25 a 44	Varones	2766
50	Zaragoza	Informática	45 a 64	Varones	196
50	Zaragoza	Informática	65 y más	Varones	26
50	Zaragoza	Informática	25 a 44	Mujeres	2640
50	Zaragoza	Informática	45 a 64	Mujeres	83
50	Zaragoza	Informática	65 y más	Mujeres	16
50	Zaragoza	Ingenierías	25 a 44	Varones	6870
50	Zaragoza	Ingenierías	45 a 64	Varones	2608
50	Zaragoza	Ingenierías	65 y más	Varones	584
50	Zaragoza	Ingenierías	25 a 44	Mujeres	1703
50	Zaragoza	Ingenierías	45 a 64	Mujeres	128
50	Zaragoza	Ingenierías	65 y más	Mujeres	19
50	Zaragoza	Formación Técnica e Industrial	25 a 44	Varones	21016
50	Zaragoza	Formación Técnica e Industrial	45 a 64	Varones	6875
50	Zaragoza	Formación Técnica e Industrial	65 y más	Varones	912
50	Zaragoza	Formación Técnica e Industrial	25 a 44	Mujeres	5154
50	Zaragoza	Formación Técnica e Industrial	45 a 64	Mujeres	699
50	Zaragoza	Formación Técnica e Industrial	65 y más	Mujeres	114
50	Zaragoza	Ciencias	25 a 44	Varones	2524
50	Zaragoza	Ciencias	45 a 64	Varones	1159
50	Zaragoza	Ciencias	65 y más	Varones	277
50	Zaragoza	Ciencias	25 a 44	Mujeres	2621
50	Zaragoza	Ciencias	45 a 64	Mujeres	548
50	Zaragoza	Ciencias	65 y más	Mujeres	124
50	Zaragoza	Arquitectura o Construcción	25 a 44	Varones	936
50	Zaragoza	Arquitectura o Construcción	45 a 64	Varones	744
50	Zaragoza	Arquitectura o Construcción	65 y más	Varones	138
50	Zaragoza	Arquitectura o Construcción	25 a 44	Mujeres	406
50	Zaragoza	Arquitectura o Construcción	45 a 64	Mujeres	115
50	Zaragoza	Arquitectura o Construcción	65 y más	Mujeres	23
50	Zaragoza	Agricultura, Veterinaria,...	25 a 44	Varones	1812
50	Zaragoza	Agricultura, Veterinaria,...	45 a 64	Varones	431
50	Zaragoza	Agricultura, Veterinaria,...	65 y más	Varones	210
50	Zaragoza	Agricultura, Veterinaria,...	25 a 44	Mujeres	881
50	Zaragoza	Agricultura, Veterinaria,...	45 a 64	Mujeres	102
50	Zaragoza	Agricultura, Veterinaria,...	65 y más	Mujeres	16
50	Zaragoza	Salud, Servicios Sociales	25 a 44	Varones	3167
50	Zaragoza	Salud, Servicios Sociales	45 a 64	Varones	2376
50	Zaragoza	Salud, Servicios Sociales	65 y más	Varones	749
50	Zaragoza	Salud, Servicios Sociales	25 a 44	Mujeres	11122
50	Zaragoza	Salud, Servicios Sociales	45 a 64	Mujeres	4294
50	Zaragoza	Salud, Servicios Sociales	65 y más	Mujeres	623
50	Zaragoza	Otros Servicios	25 a 44	Varones	2495
50	Zaragoza	Otros Servicios	45 a 64	Varones	1122
50	Zaragoza	Otros Servicios	65 y más	Varones	507
50	Zaragoza	Otros Servicios	25 a 44	Mujeres	4568
50	Zaragoza	Otros Servicios	45 a 64	Mujeres	849
50	Zaragoza	Otros Servicios	65 y más	Mujeres	96