Comarca código	Comarca nombre	Nivel estudios (agregado)	Personas residentes viviendas familiares	Nivel estudios (detalle)
01	La Jacetania	Analfabetos	137	No sabe leer o escribir
01	La Jacetania	Sin estudios	970	Sin estudios
01	La Jacetania	Primer grado	4054	Primer grado
01	La Jacetania	Segundo grado	576	FP Grado Superior
01	La Jacetania	Segundo grado	667	FP Grado Medio
01	La Jacetania	Segundo grado	3723	ESO, EGB, Bachillerato Ele.
01	La Jacetania	Segundo grado	1944	Bachillerato Superior
01	La Jacetania	Tercer grado	70	Doctorado
01	La Jacetania	Tercer grado	923	Licenciatura
01	La Jacetania	Tercer grado	1157	Diplomatura
02	Alto Gállego	Analfabetos	80	No sabe leer o escribir
02	Alto Gállego	Sin estudios	838	Sin estudios
02	Alto Gállego	Primer grado	2942	Primer grado
02	Alto Gállego	Segundo grado	1127	Bachillerato Superior
02	Alto Gállego	Segundo grado	652	FP Grado Medio
02	Alto Gállego	Segundo grado	586	FP Grado Superior
02	Alto Gállego	Segundo grado	2812	ESO, EGB, Bachillerato Ele.
02	Alto Gállego	Tercer grado	582	Licenciatura
02	Alto Gállego	Tercer grado	33	Doctorado
02	Alto Gállego	Tercer grado	868	Diplomatura
03	Sobrarbe	Analfabetos	37	No sabe leer o escribir
03	Sobrarbe	Sin estudios	496	Sin estudios
03	Sobrarbe	Primer grado	1765	Primer grado
03	Sobrarbe	Segundo grado	275	FP Grado Medio
03	Sobrarbe	Segundo grado	218	FP Grado Superior
03	Sobrarbe	Segundo grado	651	Bachillerato Superior
03	Sobrarbe	Segundo grado	1805	ESO, EGB, Bachillerato Ele.
03	Sobrarbe	Tercer grado	18	Doctorado
03	Sobrarbe	Tercer grado	417	Diplomatura
03	Sobrarbe	Tercer grado	252	Licenciatura
04	La Ribagorza	Analfabetos	96	No sabe leer o escribir
04	La Ribagorza	Sin estudios	1324	Sin estudios
04	La Ribagorza	Primer grado	3152	Primer grado
04	La Ribagorza	Segundo grado	451	FP Grado Superior
04	La Ribagorza	Segundo grado	2287	ESO, EGB, Bachillerato Ele.
04	La Ribagorza	Segundo grado	540	FP Grado Medio
04	La Ribagorza	Segundo grado	1155	Bachillerato Superior
04	La Ribagorza	Tercer grado	503	Licenciatura
04	La Ribagorza	Tercer grado	29	Doctorado
04	La Ribagorza	Tercer grado	723	Diplomatura
05	Cinco Villas	Analfabetos	359	No sabe leer o escribir
05	Cinco Villas	Sin estudios	3153	Sin estudios
05	Cinco Villas	Primer grado	8847	Primer grado
05	Cinco Villas	Segundo grado	2432	Bachillerato Superior
05	Cinco Villas	Segundo grado	889	FP Grado Superior
05	Cinco Villas	Segundo grado	1309	FP Grado Medio
05	Cinco Villas	Segundo grado	8200	ESO, EGB, Bachillerato Ele.
05	Cinco Villas	Tercer grado	1407	Diplomatura
05	Cinco Villas	Tercer grado	928	Licenciatura
05	Cinco Villas	Tercer grado	42	Doctorado
06	Hoya de Huesca / Plana de Uesca	Analfabetos	424	No sabe leer o escribir
06	Hoya de Huesca / Plana de Uesca	Sin estudios	3860	Sin estudios
06	Hoya de Huesca / Plana de Uesca	Primer grado	13276	Primer grado
06	Hoya de Huesca / Plana de Uesca	Segundo grado	1971	FP Grado Medio
06	Hoya de Huesca / Plana de Uesca	Segundo grado	6596	Bachillerato Superior
06	Hoya de Huesca / Plana de Uesca	Segundo grado	1877	FP Grado Superior
06	Hoya de Huesca / Plana de Uesca	Segundo grado	13160	ESO, EGB, Bachillerato Ele.
06	Hoya de Huesca / Plana de Uesca	Tercer grado	256	Doctorado
06	Hoya de Huesca / Plana de Uesca	Tercer grado	5673	Diplomatura
06	Hoya de Huesca / Plana de Uesca	Tercer grado	3676	Licenciatura
07	Somontano de Barbastro	Analfabetos	222	No sabe leer o escribir
07	Somontano de Barbastro	Sin estudios	1886	Sin estudios
07	Somontano de Barbastro	Primer grado	5990	Primer grado
07	Somontano de Barbastro	Segundo grado	918	FP Grado Superior
07	Somontano de Barbastro	Segundo grado	1967	Bachillerato Superior
07	Somontano de Barbastro	Segundo grado	1011	FP Grado Medio
07	Somontano de Barbastro	Segundo grado	5134	ESO, EGB, Bachillerato Ele.
07	Somontano de Barbastro	Tercer grado	61	Doctorado
07	Somontano de Barbastro	Tercer grado	782	Licenciatura
07	Somontano de Barbastro	Tercer grado	1379	Diplomatura
08	Cinca Medio	Analfabetos	290	No sabe leer o escribir
08	Cinca Medio	Sin estudios	2004	Sin estudios
08	Cinca Medio	Primer grado	5547	Primer grado
08	Cinca Medio	Segundo grado	5194	ESO, EGB, Bachillerato Ele.
08	Cinca Medio	Segundo grado	1193	FP Grado Medio
08	Cinca Medio	Segundo grado	1442	Bachillerato Superior
08	Cinca Medio	Segundo grado	1227	FP Grado Superior
08	Cinca Medio	Tercer grado	699	Licenciatura
08	Cinca Medio	Tercer grado	41	Doctorado
08	Cinca Medio	Tercer grado	1207	Diplomatura
09	La Litera / La Llitera	Analfabetos	194	No sabe leer o escribir
09	La Litera / La Llitera	Sin estudios	2578	Sin estudios
09	La Litera / La Llitera	Primer grado	5102	Primer grado
09	La Litera / La Llitera	Segundo grado	1400	Bachillerato Superior
09	La Litera / La Llitera	Segundo grado	716	FP Grado Superior
09	La Litera / La Llitera	Segundo grado	656	FP Grado Medio
09	La Litera / La Llitera	Segundo grado	3987	ESO, EGB, Bachillerato Ele.
09	La Litera / La Llitera	Tercer grado	486	Licenciatura
09	La Litera / La Llitera	Tercer grado	23	Doctorado
09	La Litera / La Llitera	Tercer grado	967	Diplomatura
10	Los Monegros	Analfabetos	211	No sabe leer o escribir
10	Los Monegros	Sin estudios	2356	Sin estudios
10	Los Monegros	Primer grado	6315	Primer grado
10	Los Monegros	Segundo grado	829	FP Grado Medio
10	Los Monegros	Segundo grado	5059	ESO, EGB, Bachillerato Ele.
10	Los Monegros	Segundo grado	576	FP Grado Superior
10	Los Monegros	Segundo grado	1581	Bachillerato Superior
10	Los Monegros	Tercer grado	34	Doctorado
10	Los Monegros	Tercer grado	961	Diplomatura
10	Los Monegros	Tercer grado	541	Licenciatura
11	Bajo Cinca / Baix Cinca	Analfabetos	319	No sabe leer o escribir
11	Bajo Cinca / Baix Cinca	Sin estudios	1894	Sin estudios
11	Bajo Cinca / Baix Cinca	Primer grado	5224	Primer grado
11	Bajo Cinca / Baix Cinca	Segundo grado	7053	ESO, EGB, Bachillerato Ele.
11	Bajo Cinca / Baix Cinca	Segundo grado	695	FP Grado Medio
11	Bajo Cinca / Baix Cinca	Segundo grado	1700	Bachillerato Superior
11	Bajo Cinca / Baix Cinca	Segundo grado	755	FP Grado Superior
11	Bajo Cinca / Baix Cinca	Tercer grado	862	Diplomatura
11	Bajo Cinca / Baix Cinca	Tercer grado	13	Doctorado
11	Bajo Cinca / Baix Cinca	Tercer grado	451	Licenciatura
12	Tarazona y el Moncayo	Analfabetos	134	No sabe leer o escribir
12	Tarazona y el Moncayo	Sin estudios	1433	Sin estudios
12	Tarazona y el Moncayo	Primer grado	3952	Primer grado
12	Tarazona y el Moncayo	Segundo grado	569	FP Grado Superior
12	Tarazona y el Moncayo	Segundo grado	520	FP Grado Medio
12	Tarazona y el Moncayo	Segundo grado	1188	Bachillerato Superior
12	Tarazona y el Moncayo	Segundo grado	3144	ESO, EGB, Bachillerato Ele.
12	Tarazona y el Moncayo	Tercer grado	22	Doctorado
12	Tarazona y el Moncayo	Tercer grado	697	Diplomatura
12	Tarazona y el Moncayo	Tercer grado	397	Licenciatura
13	Campo de Borja	Analfabetos	126	No sabe leer o escribir
13	Campo de Borja	Sin estudios	1819	Sin estudios
13	Campo de Borja	Primer grado	3377	Primer grado
13	Campo de Borja	Segundo grado	622	FP Grado Medio
13	Campo de Borja	Segundo grado	831	Bachillerato Superior
13	Campo de Borja	Segundo grado	4136	ESO, EGB, Bachillerato Ele.
13	Campo de Borja	Segundo grado	364	FP Grado Superior
13	Campo de Borja	Tercer grado	330	Licenciatura
13	Campo de Borja	Tercer grado	518	Diplomatura
13	Campo de Borja	Tercer grado	18	Doctorado
14	Aranda	Analfabetos	137	No sabe leer o escribir
14	Aranda	Sin estudios	1054	Sin estudios
14	Aranda	Primer grado	2313	Primer grado
14	Aranda	Segundo grado	166	FP Grado Superior
14	Aranda	Segundo grado	373	Bachillerato Superior
14	Aranda	Segundo grado	2265	ESO, EGB, Bachillerato Ele.
14	Aranda	Segundo grado	199	FP Grado Medio
14	Aranda	Tercer grado	9	Doctorado
14	Aranda	Tercer grado	94	Licenciatura
14	Aranda	Tercer grado	202	Diplomatura
15	Ribera Alta del Ebro	Analfabetos	304	No sabe leer o escribir
15	Ribera Alta del Ebro	Sin estudios	2333	Sin estudios
15	Ribera Alta del Ebro	Primer grado	5465	Primer grado
15	Ribera Alta del Ebro	Segundo grado	807	FP Grado Superior
15	Ribera Alta del Ebro	Segundo grado	1389	Bachillerato Superior
15	Ribera Alta del Ebro	Segundo grado	1208	FP Grado Medio
15	Ribera Alta del Ebro	Segundo grado	6151	ESO, EGB, Bachillerato Ele.
15	Ribera Alta del Ebro	Tercer grado	29	Doctorado
15	Ribera Alta del Ebro	Tercer grado	454	Licenciatura
15	Ribera Alta del Ebro	Tercer grado	734	Diplomatura
16	Valdejalón	Analfabetos	356	No sabe leer o escribir
16	Valdejalón	Sin estudios	2604	Sin estudios
16	Valdejalón	Primer grado	5857	Primer grado
16	Valdejalón	Segundo grado	1418	Bachillerato Superior
16	Valdejalón	Segundo grado	919	FP Grado Medio
16	Valdejalón	Segundo grado	832	FP Grado Superior
16	Valdejalón	Segundo grado	5990	ESO, EGB, Bachillerato Ele.
16	Valdejalón	Tercer grado	974	Diplomatura
16	Valdejalón	Tercer grado	51	Doctorado
16	Valdejalón	Tercer grado	522	Licenciatura
17	D.C. Zaragoza	Analfabetos	6253	No sabe leer o escribir
17	D.C. Zaragoza	Sin estudios	44898	Sin estudios
17	D.C. Zaragoza	Primer grado	115556	Primer grado
17	D.C. Zaragoza	Segundo grado	68735	Bachillerato Superior
17	D.C. Zaragoza	Segundo grado	32835	FP Grado Medio
17	D.C. Zaragoza	Segundo grado	156188	ESO, EGB, Bachillerato Ele.
17	D.C. Zaragoza	Segundo grado	35188	FP Grado Superior
17	D.C. Zaragoza	Tercer grado	50155	Diplomatura
17	D.C. Zaragoza	Tercer grado	4754	Doctorado
17	D.C. Zaragoza	Tercer grado	44763	Licenciatura
18	Ribera Baja del Ebro	Analfabetos	122	No sabe leer o escribir
18	Ribera Baja del Ebro	Sin estudios	924	Sin estudios
18	Ribera Baja del Ebro	Primer grado	2816	Primer grado
18	Ribera Baja del Ebro	Segundo grado	420	FP Grado Medio
18	Ribera Baja del Ebro	Segundo grado	601	Bachillerato Superior
18	Ribera Baja del Ebro	Segundo grado	2498	ESO, EGB, Bachillerato Ele.
18	Ribera Baja del Ebro	Segundo grado	242	FP Grado Superior
18	Ribera Baja del Ebro	Tercer grado	307	Diplomatura
18	Ribera Baja del Ebro	Tercer grado	4	Doctorado
18	Ribera Baja del Ebro	Tercer grado	180	Licenciatura
19	Bajo Aragón-Caspe / Baix Aragó-Casp	Analfabetos	209	No sabe leer o escribir
19	Bajo Aragón-Caspe / Baix Aragó-Casp	Sin estudios	2165	Sin estudios
19	Bajo Aragón-Caspe / Baix Aragó-Casp	Primer grado	3289	Primer grado
19	Bajo Aragón-Caspe / Baix Aragó-Casp	Segundo grado	734	Bachillerato Superior
19	Bajo Aragón-Caspe / Baix Aragó-Casp	Segundo grado	3257	ESO, EGB, Bachillerato Ele.
19	Bajo Aragón-Caspe / Baix Aragó-Casp	Segundo grado	412	FP Grado Superior
19	Bajo Aragón-Caspe / Baix Aragó-Casp	Segundo grado	542	FP Grado Medio
19	Bajo Aragón-Caspe / Baix Aragó-Casp	Tercer grado	244	Licenciatura
19	Bajo Aragón-Caspe / Baix Aragó-Casp	Tercer grado	14	Doctorado
19	Bajo Aragón-Caspe / Baix Aragó-Casp	Tercer grado	410	Diplomatura
20	Comunidad de Calatayud	Analfabetos	583	No sabe leer o escribir
20	Comunidad de Calatayud	Sin estudios	4486	Sin estudios
20	Comunidad de Calatayud	Primer grado	11529	Primer grado
20	Comunidad de Calatayud	Segundo grado	1633	FP Grado Medio
20	Comunidad de Calatayud	Segundo grado	1510	FP Grado Superior
20	Comunidad de Calatayud	Segundo grado	2618	Bachillerato Superior
20	Comunidad de Calatayud	Segundo grado	9044	ESO, EGB, Bachillerato Ele.
20	Comunidad de Calatayud	Tercer grado	86	Doctorado
20	Comunidad de Calatayud	Tercer grado	1051	Licenciatura
20	Comunidad de Calatayud	Tercer grado	1664	Diplomatura
21	Campo de Cariñena	Analfabetos	122	No sabe leer o escribir
21	Campo de Cariñena	Sin estudios	912	Sin estudios
21	Campo de Cariñena	Primer grado	2390	Primer grado
21	Campo de Cariñena	Segundo grado	317	FP Grado Medio
21	Campo de Cariñena	Segundo grado	814	Bachillerato Superior
21	Campo de Cariñena	Segundo grado	3476	ESO, EGB, Bachillerato Ele.
21	Campo de Cariñena	Segundo grado	363	FP Grado Superior
21	Campo de Cariñena	Tercer grado	16	Doctorado
21	Campo de Cariñena	Tercer grado	391	Diplomatura
21	Campo de Cariñena	Tercer grado	248	Licenciatura
22	Campo de Belchite	Analfabetos	87	No sabe leer o escribir
22	Campo de Belchite	Sin estudios	974	Sin estudios
22	Campo de Belchite	Primer grado	1782	Primer grado
22	Campo de Belchite	Segundo grado	151	FP Grado Medio
22	Campo de Belchite	Segundo grado	282	Bachillerato Superior
22	Campo de Belchite	Segundo grado	1433	ESO, EGB, Bachillerato Ele.
22	Campo de Belchite	Segundo grado	109	FP Grado Superior
22	Campo de Belchite	Tercer grado	10	Doctorado
22	Campo de Belchite	Tercer grado	116	Diplomatura
22	Campo de Belchite	Tercer grado	112	Licenciatura
23	Bajo Martín	Analfabetos	140	No sabe leer o escribir
23	Bajo Martín	Sin estudios	958	Sin estudios
23	Bajo Martín	Primer grado	2699	Primer grado
23	Bajo Martín	Segundo grado	183	FP Grado Medio
23	Bajo Martín	Segundo grado	370	Bachillerato Superior
23	Bajo Martín	Segundo grado	187	FP Grado Superior
23	Bajo Martín	Segundo grado	1521	ESO, EGB, Bachillerato Ele.
23	Bajo Martín	Tercer grado	8	Doctorado
23	Bajo Martín	Tercer grado	207	Diplomatura
23	Bajo Martín	Tercer grado	132	Licenciatura
24	Campo de Daroca	Analfabetos	89	No sabe leer o escribir
24	Campo de Daroca	Sin estudios	1164	Sin estudios
24	Campo de Daroca	Primer grado	2096	Primer grado
24	Campo de Daroca	Segundo grado	1203	ESO, EGB, Bachillerato Ele.
24	Campo de Daroca	Segundo grado	466	Bachillerato Superior
24	Campo de Daroca	Segundo grado	189	FP Grado Medio
24	Campo de Daroca	Segundo grado	163	FP Grado Superior
24	Campo de Daroca	Tercer grado	186	Licenciatura
24	Campo de Daroca	Tercer grado	258	Diplomatura
24	Campo de Daroca	Tercer grado	12	Doctorado
25	Jiloca	Analfabetos	139	No sabe leer o escribir
25	Jiloca	Sin estudios	1553	Sin estudios
25	Jiloca	Primer grado	4810	Primer grado
25	Jiloca	Segundo grado	212	FP Grado Medio
25	Jiloca	Segundo grado	1114	Bachillerato Superior
25	Jiloca	Segundo grado	2935	ESO, EGB, Bachillerato Ele.
25	Jiloca	Segundo grado	350	FP Grado Superior
25	Jiloca	Tercer grado	611	Diplomatura
25	Jiloca	Tercer grado	354	Licenciatura
25	Jiloca	Tercer grado	15	Doctorado
26	Cuencas Mineras	Analfabetos	214	No sabe leer o escribir
26	Cuencas Mineras	Sin estudios	732	Sin estudios
26	Cuencas Mineras	Primer grado	3457	Primer grado
26	Cuencas Mineras	Segundo grado	218	FP Grado Superior
26	Cuencas Mineras	Segundo grado	302	FP Grado Medio
26	Cuencas Mineras	Segundo grado	468	Bachillerato Superior
26	Cuencas Mineras	Segundo grado	2342	ESO, EGB, Bachillerato Ele.
26	Cuencas Mineras	Tercer grado	6	Doctorado
26	Cuencas Mineras	Tercer grado	143	Licenciatura
26	Cuencas Mineras	Tercer grado	290	Diplomatura
27	Andorra-Sierra de Arcos	Analfabetos	220	No sabe leer o escribir
27	Andorra-Sierra de Arcos	Sin estudios	1934	Sin estudios
27	Andorra-Sierra de Arcos	Primer grado	2606	Primer grado
27	Andorra-Sierra de Arcos	Segundo grado	687	Bachillerato Superior
27	Andorra-Sierra de Arcos	Segundo grado	446	FP Grado Superior
27	Andorra-Sierra de Arcos	Segundo grado	462	FP Grado Medio
27	Andorra-Sierra de Arcos	Segundo grado	2252	ESO, EGB, Bachillerato Ele.
27	Andorra-Sierra de Arcos	Tercer grado	5	Doctorado
27	Andorra-Sierra de Arcos	Tercer grado	208	Licenciatura
27	Andorra-Sierra de Arcos	Tercer grado	500	Diplomatura
28	Bajo Aragón	Analfabetos	256	No sabe leer o escribir
28	Bajo Aragón	Sin estudios	2082	Sin estudios
28	Bajo Aragón	Primer grado	6145	Primer grado
28	Bajo Aragón	Segundo grado	777	FP Grado Superior
28	Bajo Aragón	Segundo grado	843	FP Grado Medio
28	Bajo Aragón	Segundo grado	8070	ESO, EGB, Bachillerato Ele.
28	Bajo Aragón	Segundo grado	1880	Bachillerato Superior
28	Bajo Aragón	Tercer grado	742	Licenciatura
28	Bajo Aragón	Tercer grado	33	Doctorado
28	Bajo Aragón	Tercer grado	1275	Diplomatura
29	Comunidad de Teruel	Analfabetos	500	No sabe leer o escribir
29	Comunidad de Teruel	Sin estudios	4676	Sin estudios
29	Comunidad de Teruel	Primer grado	8793	Primer grado
29	Comunidad de Teruel	Segundo grado	1479	FP Grado Superior
29	Comunidad de Teruel	Segundo grado	4226	Bachillerato Superior
29	Comunidad de Teruel	Segundo grado	1499	FP Grado Medio
29	Comunidad de Teruel	Segundo grado	8704	ESO, EGB, Bachillerato Ele.
29	Comunidad de Teruel	Tercer grado	3166	Diplomatura
29	Comunidad de Teruel	Tercer grado	1984	Licenciatura
29	Comunidad de Teruel	Tercer grado	131	Doctorado
30	Maestrazgo	Analfabetos	67	No sabe leer o escribir
30	Maestrazgo	Sin estudios	721	Sin estudios
30	Maestrazgo	Primer grado	1094	Primer grado
30	Maestrazgo	Segundo grado	65	FP Grado Superior
30	Maestrazgo	Segundo grado	184	Bachillerato Superior
30	Maestrazgo	Segundo grado	927	ESO, EGB, Bachillerato Ele.
30	Maestrazgo	Segundo grado	48	FP Grado Medio
30	Maestrazgo	Tercer grado	118	Diplomatura
30	Maestrazgo	Tercer grado	3	Doctorado
30	Maestrazgo	Tercer grado	64	Licenciatura
31	Sierra de Albarracín	Analfabetos	137	No sabe leer o escribir
31	Sierra de Albarracín	Sin estudios	954	Sin estudios
31	Sierra de Albarracín	Primer grado	1279	Primer grado
31	Sierra de Albarracín	Segundo grado	116	FP Grado Superior
31	Sierra de Albarracín	Segundo grado	1127	ESO, EGB, Bachillerato Ele.
31	Sierra de Albarracín	Segundo grado	290	Bachillerato Superior
31	Sierra de Albarracín	Segundo grado	92	FP Grado Medio
31	Sierra de Albarracín	Tercer grado	101	Licenciatura
31	Sierra de Albarracín	Tercer grado	197	Diplomatura
31	Sierra de Albarracín	Tercer grado	1	Doctorado
32	Gúdar-Javalambre	Analfabetos	210	No sabe leer o escribir
32	Gúdar-Javalambre	Sin estudios	1372	Sin estudios
32	Gúdar-Javalambre	Primer grado	2029	Primer grado
32	Gúdar-Javalambre	Segundo grado	209	FP Grado Medio
32	Gúdar-Javalambre	Segundo grado	422	Bachillerato Superior
32	Gúdar-Javalambre	Segundo grado	1776	ESO, EGB, Bachillerato Ele.
32	Gúdar-Javalambre	Segundo grado	219	FP Grado Superior
32	Gúdar-Javalambre	Tercer grado	260	Diplomatura
32	Gúdar-Javalambre	Tercer grado	10	Doctorado
32	Gúdar-Javalambre	Tercer grado	188	Licenciatura
33	Matarraña / Matarranya	Analfabetos	107	No sabe leer o escribir
33	Matarraña / Matarranya	Sin estudios	1749	Sin estudios
33	Matarraña / Matarranya	Primer grado	2438	Primer grado
33	Matarraña / Matarranya	Segundo grado	2072	ESO, EGB, Bachillerato Ele.
33	Matarraña / Matarranya	Segundo grado	213	FP Grado Medio
33	Matarraña / Matarranya	Segundo grado	452	Bachillerato Superior
33	Matarraña / Matarranya	Segundo grado	181	FP Grado Superior
33	Matarraña / Matarranya	Tercer grado	184	Licenciatura
33	Matarraña / Matarranya	Tercer grado	5	Doctorado
33	Matarraña / Matarranya	Tercer grado	255	Diplomatura