<!DOCTYPE HTML>
<html dir="ltr" lang="en">
<head><meta http-equiv="Content-Type" content="text/html; charset=utf-8"><meta http-equiv="Content-Language" content="en"><noscript>To use Oracle BIEE, please enable javascript in your browser.</noscript><script type="text/javascript" src="/analytics/res/b_mozilla/browserdom.js"></script><script type="text/javascript">try{saw.doFrameBust(0);function sawC2U(s){return "/analytics/saw.dll?__xyz__".replace("__xyz__",s);}function sawP2U(s){return "/analytics/saw.dll/__xyz__".replace("__xyz__",s);}var sawEmptyHtm="/analytics/res/empty.htm";var obips_fmapId="8e8F8Q";var obips_scid="42VXRZZMX8qfs68HaQ1q";var obips_maxStylesheets=100;var g_LocaleInfo={sDateSeparator:"/",sTimeSeparator:":",sDecimalPoint:".",sThousandsSeparator:",",sAM:"AM",sPM:"PM",b24:false,sDateOrder:"mdy",nFDOW:6,nYearPadding:4,nMonthPadding:2,nDayPadding:2,nHourPadding:2,sListSeparator:",",sNegativeNumberTemplate:"-#"};var obips_seeded_res = [{p:"styleproperties.res",v:{exprs:{"dialogHelpPosition":"header","shuttleButtonSpace":"true","shuttleButtonLabel":"false","shuttleTableCellSpace":"6","shuttleDropdownWidth":"7px","shuttleDropdownHeight":"4px","menubarSeparator":"false","pageShadowBackground":"true","headerRightBorder":"true","pageBorderBottomRequired":"true","tabBarStartCellWidth":"5px","tabBarStartImgRequired":"true","bihRoundCorner":"false","adminBannerBackground":"false","breadCrumbHeight":"15"}}}];}catch(e){if (window.console && console.error) console.error('Header script error:' + e.message);}</script><link href="/analytics/res/sk_blafp/b_mozilla_4/htmlglobals.css" type="text/css" rel="stylesheet"><noscript><link href="/analytics/res/sk_blafp/b_mozilla_4/noscript.css" type="text/css" rel="stylesheet"></noscript>
<title>Signing in...</title>

<link rel="Stylesheet" href="/analytics/res/s_blafp/uicomponents/blafplus.css" type="text/css">

<link rel="Stylesheet" href="/analytics/res/sk_blafp/login/login.css" type="text/css">

<style>

   body{
      background-image:none;
      background-color:#ffffff; 
      background-repeat:repeat-x; 
      margin-left:0px; 
      margin-top:0px; 
      margin-right: 0px; 
      margin-bottom:0px;
   }

</style>
</head>
<body  class="loggingInBody">
<table id="content" width="100%" style="height: 100%">
   <tr>
      <td colspan="2">
         <br><br><br><br><br><br><br><br><br><br><br><br><br><br><br>
      </td>
   </tr>
   <tr>
      <td valign="middle" align="right" width="50%">
        <img src="/analytics/res/sk_blafp/login/signing_in.gif" alt="X"> 
      </td>
        <td valign="middle" align="left" class="signingin" width="50%">
           Signing in...
      </td>
   </tr>
   <tr>
   <td colspan="2">
   <br><br><br><br><br><br><br><br>
   </td>
   </tr>
</table>



<script type="text/javascript">window.onload=function(){onLoggingInPageLoad('saw.dll?Go',{"path":"/shared/IAEST-PUBLICA/Estadistica Local/05/050304TM","Action":"Download","Options":"df"});};</script>

<iframe style="display:none;" title="hidden iframe" src="/analytics/saw.dll?CacheStaticFiles&timeout=3"></iframe>
</body>



<script type="text/javascript" src="/analytics/res/b_mozilla/common.js"></script>

<script type="text/javascript" src="/analytics/res/b_mozilla/common/login.js"></script>
</html>